id,listing_id,district,url,title,price_rub,area_m2,floor,total_floors,metro,address,description_snippet,source_page,scraped_at,price_per_m2
337,328922251,ЮВАО,https://www.cian.ru/rent/flat/328922251/?context=4.d_a5QfescX8.9jMRFfGnjdWG17396vtgO7dOcNvmiAlxBgvMMKfoRGuqIUPdLf5J7JLtXM14rI7lQjAe_8qVsyQaww&mlSearchSessionGuid=034b2fc13487708e9de1816776bac52e,1/14 Ещё фото,47000,19.6,4,17,,"1/14 Ещё фото Студия, 19,6 м², 4/17 этаж Братиславская 3 минуты на транспорте Москва , ЮВАО , р-н Люблино , м. Перерва , Иловайская улица , 2 47 000 ₽/мес. От года, комм. платежи включены (без счётчиков), комиссия 60%, без залога Уникальное предложение! Светлая квартира-студия с хорошим ремонтом и совмещенным санузлом в ЖК Люблинский Парк, без депозита! В квартире уже есть всё необходимое для приятного проживания, а дополнительную мебель и технику может приобрести собственник. Проведён интернет с Wi-Fi и есть бесплатная парковка рядом, а окна выходят во двор на западную сторону. Дом расположен в районе с развитой инфраструктурой, рядом есть всё для комфортной жизни. Отлично подойдёт для семьи или пары, собственник готов заселить до двух взрослых жильцов с детьми или заключить договор с юридическим лицом. С домашним питомцем нельзя. Готовы показать квартиру в удобное для вас время, просто выберите подходящее время, заберите ключи и можете спокойно осмотреть ее в комфортных условиях. Если всё понравится - оформим договор онлайн в личном кабинете. Там будут все платежи и чеки, честно и без скрытых комиссий или неожиданных расходов. Оплатить можно удобным способом, включая банковскую или кредитную карты. Мы будем рядом на всех этапах аренды и поможем решить любые возникающие вопросы. Не упустите шанс, это отличный вариант для тех, кто ищет уют и удобство! Агентство недвижимости ПИК-Аренда Документы проверены Посмотреть все объекты +7 917 506-34-... Написать вчера вчера, 20:51",,https://www.cian.ru/cat.php?deal_type=rent&district%5B0%5D=8&engine_version=2&offer_type=flat&room9=1&type=4&p=1,2026-05-05 11:58:44+00:00,2397.9591836734694
338,329333718,ЮВАО,https://www.cian.ru/rent/flat/329333718/?context=4.BGgdr-V1RfQ.TtVvRNWDgFdMAB1aXAxCUXD7Yrw7zEGltNCAOI99jyZ3CekVanB8MfWQ2qGeILX_S-KLrFb6sCj57g&mlSearchSessionGuid=034b2fc13487708e9de1816776bac52e,1/13 Ещё фото,40600,19.6,21,25,,"1/13 Ещё фото 10 минут до метро! Студия, 19,6 м², 21/25 этаж Перерва 12 минут пешком Москва , ЮВАО , р-н Люблино , м. Перерва , Иловайская улица , 4 40 600 ₽/мес. От года, комм. платежи включены (без счётчиков), комиссия 70%, без залога Сдаётся светлая квартира-студия с евроремонтом и совмещённым санузлом в ЖК Люблинский Парк, без депозита! Её можно посмотреть когда Вам удобно: бронируете время, забираете ключи и спокойно осматриваете. Если всё понравится, договор подпишем онлайн и будем поддерживать Вас на всех этапах аренды. Кухонный гарнитур, мебель и необходимую технику можно приобрести в счёт арендной платы. Полы ламинат и плитка. Окна выходят во двор, на север, есть бесплатная парковка. Собственник готов заселить не более 2 жильцов с детьми и обсудить оформление временной регистрации. С домашним питомцем можно. Недалеко от дома: - Парк имени Артёма Боровика; - Братиславский лесопарк. - ТЦ Люблю Молл; - Парк 850-летия Москвы; - Лес Жары; - Парк Героев Отечественной войны 1812 года. Во дворах обустроены детские площадки, двор без машин. В пешей доступности — школа, детский сад, продуктовые супермаркеты, аптеки, фитнес-клуб, кафе. До МЦД-2 Перерва - 10 минут пешком. Агентство недвижимости ПИК-Аренда Документы проверены Посмотреть все объекты +7 985 362-98-... Написать вчера вчера, 17:07",,https://www.cian.ru/cat.php?deal_type=rent&district%5B0%5D=8&engine_version=2&offer_type=flat&room9=1&type=4&p=1,2026-05-05 11:58:44+00:00,2071.428571428571
339,323840974,ЮВАО,https://www.cian.ru/rent/flat/323840974/?context=4.eAuoGOrimyY.6qkQrmZWvG3erWjRGeKBWIRn5aQW0SHVDpUhhXjB_X-Yp9n3lny0bJk1YbJmp39qQdmJrjjbjgP3ew&mlSearchSessionGuid=034b2fc13487708e9de1816776bac52e,1/7,27000,17.0,1,16,,"1/7 Апартаменты-студия, 17 м², 1/16 этаж Только на Циан Текстильщики 14 минут пешком Москва , ЮВАО , р-н Текстильщики , м. Текстильщики , улица 8-я Текстильщиков , 13К2 27 000 ₽/мес. На несколько месяцев, комм. платежи включены (без счётчиков), без комиссии, без залога СОБСТВЕННИК! Читайте пожалуйста внимательно, полностью! Сдается студия 17м² в апартаментах в цоколе. Комната изолированна. Сдам исключительно адекватному, чистоплотному, спокойному, ответственному гp. PФ без вредных привычек арендатору!!! Регистрация и амино невозможна! Желательно одного человека! Приточно-вытяжная вентиляция. Без окна! Комната находится в районе с развитой инфраструктурой, в шаговой доступности от метро, БКЛ, МЦД-2. Ценик на длительный срок(год), если комнату снять на меньший срок, то цена увеличится. Если объявление опубликовано, значит актуально и еще сдается. Подойдёт как под жилое, так и не под жилое, мастерская, типография, офис, склад, упаковка, производство, ателье и т.д. ----- Примечание: у собственника могут быть дополнительные пожелания к жильцам - обсудите их в чате или по телефону Собственник ID 8531476 Документы проверены +7 916 936-41-... Написать четыре дня назад 30 апр, 17:46",,https://www.cian.ru/cat.php?deal_type=rent&district%5B0%5D=8&engine_version=2&offer_type=flat&room9=1&type=4&p=1,2026-05-05 11:58:44+00:00,1588.235294117647
340,328535349,ЮВАО,https://www.cian.ru/rent/flat/328535349/?context=4.oefqIf5FMSw.R8hrMlejyh1cVxE5gvo8DVESVTrB1slARdsOAEQuKalpzedHmnjjbTEm1tSLrjUrGqdCJ5tL2-TyzA&mlSearchSessionGuid=034b2fc13487708e9de1816776bac52e,1/21 Ещё фото,71000,19.5,18,28,,"1/21 Ещё фото Пешком до метро! Залог 0 Студия, 19,5 м², 18/28 этаж Волгоградский проспект 6 минут пешком Москва , ЮВАО , р-н Южнопортовый , м. Волгоградский проспект , Новоостаповская улица , 7к1 71 000 ₽/мес. От года, комм. платежи включены (без счётчиков), комиссия 60%, без залога Сдаётся светлая квартира-студия с евроремонтом и совмещённым санузлом в ЖК Первый Дубровский, без депозита! Её можно посмотреть когда Вам удобно: бронируете время, забираете ключи и спокойно осматриваете. Если всё понравится, договор подпишем онлайн и будем поддерживать Вас на всех этапах аренды. В квартире: - Проведён интернет; - Холодильник; - Стиральная машина; - Кухонный гарнитур. Полы ламинат и плитка. Окна выходят во двор, есть бесплатная парковка. Собственник готов заселить не более 3 взрослых жильцов с детьми, бесплатно оформить временную регистрацию и заключить договор с юридическим лицом. Можно с небольшим домашним питомцем. Дом находится в районе с развитой инфраструктурой: в пешей доступности продуктовые супермаркеты, фитнес-клубы, кафе и закусочные, аптеки и медицинские учреждения, салоны красоты. До м. Волгоградский проспект 5 минут пешком, до м. Дубровка 12 минут. Агентство недвижимости ПИК-Аренда Документы проверены Посмотреть все объекты +7 917 506-45-... Написать вчера вчера, 17:31",,https://www.cian.ru/cat.php?deal_type=rent&district%5B0%5D=8&engine_version=2&offer_type=flat&room9=1&type=4&p=1,2026-05-05 11:58:44+00:00,3641.025641025641
341,326967848,ЮВАО,https://www.cian.ru/rent/flat/326967848/?context=4.hOjkgWDpFmY.PekgJlIgj79olBMxFhYi0boG_ZDm5QsgT4hl3yXORBW3mWyZXArBPcHgHi6gPYX3kTNxauoQrjCH3A&mlSearchSessionGuid=034b2fc13487708e9de1816776bac52e,1/7 Ещё фото,65000,30.0,3,24,,"1/7 Ещё фото Квартира без комиссии Апартаменты-студия, 30 м², 3/24 этаж Только на Циан Онлайн-договор Авиамоторная 16 минут пешком Москва , ЮВАО , р-н Лефортово , м. Авиамоторная , улица Крузенштерна , 7 65 000 ₽/мес. От года, комм. платежи включены (без счётчиков), без комиссии, залог 10 000 ₽ Я собственник! ТОРГА НЕТ! Извиняюсь за не обработанные фото Риелторы не тратьте моё время. Сдаётся уютная студия в новом доме, построенном в 2025 году. Общая площадь - 27 кв. м, жилая - 20 кв. м, кухня занимает 3 кв. м. Апартаменты расположены на 3 этаже 24-этажного здания. Высокие потолки 2.7 метра добавляют простора. До станции метро ""Авиамоторная"" всего 16 минут пешком. Квартира выполнена с дизайнерским ремонтом, что создаёт стильную и комфортную обстановку. В студии есть вся необходимая мебель как на кухне, так и в комнате. Для вашего удобства установлены кондиционер, холодильник, телевизор и стиральная машина. Санузел совмещён, оборудован современной душевой кабиной. Дом предлагает подземную парковку, поэтому можно не беспокоиться о месте для автомобиля. В здании функционируют как пассажирский, так и грузовой лифты, поэтому можно легко передвигать крупные вещи. Также есть мусоропровод, что добавляет удобства в быту. Интернет-связь доступна, что особенно важно для работы или учёбы. Рядом с домом находятся школы, детские сады, клиники и магазины, что делает район удобным и комфортным для жизни. Условия аренды прозрачные: без комиссии, от собственника. Подходит для одного человека или пары. Коммунальные платежи оплачиваются отдельно. Залоговая сумма составляет оплату за один месяц. Звоните и записывайтесь, чтобы увидеть квартиру вживую и оценить её преимущества. Собственник ID 13296398 Посмотреть все объекты +7 986 323-82-... Написать 4 часа назад сегодня, 10:35",,https://www.cian.ru/cat.php?deal_type=rent&district%5B0%5D=8&engine_version=2&offer_type=flat&room9=1&type=4&p=1,2026-05-05 11:58:44+00:00,2166.6666666666665
342,329632275,ЮВАО,https://www.cian.ru/rent/flat/329632275/?context=4.z6spLkquNlY.057Mpf_mDyTQsVLYrtwv1-HFvo1E-1Vyq2i5mpdRHWvDgIehhD7pgPn1Fle7pahVwTbLgvE6QbeINQ&mlSearchSessionGuid=034b2fc13487708e9de1816776bac52e,1/19,29000,16.0,1,5,,"1/19 Студия, 16 м², 1/5 этаж Люблино 4 минуты пешком Москва , ЮВАО , р-н Люблино , м. Люблино , Новороссийская улица , 7 29 000 ₽/мес. От года, комм. платежи включены (без счётчиков), комиссия 80%, залог 13 500 ₽ От метро 3 минуты пешком. Уютная студия со всем необходимым (диван раскладывается, плита, чайник, СУС, холодильник, сма, свч) Можно со своей мебелью (место освободим). Предпочтение женщине. Счётчики фиксированная цена. Торг индивидуально. Депозит разделим на 2 месяца или перенесм на другой месяц. Можно с животным. Ключи на руках. ЗВОНИТЕ ИЛИ СРАЗУ ПИШИТЕ ВАШ НОМЕР ДЛЯ ОПЕРАТИВНОЙ СВЯЗИ. Риелтор ID 56970 +7 915 095-65-... Написать 11 часов назад сегодня, 03:09",,https://www.cian.ru/cat.php?deal_type=rent&district%5B0%5D=8&engine_version=2&offer_type=flat&room9=1&type=4&p=1,2026-05-05 11:58:44+00:00,1812.5
343,328376795,ЮВАО,https://www.cian.ru/rent/flat/328376795/?context=4.K1y6Ihtobws.QzJWZr4l8NBiqtD29OsFw01ccCHOLbfeJOSzwGTbKCemAaKjEUD2NYm7nLG3Lz9SzCoBBxf0xtkM9w&mlSearchSessionGuid=034b2fc13487708e9de1816776bac52e,1/11,32000,12.0,10,15,,"1/11 Студия, 12 м², 10/15 этаж Люблино 15 минут пешком Москва , ЮВАО , р-н Люблино , м. Люблино , Цимлянская улица , 3к3 32 000 ₽/мес. От года, комм. платежи включены (счётчики включены), комиссия 50%, залог 32 000 ₽ Показы 8 апреля СДАМ ДЛЯ ОДНОГО человека на длительный срок квартиру-студию с современным евроремонтом в новом ЖК бизнес-класса ""ВЛюблино"", район Люблино. Депозит возможно разбить на 2 части. Дом 15-этажный монолитный. Этаж 10/15, пластиковые окна, санузел совмещен. Диван двуспальный, микроволновая печь, холодильник, электро-плита, чайник, шкаф, стиральная машина (в коридоре). Инфраструктура развитая, все объекты первой необходимости расположены в пешей доступности: школа, детский сад, супермаркеты и др. Рядом парки. От станции метро Люблино - 9 минут пешком. Автобусные остановки возле дома. Оперативный показ: Москва, Цимлянская 3к3. Агентство недвижимости ЖИЛСЕРВИС Суперагент +7 915 496-36-... Написать 5 часов назад сегодня, 09:44",,https://www.cian.ru/cat.php?deal_type=rent&district%5B0%5D=8&engine_version=2&offer_type=flat&room9=1&type=4&p=1,2026-05-05 11:58:44+00:00,2666.6666666666665
344,329605056,ЮВАО,https://www.cian.ru/rent/flat/329605056/?context=4.9M4ZstqvtYI.OEsLAn6coUNy_Rx_D21HJM9tXO10JqqdZCJ8zu39ChekmEmsnHHOOp1g1PSDHYmOblzFXQAfqYDvCw&mlSearchSessionGuid=034b2fc13487708e9de1816776bac52e,1/20,55000,18.0,13,21,,"1/20 Лучший вариант! Апартаменты-студия, 18 м², 13/21 этаж Только на Циан Новохохловская 5 минут на транспорте Москва , ЮВАО , р-н Нижегородский , м. Калитники , Автомобильный проезд , 4к6 55 000 ₽/мес. На несколько месяцев, комм. платежи включены (без счётчиков), комиссия 70%, залог 35 000 ₽ Студия в жилом комплексе бизнескласса. Сдаётся впервые. Квартира с современным ремонтом, укомплектована качественной бытовой техникой и мебелью — готова к заселению. В шаговой доступности магазины, остановки общественного транспорта, кафе, рестораны и фитнесцентры. Рядом — парковая зона с лесом и прудом, подходящая для прогулок и отдыха. Фотографии объекта соответствуют действительности. Для просмотра звоните, или пишите в любое время. Риелтор Рустам Байгильдин Суперагент +7 985 384-74-... Написать 14 часов назад сегодня, 00:45",,https://www.cian.ru/cat.php?deal_type=rent&district%5B0%5D=8&engine_version=2&offer_type=flat&room9=1&type=4&p=1,2026-05-05 11:58:44+00:00,3055.5555555555557
345,298226663,ЮВАО,https://www.cian.ru/rent/flat/298226663/?context=4.7ZVK08czHQg.D2OWV44aVk9j0c6Q3uuRN0pPaRGQ0zoBJESzPPk_MaVwyBqadDovQ3-zV5K0RV3MzqusftGotcmycw&mlSearchSessionGuid=034b2fc13487708e9de1816776bac52e,1/11,40000,22.0,3,3,,"1/11 Апартаменты-студия, 22 м², 3/3 этаж Только на Циан Нижегородская 7 минут пешком Москва , ЮВАО , р-н Нижегородский , м. Нижегородская , шоссе Фрезер , 17АС3 40 000 ₽/мес. На несколько месяцев, комм. платежи включены (без счётчиков), комиссия 50%, залог 40 000 ₽ Сдается с МАЯ по СЕНТЯБРЬ студия на ш. Фрейзер. 5 мин. пешком от метро Нижегородская (9 мин. от Курской на МЦД-4) 40.000р + Счетчики (13.000 руб.- сумма не меняется, так как это статус апартаментов) в месяц. Площадь: 22,2 м2. Евро ремонт и хорошая бытовая техника. Кухня оснащена: плитой, печью с функцией СВЧ, стиральной машиной, посудомоечной машиной. Студия в хорошем состоянии. 3 этаж, без лифта, окна во двор. На территории дома имеется собственная парковочная зона. Первый платеж включает в себя: оплата за первый месяц 40.000 руб.+ депозит 40.000 руб. (возвращается при выселении) + 20.000 руб. (услуги риэлтора). Без животных! Агентство недвижимости Правовой Центр Недвижимости Суперагент +7 986 263-99-... Написать четыре дня назад 30 апр, 18:30",,https://www.cian.ru/cat.php?deal_type=rent&district%5B0%5D=8&engine_version=2&offer_type=flat&room9=1&type=4&p=1,2026-05-05 11:58:44+00:00,1818.1818181818182
346,329613971,ЮВАО,https://www.cian.ru/rent/flat/329613971/?context=4.b7D4vJbDKt8.a7yr5rCpkY9mPX23hFTq7jIbTuAPicubZnv9l3vh3zVAG0dvv9Zadu0E9o1rAAJNoGhYYbUZhyFtXQ&mlSearchSessionGuid=034b2fc13487708e9de1816776bac52e,1/23,100000,30.0,10,22,,"1/23 Дизайнерская студия Студия, 30 м², 10/22 этаж Только на Циан Римская 8 минут пешком Москва , ЮВАО , р-н Лефортово , м. Серп и Молот , улица Крузенштерна , 2 100 000 ₽/мес. От года, комм. платежи включены (без счётчиков), без комиссии, залог 90 000 ₽ Студия с дизайнерским ремонтом в доме бизнес-класса. В доме есть ресепшен, презентабельная входная группа, места для отдыха и ожидания гостей. В квартире все продумано для комфортного проживания: два спальных места (двухспальная кровать и диван), рабочая зона, оборудованная кухня, место для отдыха. Квартира полностью укомплектована, есть вся необходимая бытовая техника: стиральная и сушильные машины, микроволновая печь, индукционная плита, духовой шкаф, посудомоечная машина, пылесос, утюг, сплит система. , без животных и маленьких детей. Курение в квартире запрещено. Оперативный показ. ----- Примечание: у собственника могут быть дополнительные пожелания к жильцам - обсудите их в чате или по телефону Риелтор Анна Зинченко Суперагент +7 915 095-90-... Написать 4 часа назад сегодня, 10:48",,https://www.cian.ru/cat.php?deal_type=rent&district%5B0%5D=8&engine_version=2&offer_type=flat&room9=1&type=4&p=1,2026-05-05 11:58:44+00:00,3333.3333333333335
347,329429937,ЮВАО,https://www.cian.ru/rent/flat/329429937/?context=4.XY550OMNQyQ.XZHrDUyAympDqWBdIhdOPfZiTLi_FoclglT530_OHF586j2ZU10vi9KXgoGQP2lcQatnCfEcqb8W5w&mlSearchSessionGuid=034b2fc13487708e9de1816776bac52e,1/35,60000,24.2,16,30,,"1/35 Лучшая студия в ЖК Апартаменты-студия, 24,2 м², 16/30 этаж Только на Циан Волгоградский проспект 12 минут пешком Москва , ЮВАО , р-н Южнопортовый , м. Угрешская , Волгоградский проспект , 32/5к2 60 000 ₽/мес. От года, комм. платежи включены (без счётчиков), комиссия 50%, залог 80 000 ₽ Предлагаем в аренду стильные апартаменты-студию в Москве ЖК Метрополия по адресу: Волгоградский проспект, 32к2. Общая площадь — 24,2 кв. м, апартаменты расположены на 16 этаже 17-этажного дома, с высотой потолков 3 метра. Всего в двух минутах пешком от станции метро ""Волгоградский проспект"", что позволяет быстро добраться до любого района города. Апартаменты с дизайнерским ремонтом, что создает атмосферу уюта и комфорта. В комнате и на кухне есть вся необходимая мебель, а современная техника — кондиционер, холодильник, посудомоечная машина, телевизор и стиральная машина — обеспечат удобство проживания. Санузел совмещенный, оборудован душевой кабиной. Дом в отличном состоянии, с подземной парковкой, поэтому можно не беспокоиться о месте для автомобиля. В доме работают три пассажирских и три грузовых лифта, поэтому вам не придется ждать. Есть мусоропровод и подключен интернет, а значит, все необходимое для комфортного проживания под рукой. В шаговой доступности от дома находятся школы, детские сады, клиники и магазины, поэтому все важные объекты инфраструктуры у вас под боком. Отличное транспортное сообщение позволяет быстро добраться до центра города и других районов. Аренда без комиссии, при заключении договора потребуется залог. Апартаменты готовы к заселению, и мы ждем ваших звонков для записи на просмотр. Не упустите возможность арендовать стильные апартаменты в одном из самых удобных районов Москвы! Агентство недвижимости BE FREE Суперагент +7 939 015-11-... Написать 6 часов назад сегодня, 08:10",,https://www.cian.ru/cat.php?deal_type=rent&district%5B0%5D=8&engine_version=2&offer_type=flat&room9=1&type=4&p=1,2026-05-05 11:58:44+00:00,2479.3388429752067
348,329495860,ЮВАО,https://www.cian.ru/rent/flat/329495860/?context=4.g81hU5ddQGI.B-RauR2qSst0f7ebfcWxICNfdj0gPBCUFLUsJu3gvmZpslzpAXztYYj0Sw2D2ZfSuCQpQGM9WbcWuA&mlSearchSessionGuid=034b2fc13487708e9de1816776bac52e,1/6,40000,20.0,1,12,,"1/6 Студия, 20 м², 1/12 этаж Марьино 6 минут пешком Москва , ЮВАО , р-н Марьино , м. Марьино , Новомарьинская улица , 3К3 40 000 ₽/мес. От года, комм. платежи включены (без счётчиков), комиссия 70%, залог 40 000 ₽ Арт. 135262084 Сдается студия рядом с метро. Сделан свежий ремонт и установлена новая мебель. Есть балкон. Хорошо подойдет для одного человека. Звоните. Агентство недвижимости Самолет Плюс Документы проверены +7 989 151-24-... Написать 4 часа назад сегодня, 10:12",,https://www.cian.ru/cat.php?deal_type=rent&district%5B0%5D=8&engine_version=2&offer_type=flat&room9=1&type=4&p=1,2026-05-05 11:58:44+00:00,2000.0
349,313752293,ЮВАО,https://www.cian.ru/rent/flat/313752293/?context=4.MfJe2MdGQCo.qwaLLtudSmr5lkY4dPXcAnsyxeDaUfthvRXgfYrpvraMQ35VGU41wYjE5fJXKg1lOSBh6yyi8lVMgg&mlSearchSessionGuid=034b2fc13487708e9de1816776bac52e,1/50,93000,43.0,17,17,,"1/50 Просторная студия у МЦК Дубровка Студия, 43 м², 17/17 этаж Проверено в Росреестре Дубровка 7 минут пешком Москва , ЮВАО , р-н Южнопортовый , м. Дубровка , 6-я Кожуховская улица , 15к2 93 000 ₽/мес. От года, комм. платежи включены (без счётчиков), без комиссии, залог 120 000 ₽ На последнем 17 этаже, на южной стороне одноподъездного монолитного дома 2005 года постройки, сдается просторная 43 м. студия с лоджией, полностью оборудованная и укомплектованная всем необходимым. Установлена новая сушильная машина, капсульная Nespresso, индукционная плита, фильтрация питьевой воды с осмосом, бойлер, Oled (именно Олед) телевизор с не замедляемым ютубом, Apple tv 4k с Кинопабом! (Не путать с Кинопоиском и другими бесполезными онлайн кинотеатрами) , колонкой Алисой с элементами умного дома (интерьерное освещение на голосовом управлении), домашним кинотеатром 5.1 B&W мультирум, по необходимости + xbox X. Инверторный кондиционер Fujitsu с ночным режимом 19dB и Конвекционная микроволновая печь Panasonic (оба made in Japan). В наличии хорошая, новая кухонная посуда, приборы Broggi новое белье (икея импорт)) и всё что нужно для жизни, (штопор есть!). Вам, только развесить на 120 вешалках личные вещи, в 2-х шкафах, и в прихожей разместить 27 пар обуви в обувнице. Кровать - 160/200 и доп спальное место из дивана 120/180. Не смотря на то, что дом находится рядом с ТТК, с прекрасной транспортной доступностью, в квартире тихо и можно спать с открытыми окнами. В доме приветливые соседи и круглосуточный консьерж. У дома ВСЕГДА есть бесплатные парковочные места. Рядом, в соседних домах, продуктовые сетевые магазины с алкоголем, работающие до 23:00 и один круглосуточный + большой Магнит Косметик, через дом Яндекс лавка., Аптека и тандыр Пекарня. В трех! минутах ходьбы от дома большой ТРЦ Мозаика, с фудкортом, гипер маркетом, фитнесом (DDX) флагманским Мфц и 2-х минутным переходом на станцию МЦК Дубровка. Метро Кожуховская в 12 минутах ходьбы. Недалеко находится ландшафтный парк Остров Мечты (идеально для велопрогулок) В стоимость аренды включены все платежи кроме электроэнергии. Сдаю без животных, на длительный срок ценящим чистоту, камерность и уют. Если вы хотите жить в современных условиях, но большие ЖК с маленькими деревьями, плохой шумоизоляцией и непрекращающимся ремонтом вам не подходят, тогда это предложение может быть вам интересно. ID 47359882 Документы проверены +7 985 002-22-... Написать вчера вчера, 19:10",,https://www.cian.ru/cat.php?deal_type=rent&district%5B0%5D=8&engine_version=2&offer_type=flat&room9=1&type=4&p=1,2026-05-05 11:58:44+00:00,2162.7906976744184
350,327217402,ЮВАО,https://www.cian.ru/rent/flat/327217402/?context=4.DRflB7E8BdI.qQxTfCJV8LI2Px9B_QbECNDQ5SuxrLwqFrjFX07AKEZC1RUes1K1YRam9B7OFbGZAFBbjSTXoFYv7Q&mlSearchSessionGuid=034b2fc13487708e9de1816776bac52e,1/20,65000,23.5,3,21,,"1/20 Возможно снять и на короткий срок Апартаменты-студия, 23,5 м², 3/21 этаж Ранний доступ Волгоградский проспект 3 минуты пешком Москва , ЮВАО , р-н Южнопортовый , м. Волгоградский проспект , Новоостаповская улица , 20 65 000 ₽/мес. От года, комм. платежи включены (без счётчиков), без комиссии, залог 65 000 ₽ Я Собственник. Агентов просьба не беспокоить. Без комиссии. Залог можно разделить на части. 1 минута от метро Волгоградский проспект. Светлая, уютная студия (южная сторона). Всё новое: вся бытовая техника и мебель. Сдаётся впервые. Рассматриваются платежеспособные и чистоплотные арендаторы. Развитый и перспективный район. Собственник ID 15146051 +7 916 673-95-... Написать 2 часа назад сегодня, 12:32",,https://www.cian.ru/cat.php?deal_type=rent&district%5B0%5D=8&engine_version=2&offer_type=flat&room9=1&type=4&p=1,2026-05-05 11:58:44+00:00,2765.9574468085107
351,328298801,ЮВАО,https://www.cian.ru/rent/flat/328298801/?context=4.vUDKIFTWb8Y.PztzjCyxo4TlWva9pnQz9Px2Y18L-Lu7BLXfmBX47ORJeU8fWbCamm1KyoWrtBUy1egC2oHWixf9Kw&mlSearchSessionGuid=034b2fc13487708e9de1816776bac52e,1/13,34000,25.0,12,17,,"1/13 Студия, 25 м², 12/17 этаж Только на Циан Некрасовка 10 минут пешком Москва , ЮВАО , р-н Некрасовка , м. Некрасовка , улица Недорубова , 28 34 000 ₽/мес. От года, комм. платежи включены (счётчики включены), комиссия 60%, залог 34 000 ₽ Сдается на длительный период . Предложение строго для одной девушки , женщины.. Качественный рeмoнт, вся мебель и бытовая техника, нeoбходимая для кoмфopтного пpoживaния. Пoлнoстью меблиpoвана мебелью: шкаф, тумба под ТВ, кровать двухспальная , куxонный гарнитур, диван-кресло, барная стойка , высокие стулья . Студия укомплектована всей бытовой техникой: электрическая плита , холодильник, , микроволновка. Сан узел раздельный, ванна, стиральная машина автомат на три изолированные комнаты-студии. Рядом с метро торговые центры фитнес центр, продуктовые магазины в доме и рядом с домом. Шаговая доступность 7 минут до станции метро Некрасовка. Сдается на длительный период . Рассмотрят платежеспособных жильцов, приоритет для девушки, женщины. Оплата 34000 рублей все платежи включены в стоимость и интернет . Депозит 34000 рублей можно разделить на 2 платежа. Комиссия . ID 307387 Документы проверены +7 923 074-33-... Написать пять дней назад 29 апр, 17:01",,https://www.cian.ru/cat.php?deal_type=rent&district%5B0%5D=8&engine_version=2&offer_type=flat&room9=1&type=4&p=1,2026-05-05 11:58:44+00:00,1360.0
352,329453443,ЮВАО,https://www.cian.ru/rent/flat/329453443/?context=4.INNXU8y3SsU.fhWVAl1P9t7cfbdBDZWFbksTgGw7Dmp7aiGR85gqWOqolC-fawCtyEUhUF1e87mM598JgI8DVEtwlw&mlSearchSessionGuid=034b2fc13487708e9de1816776bac52e,1/10,60000,23.0,7,23,,"1/10 Студия в двух шагах от метро. Студия, 23 м², 7/23 этаж Только на Циан Стахановская 1 минута пешком Москва , ЮВАО , р-н Рязанский , м. Стахановская , 2-й Грайвороновский проезд , 44к3 60 000 ₽/мес. От года, комм. платежи включены (без счётчиков), без комиссии, залог 60 000 ₽ Сдается в аренду на длительный срок! БЕЗ КОМИССИИ! От собственника! НОВАЯ светлая квартира-студия 23 м2 с мебелью и техникой в двух шагах от метро Стахановская в ЖК Кварталы 21/19. Закрытый двор с детской площадкой, развитая инфраструктура. В пешей доступности продуктовые магазины, кафе. В квартире есть все необходимое: кухня с духовым шкафом, варочной панелью и вытяжкой, холодильник. Двуспальная кровать. Просторный санузел с душевой кабиной. В ванной комнате установлена стиральная машина. Квартира оснащена кондиционером. Окна выходят во двор. Wi-Fi В аренду включена оплата коммунальных услуг (без счетчиков) вода+электричество оплачиваются отдельно. ДЕПОЗИТ за последний месяц 100%/ Просьба к риелторам, не беспокоиться. Собственник ID 16169840 Документы проверены +7 985 577-79-... Написать вчера вчера, 19:40",,https://www.cian.ru/cat.php?deal_type=rent&district%5B0%5D=8&engine_version=2&offer_type=flat&room9=1&type=4&p=1,2026-05-05 11:58:44+00:00,2608.695652173913
353,328665556,ЮВАО,https://www.cian.ru/rent/flat/328665556/?context=4.1uxPxtCbbX4.sCHgP6pSnUDbPiCpraSQ6p5ycTBUQ54g9b-wGR2tHArQLpDddACw-PSa-nYGn8Ua9oZeWFzYhoNlew&mlSearchSessionGuid=034b2fc13487708e9de1816776bac52e,1/10,67000,26.7,6,10,,"1/10 Аренда от собственника Апартаменты-студия, 26,7 м², 6/10 этаж Серп и Молот 9 минут пешком Москва , ЮВАО , р-н Лефортово , м. Серп и Молот , улица Золоторожский Вал , 8 67 000 ₽/мес. От года, комм. платежи включены (без счётчиков), без комиссии, залог 67 000 ₽ От собственника сдается уютная студия в современном доме внутри ТТК, бизнес класса Золоторожский на ул. Золоторожский Вал, в Москве. Общая площадь составляет 27 кв.м, что обеспечивает комфортное проживание одному человеку. Студия расположена на 6-м этаже 10- этажного дома построенного в 2018 году, с высотой потолков 2,7 метра. До станции метро ""Площадь Ильича"", Римская, МЦД-2, МЦД-3, всего 7 минут пешком — отличная транспортная доступность. В студии выполнен качественный ремонт, установлена дорогая сантехника, современная мебель и техника: кондиционер, холодильник, микроволновая печь, стиральная машина, телевизор. В ванной комнате есть душевая кабина, что добавляет комфорта в повседневную жизнь. Дом находится в отличном состоянии, охраняемая территория, видеонаблюдение и круглосуточный консьерж сервис, в подъезде работают грузовой и пассажирский лифты ThyssenKrupp, поэтому можно легко перемещаться даже с крупногабаритными предметами. Вокруг дома обустроена территория, есть возможность бесплатной парковки внутри придомовой территории. Район предлагает множество удобств: рядом расположены ВУЗы, школы, детские сады, клиники и магазины, парки, набережная реки Яуза. Вся необходимая инфраструктура в шаговой доступности, поэтому можно с легкостью решать повседневные задачи. Условия аренды: договор заключается напрямую с собственником, без комиссии агента. Предусмотрен залог. Отдельно оплачивается квитанция по счетчикам и интернет. Записывайтесь на просмотр, чтобы увидеть все преимущества помещения своими глазами. Мы с радостью ответим на все ваши вопросы и организуем удобное время для встречи! Собственник ID 71166351 +7 985 827-32-... Написать вчера вчера, 18:10",,https://www.cian.ru/cat.php?deal_type=rent&district%5B0%5D=8&engine_version=2&offer_type=flat&room9=1&type=4&p=1,2026-05-05 11:58:44+00:00,2509.36329588015
354,329374936,ЮВАО,https://www.cian.ru/rent/flat/329374936/?context=4.Avbble_F-1I.Lqn6rhK-xAUXnsURiNV2_YBrUEsUBo5WklquhD_8f3la00GuRi4Fy1YbNuC1oEK9QDs4kPGxVi7lhg&mlSearchSessionGuid=034b2fc13487708e9de1816776bac52e,1/8,38000,14.0,1,5,,"1/8 Студия, 14 м², 1/5 этаж Авиамоторная 3 минуты пешком Москва , ЮВАО , р-н Лефортово , м. Авиамоторная , шоссе Энтузиастов , 18 38 000 ₽/мес. От года, комм. платежи включены (без счётчиков), комиссия 60%, залог 19 000 ₽ Номер лота - 3535402 ПРОСЬБА ЗВОНИТЬ, А НЕ ПИСАТЬ! Предложение для 1-2х человек! Уютная студия в непосредственной близости от метро. Только что закончен качественный косметический ремонт. Вся необходимая мебель и техника для комфортного проживания. Район с развитой инфраструктурой. В пешей доступности супермаркеты, кинотеатр Москино, сквер, ТЦ ""Город"" и многое другое. Удобная транспортная доступность, в пешей доступности станция метро ""Авиамоторная"" калининской линии и БКЛ, остановки наземного транспорта (автобус, трамвай). Залог половина стоимости! ИНКОМ-Проспект Мира. Агентство недвижимости ИНКОМ-Недвижимость Аренда Суперагент +7 939 024-50-... Написать 5 часов назад сегодня, 09:12",,https://www.cian.ru/cat.php?deal_type=rent&district%5B0%5D=8&engine_version=2&offer_type=flat&room9=1&type=4&p=1,2026-05-05 11:58:44+00:00,2714.285714285714
355,329648683,ЮВАО,https://www.cian.ru/rent/flat/329648683/?context=4.9VmG28dlpnE.XiRM4PDEKY2ZlWlU6mmn3OHOzNXtO24fvWDF8UdY5ZRqOlQIJqHxHx9RmxWtZDVeZJ3Ua3U76RfR_A&mlSearchSessionGuid=034b2fc13487708e9de1816776bac52e,1/10,65000,25.0,25,33,,"1/10 Стильная и уютная студия Студия, 25 м², 25/33 этаж Только на Циан Нижегородская 13 минут пешком Москва , ЮВАО , р-н Нижегородский , м. Нижегородская , Перовское шоссе , 2к3 65 000 ₽/мес. От года, комм. платежи включены (без счётчиков), без комиссии, залог 65 000 ₽ Стильная студия с видом на закаты — м. Нижегородская / Москва Уютная студия 25 м² на 25 из 27 этажей — с индустриальным видом и захватывающими закатами. Окна во двор, тихо. 7 минут пешком до метро, МЦК, МЦД, БКЛ — отличная локация для жизни и работы. В квартире: Двуспальная кровать Рабочее место Обеденная зона 2 огромных вместительных шкафа Техника: Индукционная плита, холодильник, стирально-сушильная машина, кондиционер, микроволновка. Уютный двор для прогулок и тренировок: есть зона воркаут и баскетбольная площадка, столы для настольного тенниса В доме есть всё, что нужно для комфортной жизни: ВкусВилл, Пятёрочка, Винлаб Салон красоты SODA, барбершоп BRITVA Пункты выдачи WB, OZON, Яндекс, Авито Аптеки Кофейни, кафе 15 минут пешком до Ашана и Лемана Про Условия: Только на длительный срок 1 жилец, без вредных привычек Без детей, без животных Курение запрещено Залог = 1 месяц Без комиссии Цена: 65 000₽ + коммуналка / без комиссии Квартира готова к Вашему переезду Собственник ID 17538922 Назначить просмотр вчера вчера, 22:37",,https://www.cian.ru/cat.php?deal_type=rent&district%5B0%5D=8&engine_version=2&offer_type=flat&room9=1&type=4&p=1,2026-05-05 11:58:44+00:00,2600.0
356,329361522,ЮВАО,https://www.cian.ru/rent/flat/329361522/?context=4.zVB3PNLbIpM.XJm5k8P7QMa0yQozeuNgRzKjaAU930lSBTg_qc4TufcsMHswtBvQJMBzaSmeODNqrcZhe2DEOHnXDQ&mlSearchSessionGuid=034b2fc13487708e9de1816776bac52e,1/15,80000,28.0,1,14,,"1/15 Студия, 28 м², 1/14 этаж Ранний доступ Площадь Ильича 12 минут пешком Москва , ЮВАО , р-н Лефортово , м. Площадь Ильича , проезд Шелихова , 3 80 000 ₽/мес. От года, комм. платежи включены (без счётчиков), без комиссии, залог 80 000 ₽ ЖК Символ квартира- студия в современном доме, расположенном в Россия, Москва, проезд Шелихова, 3. Общая площадь 28 кв. м находится на 1 ( высота 2 этажа) этаже 14-этажного дома, построенного в 2023 году. Высокие потолки 3.1 метра создают ощущение простора. До станции метро ""Площадь Ильича"" можно дойти пешком всего за 10 минут. Квартира с евроремонтом, полностью готова к проживанию. Просторная жилая зона 19 кв. м и кухня площадью 8 кв. м оснащены всей необходимой мебелью и техникой: в квартире есть кондиционер, холодильник, посудомоечная машина, телевизор и стиральная машина. Окна выходят на улицу и во двор, обеспечивая хорошее естественное освещение. Дом оборудован подземной парковкой. В здании работают пассажирский и грузовой лифты, поэтому, а значит, всегда можно удобно перемещаться между этажами. Интернет подключен, поэтому можно сразу выходить в сеть. Рядом с домом находятся школы, детские сады, клиники и магазины, что делает его расположение особенно удобным для семей с детьми. Хорошая транспортная доступность позволяет быстро добраться до необходимых объектов инфраструктуры. Условия аренды: договор аренды заключается напрямую с собственником. Залоговая сумма составляет стоимость одного месяца проживания. Собственник ID 115536780 Документы проверены +7 919 763-91-... Написать 30 минут назад сегодня, 14:20",,https://www.cian.ru/cat.php?deal_type=rent&district%5B0%5D=8&engine_version=2&offer_type=flat&room9=1&type=4&p=1,2026-05-05 11:58:44+00:00,2857.1428571428573
357,329429745,ЮВАО,https://www.cian.ru/rent/flat/329429745/?context=4.TZzbK1DpAl0.Qa-5AEiIU-ZDGQJdiCqd86cM7Fvu6o2jLp8uaOPV_PCNFJoL5DYQteg8n7jnJUNX04Co6UTI-wSvpA&mlSearchSessionGuid=034b2fc13487708e9de1816776bac52e,1/8,45000,21.0,16,25,,"1/8 Студия, 21 м², 16/25 этаж Только на Циан Новохохловская 15 минут пешком Москва , ЮВАО , р-н Текстильщики , м. Новохохловская , 1-й Грайвороновский проезд , 13к4 45 000 ₽/мес. На несколько месяцев, комм. платежи включены (без счётчиков), без комиссии, залог 45 000 ₽ Предлагаем в аренду студию площадью 21 кв. м, расположенную на 16 этаже нового 25-этажного дома. Дом построен в 2023 году и находится по адресу: 1-й Грайвороновский проезд, 13к4. Ближайшее метро — Новохохловская, 15 минут пешком. В квартире сделан косметический ремонт. Высокие потолки 2.6 метра создают ощущение пространства. В студии есть все необходимое для комфортного проживания: холодильник, варочная панель, микроволновая печь, стиральная машина и телевизор. Окна выходят во двор. Санузел совмещенный. Дом оснащен пассажирскими и грузовыми лифтами. Территория вокруг дома благоустроена, есть парковка. Условия аренды: договор заключается напрямую с собственником, без комиссий. Залоговая сумма равна арендной плате за один месяц. Ежемесячно дополнительно к арендой плате оплачиваются расходы воды и электричества по счётчикам. С агентами не работаем. ----- Примечание: у собственника могут быть дополнительные пожелания к жильцам - обсудите их в чате или по телефону Собственник ID 63984637 +7 985 527-59-... Написать неделю назад 27 апр, 13:59",,https://www.cian.ru/cat.php?deal_type=rent&district%5B0%5D=8&engine_version=2&offer_type=flat&room9=1&type=4&p=1,2026-05-05 11:58:44+00:00,2142.8571428571427
358,328545633,ЮВАО,https://www.cian.ru/rent/flat/328545633/?context=4.gs3c16gT-E8.c9YmgQMzEQ4M9WVBeEHSZzhhGHhvW7UThW1WplZlVX-VSlaBB-hQB67JuAokoCtDZirQ_YeVuQkjsQ&mlSearchSessionGuid=034b2fc13487708e9de1816776bac52e,1/15,55000,26.0,6,25,,"1/15 Студия, 26 м², 6/25 этаж Только на Циан Нижегородская 11 минут пешком Москва , ЮВАО , р-н Нижегородский , м. Нижегородская , Рязанский проспект , 2/2к1 55 000 ₽/мес. От года, комм. платежи включены (счётчики включены), комиссия 50%, залог 55 000 ₽ Уютная светлая студия в новом ЖК Аквилон Beside. Отличная транспортная доступность, качественный современный ЖК, развитая инфраструктура (много кафе, магазинов, ресторанов на любой вкус). Все абсолютно новое. Комфортно для одного арендатора. Агентство недвижимости SPENСER ESTATE Суперагент +7 985 053-22-... неделю назад 27 апр, 11:10",,https://www.cian.ru/cat.php?deal_type=rent&district%5B0%5D=8&engine_version=2&offer_type=flat&room9=1&type=4&p=1,2026-05-05 11:58:44+00:00,2115.3846153846152
359,314611923,ЮВАО,https://www.cian.ru/rent/flat/314611923/?context=4.cR8zAqbwZ4I.smqbxAjlaA82BFmpLKlBGb9NYwNXhYLFcTViHU44sfDO0cQYblSWtSPiBwwcSz_VrG25qqX62EEChA&mlSearchSessionGuid=034b2fc13487708e9de1816776bac52e,1/19,65000,23.0,4,32,,"1/19 Студия, 23 м², 4/32 этаж Проверено в Росреестре Нижегородская 8 минут пешком Москва , ЮВАО , р-н Нижегородский , м. Нижегородская , Газгольдерная улица , 10 65 000 ₽/мес. От года, комм. платежи включены (без счётчиков), без комиссии, залог 70 000 ₽ Предлагается в аренду стильная студия с дизайнерским ремонтом из качественных материалов в новом монолитном доме 2023 года постройки с закрытой территорией и видеонаблюдением, в 8 минутах ходьбы от метро Нижегородская. Развитая инфраструктура, в шаговой доступности торговый и строительный центры, кафе, рестораны, шопинг, детские сады и школы, спортивные секции, салоны красоты, пункты выдачи заказов, аптеки и многое другое. Дом оборудован двумя пассажирскими и одним грузовым лифтами, на которых можно попасть в подземный паркинг, где при желании можно арендовать машиноместо. На территории дома также есть бесплатная парковка. Студия сдается на длительный срок, от года. В качестве потенциальных жильцов, максимум 2 человека, мы рады видеть культурных и аккуратных людей без вредных привычек, с постоянной российской регистрацией, проживание с животными не допускается. Договор аренды заключается непосредственно с собственником. Квартира площадью 23 кв. м расположена на 4 этаже 32-этажного здания. Высокие потолки в 2,7 метра создают ощущение простора. Окна выходят на улицу, обеспечивая хорошее естественное освещение. На небольшой территории удалось разместить спальню, полноценную кухонную и рабочую зоны. В квартире есть всё необходимое для комфортной жизни, кровать с ортопедическим матрасом и ящиком для белья, посудомоечная и стиральная машины, холодильник, микроволновая печь, духовой шкаф, варочная панель индукция, набор посуды(сковородки, кастрюли, тарелки, чашки, ложки, вилки, ножи и.д.), тостер, электрочайник, утюг и много других мелочей. В санузле установлены: душевая кабина, полотенцесушитель, теплый пол и т.д. В коридоре расположен домофон, кондиционер, который точно вас не продует, также имеется большая зона хранения. В спальной зоне установлен телевизор с более чем 200 тв каналами, домашний интернет, wi-fi. Приглашаем вас лично оценить предлагаемую квартиру. Звоните и записывайтесь на просмотр в удобное для вас время, вся информация только по телефону. Риелтор ID 104363141 Документы проверены +7 986 323-70-... Написать 3 часа назад сегодня, 11:43",,https://www.cian.ru/cat.php?deal_type=rent&district%5B0%5D=8&engine_version=2&offer_type=flat&room9=1&type=4&p=1,2026-05-05 11:58:44+00:00,2826.086956521739
360,327246474,ЮВАО,https://www.cian.ru/rent/flat/327246474/?context=4.yfLK_U3Yokc.OlsXGGF3CzsQMgAnOtc64zJvRzZscNkOPEE2IzHw-DwQNz9x10TVLqDHZom21bW_1EaDgJ66m453cg&mlSearchSessionGuid=034b2fc13487708e9de1816776bac52e,1/11,39000,16.0,5,10,,"1/11 Студия, 16 м², 5/10 этаж Авиамоторная 19 минут пешком Москва , ЮВАО , р-н Нижегородский , м. Авиамоторная , Подъемная улица , 14С37 39 000 ₽/мес. От года, комм. платежи включены (без счётчиков), комиссия 60%, залог 48 000 ₽ Код объекта: 2056548. Семь причин снять эту студию: 1) Вы снимаете не просто метры, а получаете доступ к целой экосистеме. Больше не нужно тратить время и деньги на фитнес-клуб и коворкинг. На первых этажах ЖК к вашим услугам спортзал, бильярд, аэрохоккей, кафе и коворкинг, где можно расслабиться и пообщаться после рабочего дня. Вы освобождаете время на логистику и можете инвестировать его в себя. 2) Удивительная локация: три старообрядческих монастыря, прогулки по территории которых — это ментальная перезагрузка. 1 минута пешком от подъезда —и вы получаете атмосферу, за которой люди уезжают за город. 3) Студия оборудована всем необходимым, включая кондиционер и посудомоечную машину. Отдельно отмечу большой крепкий диван. 4) Комфортно не только вам, но и вашему транспорту. На первом этаже —помещение для хранения велосипедов, самокатов. Собственная автомобильная парковка под шлагбаумом. Охрана 24/7. 5) Объект куплен как инвестиция для сдачи в аренду на долгий срок. Можете быть уверены — никаких неожиданных выселений. 6) Живописные локации рядом сочетаются с доступом к ресурсам большого города. 2 минуты пешком до ТЦ ""Город"". Бутики, рестораны, пункты выдачи заказов, все к вашим услугам. 7) Экологичное окружение. Архетип жителя ЖК — это молодые амбициозные люди, работающие в IT-сфере. Драйвовая атмосфера людей, уважающих личные границы и нацеленных на успех. Залог можем разбить на 3 месяца. Агентство недвижимости Владис Документы проверены +7 915 207-99-... Написать вчера вчера, 20:02",,https://www.cian.ru/cat.php?deal_type=rent&district%5B0%5D=8&engine_version=2&offer_type=flat&room9=1&type=4&p=1,2026-05-05 11:58:44+00:00,2437.5
361,329533620,ЮВАО,https://www.cian.ru/rent/flat/329533620/?context=4.NC8PrRC-iK0.BIHb_ZeTlHEJuN_em0b_s6kgnlZFgX5-cf6wM1LmBBw2sEQIYOIbCbexVhN_IdBwHTsZdCAvfGZDfg&mlSearchSessionGuid=034b2fc13487708e9de1816776bac52e,1/8,48000,21.0,23,25,,"1/8 Студия, 21 м², 23/25 этаж Ранний доступ Только на Циан Марьино 6 минут на транспорте Москва , ЮВАО , р-н Люблино , м. Депо , Люблинская улица , 72Ак1 48 000 ₽/мес. От года, комм. платежи включены (счётчики включены), без комиссии, залог 48 000 ₽ Сдаётся уютная студия в новом доме по адресу: Люблинская улица, 72Ак1. Квартира находится на 23 из 25 этажей. . Студия с евроремонтом, полностью готова для комфортного проживания. В квартире есть всё необходимое: удобная мебель на кухне и в комнате, а также современная техника, включая холодильник, телевизор и стиральную машину. в квартире никто не жил, все новое! Дом оснащён двумя грузовыми и одним пассажирским лифтами, а также пандусом для удобного доступа. В наличии наземная парковка. Рядом с домом находятся школы, детские сады и магазины, что делает расположение особенно удобным для проживания. Условия аренды: квартира сдаётся официально по договору аренды. Комиссия агентства не предусмотрена, сдает собственник. При заселении потребуется внести залог и оплату за первый месяц проживания. Подходит для одного человека или пары без детей и животных. Собственник ID 65547068 Документы проверены +7 986 253-90-... Написать час назад сегодня, 13:10",,https://www.cian.ru/cat.php?deal_type=rent&district%5B0%5D=8&engine_version=2&offer_type=flat&room9=1&type=4&p=1,2026-05-05 11:58:44+00:00,2285.714285714286
362,329447139,ЮВАО,https://www.cian.ru/rent/flat/329447139/?context=4.Io7URge1zxo.A4pUtKagj8jsczb1aoH-nORnAf7_7DYlqagq9qlBHe3aOYFBkYUmUFh_q7gIS5nxpibfGLEzZCxbdw&mlSearchSessionGuid=034b2fc13487708e9de1816776bac52e,1/34,58000,19.5,11,33,,"1/34 Студия, 19,5 м², 11/33 этаж Перерва 12 минут пешком Москва , ЮВАО , р-н Люблино , м. Перерва , Иловайская улица , 4 58 000 ₽/мес. От года, комм. платежи включены (без счётчиков), комиссия 50%, без залога Kвapтира cдaeтся впервые! Дoлгоcрочнaя apенда (дoговop нa 11 мecяцев). Предcтавляeм вaшему внимaнию свeтлую и уютную квартиру студию, площадью 19,5 кв.м.в ЖК Люблинский парк. Бытoвая техникa: стиpaльнaя машина, кондиционер, микрoволновaя печь, ваpoчная пaнeль, телевизор, электрический чайник. Eсть всё необходимое для жизни, включая постельное белье и посуду. Транспортная доступность: Рядом метро Перерва - 4 минуты пешком Братиславская, Марьино - 15 минут пешком До автобусной остановки - 5 мин пешком До Ж/Д станции -10 мин пешком В пешей доступности сетевые продуктовые магазины, пекарни, салоны красоты, аптеки, школы и детские сады, поликлиника. Условия проживания по Тарифу Комфортное проживание: - 50% от арендного платежа при заселении; - Раннее бронирование объекта (за 3 дня до заселения); - Персональный менеджер на всех этапах аренды быстро реагирует на запросы - большинство бытовых вопросов решаем за 48 часов; - Страхование гражданской ответственности до 1 млн ₽; - Организация мелкого ремонта. Коммунальные платежи: электроэнергия, хвс\гвс, услуги интернет провайдера, расходы за отопление дома/квартиры оплачивает арендатор. Заселение только при наличии постоянной регистрации РФ. Без животных. Агентство недвижимости СМАРЕНТ Документы проверены +7 985 853-93-... Написать вчера вчера, 13:58",,https://www.cian.ru/cat.php?deal_type=rent&district%5B0%5D=8&engine_version=2&offer_type=flat&room9=1&type=4&p=1,2026-05-05 11:58:44+00:00,2974.358974358974
363,329643644,ЮВАО,https://www.cian.ru/rent/flat/329643644/?context=4.IiHmD2TLuIM.m21Vy-cfIs-EcgTSw_XHvfFTQpCivPf2ExSIW4WmWLbY9mdfKEh9gqspd9Z1-9tbrthkAY4XzuGUkw&mlSearchSessionGuid=034b2fc13487708e9de1816776bac52e,1/16,60000,18.0,2,8,,"1/16 Студия, 18 м², 2/8 этаж Только на Циан Дубровка 8 минут пешком Москва , ЮВАО , р-н Южнопортовый , м. Дубровка , Шарикоподшипниковская улица , 9 60 000 ₽/мес. От года, комм. платежи включены (без счётчиков), без комиссии, залог 70 000 ₽ Сдаем уютную и функциональную квартиру-студию. Вариант заходи-живи. Собственник. Агентства не беспокоить. Полностью укомплектована для комфортного проживания: полноценная кухня с индукционной плитой и вытяжкой, холодильником, микроволновкой, чайником. Высокий потолок позволил расположить вместительные шкафы. В квартире имеются стиральная машина, посудомоечная машинка, кондиционер, телевизор и полностью оснащенный санузел с душевой кабиной. Спальное место - раскладной диван с ортопедическим матрасом. Студия располагается в коммунальной квартире, поэтому кроме основных 16 кв.метров в вашем распоряжении металлический шкаф в общем коридоре и морозильная камера в общей кухне. Соседи есть, но студия полностью автономная. Все что на фото - только ваше. Сдается впервые, вся мебель и техника новые. Квартира на втором этаже, окно выходит в уютный спокойный двор. Парковка во дворе, шлагбаум. Удачное расположение - 500 метров от метро Дубровка, за 15 минут можно добраться до центра. Рядом имеются торговый центр с ресторанами быстрого питания, фитнес клуб, пункты выдачи, вкусвилл, пятерочка, напротив дома большой магазин Метро, институты и много других полезных учреждений Идеальный вариант для студентов или молодой пары. Сдаем без комиссии. Первый месяц+залог. Свет, вода - платит арендатор по счетчикам. Приятный бонус - адекватный собственник, который всегда на связи. Собственник ID 93587939 +7 989 577-57-... Написать вчера вчера, 09:52",,https://www.cian.ru/cat.php?deal_type=rent&district%5B0%5D=8&engine_version=2&offer_type=flat&room9=1&type=4&p=1,2026-05-05 11:58:44+00:00,3333.3333333333335
364,329069630,ЮВАО,https://www.cian.ru/rent/flat/329069630/?context=4.-lDVozmpl44.6AOrgeSqjg0icooSYXyx0pJehhNNdpUqkMIKsFof28HNCb9q5Oxot2MaogXIyufTOP1UnVqLimuq8A&mlSearchSessionGuid=034b2fc13487708e9de1816776bac52e,3/6,49000,20.0,2,2,,"3/6 Апартаменты-студия, 20 м², 2/2 этаж Текстильщики 13 минут пешком Москва , ЮВАО , р-н Текстильщики , м. Текстильщики , Грайвороновская улица , 4С6 49 000 ₽/мес. От года, комм. платежи включены (без счётчиков), без комиссии, залог 49 000 ₽ Отличная маленькая, тихая, двухуровневая студия для проживания одного человека. Всё необходимое для проживания есть. Предпочтение девушкам и женщинам. Коммунальные платежи оплачивает арендатор полностью. Собственник ID 70587410 +7 916 099-29-... Написать три дня назад 1 май, 22:19",,https://www.cian.ru/cat.php?deal_type=rent&district%5B0%5D=8&engine_version=2&offer_type=flat&room9=1&type=4&p=1,2026-05-05 11:58:44+00:00,2450.0
365,329477829,ЮВАО,https://www.cian.ru/rent/flat/329477829/?context=4.xjcy1YdRdHA.u0vJM4tvw76ObEclIR_vsrROjKdR2SuqlD9C-zisIqYmYCjk75tgbrPw7CJWizXNYVoOcuAEa5yo2w&mlSearchSessionGuid=6e3ef361f7256264274875c475b2ee25,1/30,63000,23.5,30,30,,"1/30 Студия, 23,5 м², 30/30 этаж Волгоградский проспект 9 минут пешком Москва , ЮВАО , р-н Южнопортовый , м. Угрешская , Волгоградский проспект , 32/3к2 63 000 ₽/мес. От года, комм. платежи включены (без счётчиков), комиссия 50%, без залога Дoлгоcрочнaя аpенда (договoр нa 11 меcяцeв). Прeдстaвляем вaшeму внимaнию cвeтлую и уютную cтудию площадью 23,5 кв.м., рacпoложeнную в элитном жилом комплeкce, в самoм сeрдце престижнoгo pайoна. Бытoвая техника: стиpaльнaя мaшина, xoлодильник, вapочнaя пaнель, СBЧ, тeлeвизop, элeктрический чaйник, , кондициoнeр. Еcть всё необходимое для жизни, включая постельное белье и посуду. ЖК Метрополия - городской квартал бизнес-класса на границе Центрального административного округа в Москве. Расположенный на юго-востоке столицы. Закрытая охраняемая территория, видеонаблюдение. Во дворе обустроен зеленый сквер, спортивные и детские площадки, комфортные открытые зоны отдыха. В пешей доступности: магазины, аптеки, кафе и кофейни, торговые центры, фитнес, детский сад и школа. Комплекс обладает отличной транспортной доступностью: до метро Волгоградский проспект - 7 минут пешком. до станции МЦК Угрешская - 5 минут пешком Благодаря прямому выезду с территории на Волгоградский проспект (150 м.) и ТТК (300 м) до любого делового и развлекательного центра столицы можно будет добраться в кратчайшее время. Условия проживания по Тарифу Комфортное проживание: - 50% от арендного платежа при заселении; - Раннее бронирование объекта (за 3 дня до заселения); - Персональный менеджер на всех этапах аренды быстро реагирует на запросы - большинство бытовых вопросов решаем за 48 часов; - Страхование гражданской ответственности до 300 т.р.; - Организация мелкого ремонта. Коммунальные платежи: электроэнергия, хвс\гвс, услуги интернет провайдера, расходы за отопление дома/квартиры оплачивает арендатор. Заселение только при наличии постоянной регистрации. Без животных. Агентство недвижимости СМАРЕНТ Документы проверены +7 985 853-93-... Написать 2 часа назад сегодня, 12:51",,https://www.cian.ru/cat.php?deal_type=rent&district%5B0%5D=8&engine_version=2&offer_type=flat&room9=1&type=4&p=2,2026-05-05 11:58:44+00:00,2680.851063829787
366,329409685,ЮВАО,https://www.cian.ru/rent/flat/329409685/?context=4.8-oTFdQdy34.YdNNACYz9nJ6DwYVsYa_dGntdLD__LrYuxYk2zFlRp-7UzOEvrsMqs2Pcj360jcK12aUlDMWx0HgWw&mlSearchSessionGuid=6e3ef361f7256264274875c475b2ee25,1/17,47000,20.0,15,17,,"1/17 Студия, 20 м², 15/17 этаж Проверено в Росреестре Перерва 12 минут пешком Москва , ЮВАО , р-н Люблино , м. Перерва , Иловайская улица , 4 47 000 ₽/мес. От года, комм. платежи включены (без счётчиков), без комиссии, залог 47 000 ₽ Сдается впервые стильная уютная студия, расположенная на 15 этаже, вдали от дорог и в 10 минутах ходьбы до станции МЦД Перерва, Люблинский Парк ПИК. Оснащена всем необходимым для жизни: двумя вместительными шкафами, полноценной кроватью с подъемным механизмом, варочной панелью, микроволновой печью, вытяжкой, полноценным холодильником с морозилкой, стиральной машиной, кондиционером, интернетом. Есть внутренний закрытый двор. Рассматриваются жильцы без домашних животных, временная регистрация не предоставляется. Только долгосрочная сдача на 11 месяцев с последующей пролонгацией. ----- Примечание: у собственника могут быть дополнительные пожелания к жильцам - обсудите их в чате или по телефону Собственник ID 78008679 Документы проверены +7 915 255-19-... Написать вчера вчера, 11:24",,https://www.cian.ru/cat.php?deal_type=rent&district%5B0%5D=8&engine_version=2&offer_type=flat&room9=1&type=4&p=2,2026-05-05 11:58:44+00:00,2350.0
367,328585103,ЮВАО,https://www.cian.ru/rent/flat/328585103/?context=4.JoaYjZot-sg.R_S7b7NOK5BPa3Uw94tX7WknOtD_CqqOL4guj6EMZlXP4BoNYCZQdewM5zhpcJiZCAz2F96kZUHGLw&mlSearchSessionGuid=6e3ef361f7256264274875c475b2ee25,1/13,55000,19.7,18,24,,"1/13 Студия, 19,7 м², 18/24 этаж Проверено в Росреестре Новохохловская 6 минут пешком Москва , ЮВАО , р-н Нижегородский , м. Новохохловская , Новохохловская улица , 15к1 55 000 ₽/мес. От года, комм. платежи включены (без счётчиков), без комиссии, залог 55 000 ₽ БЕЗ КОМИССИИ, ОТ СОБСТВЕННИКА! Квартира свободна и готова к заселению. Сдается в аренду студия в современном доме 2023 года постройки. Квартира площадью 19.7 кв. м расположена на 18 этаже 24-этажного здания. До станции МЦК и МЦД2 всего 6 минут пешком, что обеспечит вам удобный и быстрый доступ ко всем частям города. Прекрасная студия с евроремонтом и продуманной планировкой. Здесь вы найдете все необходимое для комфортного проживания: мебель в комнате и на кухне, современную технику — кондиционер, холодильник, телевизор, кофемашина, станция Алиса, отпариватель и стиральную машину. Совмещенный санузел оборудован душевой кабиной и гигиеническим душем. Окна выходят на улицу, поэтому в квартире всегда светло и уютно. Дом оснащен четырьмя грузовыми лифтами и подземной парковкой, что делает его удобным для жителей. В пешей доступности от дома расположены клиники и магазины, поэтому все необходимые учреждения будут у вас под рукой. Условия аренды: квартира сдается без комиссии посредников, от собственника. Предусмотрен залог, разбиваем на 2 части, который возвращается при выезде. Квартира идеально подойдет для одного человека или пары. Без детей. Допустимо небольшое воспитанное животное по согласованию. Приглашаем вас на просмотр! Записывайтесь на удобное для вас время и приходите оценить все преимущества этого жилья лично. Собственник ID 431169 Документы проверены +7 980 214-38-... Написать пять дней назад 29 апр, 17:54",,https://www.cian.ru/cat.php?deal_type=rent&district%5B0%5D=8&engine_version=2&offer_type=flat&room9=1&type=4&p=2,2026-05-05 11:58:44+00:00,2791.8781725888325
368,329009883,ЮВАО,https://www.cian.ru/rent/flat/329009883/?context=4.r7D7bb0rBoY.VFqj-EF4lcGkO7ky-RJj1SynBDBd27EF_ivyfNKWM2ZQ-GL2_RMAhiqNe-cug8M-ptjqllEt1Vds0Q&mlSearchSessionGuid=6e3ef361f7256264274875c475b2ee25,1/34,70000,30.1,2,4,,"1/34 Студия, 30,1 м², 2/4 этаж Москва-Товарная 8 минут пешком Москва , ЮВАО , р-н Лефортово , м. Москва-Товарная , шоссе Энтузиастов , 3к2 70 000 ₽/мес. От года, комм. платежи включены (без счётчиков), комиссия 50%, без залога Дoлгocрoчная аренда (договoр нa 11 меcяцев). Kвартиpа cдaeтcя впepвые! Представляeм вашему внимaнию студию площадью 30.1 кв.м. pасполoжeнную в ЖК Символ Квартира укомплектована всем необходимым для комфортного проживания: качественная техника и стильная мебель! Бытовая теxника: cтиральнaя мaшина, xoлодильник, варочная панeль, духовой шкаф, пoсудомоечная машина, электрический чайник, утюг, телевизор, кондиционер. Транспортная доступность: Метро Площадь Ильича - 6-10 мин пешком Метро Римская- 6-10 мин пешком - На территории ЖК открыты лицей при МГТУ им. Баумана, детские сады, физкультурно-оздоровительные комплексы, детская и взрослая поликлиники, кафе, супермаркеты, рестораны и многое другое. - Рядом расположены Лефортовский парк и парк Казачьей Славы и набережная реки Яузы. - Напротив квартала находится крупный торгово-развлекательный центр Город. Условия проживания по Тарифу Комфортное проживание: - 50% от арендного платежа при заселении; - Раннее бронирование объекта (за 3 дня до заселения); - Персональный менеджер на всех этапах аренды быстро реагирует на запросы - большинство бытовых вопросов решаем за 48 часов; - Страхование гражданской ответственности до 300 000 ₽; - Организация мелкого ремонта. Коммунальные платежи: электроэнергия, хвс\гвс, услуги интернет-провайдера, расходы за отопление дома/квартиры оплачивает арендатор. Заселение только при наличии постоянной регистрации РФ. Без животных. Агентство недвижимости СМАРЕНТ Документы проверены +7 985 853-93-... Написать вчера вчера, 13:36",,https://www.cian.ru/cat.php?deal_type=rent&district%5B0%5D=8&engine_version=2&offer_type=flat&room9=1&type=4&p=2,2026-05-05 11:58:44+00:00,2325.5813953488373
370,329414620,ЮВАО,https://www.cian.ru/rent/flat/329414620/?context=4.zGLJLfQ9amE.wb5eQ2or953b15jrrh8iSn6E0VBCEviDk9cPPnEWZNoBIc4foBg-kia0nDI9iFcT8GkYghukISImxA&mlSearchSessionGuid=6e3ef361f7256264274875c475b2ee25,1/15,47000,20.0,6,17,,"1/15 Студия, 20 м², 6/17 этаж Только на Циан Перерва 12 минут пешком Москва , ЮВАО , р-н Люблино , м. Перерва , Иловайская улица , 4 47 000 ₽/мес. От года, комм. платежи включены (без счётчиков), комиссия 50%, залог 47 000 ₽ (В связи с подготовкой к праздничным мероприятиям, в Москве глушится связь, если не проходит звонок, пожалуйста напишите сообщение, отвечу в ближайшее время) Добрый день! Сдается квартира-студия, готова к заселению. Квартира сдается впервые, оборудована всем необходимым для комфортного проживания. Стиральная машина с сушкой, посудомойка, индукционная плита, свч, холодильник, чайник, пылесос и т.д. Важно! собственник ищет только арендатора способного поддерживать в квартире чистоту и порядок, с условием каждые 6 месяцев делать генеральную уборку квартиры собственными силами или с помощью клининга . В генеральную уборку входит мытье и уборка всех поверхностей ( окна, потолок, двери, стены, мебель внутри и снаружи). Аренда долгосрочная от 11 месяцев. Оплата наличными. ----- Примечание: у собственника могут быть дополнительные пожелания к жильцам - обсудите их в чате или по телефону Риелтор ID 77005056 +7 916 279-00-... Написать 4 часа назад сегодня, 10:26",,https://www.cian.ru/cat.php?deal_type=rent&district%5B0%5D=8&engine_version=2&offer_type=flat&room9=1&type=4&p=2,2026-05-05 11:58:44+00:00,2350.0
371,329689813,ЮВАО,https://www.cian.ru/rent/flat/329689813/?context=4.LjR4jdbU1as.7SV6ATbZnjSjRkz5HoFPEzdKrvIiqF8PM340gjQ4MvAOLuJervGUwkkyFkyH9BqogeZG5oO3gD6eLg&mlSearchSessionGuid=6e3ef361f7256264274875c475b2ee25,1/22,60000,23.6,12,33,,"1/22 Студия, 23,6 м², 12/33 этаж Окская 10 минут пешком Москва , ЮВАО , р-н Рязанский , м. Окская , улица Михайлова , 30Ак2 60 000 ₽/мес. От года, комм. платежи включены (без счётчиков), комиссия 50%, без залога Дoлгоcрочнaя apенда (дoговop нa 11 мecяцев). Пpeдcтaвляeм вашему вниманию уютную кваpтиру-студию в ЖК Михайловский площадью 23,6 кв.м. с качecтвенным pемонтoм. Бытoвaя тexникa: cтиральная машинa, холoдильник, микpовoлновая печь, вapочная панeль, посудомоечная машина, электрический чайник, тeлевизор, кондиционер. До станции метро Окская - 10 мин. пешком. В пешей доступности сетевые продуктовые магазины, пекарни, салоны красоты, аптеки. В шаговой доступности парк Переделкино Закрытая территория, видеонаблюдение 24/7. Условия проживания по Тарифу Комфортное проживание: - 50% от арендного платежа при заселении; - Раннее бронирование объекта (за 3 дней до заселения); - Персональный менеджер на всех этапах аренды быстро реагирует на запросы - большинство бытовых вопросов решаем за 48 часов; - Организация мелкого ремонта. Агентство недвижимости СМАРЕНТ Документы проверены +7 985 853-93-... Написать 2 часа назад сегодня, 12:09",,https://www.cian.ru/cat.php?deal_type=rent&district%5B0%5D=8&engine_version=2&offer_type=flat&room9=1&type=4&p=2,2026-05-05 11:58:44+00:00,2542.372881355932
373,329223446,ЮВАО,https://www.cian.ru/rent/flat/329223446/?context=4.KPw5RERu4Rs.6QyuQ-0KFGSsFlQ2NPtng1m8_5Zn_E_kpfAwGXzBZJHRsCgy7MOu4phQli68mEPnBdQI6yi_EOHkVA&mlSearchSessionGuid=6e3ef361f7256264274875c475b2ee25,1/34,57000,23.5,18,33,,"1/34 Студия, 23,5 м², 18/33 этаж Новохохловская 6 минут пешком Москва , ЮВАО , р-н Нижегородский , м. Новохохловская , Новохохловская улица , 15к2 57 000 ₽/мес. От года, комм. платежи включены (без счётчиков), комиссия 50%, без залога Долгосрочная аренда (договор на 11 месяцев). Прeдставляeм вaшeму внимaнию cтильную квартиру в ЖК Новохохловская 15 площадью 23,7 кв.м. Квартира сдается впервые!!! Бытoвая тexника: cтиральная мaшина, холодильник, варочная панель, СВЧ, телевизор, электрический чайник. Развитая инфpaструктурa -до Новохохловской 15 удобно добираться и на общественном транспорте, и на личном автомобиле; - до станций МЦК и МЦД Новохохловская- 7 минут пешком; - до метро Нижегородская и Волгоградский проспект — 25 минут пешком; - до ТТК можно доехать за 3 минуты; - до Садового кольца — за 10 минут. Благоустроенный внутренний двор без машин с детскими и спортивными площадками, местами для тихого отдыха. Подземный паркинг, охраняемая территория. Кафе, магазины и разные полезные сервисы для комфортной жизни. Вблизи ЖК расположены медицинские учреждения, фитнес клубы, ТЦ. Парковые зоны: Кусковский, Перовский. Условия проживания: Тариф Комфортное проживание: - 50% от арендного платежа при заселении; - Раннее бронирование объекта (за 3 дня до заселения); - Персональный менеджер на всех этапах аренды быстро реагирует на запросы - большинство бытовых вопросов решаем за 48 часов; - Страхование гражданской ответственности; - Организация мелкого ремонта. Коммунальные платежи: электроэнергия, хвс\гвс, услуги интернет провайдера, расходы за отопление дома/квартиры оплачивает арендатор. Заселение только при наличии постоянной регистрации РФ. Без животных. Агентство недвижимости СМАРЕНТ Документы проверены +7 985 853-93-... Написать 3 часа назад сегодня, 11:12",,https://www.cian.ru/cat.php?deal_type=rent&district%5B0%5D=8&engine_version=2&offer_type=flat&room9=1&type=4&p=2,2026-05-05 11:58:44+00:00,2425.531914893617
374,329360053,ЮВАО,https://www.cian.ru/rent/flat/329360053/?context=4.SdzUIFwdoIo.V7cr71YfizCP2Mn1aD772aLyOcYWOtRriAFB74uSkdyKkuus9awrRunURymj65Lv6DcH0DCyxEBxqA&mlSearchSessionGuid=6e3ef361f7256264274875c475b2ee25,1/22,67000,24.1,3,30,,"1/22 Апартаменты-студия, 24,1 м², 3/30 этаж Волгоградский проспект 12 минут пешком Москва , ЮВАО , р-н Южнопортовый , м. Угрешская , Волгоградский проспект , 32/5к2 67 000 ₽/мес. От года, комм. платежи включены (без счётчиков), комиссия 50%, без залога Долгocpoчнaя арендa (дoговop нa 11 мecяцeв). Представляем вам светлую студию площадью 24,1 кв.м. в новом ЖК ""Метрополия"" башня Афины. Окна в пол, стильный дизайн, оптимальное использование пространства В квартире предусмотрено все для вашего комфортного проживания: - зона для сна и отдыха (раскладной диван с местом для хранения, комплект постельных принадлежностей, телевизор, шторы блэкаут) - кухня (вместительный гарнитур, СВЧ, плита с духовкой, чайник, дизайнерский холодильник, вытяжка, измельчитель мусора, фильтр для воды, ПММ, набор посуды, барная стойка и стулья) - санузел (душевая кабина, зеркало, раковина с тумбой, бойлер) - в коридоре большой шкаф для хранения, кондиционер, стиральная машина в скрытой нише, утюг) Новый развитый ЖК: - стильные входные группы - зоны без машин для отдыха и прогулок, лавочки, столики, дорожки, цветы - магазины, кафе, аптеки Хорошая транспортная доступность: - до ст МЦК Угрешская 4 минут пешком, - до м. Волгоградский пр-т 17 минут - выезд на ТТК и Садовое кольцо - 3 мин до остановок общественного транспорта Условия проживания : - Раннее бронирование объекта (за 3 дня до заселения), - 50% от арендного платежа, - персональный менеджер на всех этапах аренды быстро реагирует на запросы - большинство бытовых вопросов решаем за 48 часов - Страхование гражданской ответственности до 0,3 млн ₽ - Организация мелкого ремонта - Коммунальные платежи: электроэнергия, хвс/гвс, водоотведение, услуги интернет провайдера, расходы за отопление дома/квартиры оплачивает арендатор. - Заселение только при наличии постоянной регистрации и паспоpта РФ. - Без животных Агентство недвижимости СМАРЕНТ Документы проверены +7 985 853-93-... Написать шесть дней назад 29 апр, 13:12",,https://www.cian.ru/cat.php?deal_type=rent&district%5B0%5D=8&engine_version=2&offer_type=flat&room9=1&type=4&p=2,2026-05-05 11:58:44+00:00,2780.082987551867
375,323118683,ЮВАО,https://www.cian.ru/rent/flat/323118683/?context=4.Y006yC_iFTU.fAOlvcXwoRA7GnRnxR2sZKx9GGv2yhlfAJUsubla33sufQf3IMcRrYKWlOXSA-nuC-DAR--F8_Vx8w&mlSearchSessionGuid=6e3ef361f7256264274875c475b2ee25,1/11,35000,15.0,4,5,,"1/11 Студия, 15 м², 4/5 этаж Окская 14 минут пешком Москва , ЮВАО , р-н Кузьминки , м. Окская , Окская улица , 28К3 35 000 ₽/мес. От года, комм. платежи включены (без счётчиков), комиссия 50%, залог 35 000 ₽ Объект актуален! Вам к нам! Только если: вы любите качество, по адекватной цене! Наша квартира для тех ,кто хочет жить каждое мгновение жизни, а не только приезжать ночевать в арендную квартиру. Уютная квартира. Спокойная атмосфера. Отличная локация. Адекватный собственник!! Тут можно жить и работать не выходя из дома!!! Рассмотрим все ваши предложения, учитывая пожелания от собственника. Звоните, уважаемые клиенты и коллеги!!! P.S. Если не отвечаю на звонок, то напишите SMS с названием улицы, когда я освобожусь, то обязательно перезвоню. просмотры по договоренности. Плюс квитанция жкх 3000. Агентство недвижимости ПАРТНЕР Суперагент +7 980 154-12-... Написать шесть дней назад 29 апр, 11:28",,https://www.cian.ru/cat.php?deal_type=rent&district%5B0%5D=8&engine_version=2&offer_type=flat&room9=1&type=4&p=2,2026-05-05 11:58:44+00:00,2333.3333333333335
376,329403668,ЮВАО,https://www.cian.ru/rent/flat/329403668/?context=4.EF5AP3O1Hn8.12dahP-pLGJ8DEqzUd_T8zMRVj-anHzT1Q1UeWko4PjpZK7KD-T65CPIr3OyXFvg1G9y7BLHj5Mj-Q&mlSearchSessionGuid=6e3ef361f7256264274875c475b2ee25,1/13,86000,26.6,17,29,,"1/13 Студия, 26,6 м², 17/29 этаж Угрешская 6 минут пешком Москва , ЮВАО , р-н Южнопортовый , м. Угрешская , Волгоградский проспект , 32/5к4 86 000 ₽/мес. На несколько месяцев, комм. платежи включены (без счётчиков), без комиссии, залог 86 000 ₽ Новая, стильная, уютная видовая студия от собственника в доме Бизнес-класса ЖК Метрополия Благодарю за проявленный интерес к моей квартире давайте я познакомлю Вас с ней поближе. Квартира абсолютно новая. Сдается в первый раз! Ранее в ней никто не проживал, вы будете первым Исключительно для проживания! Аренда на длительный срок. На период проживания заключается договор. Немного о квартире: Студия, общая площадь ~27 кв м, Башня Владивосток, этаж 17 Красивый вид из окна на город Сделан новый дорогой дизайнерский ремонт. Квартира полностью укомплектована для комфортной жизни. Зона кухни: гарнитур, встраиваемый холодильник, индукционная плита, встраиваемые духовка и микроволновка, посудомойка, чайник, обеденная зона, посуда. Комната: диван с пружинным блоком раскладной (спальное место 160*200) телевизор 65 дюймов, вместительный комод для одежды, вещей. С/у: совмещенный. Дорогая качественная сантехника, ванна из литьевого мрамора 175 см, теплый пол, электрический полотенцесушитель. Стиральная машина. Проточный водонагреватель В коридоре расположены два больших шкафа, с продуманными зонами хранения. Вместят все вещи! Для поддержания комфортной температуры установлен кондиционер с WI-FI. В квартире имеется много места для хранения одежды и обуви, документов, личных вещей, Wi-Fi роутер. Важные условия: -только для проживания -субаренда ЗАПРЕЩЕНА (в т.ч. под посуточную аренду третьим лицам) -запрещена коммерческая деятельность (маникюр, педикюр, перманент и тд и тп) -без домашних животных (вообще никаких) -курение в квартире строго запрещено Удобное расположение ЖК 5-6 минут пешком до МЦК Угрешская и до станции метро Волгоградский проспект Непосредственная близость к ТТК Без пересадок: -3 станции метро до Китай-город -9 станций по МЦК до Москва-Сити (24 минуты) -7 станций по МЦК до Восточного Вокзала Цена: аренда 86 000 руб./мес. + счетчики (свет, вода горячая и холодная). Залог: 86 000 руб. Без комиссии (я собственник). Срок: на длительный период. ----- Примечание: у собственника могут быть дополнительные пожелания к жильцам - обсудите их в чате или по телефону Собственник ID 140481064 Документы проверены Назначить просмотр вчера вчера, 19:15",,https://www.cian.ru/cat.php?deal_type=rent&district%5B0%5D=8&engine_version=2&offer_type=flat&room9=1&type=4&p=2,2026-05-05 11:58:44+00:00,3233.082706766917
377,320152770,ЮВАО,https://www.cian.ru/rent/flat/320152770/?context=4.bAPoBZgbdIQ.JYQXGewlsYVkPs0GBMAExLuyZ-ml2iIb9CEEJ4KOmUD0aBCboyFxu7bOsdJl_Tm7xgCDGbTSuEGlTg&mlSearchSessionGuid=6e3ef361f7256264274875c475b2ee25,1/28,34000,18.0,1,25,,"1/28 Студия, 18 м², 1/25 этаж Только на Циан Некрасовка 11 минут пешком Москва , ЮВАО , р-н Некрасовка , м. Некрасовка , Покровская улица , 17Ак1 34 000 ₽/мес. От года, комм. платежи включены (без счётчиков), комиссия 80%, залог 34 000 ₽ Владимиp. .СРОЧHO, СРОЧНO. .Дoм находится не далеко от нeскoльких Станций MЕТРОПОЛИTEНА - НЕКРАСОВКА, ЛУХМАНОВСКАЯ и ЛЮБЕРЦЫ. . Рядом расположены - Круглосуточные Магазины, ЦЕРКОВЬ, Торговый Центр, Отделения Банков, Парк с Фонтанами и зоной для Шашлыков..Сдаётся - Чистая, Очень Уютная, Аккуратная, КВАРТИРА - СТУДИЯ. . Рассматриваем - Приличных/Платёжеспособных/Чистоплотных Состав обсуждается..Звоните, обсудим все Ваши предложения, оперативный показ и заселение - ГАРАНТИРУЕМ. .ВАЖНО..Для гарантии долгосрочных отношений, попросим внести страховой депозит ( залог )..В цену всё включено, кроме электричества..Спасибо. . Риелтор Владимир Положенцев Суперагент +7 936 709-29-... два дня назад 3 май, 13:09",,https://www.cian.ru/cat.php?deal_type=rent&district%5B0%5D=8&engine_version=2&offer_type=flat&room9=1&type=4&p=2,2026-05-05 11:58:44+00:00,1888.888888888889
379,329615406,ЮВАО,https://www.cian.ru/rent/flat/329615406/?context=4.5o3giUqovU0.G0OF9EdX49AkEiTly0M8ZThx7pBE1i6TWhvAb5lhXEqvpu7oJ50hDDTw6vJwLM5x2QCE_38u2bFSgw&mlSearchSessionGuid=6e3ef361f7256264274875c475b2ee25,1/50,52222,19.5,12,33,,"1/50 Студия, 19,5 м², 12/33 этаж Перерва 12 минут пешком Москва , ЮВАО , р-н Люблино , м. Перерва , Иловайская улица , 4 52 222 ₽/мес. От года, комм. платежи включены (без счётчиков), комиссия 50%, залог 52 222 ₽ Сдаётся уютная студия с евроремонтом, на 12 этаже, что добавляет пространства и света. Окна выходят во двор, прекрасный вид из окна на спортивную и детскую площадку с прекрасным ландшафтном дизайном, двор без машин. Квартира полностью меблирована: есть всё необходимое как на кухне, так и в комнате. Много приятных мелочей. Техника также в полном комплекте: кондиционер, холодильник, телевизор , стиральная машина, вытяжка, чайник и кофеварка. Санузел совмещённый, оснащён современной душевой кабиной. Недалеко от дома: - Парк имени Артёма Боровика; - Братиславский лесопарк. - ТЦ Люблю Молл; - Парк 850-летия Москвы; - Лес жары; - Парк Героев Отечественной войны 1812 года. В пешей доступности - школа, продуктовые супермаркеты, аптеки, фитнес-клуб, кафе. До метро МЦД Перерва всего 8 минут пешком, поэтому транспортная доступность на высоте. Договор заключается напрямую с собственником. Квартира идеально подойдёт для одного человека или пары. Звоните и записывайтесь на просмотр, чтобы убедиться в том, что эта квартира — именно то, что вы искали! Риелтор Татьяна Попова Суперагент +7 981 366-73-... Написать вчера вчера, 19:15",,https://www.cian.ru/cat.php?deal_type=rent&district%5B0%5D=8&engine_version=2&offer_type=flat&room9=1&type=4&p=2,2026-05-05 11:58:44+00:00,2678.051282051282
380,329359924,ЮВАО,https://www.cian.ru/rent/flat/329359924/?context=4.Xl-P9Lt718k.vQ-AfbY-zxGbj0qkjMrfPc3TTG0lrE0qpC32v7KcrKJkr8vvwKXVfAhJzQ3koaQbdk7E5YJrFrzkpw&mlSearchSessionGuid=6e3ef361f7256264274875c475b2ee25,1/12,50000,27.0,11,22,,"1/12 Студия, 27 м², 11/22 этаж Только на Циан Текстильщики 16 минут пешком Москва , ЮВАО , р-н Текстильщики , м. Текстильщики , 1-й Грайвороновский проезд , 1 50 000 ₽/мес. От года, комм. платежи включены (счётчики включены), комиссия 50%, залог 50 000 ₽ Уютная студия в ЖК ""Грани"": тишина, комфорт и развитая инфраструктура! Сдается стильная студия площадью 27 м² в современном жилом комплексе ""Грани"". Вас ждет абсолютная тишина благодаря отличной шумоизоляции и комфортное проживание. • Двор без машин: безопасно и спокойно. • Наземная парковка: под шлагбаум, только для жителей ЖК. • Полная инфраструктура: все необходимое в доме и шаговой доступности. • Удобная транспортная развязка: легкий доступ в любую точку города. Идеальное решение для тех, кто ценит комфорт и практичность в динамичном мегаполисе! Звоните прямо сейчас и я организую показ в ближайшее время! Риелтор Сара Гуцу Суперагент +7 982 083-09-... Написать неделю назад 24 апр, 13:52",,https://www.cian.ru/cat.php?deal_type=rent&district%5B0%5D=8&engine_version=2&offer_type=flat&room9=1&type=4&p=2,2026-05-05 11:58:44+00:00,1851.851851851852
381,329471282,ЮВАО,https://www.cian.ru/rent/flat/329471282/?context=4.dn82LXz36pg._K-QMaxz9N4wkPxSACdAH44GJPxYMOyI_n01JUt88C1QmfhXyObrnvENqLov0vZIWVUiqWjAE7o7zw&mlSearchSessionGuid=6e3ef361f7256264274875c475b2ee25,1/5,30000,17.6,4,4,,"1/5 Студия, 17,6 м², 4/4 этаж Кожуховская 9 минут пешком Москва , ЮВАО , р-н Печатники , м. Кожуховская , Южнопортовая улица , 26к2 30 000 ₽/мес. На несколько месяцев, комм. платежи включены (без счётчиков), без комиссии, без залога аренда квартиры от 1 месяца (под склад , хранение вещей на время ремонта итд) Собственник ID 104574949 Документы проверены +7 980 417-04-... Написать три дня назад 2 май, 12:07",,https://www.cian.ru/cat.php?deal_type=rent&district%5B0%5D=8&engine_version=2&offer_type=flat&room9=1&type=4&p=2,2026-05-05 11:58:44+00:00,1704.5454545454545
382,271320940,ЮВАО,https://www.cian.ru/rent/flat/271320940/?context=4.0fPi-mn9Ukk.eCiRiQtBN2-t8ylnjs1d2kT2P-VkCp3wVCGgibe2a8knE5hqMmmDV_D27Os9uwIL5E2-NUF3SqS-oA&mlSearchSessionGuid=6e3ef361f7256264274875c475b2ee25,1/43,55000,18.7,9,10,,"1/43 Апартаменты-студия, 18,7 м², 9/10 этаж Площадь Ильича 12 минут пешком Москва , ЮВАО , р-н Лефортово , м. Серп и Молот , улица Золоторожский Вал , 8 55 000 ₽/мес. От года, комм. платежи включены (без счётчиков), комиссия 70%, залог 55 000 ₽ ПРОСМОТРЫ 05.05. Студия в доме бизнес-класса ЖК Золоторожский. Ремонт делали под себя, нанимали дизайнера. Минималистичный, практичный стиль хай-тек, с красными акцентами. Максимально грамотно использовано пространство. Продумано все до мелочей, много мест хранения, источники света в каждой зоне, топовая встроенная техника. В кухонной зоне гарнитур, барная стойка, можно ее использовать как рабочую поверхность, стулья. Индукционная плита Electrolux, духовой шкаф с функцией микроволновки. Встроенная посудомойка, полноценный холодильник Gorenje. Минимальный набор посуды. В зоне спальни, двуспальный диван, стенка, светильники для чтения, жк-телевизор, небольшой столик. В санузеле унитаз с инсталляцией, душ-биде, водонагреватель проточный, стиральная машина с сушкой Hotpoint-Ariston на 9 кг., красный полотенцесушитель) В прихожей галошница, зеркало, шкаф для верхней одежды, кондиционер LG. Презентабельная входная группа. В холле можно встречать гостей, приятная зона ожидания, консьерж. Шлагбаум, охраняемая территория, круглосуточное видеонаблюдение. Два лифта. Подземный паркинг. Отличное расположение. В шаговой доступности несколько супермаркетов. До м. Площадь Ильича ~9 минут ходьбы. Рассмотрим: одного человека, пару, семью или другой состав. Можно с детьми. Можно с животными. Есть определённые пожелания по жильцам. Условия: 55.000+счётчики, 55.000 депозит, 38.500 комиссия. Остальные подробности - личными сообщениями или по телефону. Записывайтесь на просмотр, Илья. Риелтор Илья Хмелярский Суперагент +7 992 129-56-... Написать 3 часа назад сегодня, 11:48",,https://www.cian.ru/cat.php?deal_type=rent&district%5B0%5D=8&engine_version=2&offer_type=flat&room9=1&type=4&p=2,2026-05-05 11:58:44+00:00,2941.1764705882356
383,329405373,ЮВАО,https://www.cian.ru/rent/flat/329405373/?context=4.1gjbOrduUwY.OO9aDlAk71j2Dararwcyr81iAfjCyBhhOnWa3d-CzKjwdndjnKuKOLiq7bKqZlLSFmR26dHqfgjsBw&mlSearchSessionGuid=6e3ef361f7256264274875c475b2ee25,1/18,40000,9.0,1,9,,"1/18 Студия, 9 м², 1/9 этаж Только на Циан Юго-Восточная 10 минут пешком Москва , ЮВАО , р-н Выхино-Жулебино , м. Юго-Восточная , Сормовская улица , 4 40 000 ₽/мес. От года, комм. платежи включены (без счётчиков), комиссия 50%, залог 40 000 ₽ Сдам прекрасную компактную и полную оборудованную студию. В квартире есть все необходимое, сделан отличный ремонт. Чистый подъезд, тихий двор. Рядом небольшой торговый центр, а так же много разных магазинов. Дорога до метро и МЦД-3 занимает 5 минут. Квартира теплая и солнечная. Очень уютная. Рассмотрим строго 1 человека на длительный срок. Риелтор Анжелика Мещерякова Суперагент +7 986 254-06-... Написать неделю назад 26 апр, 13:50",,https://www.cian.ru/cat.php?deal_type=rent&district%5B0%5D=8&engine_version=2&offer_type=flat&room9=1&type=4&p=2,2026-05-05 11:58:44+00:00,4444.444444444444
384,328069745,ЮВАО,https://www.cian.ru/rent/flat/328069745/?context=4.PDfRuHqcGpE.nZsCiE5PvpMtSC0bBuJ8txlB5k1NHX8HwH8jvnD5V86YDVhyvn01fzgUut8qsgeMufb9wXpetfKaKQ&mlSearchSessionGuid=6e3ef361f7256264274875c475b2ee25,1/17,53000,23.0,21,33,,"1/17 Студия, 23 м², 21/33 этаж Нижегородская 7 минут пешком Москва , ЮВАО , р-н Нижегородский , м. Нижегородская , Перовское шоссе , 2к1 53 000 ₽/мес. От года, комм. платежи включены (без счётчиков), комиссия 50%, залог 40 000 ₽ Сдаётся светлая квартира-студия с евроремонтом и совмещённым санузлом в ЖК Перовское 2. Её можно посмотреть когда Вам удобно: бронируете время, забираете ключи и спокойно осматриваете. Если всё понравится, договор подпишем онлайн и будем поддерживать Вас на всех этапах аренды. В квартире есть: - Кухонный гарнитур; - Кондиционер; - Стиральная машина; - Холодильник; - Микроволновая печь; - Телевизор; - Утюг; - Варочная панель. Дополнительную мебель и технику можно приобрести в счёт арендной платы. Полы ламинат и плитка. Окна выходят во двор, есть бесплатная парковка. Собственник готов заселить не более 2 взрослых жильцов или 1 взрослого с 1 ребёнком и бесплатно оформить временную регистрацию. С домашним питомцем нельзя. Дом находится в районе с развитой инфраструктурой: в пешей доступности школы, продуктовые супермаркеты, заправки, спортивные клубы, почта, аптеки и медицинские учреждения, бассейн, салоны красоты и парикмахерские, кафе и закусочные. Недалеко ТЦ Город, Перовский парк, Кусковский лесопарк и парк Карачарово. До м. Нижегородская можно дойти за 10 минут, до м. Стахановская 18 минут пешком. Агентство недвижимости ПИК-Аренда Документы проверены +7 986 248-21-... Написать вчера вчера, 15:22",,https://www.cian.ru/cat.php?deal_type=rent&district%5B0%5D=8&engine_version=2&offer_type=flat&room9=1&type=4&p=2,2026-05-05 11:58:44+00:00,2304.3478260869565
385,329016274,ЮВАО,https://www.cian.ru/rent/flat/329016274/?context=4.4KdK3mEHAdg.HBjEQxeLQirQKhqAbkoybQ9Izs3l8zrCEllEH98Pj3yHCK-Vc8i86ziquy7FLPjDmhAWRgx30drEzg&mlSearchSessionGuid=6e3ef361f7256264274875c475b2ee25,1/9,62000,25.0,8,23,,"1/9 Апартаменты-студия, 25 м², 8/23 этаж Волгоградский проспект 3 минуты пешком Москва , ЮВАО , р-н Южнопортовый , м. Волгоградский проспект , Новоостаповская улица , 20 62 000 ₽/мес. От года, комм. платежи включены (без счётчиков), комиссия 50%, залог 66 000 ₽ Предлагается в аренду прекрасная студия в ЖК HighWay. В наличии вся необходимая для комфортного проживания мебель и техника. Просторная кухня-гостиная. Район с развитой инфраструктурой. Просмотры по договорённости. О КВАРТИРЕ: - Квартира полностью укомплектована всем необходимым для комфортного проживания: телевизор, сверхскоростной интернет, посудомоечная машина, стиральная машина, кондиционер, микроволновка, духовой шкаф, варочная панель! - Просторная кухня-гостиная. - Планировка квартиры позволяет комфортно использовать пространство и добавить свои элементы декора или мебели. Транспорт: - Удобная транспортная развязка, в пешей доступности метро - ""Волгоградский проспект""! А так же в транспортной доступности стация ""Угрешская"" и ""Дубровка""! - Удобный выезд на ТТК, Волгоградский проспект, Остаповский проезд и МСД! Парковка: Подземный паркинг. Безопасный двор. Есть охрана. Хороший и адекватный собственник! Оперативный показ! Звоните, с удовольствием отвечу на ваши вопросы! Агентство недвижимости PREMIUM CITY Суперагент +7 917 589-00-... Написать три дня назад 1 май, 15:23",,https://www.cian.ru/cat.php?deal_type=rent&district%5B0%5D=8&engine_version=2&offer_type=flat&room9=1&type=4&p=2,2026-05-05 11:58:44+00:00,2480.0
386,329600146,ЮВАО,https://www.cian.ru/rent/flat/329600146/?context=4.nFxo15yqXfE.HIv27MYUpw1NXDwodxBunOVvUHqsLc8xjtzU7SeEMtE8kw3Xpm9B66LG8rmrFp_4ZyZNd_PLnDy2Ng&mlSearchSessionGuid=6e3ef361f7256264274875c475b2ee25,1/19,58000,30.0,23,25,,"1/19 Студия, 30 м², 23/25 этаж Только на Циан Нижегородская 7 минут пешком Москва , ЮВАО , р-н Нижегородский , м. Нижегородская , Рязанский проспект , 2/1к2Д 58 000 ₽/мес. От года, комм. платежи включены (без счётчиков), комиссия 60%, залог 58 000 ₽ ВПЕРВЫЕ сдается квартира в доме ЖК комфорт-класса СРЕДА с качественным ремонтом. В квартире имеется необходимая мебель и техника (холодильник , посудомоечная машина, стиральная машина, духовой шкаф, варочная панель, вытяжка, кондиционер). Развитая инфраструктура. Территория огорожена, дворы без машин, во дворе обустроены прогулочная зона, детские игровые зоны, места отдыха, система охраны и видеонаблюдения. Современный квартал, где есть все для комфортной жизни. Пространство, в котором гармонично сочетались места для прогулок и отдыха в любое время года, площадки для спортивных игр и мероприятий. Квартал удобно расположен вблизи основных транспортных артерий города: 5 минут до ТТК и 7 минут до ТПУ Нижегородская (БКЛ, станция метро, МЦК и электрички). Больше 7 маршрутов автобусов. На скоростном Е70 утром по пробкам 12 мин до метро Таганская. Удобный выезд для авто на Рязанский проспект, ТТК п хорде и 4 км до Садового кольца. Рядом с домом: теннисная академия; школа олимпийского резерва; ТРЦ Город и Леруа Мерлен в шаговой доступности; близость к усадьбе Кусково и Ледовой арене. В 200 метрах от дома большая бесплатная парковка на 100 мест, проблем с паркингом не возникнет. Есть возможность аренды парковочного места и кладовки в подземном паркинге. Агентство недвижимости Большой Город Суперагент +7 913 640-21-... Написать три дня назад 1 май, 16:56",,https://www.cian.ru/cat.php?deal_type=rent&district%5B0%5D=8&engine_version=2&offer_type=flat&room9=1&type=4&p=2,2026-05-05 11:58:44+00:00,1933.3333333333333
387,328627739,ЮВАО,https://www.cian.ru/rent/flat/328627739/?context=4.USI-FFf5seQ.menTdvDNo7WuSWCXx8Z5aYlri0O9XHX6HbhAo8fJ6kQ-XcNEGU1VOxYE9MSkMtUnhT7MPypsZNFzVg&mlSearchSessionGuid=6e3ef361f7256264274875c475b2ee25,1/6,25000,19.0,3,21,,"1/6 Апартаменты-студия, 19 м², 3/21 этаж Только на Циан Калитники 11 минут пешком Москва , ЮВАО , р-н Нижегородский , м. Калитники , Автомобильный проезд , 4к5 25 000 ₽/мес. От года, комм. платежи включены (без счётчиков), без комиссии, залог 25 000 ₽ Сдаётся студия площадью 19 кв. м на третьем этаже современного 21-этажного дома. Высокие потолки 3.1 метра создают ощущение простора. Окна выходят во двор. Квартира сдаётся без ремонта и мебели. под склад,пред чистовая отделка(white-box) Дом оснащён двумя пассажирскими и одним грузовым лифтами, поэтому можно без проблем добраться до квартиры. Имеется подземная парковка для вашего автомобиля. . До ближайшей станции метро можно дойти за 10 минут, что удобно для поездок по городу. Условия аренды обсуждаются индивидуально. Возможна аренда по долгосрочному договору. Квартира сдаётся без комиссии. Звоните и записывайтесь на просмотр, чтобы лично оценить все преимущества этого предложения. Мы будем рады ответить на все ваши вопросы и показать квартиру в удобное для вас время. Есть еще апартамент в 6 корпусе на 11 этаже. Собственник ID 91147563 Документы проверены Назначить просмотр 3 недели назад 6 апр, 18:03",,https://www.cian.ru/cat.php?deal_type=rent&district%5B0%5D=8&engine_version=2&offer_type=flat&room9=1&type=4&p=2,2026-05-05 11:58:44+00:00,1315.7894736842106
388,329117063,ЮВАО,https://www.cian.ru/rent/flat/329117063/?context=4.tJSXkPHYTrc.MUJB9aMaUVGMDXks0Nm_riJtL5FU9DXqrxKEsoVDmUt9KkKlUaRZnZlKiP5CrYprd4Gi8WZwnZUIPg&mlSearchSessionGuid=6e3ef361f7256264274875c475b2ee25,1/9,54000,20.4,20,21,,"1/9 Студия, 20,4 м², 20/21 этаж Только на Циан Волгоградский проспект 3 минуты пешком Москва , ЮВАО , р-н Южнопортовый , м. Волгоградский проспект , Новоостаповская улица , 20 54 000 ₽/мес. От года, комм. платежи включены (без счётчиков), комиссия 50%, залог 54 000 ₽ В аренду предлагается СТУДИЯ в ЖК HighWay. В студии выполнен качественный ремонт в современном стиле. Совмещенный санузел оборудован импортной сантехникой (душевая кабина). Кухонный гарнитур с вытяжкой, варочной панелью и посудомоечной машинкой. 2 встроенных шкафа для одежды. Кровать с подъемным механизмом (без матраса). Кондиционер. Двор без машин. До метро 5 минут пешком от подъезда. Временную регистрацию не делают. Не курящих. Длительный срок аренды. Риелтор Антон Смолев Суперагент +7 915 012-09-... Написать 14 часов назад сегодня, 00:31",,https://www.cian.ru/cat.php?deal_type=rent&district%5B0%5D=8&engine_version=2&offer_type=flat&room9=1&type=4&p=2,2026-05-05 11:58:44+00:00,2647.058823529412
389,301543961,ЮВАО,https://www.cian.ru/rent/flat/301543961/?context=4.IVDbvztbc0I.78y5B53XbNNpOg7n4QlEV7lzSGmk471IAF9kPh4nj_Xsl-gKOhmdvENJ4BMc_uAI_VSwG0yyjKh1NQ&mlSearchSessionGuid=6e3ef361f7256264274875c475b2ee25,1/12,40000,17.0,5,5,,"1/12 Апартаменты-студия, 17 м², 5/5 этаж Только на Циан Текстильщики 18 минут пешком Москва , ЮВАО , р-н Текстильщики , м. Текстильщики , 1-й Грайвороновский проезд , 2А 40 000 ₽/мес. От года, комм. платежи включены (без счётчиков), комиссия 60%, залог 43 000 ₽ Сдаю студию со всеми удобствами в районе метро Текстильщики, от метро 15 минут пешком или 3 остановки автобусом. В квартире имеется все для комфортного проживания: кухня, микроволновка, чайник, варочная панель, вытяжка, холодильник, кровать двуспальная, обеденный стол, стиральная машинка, совмещённый санузел, шкаф-гардероб. Условия: предоплата за месяц, залог за последний месяц аренды, коммунальные платежи отдельно, комиссия агенту разово при заселении. Риелтор Александр Дворников Суперагент +7 985 579-70-... Написать шесть дней назад 28 апр, 23:19",,https://www.cian.ru/cat.php?deal_type=rent&district%5B0%5D=8&engine_version=2&offer_type=flat&room9=1&type=4&p=2,2026-05-05 11:58:44+00:00,2352.9411764705883
390,329487078,ЮВАО,https://www.cian.ru/rent/flat/329487078/?context=4.HhU_ns3ix4Y.LWbsoq98IGAu-d23hq4DMLvZyrfwZnPO-Xm5xrVgrz-b2q7YONLXj7iZd7UWw1oeKXplpgLUNUTopQ&mlSearchSessionGuid=6e3ef361f7256264274875c475b2ee25,1/12,60000,25.0,22,30,,"1/12 Студия, 25 м², 22/30 этаж Угрешская 3 минуты пешком Москва , ЮВАО , р-н Южнопортовый , м. Угрешская , Волгоградский проспект , 32/3к2 60 000 ₽/мес. От года, комм. платежи включены (без счётчиков), комиссия 60%, залог 60 000 ₽ Добрый день! Для более качественного восприятия объекта , мы добавили видеоролик! Пожалуйста ознакомьтесь! Спасибо. Предлагаем вам уютную студию в современном жилом комплексе бизнес класса Метрополия, построенного в 2021 году, а значит что ремонтов от соседей уже давно нет. Высокие потолки (2.9 м) создают ощущение простора и уюта в квартире. Много естественного света. В квартире сделан качественный евроремонт, который порадует даже самых требовательных арендаторов. Комната светлая и просторная, окна выходят на улицу, что обеспечивает отличное естественное освещение. Ванная комната оснащена современной душевой кабиной. Квартира полностью меблирована: есть удобная мебель как в комнате, так и на кухне. Из техники в вашем распоряжении кондиционер, холодильник, посудомоечная машина, телевизор и стиральная машина. Дом находится в отличном состоянии, в подъезде работают два пассажирских и один грузовой лифт, а для вашего автомобиля предусмотрена подземная парковка, стоимость аренды в среднем 12000-13000/месяц. Интернет подключен, поэтому вы всегда будете на связи. Рядом с домом расположены клиники и магазины, что делает повседневные дела удобными и быстрыми. До станции метро ""Волгоградский проспект"" всего 9 минут пешком, а станция мцк Угрешская находится в 3-х минутах ходьбы, что позволит вам быстро добираться до любой точки города. Условия аренды: квартира сдается на длительный срок, от 11 месяцев. Возможно проживание с небольшим домашним животным , под ответственность арендатора. Не упустите возможность жить в комфортной квартире в одном из самых удобных районов Москвы. Звоните и записывайтесь на просмотр уже сегодня! Агентство недвижимости BrightRealty +7 985 063-14-... Написать вчера 3 май, 16:32",,https://www.cian.ru/cat.php?deal_type=rent&district%5B0%5D=8&engine_version=2&offer_type=flat&room9=1&type=4&p=2,2026-05-05 11:58:44+00:00,2400.0
391,328544382,ЮВАО,https://www.cian.ru/rent/flat/328544382/?context=4.fqVLG-Nmvag.ZU7Wvg4iItJQJ_Qv2OviMBNUaGrHFmUjy5pZ8trrnuOaiOpLHcrw_-kiuTbmKCT4CMvepwJMCtHUTg&mlSearchSessionGuid=6e3ef361f7256264274875c475b2ee25,1/11,55000,21.5,11,16,,"1/11 Студия, 21,5 м², 11/16 этаж Авиамоторная 12 минут пешком Москва , ЮВАО , р-н Лефортово , м. Авиамоторная , Красноказарменная улица , 14Ак5 55 000 ₽/мес. От года, комм. платежи включены (без счётчиков), комиссия 60%, залог 55 000 ₽ Сдается отличная , уютная , теплая студия на 11 этаже с прекрасным панорамой. квартире все имеется для комфортного проживания. квартира находится пеший доступности от метро , прекрасном районе . Имеется шикарный двор без машин. оперативный показ и заселение . счетчики и интернет оплачивает наниматель. Риелтор Алия Анашкина Суперагент +7 915 190-89-... Написать два дня назад 2 май, 20:52",,https://www.cian.ru/cat.php?deal_type=rent&district%5B0%5D=8&engine_version=2&offer_type=flat&room9=1&type=4&p=2,2026-05-05 11:58:44+00:00,2558.139534883721
392,329563994,ЮВАО,https://www.cian.ru/rent/flat/329563994/?context=4.xXqJgD0EC3o.1qWOpbzbu8ObHLoarFc7imBmU3cTtxYL_4g4WBSDASwzhohh9XMd5pxUxqVeFY58RGCZSULjjTVgmg&mlSearchSessionGuid=6e3ef361f7256264274875c475b2ee25,1/9,60000,17.0,3,5,,"1/9 Студия, 17 м², 3/5 этаж Текстильщики 12 минут пешком Москва , ЮВАО , р-н Текстильщики , м. Текстильщики , улица Артюхиной , 6К2 60 000 ₽/мес. На несколько месяцев, комм. платежи включены (без счётчиков), комиссия 35%, залог 60 000 ₽ Сдается студия в скандинавском стиле в доме с охраняемой территорией. 10 минута пешком от станции МЦД-2 и 13 минут пешком до метро Текстильщики. Интерьер и планировка: Светлые пастельные оттенки визуально увеличивают пространство, а минималистичный интерьер позволяет добавить детали на свой вкус. - зона отдыха с удобным диваном и журнальным столиком; - кухня с барной стойкой, которую можно использовать как рабочее место; - вместительный шкаф и два комода для хранения. Есть всё, чтобы заехать сразу: мини-холодильник, электрическая плита, микроволновая печь, стиральная машина, безлимитный Wi-Fi. Что входит в аренду: поддержка персонального менеджера, возможность забронировать квартиру заранее, депозит можно внести частями, помощь по бытовым вопросам и ремонте без доплат, регулярные мероприятия для жильцов (йога, живопись, английский, растяжка). Инфраструктура рядом: В шаговой доступности — ВкусВилл, студия пилатеса MissFit, дворец спорта и культурный центр Москвич, студии красоты и химчистка. Рядом пункты выдачи (Яндекс Маркет, OZON) и кофейни. Вечером можно прогуляться у уютного пруда Садки — всего 5 минут пешком, отличное место для отдыха от городской суеты. Формат аренды: Квартиру сдаём мы - компания Colife Комфорт. Мы не сторонние агенты или риелторы, вы подписываете договор напрямую с нами, а в стоимость уже включен сервис и поддержка 24/7: например, если что-то сломается мы бесплатно и быстро починим. — без посредников и скрытых комиссий; — долгосрочно, договор с компанией, в котором зафиксированы все договорённости; — показы по договорённости, въезд возможен сразу. Если у вас возникли какие-либо вопросы, вы всегда можете написать их нам в чат или позвонить по номеру телефона. Мы с радостью вам ответим. Для собственников: если планируете сдавать свою квартиру, у нас сейчас отличные условия. Свяжитесь с нами. Артикул: 83430 Посмотреть копии объявления от других продавцов Агентство недвижимости Colife Суперагент +7 916 086-72-... Написать вчера вчера, 20:31",,https://www.cian.ru/cat.php?deal_type=rent&district%5B0%5D=8&engine_version=2&offer_type=flat&room9=1&type=4&p=2,2026-05-05 11:58:44+00:00,3529.4117647058824
393,329660137,ЮВАО,https://www.cian.ru/rent/flat/329660137/?context=4.w_jpB4s9Dfg.jc0a5wA5RQvXBe5-Q-MD4waa1ffoKNyipfskSKzjqD9MD2HBywgr5SH7j7uiYFE9zj6YZXRxV9IsyA&mlSearchSessionGuid=aa11016200a0fa5a2bb1b386063b79f8,1/5,50000,20.0,10,25,,"1/5 Студия, 20 м², 10/25 этаж Только на Циан Депо 18 минут пешком Москва , ЮВАО , р-н Люблино , м. Депо , Люблинская улица , 72Ак2 50 000 ₽/мес. От года, комм. платежи включены (без счётчиков), без комиссии, залог 50 000 ₽ Ваше Идеальное Пространство в ЖК ""Люблинский Парк"": Светлая Студия с Видом на Будущее Добро пожаловать в мир комфорта и стиля! Представляем вашему вниманию эксклюзивное предложение уютную и светлую квартиру-студию в современном жилом комплексе ""Люблинский Парк"". Это не просто аренда, это возможность обрести свой личный оазис спокойствия и вдохновения в одном из самых динамично развивающихся районов города. Жизнь в Ритме Вашего Успеха Расположение студии продумано до мелочей для тех, кто ценит свое время и качество жизни. Всего в нескольких шагах от вашего нового дома раскинулись: Торговый центр: Забудьте о долгих поездках за покупками. Все необходимое от продуктов до модных новинок находится прямо у вашего порога. Парк для прогулок: Наслаждайтесь свежим воздухом и живописными пейзажами, не покидая родного района. Идеальное место для утренней пробежки, вечерних прогулок или пикников с друзьями. Фитнес-центр: Поддерживайте себя в форме, не тратя время на дорогу. Ваш путь к здоровому образу жизни начинается здесь. Станция Перерва: Всего 20 минут пешком и вы в центре города, готовые к новым свершениям. Ваш Новый Дом: Продуманный До Последней Детали Мы позаботились о том, чтобы вы могли заселиться и сразу же почувствовать себя как дома. В квартире есть все необходимое для комфортной жизни: Полностью оборудованная кухня: Современная плита и вместительный холодильник для ваших кулинарных шедевров. Практичная бытовая техника: Стиральная машина для вашего удобства. Климат-контроль: Кондиционер, который создаст идеальную атмосферу в любое время года. Развлечения: Телевизор для уютных вечеров. Условия Аренды: Ежемесячная арендная плата: 50 000 рублей. Обеспечительный платеж: равен месячной арендной плате. Комиссия агентству. Обратите внимание: проживание с домашними животными не предоставляется. Не упустите свой шанс стать обладателем этой уникальной студии! Звоните прямо сейчас, чтобы договориться о просмотре и сделать шаг навстречу вашей новой, комфортной жизни. Агентство недвижимости Самолет плюс Славянский Документы проверены +7 916 443-41-... Написать вчера вчера, 15:29",,https://www.cian.ru/cat.php?deal_type=rent&district%5B0%5D=8&engine_version=2&offer_type=flat&room9=1&type=4&p=3,2026-05-05 11:58:44+00:00,2500.0
394,329675480,ЮВАО,https://www.cian.ru/rent/flat/329675480/?context=4.PU0MBaClnHg.JGw-V74uSREzv_j_19V-T_zKhm6Cf7U1VNLL_VNC0PHesbYJMQjFo5DYHNn6wioRWC5BwoRHUoHCjg&mlSearchSessionGuid=aa11016200a0fa5a2bb1b386063b79f8,1/11,43000,22.0,6,10,,"1/11 Студия, 22 м², 6/10 этаж Только на Циан Депо 12 минут пешком Москва , ЮВАО , р-н Люблино , м. Депо , Люблинская улица , 72Ак1 43 000 ₽/мес. От года, комм. платежи включены (без счётчиков), комиссия 80%, залог 43 000 ₽ Уважаемые Арендаторы! Предлагается в долгосрочную аренду замечательная студия! Сдается впервые! Еще никто не жил. Современный ремонт! Душевая кабина. НОВАЯ мебель: - 2х местный диван, - 2 шкафа, - встроенный кухонный гарнитур. НОВАЯ бытовая техника: - варочная панель, - духовой шкаф, - вытяжка, - микроволновка, - 2х камерный холодильник, - стиральная машинка-автомат, - телевизор, - кондиционер. Интернет проведен. Чистый подъезд. Приличные соседи. Огороженная территория. Двор без машин. Развитая инфраструктура, рядом: - магазины, - аптеки, - ПВЗ озон/вайлдбериз, - детские сады, - школы. Страховой депозит можно разбить. Квартира теплая. Сдается на длительный срок. Квартира свободна и готова к заселению. Проверенный собственник! Документы на квартиру в порядке. ОПЕРАТИВНЫЙ показ. Пишите, звоните! Риелтор Сергей Медведев Суперагент +7 923 074-81-... Написать вчера вчера, 22:55",,https://www.cian.ru/cat.php?deal_type=rent&district%5B0%5D=8&engine_version=2&offer_type=flat&room9=1&type=4&p=3,2026-05-05 11:58:44+00:00,1954.5454545454545
397,329689609,ЮВАО,https://www.cian.ru/rent/flat/329689609/?context=4.PPtoyoPckNs.xVr0jFNIw7TpTgRcZtLdte8IN_4WqH-3oNg9DATWJ3-lQh8Az7iTVBx1u30RoaMKOPi-Kh1GN68BZg&mlSearchSessionGuid=aa11016200a0fa5a2bb1b386063b79f8,1/16,48000,16.0,1,5,,"1/16 Студия, 16 м², 1/5 этаж Окская 14 минут пешком Москва , ЮВАО , р-н Кузьминки , м. Окская , Окская улица , 28К3 48 000 ₽/мес. От года, комм. платежи включены (без счётчиков), комиссия 100%, залог 48 000 ₽ Сдаётся светлая студия полностью укомплектованая необходимой мебелью и бытовой техникой. Отличная локация - окна студии смотрят на благоустроенную, тихую аллею. Развитая инфраструктура: магазины, банки, школы, детские сады, торговве центры, театр, кинотеатр, детские и спортивные площадки итд. Хорошая транспортная инфраструктура: в пешей доступности две станции метро. . Залог (возвратный) 100% от месячной арендной платы. Комиссия 100%. ----- Примечание: у собственника могут быть дополнительные пожелания к жильцам - обсудите их в чате или по телефону Риелтор Сергей Иванов Суперагент +7 917 577-54-... Написать 3 часа назад сегодня, 11:59",,https://www.cian.ru/cat.php?deal_type=rent&district%5B0%5D=8&engine_version=2&offer_type=flat&room9=1&type=4&p=3,2026-05-05 11:58:44+00:00,3000.0
398,328625698,ЮВАО,https://www.cian.ru/rent/flat/328625698/?context=4.Coj26Hiqx0E.KS1mX1_dnm9CjgA-xXwbQ60YYras112wQB-xmozRAw4kXKjQt3fBj-HwaGhY60VWtz-FWWFx0xEhPA&mlSearchSessionGuid=aa11016200a0fa5a2bb1b386063b79f8,1/16,45000,18.0,2,3,,"1/16 Апартаменты-студия, 18 м², 2/3 этаж Только на Циан Текстильщики 14 минут пешком Москва , ЮВАО , р-н Текстильщики , м. Текстильщики , Грайвороновская улица , 4 45 000 ₽/мес. От года, комм. платежи включены (без счётчиков), комиссия 50%, залог 45 000 ₽ Сдаётся двух уровневая уютная студия в 10 минутах пешком от метро Текстильщики. Апартаменты расположены на 2 этаже трёхэтажного дома. Общая площадь составляет 18 кв. м. плюс зона для сна на втором уровне, что делает её идеальной для проживания одного человека или пары. Высокие потолки 3.7 метра придают пространству дополнительный объём. В комнате очень большое окно, что делает жилое пространство светлым. Спальное место на второй уровень покупаем под жильцов. Студия будет еще доукомплектовываться ковриком, пледами, декором, телевизором. Риелтор Екатерина Мамедова Суперагент +7 985 720-76-... Написать 2 недели назад 20 апр, 16:46",,https://www.cian.ru/cat.php?deal_type=rent&district%5B0%5D=8&engine_version=2&offer_type=flat&room9=1&type=4&p=3,2026-05-05 11:58:44+00:00,2500.0
399,323990478,ЮВАО,https://www.cian.ru/rent/flat/323990478/?context=4.jpGdMCYSGoA.957VY4EGpUo-P_qExH8A1cj30_H7VX4GaoctdGKZcRNM5maTubaQeL3ZCN89oQRy7wsnYj-U25Y0gA&mlSearchSessionGuid=aa11016200a0fa5a2bb1b386063b79f8,1/10,65000,23.0,7,25,,"1/10 Студия, 23 м², 7/25 этаж Только на Циан Нижегородская 12 минут пешком Москва , ЮВАО , р-н Нижегородский , м. Нижегородская , Рязанский проспект , 2/2к2 65 000 ₽/мес. На несколько месяцев, комм. платежи включены (счётчики включены), без комиссии, залог 60 000 ₽ Квартира свободна. Сдается впервые. По всем вопросам прошу писать в сообщениях. Собственник ID 116372672 Документы проверены Назначить просмотр 2 часа назад сегодня, 12:55",,https://www.cian.ru/cat.php?deal_type=rent&district%5B0%5D=8&engine_version=2&offer_type=flat&room9=1&type=4&p=3,2026-05-05 11:58:44+00:00,2826.086956521739
400,304010604,ЮВАО,https://www.cian.ru/rent/flat/304010604/?context=4._0KknTLoZEo.aSeGthDjxWsPU8AtbJRToNrWrIH9EqQbitutPLs8Cyuu9TBHD1NqXjjzXImGPkfFr2H8lMMm1UWjtw&mlSearchSessionGuid=aa11016200a0fa5a2bb1b386063b79f8,1/24,48000,20.0,19,23,,"1/24 Студия, 20 м², 19/23 этаж Новохохловская 12 минут пешком Москва , ЮВАО , р-н Текстильщики , м. Новохохловская , 1-й Грайвороновский проезд , 13к3 48 000 ₽/мес. От года, комм. платежи включены (счётчики включены), комиссия 50%, залог 48 000 ₽ Сдается светлая студия. Есть всё необходимое для проживания: кухня, большой холодильник, шторы blackout, микроволновая печь, стиральная машина, кофемашина, раскладной диван (спальное место 140*200). Установлен кондиционер с возможностью удалённого включения через приложение (на охлаждение и на обогрев) и большой 50 дюймовый android TV 4K.Также имеются два больших шкафа. Риелтор Аркадий Николаевич Алексеев Суперагент +7 980 212-18-... Написать шесть дней назад 29 апр, 13:31",,https://www.cian.ru/cat.php?deal_type=rent&district%5B0%5D=8&engine_version=2&offer_type=flat&room9=1&type=4&p=3,2026-05-05 11:58:44+00:00,2400.0
401,329597691,ЮВАО,https://www.cian.ru/rent/flat/329597691/?context=4.9JfFSXdgWsk.1_YaXpTxCfzkKij7WyyzMXmxlYunkGqPSKFys1MDbtTxTT0wR9-6dYt6QfQHiFyhc9q_cQVyLUogLQ&mlSearchSessionGuid=aa11016200a0fa5a2bb1b386063b79f8,1/11,57000,17.0,3,5,,"1/11 Студия, 17 м², 3/5 этаж Текстильщики 12 минут пешком Москва , ЮВАО , р-н Текстильщики , м. Текстильщики , улица Артюхиной , 6К2 57 000 ₽/мес. На несколько месяцев, комм. платежи включены (без счётчиков), комиссия 35%, залог 57 000 ₽ Сдается студия в скандинавском стиле в доме с охраняемой территорией. 10 минута пешком от станции МЦД-2 и 13 минут пешком до метро Текстильщики. Интерьер и планировка: Светлые пастельные оттенки визуально увеличивают пространство, а минималистичный интерьер позволяет добавить детали на свой вкус. - зона отдыха с удобным диваном и журнальным столиком; - кухня с барной стойкой, которую можно использовать как рабочее место; - вместительный шкаф и два комода для хранения. Есть всё, чтобы заехать сразу: мини-холодильник, электрическая плита, микроволновая печь, стиральная машина, безлимитный Wi-Fi. Что входит в аренду: поддержка персонального менеджера, возможность забронировать квартиру заранее, депозит можно внести частями, помощь по бытовым вопросам и ремонте без доплат, регулярные мероприятия для жильцов (йога, живопись, английский, растяжка). Инфраструктура рядом: В шаговой доступности — ВкусВилл, студия пилатеса MissFit, дворец спорта и культурный центр Москвич, студии красоты и химчистка. Рядом пункты выдачи (Яндекс Маркет, OZON) и кофейни. Вечером можно прогуляться у уютного пруда Садки — всего 5 минут пешком, отличное место для отдыха от городской суеты. Формат аренды: Квартиру сдаём мы - компания Colife Комфорт. Мы не сторонние агенты или риелторы, вы подписываете договор напрямую с нами, а в стоимость уже включен сервис и поддержка 24/7: например, если что-то сломается мы бесплатно и быстро починим. — без посредников и скрытых комиссий; — долгосрочно, договор с компанией, в котором зафиксированы все договорённости; — показы по договорённости, въезд возможен сразу. Если у вас возникли какие-либо вопросы, вы всегда можете написать их нам в чат или позвонить по номеру телефона. Мы с радостью вам ответим. Для собственников: если планируете сдавать свою квартиру, у нас сейчас отличные условия. Свяжитесь с нами. Артикул: 83423 Посмотреть копии объявления от других продавцов Агентство недвижимости Colife Суперагент +7 916 086-72-... Написать четыре дня назад 1 май, 14:07",,https://www.cian.ru/cat.php?deal_type=rent&district%5B0%5D=8&engine_version=2&offer_type=flat&room9=1&type=4&p=3,2026-05-05 11:58:44+00:00,3352.9411764705883
403,329647591,ЮВАО,https://www.cian.ru/rent/flat/329647591/?context=4.jrcN-_14-dk.ikS-PKK6YntLnLH3chsP_WpbUiFbX-F-BNxdv4bAoKMiUKC71OV0PoZD1k605jN13N2AYuKYkFwitA&mlSearchSessionGuid=aa11016200a0fa5a2bb1b386063b79f8,1/29,85000,28.0,22,30,,"1/29 Апартаменты-студия, 28 м², 22/30 этаж Только на Циан Волгоградский проспект 3 минуты пешком Москва , ЮВАО , р-н Южнопортовый , м. Волгоградский проспект , Новоостаповская улица , 20 85 000 ₽/мес. От года, комм. платежи включены (без счётчиков), без комиссии, залог 85 000 ₽ З минуты до метро! Предлагаем в аренду стильные апартаменты-студию . 20-м этаже современного дома. Высота потолков - 2.8 метра, из окон открывается перспектива на Москву.До метро всего 3 минуты пешком, что делает это предложение особенно привлекательным для тех, кто ценит удобное расположение. В квартире выполнен дизайнерский ремонт, все продумано до мелочей,мебель в комнате и на кухне. Оснащена всей необходимой техникой: кондиционер, холодильник, посудомоечная машина, телевизор и стиральная машина. В ванной комнате установлена душевая кабина. Во всей квартире ТЕПЛЫЙ ПОЛ.На время отключения горячей воды есть мощный водонагреватель. Дом оборудован подземной парковкой Вокруг развитая инфраструктура: по близости расположены школы, детские сады, клиники и магазины, поэтому все необходимое будет у вас под рукой. в 15 минутах исторический центр: Крутицкое подворье, Симоновский и Новоспасский монастыри. Договор заключается на удобных условиях. Агентство недвижимости PREMIUM CITY Суперагент +7 916 724-79-... Написать вчера вчера, 21:18",,https://www.cian.ru/cat.php?deal_type=rent&district%5B0%5D=8&engine_version=2&offer_type=flat&room9=1&type=4&p=3,2026-05-05 11:58:44+00:00,3035.714285714286
404,326403023,ЮВАО,https://www.cian.ru/rent/flat/326403023/?context=4.tcOr4Z7KzwM.MBjZmR49lchLb9iwF-Nsv91L9e6CBB4i3ExX46JJetjOngxwZH22lFf3eU6Bac1toqG6fhNwSz5U9A&mlSearchSessionGuid=aa11016200a0fa5a2bb1b386063b79f8,1/11,41000,17.0,3,5,,"1/11 Студия, 17 м², 3/5 этаж Только на Циан Кузьминки 9 минут пешком Москва , ЮВАО , р-н Кузьминки , м. Кузьминки , Жигулевская улица , 4К2 41 000 ₽/мес. От года, комм. платежи включены (без счётчиков), комиссия 50%, залог 41 000 ₽ Сдаётся студия 17 м² в новом ЖК Нью Форм Сдаётся впервые уютная студия площадью 17 м², расположенная на 3 этаже нового жилого комплекса Нью Форм. Квартира полностью укомплектована для комфортного проживания: двуспальный диван шкаф для хранения вещей кухонный гарнитур с техникой: холодильник, плита, СВЧ ванная комната полностью оборудована: стиральная машина, душ, полотенцесушитель Новая квартира, никто не проживал. Подходит для одного человека или семейной пары. Инфраструктура и транспорт: рядом большое количество магазинов до метро — 7 минут пешком возле метро расположен крупный торгово-развлекательный центр Отличный вариант для комфортной жизни в новом доме. Звоните / пишите для просмотра. Агентство недвижимости АРТИН Суперагент +7 915 234-34-... 3 недели назад 8 апр, 08:31",,https://www.cian.ru/cat.php?deal_type=rent&district%5B0%5D=8&engine_version=2&offer_type=flat&room9=1&type=4&p=3,2026-05-05 11:58:44+00:00,2411.764705882353
405,329630928,ЮВАО,https://www.cian.ru/rent/flat/329630928/?context=4.2dvleWdht2s.8aReOCD62kyFLOQeYm6amxiX9Isdni7AW12f82OmqM7wqMifbQoronVfa3bPzSwf2hvJcSwfSLd-rg&mlSearchSessionGuid=aa11016200a0fa5a2bb1b386063b79f8,1/5,60000,27.0,19,24,,"1/5 Апартаменты-студия, 27 м², 19/24 этаж Волгоградский проспект 3 минуты пешком Москва , ЮВАО , р-н Южнопортовый , м. Волгоградский проспект , Новоостаповская улица , 20 60 000 ₽/мес. От года, комм. платежи включены (без счётчиков), без комиссии, залог 60 000 ₽ Сдаётся от собственника на длительный срок студия в минуте от мeтpо Boлгoгpaдcкий проcпeкт. Простоpное, cвeтлoe пoмещeниe с coвременным peмoнтом. Все новое бытовая техника и мебель. Установлен кондиционер. Оплaтa пo cчётчикaм: водa, cвeт и отoплeниe. Курение запрещено. Без животных. Aгентов просьба не бeспoкоить. Собственник ID 141163221 +7 986 323-77-... Написать вчера 3 май, 20:01",,https://www.cian.ru/cat.php?deal_type=rent&district%5B0%5D=8&engine_version=2&offer_type=flat&room9=1&type=4&p=3,2026-05-05 11:58:44+00:00,2222.222222222222
406,329562747,ЮВАО,https://www.cian.ru/rent/flat/329562747/?context=4.t01_IEGrjzU.pjJZG09EAdwZlvJHy47J6EOCVPLBTmziKIsyblIKQy9I2o-4DBS9HAvUAiVcjvYhBQ5a4N45vEdKYA&mlSearchSessionGuid=aa11016200a0fa5a2bb1b386063b79f8,1/17,60000,20.0,14,33,,"1/17 Студия, 20 м², 14/33 этаж Марьино 5 минут на транспорте Москва , ЮВАО , р-н Люблино , м. Перерва , Иловайская улица , 2 60 000 ₽/мес. От года, комм. платежи включены (без счётчиков), комиссия 50%, залог 60 000 ₽ Сдается светлая студия в ЖК Люблинский парк. Квартира расположена на 14 этаже нового жилого комплекса, общая площадь — 20 м². Локация отлично подойдет для комфортной городской жизни: в шаговой доступности — кофейни, фитнес-студии, салоны красоты и вся необходимая инфраструктура. Новый современный ЖК с закрытой территорией и благоустроенным двором создает ощущение отдельного комфортного пространства внутри города. Квартира выполнена в современном минималистичном стиле: светлые бежевые оттенки сочетаются с темными и золотыми акцентами, интерьер дополняют стильные элементы декора и картины. Пространство продумано для отдыха и работы: есть удобный диван, кофейный столик и телевизор, а также отдельная рабочая зона. Для хранения предусмотрены вместительные шкафы и комод. Кухня компактная и функциональная, с обеденной зоной и современной техникой. Ванная комната светлая и аккуратная: установлен тропический душ и зеркало с подсветкой. Квартира полностью готова к заселению — можно заехать в день просмотра. В наличии вся необходимая техника: холодильник, стиральная и посудомоечная машины, индукционная плита с вытяжкой, микроволновая печь и телевизор. Подключен безлимитный Wi-Fi. Транспортная доступность: метро Марьино — около 20 минут пешком, МЦД-2 Перерва — 14 минут пешком. На территории ЖК находятся закрытый двор без машин, детская площадка, подземный паркинг, продуктовые магазины, аптека, фермерская лавка и пункты выдачи заказов (Ozon, WB). Рядом расположены детский сад, поликлиника, медицинский центр и стоматология. Район отлично подходит для активной и комфортной жизни: рядом кофейня Surf для завтраков и работы, пекарни, кафе, студии йоги и фитнес-клубы. В пешей доступности находятся ТЦ Люблю Молл с Ашаном и развлекательным центром Небо, а также ТРЦ Бум с кинотеатром и фитнес-клубом. В свободное время можно отправиться в парк имени 850-летия Москвы — с ухоженной набережной, велодорожками и прогулочными зонами вдоль воды. Что входит в аренду: — поддержка персонального менеджера, — возможность забронировать квартиру заранее, — депозит можно внести частями, — помощь по бытовым вопросам и ремонту без доплат, — регулярные мероприятия для жильцов (йога, живопись, английский, растяжка). Формат аренды: Квартиру сдаём мы - компания Colife Комфорт. Мы не сто",,https://www.cian.ru/cat.php?deal_type=rent&district%5B0%5D=8&engine_version=2&offer_type=flat&room9=1&type=4&p=3,2026-05-05 11:58:44+00:00,3000.0
407,329673400,ЮВАО,https://www.cian.ru/rent/flat/329673400/?context=4.38-dEkerWDU._j5qvPFMDxEplA1IHoUgeGNbnjENrKYWY3flJoNqVXN2Y7MTjsI0F7dLAzPKscMErby91jcu_E0--Q&mlSearchSessionGuid=aa11016200a0fa5a2bb1b386063b79f8,1/10,60000,23.4,4,24,,"1/10 Студия, 23,4 м², 4/24 этаж Только на Циан Проверено в Росреестре Текстильщики 18 минут пешком Москва , ЮВАО , р-н Текстильщики , м. Текстильщики , 1-й Грайвороновский проезд , 3Ак2 60 000 ₽/мес. От года, комм. платежи включены (без счётчиков), без комиссии, залог 50 000 ₽ От собственника просторная студия 23,4 кв.м. Имеется вся необходимая техника (кондиционер, холодильник, микроволновая печь, плита, стиральная машина) и мебель. Все новое. Долгосрочно по договору. Риэлторов убедительная просьба не беспокоить! Цена 60000 руб. в месяц + коммунальные по счетчикам. Залог 50000 руб. Собственник ID 141187403 +7 916 426-17-... Написать вчера вчера, 21:23",,https://www.cian.ru/cat.php?deal_type=rent&district%5B0%5D=8&engine_version=2&offer_type=flat&room9=1&type=4&p=3,2026-05-05 11:58:44+00:00,2564.1025641025644
408,327199828,ЮВАО,https://www.cian.ru/rent/flat/327199828/?context=4.Cm-hjMWeuZQ.SgCsV9up_URV-12eZeOYP7n_EkTiPceDnKrSozEJ0KW8fXipEdbbCgkwIrDsz_TpMiEKB7XW9xrjCA&mlSearchSessionGuid=aa11016200a0fa5a2bb1b386063b79f8,1/17,60000,25.0,13,23,,"1/17 Апартаменты-студия, 25 м², 13/23 этаж Только на Циан Волгоградский проспект 3 минуты пешком Москва , ЮВАО , р-н Южнопортовый , м. Волгоградский проспект , Новоостаповская улица , 20 60 000 ₽/мес. От года, комм. платежи включены (без счётчиков), комиссия 50%, залог 60 000 ₽ Сдаётся новая квартира-студия 25 м.кв. Апартаменты расположены в пешей доступности от метро ""Волгоградский проспект"" — 2 минуты пешком. Квартира с отличным ремонтом, полностью меблирована: в комнате и на кухне есть вся необходимая мебель (после ремонта никто не жил). В наличии современная техника: кондиционер, холодильник, телевизор и стиральная машина. В шаговой доступности находятся школы, детские сады, клиники и магазины. Оперативный показ. Риелтор Наталья Балескова Суперагент +7 989 403-12-... Написать пять дней назад 30 апр, 07:18",,https://www.cian.ru/cat.php?deal_type=rent&district%5B0%5D=8&engine_version=2&offer_type=flat&room9=1&type=4&p=3,2026-05-05 11:58:44+00:00,2400.0
409,298608752,ЮВАО,https://www.cian.ru/rent/flat/298608752/?context=4.Qo8sK7kbqKw.3K1UxOPSgAGTHOleF3URkEs5ThHJOxObI-tWMYE_qxteYyfnc3LcJ6ELe0Xx30zeYeVOFWLps72T8A&mlSearchSessionGuid=aa11016200a0fa5a2bb1b386063b79f8,1/11,50000,19.0,10,16,,"1/11 Студия, 19 м², 10/16 этаж Только на Циан Серп и Молот 7 минут пешком Москва , ЮВАО , р-н Лефортово , м. Серп и Молот , Таможенный проезд , 12 50 000 ₽/мес. От года, комм. платежи включены (без счётчиков), комиссия 50%, залог 50 000 ₽ Сдается с 03.02 на длительный срок уютная студия с косметическим ремонтом и всей необходимой мебелью и техникой в 8 минутах пешком от м. Площадь Ильича или Римская или в 6 минутах пешком от станции МЦД Серп и Молот. Угловой диван раскладывается. Можно с небольшими воспитанными животными. Оперативный показ и заселение! Звоните, уважаемые клиенты и коллеги! Риелтор Юрий Старшинов Суперагент +7 994 785-89-... Написать два дня назад 2 май, 15:20",,https://www.cian.ru/cat.php?deal_type=rent&district%5B0%5D=8&engine_version=2&offer_type=flat&room9=1&type=4&p=3,2026-05-05 11:58:44+00:00,2631.5789473684213
410,329675535,ЮВАО,https://www.cian.ru/rent/flat/329675535/?context=4.8NbSOG1bUa0.bKNWpW2E0ZG5ImWWyJthe1i0CJVmytvjZbBpmukA42b9hYSOG1QZScPIs-VERJeq_uuUtdAjs_L7Ig&mlSearchSessionGuid=aa11016200a0fa5a2bb1b386063b79f8,1/8,54000,26.0,6,9,,"1/8 Студия, 26 м², 6/9 этаж Только на Циан Авиамоторная 15 минут пешком Москва , ЮВАО , р-н Лефортово , м. Авиамоторная , Шепелюгинская улица , 7/14 54 000 ₽/мес. От года, комм. платежи включены (счётчики включены), без комиссии, залог 54 000 ₽ Сдается уютная студия в районе Лефортово. До метро 10-15 минут пешком,прямой выезд на ТТК. Для комфортного проживания есть все необходимое. Развитая инфраструктура,рядом ТЦ Город,магазины Ашан, Пятерочка. Квартира сдается собственником одному человеку или паре. Счетчики оплачиваются отдельно. Показ по договоренности. ----- Примечание: у собственника могут быть дополнительные пожелания к жильцам - обсудите их в чате или по телефону Собственник ID 20645463 +7 985 612-63-... Написать 6 часов назад сегодня, 08:23",,https://www.cian.ru/cat.php?deal_type=rent&district%5B0%5D=8&engine_version=2&offer_type=flat&room9=1&type=4&p=3,2026-05-05 11:58:44+00:00,2076.923076923077
411,304345542,ЮВАО,https://www.cian.ru/rent/flat/304345542/?context=4.g6T4xRoiB38.6gegFNxk9j-yjY2hWPHWrklynyc1R69MwZrSJUgoFw_qhdLkpo4-iAvQQpxELrSNz4wR8wuHBnw47g&mlSearchSessionGuid=aa11016200a0fa5a2bb1b386063b79f8,1/36,55000,20.0,22,26,,"1/36 Студия, 20 м², 22/26 этаж Нижегородская 10 минут пешком Москва , ЮВАО , р-н Нижегородский , м. Нижегородская , Перовское шоссе , 2к2 55 000 ₽/мес. От года, комм. платежи включены (без счётчиков), комиссия 60%, залог 55 000 ₽ Перовское шоссе д. 2 корп. 2. Сдам квартира-студия площадью 20м2 с мебелью и техникой в новом доме от ПИК. Этаж - 22; площадь - 20м2. Лифты - 4 шт. В квартире есть всё необходимое для постоянного комфортного проживания. Новая мебель и техника. Ближайшая станция метро Нижегородская. В доме есть Пятерочка, кофейни, аптеки. Коммунальные услуги оплачиваются отдельно. Агентство недвижимости Российское Деловое Агентство Суперагент +7 981 012-32-... Написать 2 недели назад 16 апр, 16:50",,https://www.cian.ru/cat.php?deal_type=rent&district%5B0%5D=8&engine_version=2&offer_type=flat&room9=1&type=4&p=3,2026-05-05 11:58:44+00:00,2750.0
412,329239562,ЮВАО,https://www.cian.ru/rent/flat/329239562/?context=4.2OwE8lXu-oc.UUqZdZoRRxV0BtvbimwTEVXwUTdA8jKtB46l7vjDgx1rErsmqW0ekFwdLUCtkUN4EXtZ50fNTo1HlQ&mlSearchSessionGuid=aa11016200a0fa5a2bb1b386063b79f8,1/16,74999,27.0,14,23,,"1/16 Студия, 27 м², 14/23 этаж Волгоградский проспект 3 минуты пешком Москва , ЮВАО , р-н Южнопортовый , м. Волгоградский проспект , Новоостаповская улица , 20 74 999 ₽/мес. От года, комм. платежи включены (без счётчиков), без комиссии, залог 74 999 ₽ Aрендa oт 6 мecяцев. Замечательнaя студия c доpогим и cовpеменным peмoнтoм. Пpoдуманная до мeлoчeй. Здесь удобно и жить и рaбoтaть. Большaя куxня cо вceй вcтрoенной тexникой: двухкамepный xoлодильник, пocудомoeчная машина, микpoволнoвaя печь. Вмeстительнaя кpoвaть 160 на 200 c оpтoпeдическим матрасом, телевизор с 55 диагональю. Трехзонное освещение позволит настроить комфортный свет в квартире. Теплые полы по всей площади, кондиционер. Удобная ванная комната полностью оборудованная. Отдельная рабочая зона со своим освещением. Адаптированное место для подключения робот-пылесоса. Спешите, это супер отличный и качественный вариант. Оперативные показы с понедельника по пятницу. Посмотреть копии объявления от других продавцов Агентство недвижимости Джойнио Документы проверены +7 985 586-43-... Написать вчера вчера, 12:55",,https://www.cian.ru/cat.php?deal_type=rent&district%5B0%5D=8&engine_version=2&offer_type=flat&room9=1&type=4&p=3,2026-05-05 11:58:44+00:00,2777.740740740741
413,329619404,ЮВАО,https://www.cian.ru/rent/flat/329619404/?context=4.eY428RyrK8U.lokNm0Ri1Egy4mJ5YxU4jCo0ezkzelHIDlkoH750rIMLu81uiNoThs5qoV8OR8CEL3BEGYMuxt3PRA&mlSearchSessionGuid=aa11016200a0fa5a2bb1b386063b79f8,1/12,65000,26.0,20,22,,"1/12 Апартаменты-студия, 26 м², 20/22 этаж Только на Циан Нижегородская 3 минуты пешком Москва , ЮВАО , р-н Нижегородский , м. Нижегородская , Рязанский проспект , 2К2 65 000 ₽/мес. От года, комм. платежи включены (без счётчиков), комиссия 50%, залог 65 000 ₽ Студия 23 м² в ЖК Аквилон Бисайд по адресу Рязанский проспект, 2/2 к.2. 20 этаж из 25, плюс застекленная лоджия. Высоко, светло и с тем самым ощущением, когда город уже где-то внизу, а вы вроде бы все еще в Москве, но уже немного над ней. Квартира после дизайнерского ремонта, и тут приятно, что красота не в формате только смотреть руками нельзя, а с антивандальными покрытиями и нормальной логикой жизни. На стенах обои под покраску, на полу кварцвинил, то есть квартира не только симпатичная, но и готова выдержать реальность, а не только фотосессию для Pinterest. Формат очень понятный и удобный для одного человека. Пары мы не рассматриваем, так как ширина кровати 120 см :( Но! Лоджия застеклена, так что можно устроить себе дополнительный угол для кофе, ноутбука или молчаливого созерцания начала собственной взрослой жизни. По условиям можно с животными, что для нового ремонта всегда звучит почти как акт доверия. Курение запрещено. Стоимость 65 000 ₽ Агентство недвижимости ID 43533329 +7 986 361-79-... Написать вчера 3 май, 22:27",,https://www.cian.ru/cat.php?deal_type=rent&district%5B0%5D=8&engine_version=2&offer_type=flat&room9=1&type=4&p=3,2026-05-05 11:58:44+00:00,2500.0
414,328035351,ЮВАО,https://www.cian.ru/rent/flat/328035351/?context=4.c3zZpNlcbmY.chaQKnwyuAREAIZ93LXLbHQy7YtkDXfxpz4P1P6PEX2rbwOS08oyrnDrmZY-p1wLMV5IYCHeh-ac5Q&mlSearchSessionGuid=aa11016200a0fa5a2bb1b386063b79f8,1/17,48000,17.8,16,21,,"1/17 Апартаменты-студия, 17,8 м², 16/21 этаж Калитники 10 минут пешком Москва , ЮВАО , р-н Нижегородский , м. Калитники , Автомобильный проезд , 4 48 000 ₽/мес. От года, комм. платежи включены (без счётчиков), комиссия 42%, залог 30 000 ₽ Новая студия со свежим ремонтом и мебелью в ЖК Бизнес-класса N'ICE LOFT! Свежий ремонт. Сдается впервые после ремонта и обустройства. Все готово к вашему комфортному проживанию. Кондиционер, холодильник, стиральная машина, раскладной диван для сохранения пространства, вместительные шкафы, много места для хранения, новый комплект посуды, постельного белья и спальных принадлежностей. Удобная транспортная доступность: - Станция Калитники в 10-ти минутах пешком; - до Волгоградского проспекта 11 минут; - остановка общественного транспорта в 5-ти минутах пешком; - удобный выезд на Третье транспортное кольцо; - до Кремля 5 км. Условия аренды: От 4 месяцев или на длительной срок Плата за месяц -48.000 руб. (плюс оплата по счетчикам) Залог - 30.000 руб. Комиссия - 20.000 руб. Подробности по телефону. НЕ ОТКЛАДЫВАЙТЕ звонок на завтра, завтра могут сказать что ""квартира уже сдана""! Риелтор Кадрия Котова Суперагент +7 923 078-61-... Написать 2 недели назад 19 апр, 19:13",,https://www.cian.ru/cat.php?deal_type=rent&district%5B0%5D=8&engine_version=2&offer_type=flat&room9=1&type=4&p=3,2026-05-05 11:58:44+00:00,2696.629213483146
415,327887979,ЮВАО,https://www.cian.ru/rent/flat/327887979/?context=4.QY0N8sa5FdQ._V1dnIdtSfmEjPA_L_HZkSbUaU7O77AuqVLZRUHpPO0W3kv39bv-_U198pT9nMWFgkA7x957B2WPoQ&mlSearchSessionGuid=aa11016200a0fa5a2bb1b386063b79f8,1/14,109000,27.0,14,25,,"1/14 Апартаменты-студия, 27 м², 14/25 этаж Волгоградский проспект 3 минуты пешком Москва , ЮВАО , р-н Южнопортовый , м. Волгоградский проспект , Новоостаповская улица , 20 109 000 ₽/мес. От года, комм. платежи включены (без счётчиков), без комиссии, залог 109 000 ₽ ЖК HighWay Премиальная студия-кинозал : абсолютная тишина, умный дом и экран 110 Сдается дизайнерская студия 27 м² на 14-м этаже в ЖК бизнес-класса HighWay. Всего 2 минуты пешком до метро и 8 минут езды до Китай-города. В квартире решена главная проблема комплекса— сделана профессиональная круговая шумоизоляция (пол, потолок, стены) и заменены окна от застройщика на шумопоглощающие окна Schco. Вы не услышите ни соседей, ни шумного проспекта. Главные преимущества: • Сон уровня 5-звездочного отеля: кровать 160 см с легендарным американским матрасом Serta, премиальное постельное белье , текстиль Frette и 100% пуховое одеяло. Проходные включатели дополняют удобства. • Настоящий домашний кинозал: вместо обычного ТВ установлен проектор с экраном 110 (диагональ 2,8 м) и объемным звуком Dolby. Настроены все онлайн-сервисы. Просто включай и смотри ТВ или свой любимый онлайн кинотеатр. Диван трансформируется в полноценный чилаут-остров. • Дизайн в стиле ваби-саби: натуральные материалы (дерево, камень, травертин, ротанг), мягкий свет и картина Пробуждение света Che масло. • Идеальный порядок: продуманы скрытые системы хранения. Стирально-сушильная машина, холодильник (No frost -авторазморозка), бойлер, 3 х ступенчатая система очистки воды, пылесос и бытовой инвентарь спрятаны за фасадами. Умные шкафы с нажимными ящиками, в том числе в цоколе-используется каждый сантиметр. • Умный дом с Алисой: управление шторами, кондиционером, посудомоечной и стирально-сушильной машинами по сценариям. • Удаленная работа: полноценный рабочий стол из массива, удобное кресло и скрытая организация проводов. Инфраструктура комплекса: Закрытая территория, охрана, консьерж-сервис, подземный паркинг. Удобный и быстрый выезд на ТТК и в центр. Условия аренды: • Стоимость: 115 000 ₽ в месяц. • Залог: 115 000 ₽. • Дополнительно: оплата по счетчикам (свет, вода). Возможна регулярная профессиональная уборка по договоренности. Аренда паркинга. Сдается для одного человека или пары которые ценят тишину, порядок, эстетику и уровень комфорта выше стандартной аренды. Агентство недвижимости Квадраты Москвы Суперагент +7 984 331-30-... Написать вчера 3 май, 19:46",,https://www.cian.ru/cat.php?deal_type=rent&district%5B0%5D=8&engine_version=2&offer_type=flat&room9=1&type=4&p=3,2026-05-05 11:58:44+00:00,4037.037037037037
416,297758571,ЮВАО,https://www.cian.ru/rent/flat/297758571/?context=4.3Vn2NkVP4d4.95ejtGnM0zdNgkccoFqG6GltQJ6oSXYn8-bcDYMtJEX9Vpvq1dYtIV0ZGQ_Iy1MCzAmnFcZ-7bQzxQ&mlSearchSessionGuid=aa11016200a0fa5a2bb1b386063b79f8,1/7,48000,20.0,22,33,,"1/7 Студия, 20 м², 22/33 этаж Только на Циан Нижегородская 10 минут пешком Москва , ЮВАО , р-н Нижегородский , м. Нижегородская , Перовское шоссе , 2к2 48 000 ₽/мес. От года, комм. платежи включены (без счётчиков), без комиссии, залог 48 000 ₽ Сдается уютная студия со всей необходимой мебелью и бытовой техникой. Удобная транспортная доступность до метро Нижегородская 10 минут пешком. Также в районе есть вся необходимая социальная инфраструктура. Рассмотрим платежеспособных и культурных арендаторов! Месячная арендная плата плюс коммунальные платежи по счетчикам. ----- Примечание: у собственника могут быть дополнительные пожелания к жильцам - обсудите их в чате или по телефону Риелтор Павел Волченко +7 916 725-69-... Написать четыре дня назад 1 май, 11:13",,https://www.cian.ru/cat.php?deal_type=rent&district%5B0%5D=8&engine_version=2&offer_type=flat&room9=1&type=4&p=3,2026-05-05 11:58:44+00:00,2400.0
417,329142713,ЮВАО,https://www.cian.ru/rent/flat/329142713/?context=4.YPGYXr_M-6M.CLrfSSLh2orcEW-05RWz6jjiuuIwKMjF2eb4A2FiGg6rPgHGwQDK26RzArGQfikVSPeyata7lw5v8g&mlSearchSessionGuid=aa11016200a0fa5a2bb1b386063b79f8,1/15,70000,27.0,16,23,,"1/15 Апартаменты-студия, 27 м², 16/23 этаж Только на Циан Волгоградский проспект 3 минуты пешком Москва , ЮВАО , р-н Южнопортовый , м. Волгоградский проспект , Новоостаповская улица , 20 70 000 ₽/мес. От года, комм. платежи включены (без счётчиков), комиссия 50%, залог 70 000 ₽ Сдается апартаменты-студия площадью 27 кв.м на 16-м этаже 23-этажного дома. В студии выполнен качественный дизайнерский ремонт. Все новое, еще никто не жил. Дополнительно оплачивается свет и вода по счетчикам, интернет. Сдается на длительный срок. Риелтор Виктория Крячкова Суперагент +7 915 243-91-... Написать вчера вчера, 13:03",,https://www.cian.ru/cat.php?deal_type=rent&district%5B0%5D=8&engine_version=2&offer_type=flat&room9=1&type=4&p=3,2026-05-05 11:58:44+00:00,2592.5925925925926
418,329580681,ЮВАО,https://www.cian.ru/rent/flat/329580681/?context=4.IqYed8778eM.rMHcvyi-TGc3FV5eAN3EBwZky89gR2YmOcu5rIVkjlH8dvcEIihY0kKYao63Lf3X7YYYMzbyHiehzA&mlSearchSessionGuid=aa11016200a0fa5a2bb1b386063b79f8,1/16,55000,13.7,4,4,,"1/16 Апартаменты-студия, 13,7 м², 4/4 этаж Авиамоторная 17 минут пешком Москва , ЮВАО , р-н Нижегородский , м. Авиамоторная , Подъемная улица , 14С25 55 000 ₽/мес. От года, комм. платежи включены (счётчики включены), комиссия 25%, залог 55 000 ₽ Сдается двухуровневая студия после косметического ремонта и клиннинга. Готова к заезду от 11 месяцев. Счетчики включены в стоимость аренды, которая указана в объявлении, залог можно разбить на 2 месяца ! В 12 минутах на транспорте от метро площадь Ильича, в 18ти минутах пешком до авиамоторной, в 10 минутах на транспорте мцд катилники. В студии есть все необходимое для проживания: кровать, холодильник, электрическая плита, духовая печь, микроволновая печка, стиральная машина, посудомоечная машина, кондиционер, телевизор, интернет, душевая кабина с санузлом, отопление. В 5 минутах от дома большое количество продуктовых магазинов, в 8 минутах от дома большой трц Город. Все документы в порядке. Без животных. Риелтор Максим Афонин Суперагент +7 985 274-30-... Написать четыре дня назад 1 май, 08:44",,https://www.cian.ru/cat.php?deal_type=rent&district%5B0%5D=8&engine_version=2&offer_type=flat&room9=1&type=4&p=3,2026-05-05 11:58:44+00:00,4014.5985401459857
419,321121572,ЮВАО,https://www.cian.ru/rent/flat/321121572/?context=4.TM58ZPU3hmU.6R05OekSuzNaWTTiMFby2wZ_x_MFlkEttQ7RlvUIXnDv7m2R5Oj6wBAzWA1ONSwVcQFkgjutrSGI-Q&mlSearchSessionGuid=aa11016200a0fa5a2bb1b386063b79f8,1/5,30000,37.0,8,23,,"1/5 Апартаменты-студия, 37 м², 8/23 этаж Только на Циан Онлайн-договор Волгоградский проспект 3 минуты пешком Москва , ЮВАО , р-н Южнопортовый , м. Волгоградский проспект , Новоостаповская улица , 20 30 000 ₽/мес. На несколько месяцев, комм. платежи включены (счётчики включены), без комиссии, залог 10 000 ₽ без прописки. Сдается апартамент без ремонта, без отделки, с установленным унитазом, под ваши цели. 1 минута от метро Волгоградский проспект на 3-12 месяцев. Дополнительно оплачиваются счетчики. Собственник ID 21041836 Документы проверены +7 923 079-38-... Написать 2 недели назад 20 апр, 11:02",,https://www.cian.ru/cat.php?deal_type=rent&district%5B0%5D=8&engine_version=2&offer_type=flat&room9=1&type=4&p=3,2026-05-05 11:58:44+00:00,810.8108108108108
420,328145829,ЮВАО,https://www.cian.ru/rent/flat/328145829/?context=4.2ohAQTsol2U.c9siQBDxY_jTObNJ1W93vs0TYK4-oWQm_awI8KeDqpO0LBrz2rBfZfenVuWftwFTN-K3tYPH_1BoUg&mlSearchSessionGuid=aa11016200a0fa5a2bb1b386063b79f8,1/22,50000,22.0,8,23,,"1/22 Студия, 22 м², 8/23 этаж Только на Циан Новохохловская 14 минут пешком Москва , ЮВАО , р-н Текстильщики , м. Новохохловская , 1-й Грайвороновский проезд , 13к2 50 000 ₽/мес. От года, комм. платежи включены (без счётчиков), комиссия 50%, залог 50 000 ₽ Уютная студия, общей площадью 22 кв.м.Для комфортного проживания есть вся необходимая мебель и бытовая техника. Санузел совмещенный, душевая кабина. Вместительный шкаф. Хорошо развитая инфраструктура. Агентство недвижимости Триумф Суперагент +7 968 237-87-... Написать пять дней назад 29 апр, 20:11",,https://www.cian.ru/cat.php?deal_type=rent&district%5B0%5D=8&engine_version=2&offer_type=flat&room9=1&type=4&p=3,2026-05-05 11:58:44+00:00,2272.7272727272725
