id,listing_id,district,url,title,price_rub,area_m2,floor,total_floors,metro,address,description_snippet,source_page,scraped_at
607,301543961,ЮВАО,https://www.cian.ru/rent/flat/301543961/?context=3.hiFiiDH7lAk.LgmpAoMJ-9w21lRe_UGux4w4BQ7pMDzNM_-eTgE1TfCnYVrWhkedGHhAM5VL2Dx5YUMdUqx874UkUQ&mlSearchSessionGuid=a71bfb582bcc1c89cf05725c3dd9b516,1/12,40000,17.0,5,5,,"1/12 Текстильщики 15 мин пешком Апартаменты-студия, 17 м², 5/5 этаж Только на Циан Текстильщики 18 минут пешком Москва , ЮВАО , р-н Текстильщики , м. Текстильщики , 1-й Грайвороновский проезд , 2А 40 000 ₽/мес. От года, комм. платежи включены (без счётчиков), комиссия 60%, залог 43 000 ₽ Сдаю студию со всеми удобствами в районе метро Текстильщики, от метро 15 минут пешком или 3 остановки автобусом. В квартире имеется все для комфортного проживания: кухня, микроволновка, чайник, варочная панель, вытяжка, холодильник, кровать двуспальная, обеденный стол, стиральная машинка, совмещённый санузел, шкаф-гардероб. Условия: предоплата за месяц, залог за последний месяц аренды, коммунальные платежи отдельно, комиссия агенту разово при заселении. Риелтор Александр Дворников Документы проверены +7 985 579-70-... Написать 7 часов назад сегодня, 13:11",,https://www.cian.ru/cat.php?deal_type=rent&district%5B0%5D=8&engine_version=2&offer_type=flat&room9=1&type=4&p=1,2026-04-11T18:01:04+00:00
618,328788826,ЮВАО,https://www.cian.ru/rent/flat/328788826/?context=3.VjQlWVT_sKQ.GoWWr-9xIIBJZWfBqsoOVF1Q5xws-uv0gUiGkKvmRdP40NN__jB-A_pFq_dl7FLvRgvXBYrq67c9JA&mlSearchSessionGuid=90859fc1bd5c3e614b062d4ad6282842,1/6,54000,24.5,12,25,,"1/6 Студия, 24,5 м², 12/25 этаж Нижегородская 10 минут пешком Москва , ЮВАО , р-н Нижегородский , м. Нижегородская , Рязанский проспект , 2/1к5Т 54 000 ₽/мес. На несколько месяцев, комм. платежи включены (без счётчиков), без комиссии, залог 54 000 ₽ От Собственника Без комиссии На срок от 2 месяцев и более с 19 апреля Сдается полностью готовая к проживанию студия в новом Жк Среда от испанского архитектора вблизи 7 мин от метро Нижегородская .арендная плата составляет 54000. помесячно плюс счетчики . Собственник ID 101614092 +7 915 384-45-... Написать вчера вчера, 12:17",,https://www.cian.ru/cat.php?deal_type=rent&district%5B0%5D=8&engine_version=2&offer_type=flat&room9=1&type=4&p=2,2026-04-11T18:01:04+00:00
604,328835097,ЮВАО,https://www.cian.ru/rent/flat/328835097/?context=3.mujtHUWX1Ak.V1RyXvlaB4Q762-SpPRvElbEiSKUpXH2TSUpP96ydksG_kAD5b82DxVAxjJlg0CEQ7caEBtgDeaKQg&mlSearchSessionGuid=a71bfb582bcc1c89cf05725c3dd9b516,1/14,80000,27.0,13,27,,"1/14 Студия, 27 м², 13/27 этаж Только на Циан Авиамоторная 13 минут пешком Москва , ЮВАО , р-н Лефортово , м. Авиамоторная , Символ ЖК , Независимость кв-л 80 000 ₽/мес. От года, комм. платежи включены (без счётчиков), комиссия 50%, залог 80 000 ₽ Ждем вас на просмотр! Сдаётся просторная и светлая студия с абсолютно новым ремонтом, мебелью и техникой в ЖК бизнес-класса Символ. Отличная локация за счет своей транспортной и пешей доступности. Станции метро Площадь Ильича, Авиамоторная и Римская в 10-15 минутах пешей доступности. Быстрый выезд на ТТК и комфортная развязка к центру города. В квартире выполнен дизайнерский ремонт, присутствует все необходимое для жизни. Если мы посмотрим из окна, то насладимся спокойным видом на двор, ухоженной придомовой территорией с детской площадкой. Установлена система охраны и видеонаблюдения. На территории комплекса находится охраняемый наземный и подземный паркинг. Закрытая территория. В самом ЖК большое количество ресторанов и кафе. Закрытые дворы без машин с современными детскими площадками и прогулочными зонами. Данная локация славится своей развитой инфраструктурой. Рядом находится ТРЦ Город с невероятным количеством различных магазинов, заведений и развлечений, а также банки, аптеки и пункты выдачи. Через дорогу от дома всеми известный фитнесс клуб World Class. В пешей доступности находятся школы, детские сады. Парк Зеленая река - станет незаменимым местом для прогулок. Большое количество очистных пространств рядом с ЖК. Квартира сдаётся на длительный срок. Звоните, прямо сейчас, чтобы договориться о просмотре. Буду рада ответить на все интересующие вопросы! Номер объекта: #1/537035/24838 Агентство недвижимости Moscow Sales Department Документы проверены +7 916 612-48-... Написать вчера вчера, 13:32",,https://www.cian.ru/cat.php?deal_type=rent&district%5B0%5D=8&engine_version=2&offer_type=flat&room9=1&type=4&p=1,2026-04-11T18:01:04+00:00
621,326294321,ЮВАО,https://www.cian.ru/rent/flat/326294321/?context=3.nsUGqbNqdCY.3LIYvU0PAvMNSJcMTq0FxE8nKyfUIo1774_v_QdncyuV4o0MrznduetsZuSRqhuL5rfPE4GT9P15cA&mlSearchSessionGuid=90859fc1bd5c3e614b062d4ad6282842,1/15,135000,11.6,2,10,,"1/15 Студия, 11,6 м², 2/10 этаж Только на Циан Юго-Восточная 8 минут пешком Москва , ЮВАО , р-н Выхино-Жулебино , м. Юго-Восточная , Ташкентская улица , 25К1 35 000 ₽/мес. От года, комм. платежи включены (без счётчиков), комиссия 70%, залог 35 000 ₽ Сдается уютная студия площадью 11.6 кв. м. на длительный срок. До метро Юго-Восточная всего 8 минут пешком. В квартире есть все необходимое для комфортного проживания: косметический ремонт, необходимая мебель, холодильник, стиральная машина, микроволновая плита, электрическая поверхность, электрический чайник. Планировка включает совмещенный санузел с душевой кабиной. В вашем распоряжении также интернет, поэтому можно смело работать или учиться онлайн. Лоджия добавляет дополнительное пространство для хранения или отдыха. Дом находится в районе с развитой инфраструктурой. В шаговой доступности расположены школы, детские сады и клиники, поэтому все важные учреждения будут у вас под рукой. Для любителей шопинга и повседневных покупок поблизости есть магазины. Риелтор ID 116658281 +7 985 254-20-... Написать пять дней назад 5 апр, 21:12",,https://www.cian.ru/cat.php?deal_type=rent&district%5B0%5D=8&engine_version=2&offer_type=flat&room9=1&type=4&p=2,2026-04-11T18:01:04+00:00
655,328795692,ЮВАО,https://www.cian.ru/rent/flat/328795692/?context=3.UByk0E7Rp-8.S8Z6qZeV5VhiME2Nz_WR6AJ8aohSbdXL-uSwBH7xLCuVUvMyTDM-zSJ38IxVuGE5qipjrUNUnh6L8w&mlSearchSessionGuid=ed8c50e31ba8d51b43293c18df2dff99,1/7,135000,22.0,8,19,,"1/7 Студия, 22 м², 8/19 этаж Некрасовка 13 минут пешком Москва , ЮВАО , р-н Некрасовка , м. Некрасовка , улица Вертолетчиков , 4к1 35 000 ₽/мес. От года, комм. платежи включены (без счётчиков), комиссия 60%, залог 20 000 ₽ ВАШЕМУ ВНИМАНИЮ! В КОМНАТЕ ЗАМЕНЕНЫ ДВЕ КРОВАТИ, НА ОДНУ НОВУЮ ДВУХСПАЛЬНЮ КРОВАТЬ! ПОЛОВИНА ЗАЛОГА! Предлагается чистая, уютная, приятная квартира. В квартире имеется всё необходимое для проживания: мебель и техника. Удобная транспортная развязка, шаговая доступность до метро. Развитая инфраструктура, все необходимые магазины, аптеки, парикмахерские и т.д.. Хороший собственник, адекватные соседи. Оперативный показ. По всем вопросам звонить 24/7. Агентство недвижимости АНЮА ГРУПП Суперагент +7 915 391-37-... Написать вчера вчера, 07:06",,https://www.cian.ru/cat.php?deal_type=rent&district%5B0%5D=8&engine_version=2&offer_type=flat&room9=1&type=4&p=3,2026-04-11T18:01:04+00:00
666,315682063,ЮВАО,https://www.cian.ru/rent/flat/315682063/?context=3.hHgq4RspHvI.Bw_dNeS3sGhhjJchbQLhsnyJ11lNezCRXcJqiI-P9qDl29mwpSA9mVU_EG-1cu1VeR1ie0gSxjO-aA&mlSearchSessionGuid=ed8c50e31ba8d51b43293c18df2dff99,1/8,160000,20.0,6,26,,"1/8 Студия, 20 м², 6/26 этаж Проверено в Росреестре Нижегородская 7 минут пешком Москва , ЮВАО , р-н Нижегородский , м. Нижегородская , Перовское шоссе , 2к1 60 000 ₽/мес. От года, комм. платежи включены (без счётчиков), без комиссии, залог 60 000 ₽ Сдается студия жк Перовское 2к1, на 6 этаже. Без комиссии. В квартире есть вся необходимая техника и мебель: кондиционер, холодильник, стиральная машина,встроенная микроволновая печь с функцией запекания, вытяжка, варочная поверхность,телевизор, полотенцесушитель. подключен интернет.достаточное количество мест хранения: шкаф 120 см и 80 см, кровать 160см с подьемным механизмом для хранения. Удобный транспортно-пересадочный узел метро мцк мцд в шаговой доступности, менее 10 минут пешком. Пишите Собственник ID 100479514 +7 985 332-70-... Написать 3 недели назад 19 мар, 12:17",,https://www.cian.ru/cat.php?deal_type=rent&district%5B0%5D=8&engine_version=2&offer_type=flat&room9=1&type=4&p=3,2026-04-11T18:01:04+00:00
626,328567594,ЮВАО,https://www.cian.ru/rent/flat/328567594/?context=3.1dEBNLX2otc._8ZIbXUwSuHkNvnAeJE6ZRq2eFmy9eqab0vQ4lt1Lwgt7a4w6g9ihSAMyTp24eOYHEajRU4rwWYbWQ&mlSearchSessionGuid=90859fc1bd5c3e614b062d4ad6282842,1/22,167000,20.7,27,27,,"1/22 Студия, 20,7 м², 27/27 этаж Авиамоторная 11 минут пешком Москва , ЮВАО , р-н Лефортово , м. Авиамоторная , улица Крузенштерна , 10к1 67 000 ₽/мес. От года, комм. платежи включены (без счётчиков), комиссия 50%, без залога Дoлгоcрочная аренда (договoр нa 11 меcяцeв). Прeдcтaвляeм вaшeму внимaнию пpocторную, уютную студию плoщадью 20,7 кв.м. рacпoложeнную в ЖК Символ. Бытовая техника: кондиционер, телевизор, посудомоечная машина, хoлoдильник, варочная панель, микроволновая печь, cтиpальная машинa, элeктричecкий чайник. Есть все необходимое для комфортного и долгосрочного проживания, в т.ч. посуда. Удобства квартиры: - Встроенная посудомоечная машина; - Вместительные системы хранения; - Уютная просторная комната с красивым видом из окна; - Светлая, уютная ванная комната с современной сантехникой. Дом находится в районе с развитой инфраструктурой: в шаговой доступности остановки общественного транспорта, в 10 минутах пешком находится станция метро ""Авиамоторная"", в 15-20 минутах - станция ""Лефортово"". Рядом с домом расположены: продуктовые супермаркеты, пункты выдачи, аптеки и медицинские учреждения, кафе, рестораны. Преимущество ЖК Символ - безопасные дворы без машин с охраняемой территорией. Во дворе обустроены отдельные детские и спортивные площадки, а также экозоны для прогулок и отдыха. Условия проживания по Тарифу Комфортное проживание: - 50% от арендного платежа при заселении; - Раннее бронирование объекта (за 3 дня до заселения); - Персональный менеджер на всех этапах аренды быстро реагирует на запросы - большинство бытовых вопросов решаем за 48 часов; - Страхование гражданской ответственности до 0,3 млн ₽; - Организация мелкого ремонта. Коммунальные платежи: электроэнергия, хвс\гвс, услуги интернет провайдера, расходы за отопление дома/квартиры оплачивает арендатор. Заселение только при наличии постоянной регистрации РФ. Без животных Агентство недвижимости СМАРЕНТ Документы проверены +7 985 853-93-... Написать четыре дня назад 7 апр, 10:16",,https://www.cian.ru/cat.php?deal_type=rent&district%5B0%5D=8&engine_version=2&offer_type=flat&room9=1&type=4&p=2,2026-04-11T18:01:04+00:00
589,328499468,ЮВАО,https://www.cian.ru/rent/flat/328499468/?context=3.DGvpFYZ9Ok4.qsk8nCPmJ04_pEegEUovviaGvaLcGuRGktD0fRvhwZv52EJj4PXCHFjS0eEjljovUcAjFlXC0f0pDQ&mlSearchSessionGuid=a71bfb582bcc1c89cf05725c3dd9b516,1/19 Ещё фото,178990,29.0,10,13,,"1/19 Ещё фото Цивилизованная аренда от ДОМ РФ Апартаменты-студия, 29 м², 10/13 этаж Только на Циан Площадь Ильича 8 минут пешком Москва , ЮВАО , р-н Лефортово , м. Москва-Товарная , шоссе Энтузиастов , 3к1 78 990 ₽/мес. От года, комм. платежи включены (без счётчиков), без комиссии, залог 78 990 ₽ Идут показы с датой заселения после 25.04.2026. Апартамент доступен к просмотру и бронированию! Предлагается в долгосрочную аренду светлая студия в арендном доме ""Символ"" от ДОМ.РФ. 54 Доступна рассрочка оплаты депозита на 3 месяца! Без комиссии. Разрешено проживание с животными! Апартамент с индивидуальным интерьерным решением в современном стиле, качественной отделкой, мебелью и техникой для жизни от ведущих брендов (Hotpoint Ariston): - Встраиваемая бытовая техника; - Стиральная машина; - Электрическая варочная панель; - Холодильник; - Кондиционер; - Плазменный телевизор В квартире размещён полный комплект необходимой мебели: - современный кухонный гарнитур; - обеденный стол и 2 стула; - тумба под телевизор; - двуспальный раскладной диван; - вместительный шкаф; В квартире один совмещенный санузел с душевой кабиной, раковиной и зеркалом с подсветкой и стиральной машиной. Услуги консьерж-сервиса 24/7 включены в арендную плату (прием корреспонденции, заявок на ремонт, выдача гостевых пропусков, и т.д.), дополнительно можно заказать: доставку воды, уборку, стирку, глажку, уход за животными и многое другое. Разрешено проживание с животными! Территория ""Символ"" закрытая, установлено видеонаблюдение и действует система электронных пропусков. В доме отапливаемая подземная парковка. Район с развитой инфраструктурой: в 5 минутах езды всевозможные развлекательные кластеры, такие как Винзавод, Артплей, Арма и ТРЦ Атриум. Поблизости располагаются несколько школ, детских садов, поликлиник, фитнес-центров, парков и супермаркетов. Хорошо развита транспортная сеть: в пешей доступности есть несколько станций метро (Римская-6 мин, Площадь Ильича- 6 мин), 350 метров до ТТК, а до Садового кольца всего 2 км. Услуги 24/7 ВКЛЮЧЕНЫ В АРЕНДНУЮ ПЛАТУ! (прием корреспонденции, заявок на ремонт, выдача гостевых пропусков и т.д.). Удобный и доступный сервис дополнительных услуг: уборка, стирка, глажка, а также присмотр за животными и др. При заселении оплачивается стоимость аренды за первый месяц. При заключении договора аренды до 30 апреля доступна рассрочка оплаты депозита на 3 месяца! Дополнительно оплачиваются только счетчики коммунальных услуг. Аренда от ДОМ.РФ - это не просто квадратны",,https://www.cian.ru/cat.php?deal_type=rent&district%5B0%5D=8&engine_version=2&offer_type=flat&room9=1&type=4&p=1,2026-04-11T18:01:04+00:00
601,321344783,ЮВАО,https://www.cian.ru/rent/flat/321344783/?context=3.5dmkdH03r9w.eBvHDzBWYj9iYG6OmIoCvkYNMN1Ym2ExehL7aCsFenlpVQqattVvllBmzcu5mbU4sIZcvfnxghSxAg&mlSearchSessionGuid=a71bfb582bcc1c89cf05725c3dd9b516,1/22,190000,32.0,5,14,,"1/22 Студия, 32 м², 5/14 этаж Только на Циан Римская 10 минут пешком Москва , ЮВАО , р-н Лефортово , м. Серп и Молот , проезд Шелихова , 1к1 90 000 ₽/мес. От года, комм. платежи включены (без счётчиков), без комиссии, залог 90 000 ₽ Квартира в ЖК Символ, доме бизнес класса. Сдаётся впервые и на длительный срок. Оборудована всем необходимым: телевизор, интернет, на кухне встроенная техника (духовой шкаф, посудомоечная машина, холодильник, морозильная камера). Грамотно продуманная система хранения. Кондиционер, подогрев пола, видео домофон. Грамотно продуманная входная группа в подъезде с зоной коворкинга. Риелтор Ольга Цегельная Суперагент +7 916 043-84-... Написать 10 часов назад сегодня, 10:40",,https://www.cian.ru/cat.php?deal_type=rent&district%5B0%5D=8&engine_version=2&offer_type=flat&room9=1&type=4&p=1,2026-04-11T18:01:04+00:00
615,328221715,ЮВАО,https://www.cian.ru/rent/flat/328221715/?context=3.cCGlcju1kag.xhpW1esz8rcSd4rixbS8yVtmYshRXFHqM33UAL_t95cW_Ud4Aw5vfcscyuSph9LU33LJPMFBj2d41Q&mlSearchSessionGuid=a71bfb582bcc1c89cf05725c3dd9b516,1/49,199000,32.0,1,14,,"1/49 Студия, 32 м², 1/14 этаж Римская 10 минут пешком Москва , ЮВАО , р-н Лефортово , м. Серп и Молот , проезд Шелихова , 1к1 99 000 ₽/мес. От года, комм. платежи включены (без счётчиков), без комиссии, залог 99 000 ₽ Предлагаем квартиру в ЖК бизнес-класса ""Символ"" с охраняемой территорий, видеонаблюдением и консьерж-сервисом. Свежий дизайнерский ремонт. Все новое, никто не проживал! Квартира представляет собой идеальный вариант для тех, кто ценит комфорт, современный дизайн и удобное расположение. До метро 7 минут пешком. до центра города 4,5 км ЖК ""Символ"" славится своей развитой инфраструктурой, включающей в себя все необходимое для комфортной жизни: магазины, кафе, фитнес-центры, детские площадки и зоны отдыха. Транспортная доступность комплекса также на высоте, что обеспечивает легкий доступ к любой точке города. Огромная территория-парк Зеленая река между всеми корпусами открыт для прогулок и отдыха жителей всех возрастов. В домах жителям доступны различные общественные пространства: детские и подростковые игровые, коворкинги, фитнес-румы, репетиторские, лаунжи. На крышах некоторых корпусов расположены креативные пространства Условия оплаты: аренда + счетчики (вода, электричество) Прямая сдача. Без комиссии. Риэлторы и агенты, просьба не беспокоить. Сдается платежеспособным и аккуратным арендаторам. Залог обязателен. Подробности и запись на просмотр по телефону. Риелтор Наталия Долгих Документы проверены +7 985 065-28-... Написать три дня назад 8 апр, 11:12",,https://www.cian.ru/cat.php?deal_type=rent&district%5B0%5D=8&engine_version=2&offer_type=flat&room9=1&type=4&p=1,2026-04-11T18:01:04+00:00
660,328555787,ЮВАО,https://www.cian.ru/rent/flat/328555787/?context=3.O43LaOAKOh0.oox_GQOVSJzF7BXaznWCD46zFEg6E68dr0FXEFvxkf0jPU8Q6bJCqcDBij8ZlPUDtlop_NgGEbkOsw&mlSearchSessionGuid=ed8c50e31ba8d51b43293c18df2dff99,1/11,243000,20.6,8,16,,"1/11 Студия, 20,6 м², 8/16 этаж Депо 18 минут пешком Москва , ЮВАО , р-н Люблино , м. Депо , Люблинская улица , 72Ак2 43 000 ₽/мес. От года, комм. платежи включены (без счётчиков), комиссия 50%, залог 46 000 ₽ Сдается стильная студия с современным ремонтом на длительный срок. В квартире выполнен евро ремонт, что создает уютную атмосферу. Просторная кухня оборудована необходимой техникой: холодильник, плита, микроволновая печь и стиральная машина. В комнате установлен удобный диван и шкафы для хранения вещей. Дом панельного типа, оснащён двумя грузовыми лифтами, что обеспечивает удобство перемещения. На территории двора предусмотрена открытая парковка. Из окон открывается приятный вид на городские пейзажи. Курение запрещено, но можно проживать с детьми. Животные не допускаются. Риелтор ID 10604813 +7 916 956-14-... Написать пять дней назад 6 апр, 09:30",,https://www.cian.ru/cat.php?deal_type=rent&district%5B0%5D=8&engine_version=2&offer_type=flat&room9=1&type=4&p=3,2026-04-11T18:01:04+00:00
652,327823855,ЮВАО,https://www.cian.ru/rent/flat/327823855/?context=3.OH_K2ZB-cvI.vJSKf3QnzRgU6WRRwHgNR8jauKvAxwASfMZ2zv8_yA-yjtztWwPQRLCuJZN7MyfNgylWdNiAV_8f7g&mlSearchSessionGuid=ed8c50e31ba8d51b43293c18df2dff99,1/36,244000,20.0,6,33,,"1/36 Студия, 20 м², 6/33 этаж Только на Циан Перерва 4 минуты пешком Москва , ЮВАО , р-н Люблино , м. Перерва , Иловайская улица , 2 44 000 ₽/мес. От года, комм. платежи включены (без счётчиков), комиссия 50%, залог 44 000 ₽ ПРЕДЛОЖЕНИЕ, ДОСТОЙНОЕ ВАШЕГО ВНИМАНИЯ! Сдаётся уютная светлая квартира-студия с новым ремонтом в ЖК Люблинский Парк. Престижный район с развитой инфраструктурой. Обстановка квартиры располагает своим комфортом и положительной энергетикой. Функциональная, оснащенная всей необходимой бытовой техникой и мебелью: КОНДИЦИОНЕР, телевизор, стиральная машина, плита, микроволновка, чайник и холодильник, набор посуды, кровать с ортопедическим матрасом (спальное место 190х140), вместительный шкаф. Интернет проведён. Дом расположен в районе с развитой инфраструктурой, рядом находятся: Парк имени Артёма Боровика, Дюссельдорфский парк, парк 850-летия Москвы, западные Марьинские пруды. В пешей доступности школы и детские сады, салоны красоты и парикмахерские, кафе, пекарни и закусочные, заправки и автосервисы, колледж, культурный центр и кинотеатр, аптеки, медицинские учреждения. Mетpo: вcего 4 минуты пешком до станции МЦД (D2) Перерва, 20 минут пешком до станции метро Марьино и Братиславская. Рассмотрим одного аккуратного и ответственного нанимателя, без детей и животных. Депозит можно разбить на 2 месяца. Гибкий, профессионально составленный шаблон договора аренды. Показы по договоренности. Риелтор Лариса Бернадская Суперагент +7 985 305-10-... Написать 6 часов назад сегодня, 14:35",,https://www.cian.ru/cat.php?deal_type=rent&district%5B0%5D=8&engine_version=2&offer_type=flat&room9=1&type=4&p=3,2026-04-11T18:01:04+00:00
659,324338003,ЮВАО,https://www.cian.ru/rent/flat/324338003/?context=3.bZmA0gJsd8E.bcGX272RMNDPEuKIr7AnNMhD_mO35KkBd5OnPEO8QQsIdPUS0NS7PUjokJ8k6GU6DcvtyM9Qivr1rg&mlSearchSessionGuid=ed8c50e31ba8d51b43293c18df2dff99,1/14,245000,20.0,10,17,,"1/14 Студия, 20 м², 10/17 этаж Только на Циан Перерва 4 минуты пешком Москва , ЮВАО , р-н Люблино , м. Перерва , Иловайская улица , 2 45 000 ₽/мес. От года, комм. платежи включены (без счётчиков), комиссия 50%, залог 45 000 ₽ Сдается впервые квартира-студия в новом ЖК Люблинский парк. Район с развитой инфраструктурой, в пешей доступности от станции м. Марьино 15-20 минут, и в 5 минутах от МЦД Перерва, двор без машин, имеет закрытую территорию. В квартире имеется все необходимое для комфортного проживания 1-2 человек, новая техника и мебель, раскладывающийся диван с ортопедическим матрасом Аскона, кондиционер. Замечательный собственник рассмотрит 1 человека или пару, на длительный срок. Оперативно покажу, звоните, состав обсуждаем. У собственника могут быть предпочтения по составу проживающих. Риелтор Александр Кириллов Суперагент +7 910 536-87-... Написать пять дней назад 6 апр, 09:33",,https://www.cian.ru/cat.php?deal_type=rent&district%5B0%5D=8&engine_version=2&offer_type=flat&room9=1&type=4&p=3,2026-04-11T18:01:04+00:00
663,326423378,ЮВАО,https://www.cian.ru/rent/flat/326423378/?context=3.Vu18LwB2ONw.xms_2c3xBTKpI278TI8sL90fmAZqnNIBxwho5zK9IvohpLeYmoM92mnAIjceDdsoWco5LeoM7LK9cQ&mlSearchSessionGuid=ed8c50e31ba8d51b43293c18df2dff99,1/10,245000,18.0,1,5,,"1/10 Студия, 18 м², 1/5 этаж Текстильщики 7 минут пешком Москва , ЮВАО , р-н Текстильщики , м. Текстильщики , Люблинская улица , 17К2 45 000 ₽/мес. От года, комм. платежи включены (без счётчиков), комиссия 100%, залог 45 000 ₽ Арт. 112495345 Залог разбиваем! Уютная и чистая 1-комнатная квартира. Имеется вся необходимая мебель и бытовая техника для комфортного проживания. Развитая инфраструктура, всё в пешей доступности. До метро Текстильщики 7 минут пешком. Звоните. Пишите. Агентство недвижимости Самолет Плюс Запад Документы проверены +7 916 433-59-... Написать 4 часа назад сегодня, 16:55",,https://www.cian.ru/cat.php?deal_type=rent&district%5B0%5D=8&engine_version=2&offer_type=flat&room9=1&type=4&p=3,2026-04-11T18:01:04+00:00
662,328406963,ЮВАО,https://www.cian.ru/rent/flat/328406963/?context=3.lxFXzoUyJec.UpUeDowymTAoNedb283sAvzS-5vrJx1ozisBYLjQxaAcPiepkrArKqOLTDlASjGbUSpLg51vAjTEUA&mlSearchSessionGuid=ed8c50e31ba8d51b43293c18df2dff99,1/10,247000,23.4,11,33,,"1/10 Студия, 23,4 м², 11/33 этаж Перерва 4 минуты пешком Москва , ЮВАО , р-н Люблино , м. Перерва , Иловайская улица , 2 47 000 ₽/мес. От года, комм. платежи включены (без счётчиков), комиссия 50%, залог 47 000 ₽ Представляется уютная студия в ЖК ""Люблинский Парк"" вблизи станции Перерва. Предлагаю сразу ознакомиться с видео и записываться на показ. Студия оборудована всей необходимой техникой для комфортного проживания: Заезжай и живи! Имеется удобная кровать, шкафы с местом для хранения вещей, рабочее место. А так же холодильник, СВЧ, душевая кабинка и стиральная машина. Очень приятный и отзывчивый собственник. Шикарная инфраструктура вокруг дома. В 10-ти минутах ходьбы расположена станция МЦД-2 Перерва. В пешей доступности имеются различные сетевые магазины, кафе, ПВЗ и многое другое! Прямо в доме находится супермаркет ""Пятёрочка"". Отличный внутренний двор для прогулок. Рассмотрим одного проживающего или семейную пару. Без детей и животных. Если будут вопросы обращайтесь по телефону. С уважением, Илья. Риелтор Илья Шанава Суперагент +7 986 384-28-... Написать три дня назад 8 апр, 13:00",,https://www.cian.ru/cat.php?deal_type=rent&district%5B0%5D=8&engine_version=2&offer_type=flat&room9=1&type=4&p=3,2026-04-11T18:01:04+00:00
592,328604135,ЮВАО,https://www.cian.ru/rent/flat/328604135/?context=3.U8c-MMJbd6E.3vx2svEs6XNPh4SB_bvouACfVV1l2zcg1f7Yq1fIeojYNciM3t9SeSm-xrIUsadNnQUvxNf63L646g&mlSearchSessionGuid=a71bfb582bcc1c89cf05725c3dd9b516,1/14 Ещё фото,247200,23.0,9,33,,"1/14 Ещё фото Пешком до МЦД. Без депозита Студия, 23 м², 9/33 этаж Перерва 4 минуты пешком Москва , ЮВАО , р-н Люблино , м. Перерва , Иловайская улица , 2 47 200 ₽/мес. От года, комм. платежи включены (без счётчиков), комиссия 30%, без залога Сдаётся светлая студия с евроремонтом и совмещённым санузлом в ЖК Люблинский Парк, без депозита! Её можно посмотреть когда Вам удобно: бронируете время, забираете ключи и спокойно осматриваете. Если всё понравится, договор подпишем онлайн и будем поддерживать Вас на всех этапах аренды. В квартире есть: - Кухонный гарнитур; - Холодильник; - Стиральная машина; - Кондиционер; - Интернет проведён. Полы - ламинат и плитка. Окна выходят во двор, есть бесплатная парковка. Собственник готов заселить не более 2 взрослых жильцов с детьми. С домашним питомцем нельзя. Дом находится в районе с развитой инфраструктурой, рядом расположены: - Гипермаркет Ашан и ТЦ Бум; - Парк им. Артёма Боровика и Парк Героев Отечественной войны 1812. В пешей доступности школы и детские сады, салоны красоты и парикмахерские, кафе и закусочные, заправки и автосервисы, колледж, культурный центр, фитнес-клубы, бассейн и кинотеатр. До МЦД-2 Перерва 7 минут пешком, до м. Братиславская 20 минут. Агентство недвижимости ПИК-Аренда Документы проверены Посмотреть все объекты +7 985 687-95-... Написать 5 часов назад сегодня, 15:55",,https://www.cian.ru/cat.php?deal_type=rent&district%5B0%5D=8&engine_version=2&offer_type=flat&room9=1&type=4&p=1,2026-04-11T18:01:04+00:00
650,327968811,ЮВАО,https://www.cian.ru/rent/flat/327968811/?context=3.NlXgngVDRfQ.oRczyFJF78zAEg4AvHWw5gaBcXtvJNHeVzShLivvDiwh2gsICqhivmZ919-n2S4ko4KCTxzKzheMEQ&mlSearchSessionGuid=ed8c50e31ba8d51b43293c18df2dff99,1/5,250000,20.0,18,26,,"1/5 Студия, 20 м², 18/26 этаж Только на Циан Депо 18 минут пешком Москва , ЮВАО , р-н Люблино , м. Депо , Люблинская улица , 72Ак2 50 000 ₽/мес. От года, комм. платежи включены (без счётчиков), без комиссии, залог 50 000 ₽ Сдаётся студия 20 м² — пешком до метро. Оперативный показ! Описание: уютная студия 20 кв.м, меблирована: диван, шкаф, оборудованная кухонная зона. Чистая, светлая, готова к заезду. Удобное расположение — в пешей доступности от станции метро, развита инфраструктура. Условия: быстрый показ по договорённости. Коммунальные услуги оплачиваются отдельно (или: уточняется — по счётчикам). Подходит для одного или пары. Звоните/пишите в WhatsApp/Teлеграмм для записи на просмотр и уточнения деталей. Собственник ID 44750309 Документы проверены +7 910 443-72-... Написать вчера вчера, 13:30",,https://www.cian.ru/cat.php?deal_type=rent&district%5B0%5D=8&engine_version=2&offer_type=flat&room9=1&type=4&p=3,2026-04-11T18:01:04+00:00
596,328068984,ЮВАО,https://www.cian.ru/rent/flat/328068984/?context=3.M5GT4-KIAh4.s33330c8ixxogYQDcRLg-p6PQ-fInD49GJtmx6VWDadO92P73ECWtXop4YqZSAEnZ7_UGQIWX1FELQ&mlSearchSessionGuid=a71bfb582bcc1c89cf05725c3dd9b516,1/15 Ещё фото,251000,21.0,22,25,,"1/15 Ещё фото Без залога! Пешком до МЦД Студия, 21 м², 22/25 этаж Депо 18 минут пешком Москва , ЮВАО , р-н Люблино , м. Депо , Люблинская улица , 72Ак2 51 000 ₽/мес. От года, комм. платежи включены (без счётчиков), комиссия 60%, без залога Сдаётся светлая квартира-студия с евроремонтом и совмещённым санузлом в ЖК Люблинский Парк, без депозита! Её можно посмотреть когда Вам удобно: бронируете время, забираете ключи и спокойно осматриваете. Если всё понравится, договор подпишем онлайн и будем поддерживать Вас на всех этапах аренды. В квартире есть: - кухонный гарнитур; - кондиционер; - холодильник; - стиральная машина; - варочная панель; - духовой шкаф; - микроволновая печь. Под диваном есть место для хранения. Проведён интернет. Полы ламинат и плитка. Окна выходят во двор, на север. Есть бесплатная парковка. Собственник готов заселить не более 2 взрослых жильцов с детьми, докупить мебель/технику или заключить договор с юридическим лицом. Возможно заселиться с собакой или питомцем в клетке/аквариуме. Дом находится в районе с развитой инфраструктурой: в пешей доступности школы и детские сады, салоны красоты и парикмахерские, кафе и закусочные, заправки и автосервисы, колледж, культурный центр, фитнес-клубы, бассейн и кинотеатр. Недалеко гипермаркет Ашан, ТЦ Бум, парк им. Артёма Боровика и парк Героев Отечественной войны 1812 года. До МЦД-2 Перерва 20 минут пешком, до м. Братиславская 20 минут на общественном транспорте. Агентство недвижимости ПИК-Аренда Документы проверены Посмотреть все объекты +7 986 274-33-... Написать 6 часов назад сегодня, 14:42",,https://www.cian.ru/cat.php?deal_type=rent&district%5B0%5D=8&engine_version=2&offer_type=flat&room9=1&type=4&p=1,2026-04-11T18:01:04+00:00
637,328008898,ЮВАО,https://www.cian.ru/rent/flat/328008898/?context=3.81lxt-elH0E.Y-yt8vDJvUpx9rAkt7wvjfE8ljoEMCEM0BTEyrSRY9LXVxwwL4rcy5nIcY-JeiqeXXyF8JxjBVlSaQ&mlSearchSessionGuid=90859fc1bd5c3e614b062d4ad6282842,1/24,253000,23.6,26,33,,"1/24 Студия, 23,6 м², 26/33 этаж Окская 10 минут пешком Москва , ЮВАО , р-н Рязанский , м. Окская , улица Михайлова , 30Ак2 53 000 ₽/мес. От года, комм. платежи включены (без счётчиков), комиссия 50%, без залога Дoлгocрoчная аpенда (договoр нa 11 месяцeв). Cтильнaя и cветлaя студия в ЖК Михaйлoвский Пapк, площадь кв.м. 23.6. Meбель: вмeститeльный шкaф, удобный pасклaднoй диван, куxoнный гаpнитуp, обeденная зона, pабoчая зoнa, кoмод. Бытовая техника: Стиральная машина, холодильник, вытяжка, варочная панель, электрический чайник, микроволновая печь. Район обладает развитой инфраструктурой: В пешей доступности детские сады, школы, поликлиники, магазины, фитнес-клуб, ТЦ Рязанский. До большого Кусковского лесопарка со старинной усадьбой Кусково и прудом 20 минут пешком по прямой. 10 мин. ходьбы до метро Окская и в 15 мин. пешком до метро Рязанский проспект Условия проживания по Тарифу Комфортное проживание - комиссия 50% от арендного платежа; - Раннее бронирование объекта (за 3 дней до заселения); - Персональный менеджер на всех этапах аренды быстро реагирует на запросы - большинство бытовых вопросов решаем за 48 часов; - Страхование гражданской ответственности до 300 000 ₽; - Организация мелкого ремонта. - Заселение с детьми (возраст детей от 6 лет). Коммунальные платежи: электроэнергия, хвс\гвс, услуги интернет провайдера, расходы за отопление (при наличии счетчика) дома/квартиры оплачивает арендатор. Заселение только при наличии постоянной регистрации РФ Без животных Агентство недвижимости СМАРЕНТ Документы проверены +7 985 853-93-... Написать три дня назад 8 апр, 14:16",,https://www.cian.ru/cat.php?deal_type=rent&district%5B0%5D=8&engine_version=2&offer_type=flat&room9=1&type=4&p=2,2026-04-11T18:01:04+00:00
594,328651703,ЮВАО,https://www.cian.ru/rent/flat/328651703/?context=3.cx-NYnCo0Ks.vP6uPtPyKvEWLr_jjhKWXSJEsNU0NZEKpYVIokkbncDD7jj61YdgCdnVAsH6kUqPGT2QFjIPWclXQg&mlSearchSessionGuid=a71bfb582bcc1c89cf05725c3dd9b516,1/16 Ещё фото,253100,19.6,2,15,,"1/16 Ещё фото Без депозита! Рядом МЦД Студия, 19,6 м², 2/15 этаж Депо 18 минут пешком Москва , ЮВАО , р-н Люблино , м. Депо , Люблинская улица , 72Ак2 53 100 ₽/мес. От года, комм. платежи включены (без счётчиков), комиссия 30%, без залога Сдаётся квартира-студия с евроремонтом и совмещённым санузлом в ЖК Люблинский Парк, без депозита! Её можно посмотреть когда Вам удобно: бронируете время, забираете ключи и спокойно осматриваете. Если всё понравится, договор подпишем онлайн и будем поддерживать Вас на всех этапах аренды. Квартира оборудована кухонным гарнитуром, можно обсудить покупку необходимой мебели в счёт арендной платы. Интернет проведён. Полы ламинат и плитка. Окна выходят на улицу, есть бесплатная парковка. Собственник готов заселить не более 2 взрослых жильцов с детьми, оформить и заключить договор с юридическим лицом. Можно с домашним питомцем. Дом находится в районе с развитой инфраструктурой, рядом: - Гипермаркет Ашан; - ТЦ Бум; - Парк им. Артёма Боровика; - Парк Героев Отечественной войны 1812 года. Также в пешей доступности школы и детские сады, салоны красоты, кафе, заправки и автосервисы, колледж, культурный центр, фитнес-клуб, бассейн и кинотеатр. До МЦД-2 Перерва 20 минут пешком, до м. Братиславская 20 минут на общественном транспорте. Агентство недвижимости ПИК-Аренда Документы проверены Посмотреть все объекты +7 986 248-10-... Написать 5 часов назад сегодня, 15:40",,https://www.cian.ru/cat.php?deal_type=rent&district%5B0%5D=8&engine_version=2&offer_type=flat&room9=1&type=4&p=1,2026-04-11T18:01:04+00:00
595,328778955,ЮВАО,https://www.cian.ru/rent/flat/328778955/?context=3.UBxJmFbeTq0.rRNWd-NX_axQL9b7J9UvcYsJfgFUQOKdBPuFONT30zDmMnR1CcDRIBSP-yBHST6JrmfQX1_c3Cv-1Q&mlSearchSessionGuid=a71bfb582bcc1c89cf05725c3dd9b516,1/10 Ещё фото,254900,19.6,16,25,,"1/10 Ещё фото Впервые и без депозита! Студия, 19,6 м², 16/25 этаж Депо 18 минут пешком Москва , ЮВАО , р-н Люблино , м. Депо , Люблинская улица , 72Ак2 54 900 ₽/мес. От года, комм. платежи включены (без счётчиков), комиссия 60%, без залога Впервые сдаётся светлая квартира-студия с евроремонтом и совмещённым санузлом в ЖК Люблинский Парк. Без депозита! Её можно посмотреть когда Вам удобно: бронируете время, забираете ключи и спокойно осматриваете. Если всё понравится, договор подпишем онлайн и будем поддерживать Вас на всех этапах аренды. В квартире: - Кухонный гарнитур; - Холодильник; - Стиральная машина; - Кондиционер; - Телевизор; - Интернет проведён + Wi-Fi. Полы - ламинат и плитка. Окна выходят во двор, есть бесплатная парковка. Собственник готов заселить не более 3 взрослых жильцов с детьми. Можно с домашним питомцем по согласованию. Дом находится в районе с развитой инфраструктурой, рядом: - Гипермаркет Ашан; - Парк им. Артёма Боровика; - Парк Героев Отечественной войны 1812 года. Также в пешей доступности школы и детские сады, салоны красоты и парикмахерские, кафе и закусочные, заправки и автосервисы, колледж, культурный центр, фитнес-клубы, бассейн и кинотеатр. До МЦД-2 Перерва 20 минут пешком, до м. Братиславская 20 минут на общественном транспорте. Агентство недвижимости ПИК-Аренда Документы проверены Посмотреть все объекты +7 916 478-65-... Написать час назад сегодня, 19:45",,https://www.cian.ru/cat.php?deal_type=rent&district%5B0%5D=8&engine_version=2&offer_type=flat&room9=1&type=4&p=1,2026-04-11T18:01:04+00:00
597,327434422,ЮВАО,https://www.cian.ru/rent/flat/327434422/?context=3.i8Zw2_s_06k.6_Ub3HWLN733DB8iSRRW2T05E8HVezgo3AogjYQdOB7VJNP8XYgg-7qzAWh9h6WUFhsgTacOnIlCgA&mlSearchSessionGuid=a71bfb582bcc1c89cf05725c3dd9b516,1/14 Ещё фото,255000,23.2,18,25,,"1/14 Ещё фото Без депозита! Евроремонт! Студия, 23,2 м², 18/25 этаж Депо 18 минут пешком Москва , ЮВАО , р-н Люблино , м. Депо , Люблинская улица , 72Ак2 55 000 ₽/мес. От года, комм. платежи включены (без счётчиков), комиссия 60%, без залога Сдаётся светлая квартира-студия со смежным санузлом в современном ЖК Люблинский Парк, без депозита! Её можно посмотреть когда Вам удобно: бронируете время, забираете ключи и спокойно осматриваете. Если всё понравится, договор подпишем онлайн и будем поддерживать Вас на всех этапах аренды. Квартира оснащена вместительным кухонным гарнитуром, мебелью и бытовой техникой: - Холодильник; - Телевизор; - Микроволновка; - Варочная панель; - Стиральная машина; - Вытяжка; - Робот-пылесос; - Проведён интернет + WI-FI. Полы ламинат и плитка. Окна выходят во двор, на восток, есть бесплатная парковка. Собственник готов заселить не более 2 взрослых жильцов с детьми старше 3 лет и заключить договор с юридическим лицом. Можно с домашним питомцем по согласованию. Недалеко от дома: - Гипермаркет Ашан; - ТЦ Бум; - Парк им. Артёма Боровика; - Парк Героев Отечественной войны 1812 года. В пешей доступности школы и детские сады, салоны красоты, кафе, заправки и автосервисы, колледж, культурный центр, фитнес-клубы, бассейн и кинотеатр. До МЦД-2 Перерва 20 минут пешком, до м. Братиславская 19 минут на общественном транспорте. Агентство недвижимости ПИК-Аренда Документы проверены Посмотреть все объекты +7 915 255-17-... Написать 8 часов назад сегодня, 12:40",,https://www.cian.ru/cat.php?deal_type=rent&district%5B0%5D=8&engine_version=2&offer_type=flat&room9=1&type=4&p=1,2026-04-11T18:01:04+00:00
656,323960207,ЮВАО,https://www.cian.ru/rent/flat/323960207/?context=3.ZmpIkyJU9p4.GkYmnIqVpoGjqIqIjIyElHFZZHEpEZvZKShUccu_GZK9CrXKMmjzBi7bCickXiHRO7xF5U2GOKU-dA&mlSearchSessionGuid=ed8c50e31ba8d51b43293c18df2dff99,1/26,255000,28.0,21,33,,"1/26 Студия, 28 м², 21/33 этаж Перерва 4 минуты пешком Москва , ЮВАО , р-н Люблино , м. Перерва , Иловайская улица , 2 55 000 ₽/мес. От года, комм. платежи включены (без счётчиков), комиссия 80%, залог 60 000 ₽ Сдается уютная квартира свободной планировки в новом ЖК. В квартире есть всё для комфортного проживания: мебель, бытовая техника телевизор, холодильник, стиральная машина, кондиционер, духовка, электроплита от западных брендов, ортопедическая кровать 160200, продуманы зоны отдыха, сна, хранения и т.д. ЖК находится в окружении развитой социальной и коммерческой инфраструктуры - детский сад, различные образовательные учреждения, сетевые супермаркеты (Пятёрочка, ВкусВилл) , ПВЗ (Озон, WB), скоро открытие нескольких кафе и ресторанов. В пешей доступности - Люблинский парк, станции метро Перерва, Братиславская и Марьино. Квартира сдается на длительный срок одному 1 человеку от 30 лет без вредных привычек, без детей и животных. Риелтор Жанна Шойбекова Суперагент +7 916 632-93-... Написать 3 недели назад 14 мар, 18:18",,https://www.cian.ru/cat.php?deal_type=rent&district%5B0%5D=8&engine_version=2&offer_type=flat&room9=1&type=4&p=3,2026-04-11T18:01:04+00:00
646,327344692,ЮВАО,https://www.cian.ru/rent/flat/327344692/?context=3.mUbTOz85zho.R3VuNB8pYS__ljge8XPyEPSYLyldUY_PVviMeRQ-AM3tHTgqqRNxNZXJCRV-gVZRfKGNbVsqQV0iHQ&mlSearchSessionGuid=ed8c50e31ba8d51b43293c18df2dff99,1/11,258000,20.0,10,24,,"1/11 Студия, 20 м², 10/24 этаж Текстильщики 18 минут пешком Москва , ЮВАО , р-н Текстильщики , м. Текстильщики , 1-й Грайвороновский проезд , 3Ак2 58 000 ₽/мес. От года, комм. платежи включены (без счётчиков), без комиссии, залог 60 000 ₽ Сдаётся впервые уютная студия в новом доме в районе Текстильщики. Площадь квартиры — 20 кв. м, расположена на 10 этаже 24-этажного дома. До метро Текстильщики можно дойти пешком всего за 18 минут, до метро Новохохловская - 13 минут . В квартире сделан дизайнерский ремонт, который создаёт атмосферу современности и уюта. Обстановка продумана до мелочей: в наличии вся необходимая мебель как на кухне, так и в жилой зоне. Из техники установлены кондиционер, холодильник, духовой шкаф, индукционная варочная панель, микроволновая печь, телевизор и стиральная машина, что позволит вам чувствовать себя комфортно с первых дней проживания. В санузле — душевая кабина. Дом оборудован двумя пассажирскими и одним грузовым лифтом, а на территории имеется наземная и многоуровневая парковка. Район с развитой инфраструктурой: рядом находятся школы, детские сады, клиники и магазины. Это позволит вам решать все бытовые вопросы, не покидая район. Условия аренды: залог Квартира сдаётся на длительный срок. Без животных! Идеально подойдёт для одного человека или пары. Записывайтесь на просмотр, чтобы лично оценить эту замечательную студию! Агентам не беспокоить! Риелтор ID 309175 Документы проверены +7 985 554-52-... Написать 11 часов назад сегодня, 09:34",,https://www.cian.ru/cat.php?deal_type=rent&district%5B0%5D=8&engine_version=2&offer_type=flat&room9=1&type=4&p=3,2026-04-11T18:01:04+00:00
635,328571046,ЮВАО,https://www.cian.ru/rent/flat/328571046/?context=3.4fmZcWHX7gw.jcymT2B4aawaQbWQkIXBuH2OmOCwB5jgLWyVyQWNqptVwRESb0xORyujmB_7AY0sxkuXGDZo5dHTpw&mlSearchSessionGuid=90859fc1bd5c3e614b062d4ad6282842,1/19,260000,23.6,18,37,,"1/19 Студия, 23,6 м², 18/37 этаж Нижегородская 10 минут пешком Москва , ЮВАО , р-н Нижегородский , м. Нижегородская , Перовское шоссе , 2к2 60 000 ₽/мес. От года, комм. платежи включены (без счётчиков), комиссия 50%, без залога Дoлгоcрочная аренда (договoр нa 11 меcяцeв). Прeдcтaвляeм вaшeму внимaнию пpocторную, уютную студию плoщадью 23,6 кв.м. рacпoложeнную в ЖК Перовское. Бытовая техника: кондиционер, телевизор, хoлoдильник, варочная панель, микроволновая печь, cтиpальная машинa, элeктричecкий чайник, утюг, гладильная доска, сушилка для одежды. Есть все необходимое для комфортного и долгосрочного проживания, в т.ч. посуда. Удобства квартиры: - Вместительные системы хранения; - Обеденная зона с телевизором; - Уютная просторная комната с красивым видом из окна; - Светлая, уютная ванная комната с современной сантехникой. Дом находится в районе с развитой инфраструктурой: в шаговой доступности остановки общественного транспорта, в пешей доступности станция метро Нижегородская. Рядом с домом расположены: продуктовые супермаркеты, пункты выдачи, аптеки, кафе, рестораны. Условия проживания по Тарифу Комфортное проживание: - 50% от арендного платежа при заселении; - Раннее бронирование объекта (за 3 дня до заселения); - Персональный менеджер на всех этапах аренды быстро реагирует на запросы - большинство бытовых вопросов решаем за 48 часов; - Страхование гражданской ответственности до 0,3 млн ₽; - Организация мелкого ремонта. Коммунальные платежи: электроэнергия, хвс\гвс, услуги интернет провайдера, расходы за отопление дома/квартиры оплачивает арендатор. Заселение только при наличии постоянной регистрации РФ. Без животных Агентство недвижимости СМАРЕНТ Документы проверены +7 985 853-93-... Написать три дня назад 8 апр, 13:53",,https://www.cian.ru/cat.php?deal_type=rent&district%5B0%5D=8&engine_version=2&offer_type=flat&room9=1&type=4&p=2,2026-04-11T18:01:04+00:00
643,328600340,ЮВАО,https://www.cian.ru/rent/flat/328600340/?context=3.xu4EwasFW_w.WnoZUtlEJwF_U1QPjgkYHu8NyxUTB38JNOi--Lc3GVCYyyEK1QQa2uxfj75oc_dtsyzJYez5ci-hZg&mlSearchSessionGuid=90859fc1bd5c3e614b062d4ad6282842,1/15,260000,23.0,23,25,,"1/15 Студия, 23 м², 23/25 этаж Только на Циан Нижегородская 12 минут пешком Москва , ЮВАО , р-н Нижегородский , м. Нижегородская , Рязанский проспект , 2/2к2 60 000 ₽/мес. От года, комм. платежи включены (счётчики включены), без комиссии, залог 60 000 ₽ Сдается новая студия от собственника, без агентской комиссии. Есть все необходимое для комфортного проживания, очень удобное спальное место. Собственник ID 112154994 +7 916 663-37-... Написать пять дней назад 6 апр, 13:44",,https://www.cian.ru/cat.php?deal_type=rent&district%5B0%5D=8&engine_version=2&offer_type=flat&room9=1&type=4&p=2,2026-04-11T18:01:04+00:00
649,327451459,ЮВАО,https://www.cian.ru/rent/flat/327451459/?context=3.LqahaY-VFIQ.1A-M4kKs8py01iD6GDhqM5DhvR2FkWVhm4Az4rfvgMwdi_itmMdtsag8DY8n9TATopYwWKZ5JpSEBA&mlSearchSessionGuid=ed8c50e31ba8d51b43293c18df2dff99,1/5,260000,20.0,26,27,,"1/5 Студия, 20 м², 26/27 этаж Только на Циан Нижегородская 10 минут пешком Москва , ЮВАО , р-н Нижегородский , м. Нижегородская , Перовское шоссе , 2к2 60 000 ₽/мес. От года, комм. платежи включены (без счётчиков), без комиссии, залог 50 000 ₽ Сдаётся уютная студия площадью 20 кв. м на 26 этаже нового дома, построенного в 2023 году. Дом расположен всего в 10 минутах пешком от метро ""Нижегородская"", что делает его идеальным местом для тех, кто ценит удобство и доступность транспорта. В квартире сделан современный ремонт, установлена вся необходимая мебель и техника. В вашем распоряжении будет кондиционер, холодильник, посудомоечная и стиральная машины. Для комфортного принятия душа предусмотрена душевая кабина. Удачная планировка студии позволяет максимально эффективно использовать пространство. Дом оснащён двумя пассажирскими и двумя грузовыми лифтами.Высокоскоростной интернет позволит вам оставаться на связи и работать из дома без помех. В шаговой доступности находятся школы, детские сады, клиники и магазины, что делает это предложение отличным вариантом для семей и профессионалов. Все необходимые инфраструктурные объекты буквально под рукой. Условия аренды: без комиссии, возможна долгосрочная аренда. Владелец квартиры открыт для обсуждения деталей и готов рассмотреть ваши предложения. Собственник ID 139628622 Документы проверены +7 916 709-67-... Написать 7 часов назад сегодня, 13:15",,https://www.cian.ru/cat.php?deal_type=rent&district%5B0%5D=8&engine_version=2&offer_type=flat&room9=1&type=4&p=3,2026-04-11T18:01:04+00:00
670,328760573,ЮВАО,https://www.cian.ru/rent/flat/328760573/?context=3.vvdapY19GsY.OcsVvv6YXK4HTEoKv00VGV0Z4rEercwhDUFxMfDKv_9Rer3uhlpAbTPTaUwhx6_bmup_mig9PHcLSA&mlSearchSessionGuid=ed8c50e31ba8d51b43293c18df2dff99,1/12,260000,18.0,3,5,,"1/12 Студия, 18 м², 3/5 этаж Только на Циан Текстильщики 12 минут пешком Москва , ЮВАО , р-н Текстильщики , м. Текстильщики , улица Артюхиной , 6К2 60 000 ₽/мес. На несколько месяцев, комм. платежи включены (без счётчиков), комиссия 35%, залог 60 000 ₽ Сдается студия в скандинавском стиле в доме с охраняемой территорией. 10 минут пешком от станции МЦД-2 и 13 минут пешком до метро Текстильщики. Интерьер и планировка: Светлые пастельные оттенки визуально увеличивают пространство, а минималистичный интерьер позволяет добавить детали на свой вкус. - зона отдыха с удобной кроватью и пуфом; - кухня с барной стойкой, которую можно использовать как рабочее место; - вместительный шкаф и три комода для хранения. Есть всё, чтобы заехать сразу: мини-холодильник, электрическая плита, микроволновая печь, стиральная машина, безлимитный Wi-Fi. Что входит в аренду: поддержка персонального менеджера, возможность забронировать квартиру заранее, депозит можно внести частями, помощь по бытовым вопросам и ремонте без доплат, регулярные мероприятия для жильцов (йога, живопись, английский, растяжка). Инфраструктура рядом: В шаговой доступности — ВкусВилл, студия пилатеса MissFit, дворец спорта и культурный центр Москвич, студии красоты и химчистка. Рядом пункты выдачи (Яндекс Маркет, OZON) и кофейни. Вечером можно прогуляться у уютного пруда Садки — всего 5 минут пешком, отличное место для отдыха от городской суеты. Формат аренды: Квартиру сдаём мы - компания Colife Комфорт. Мы не сторонние агенты или риелторы, вы подписываете договор напрямую с нами, а в стоимость уже включен сервис и поддержка 24/7: например, если что-то сломается мы бесплатно и быстро починим. — без посредников и скрытых комиссий; — долгосрочно, договор с компанией, в котором зафиксированы все договорённости; — показы по договорённости, въезд возможен сразу. Если у вас возникли какие-либо вопросы, вы всегда можете написать их нам в чат или позвонить по номеру телефона. Мы с радостью вам ответим. Для собственников: если планируете сдавать свою квартиру, у нас сейчас отличные условия. Свяжитесь с нами. Артикул: 9711 Агентство недвижимости Colife Суперагент +7 916 086-72-... Написать два дня назад 9 апр, 20:26",,https://www.cian.ru/cat.php?deal_type=rent&district%5B0%5D=8&engine_version=2&offer_type=flat&room9=1&type=4&p=3,2026-04-11T18:01:04+00:00
630,328376795,ЮВАО,https://www.cian.ru/rent/flat/328376795/?context=3.qJc2d9VD360.4Cu9Z6RQg0MLQsMVLE_zUu5rGHsQbdz-27hMuteKFfCISlmloceVaFC9R_cB5-GHTBvZ9t3jwUtw4w&mlSearchSessionGuid=90859fc1bd5c3e614b062d4ad6282842,1/11,336000,12.0,10,15,,"1/11 Студия, 12 м², 10/15 этаж Люблино 15 минут пешком Москва , ЮВАО , р-н Люблино , м. Люблино , Цимлянская улица , 3к3 36 000 ₽/мес. От года, комм. платежи включены (счётчики включены), комиссия 100%, залог 36 000 ₽ Показы 8 апреля СДАМ ДЛЯ ОДНОГО человека на длительный срок квартиру-студию с современным евроремонтом в новом ЖК бизнес-класса ""ВЛюблино"", район Люблино. Депозит возможно разбить на 2 части. Дом 15-этажный монолитный. Этаж 10/15, пластиковые окна, санузел совмещен. Диван двуспальный, микроволновая печь, холодильник, электро-плита, чайник, шкаф, стиральная машина (в коридоре). Инфраструктура развитая, все объекты первой необходимости расположены в пешей доступности: школа, детский сад, супермаркеты и др. Рядом парки. От станции метро Люблино - 9 минут пешком. Автобусные остановки возле дома. Оперативный показ: Москва, Цимлянская 3к3. Агентство недвижимости ЖИЛСЕРВИС Суперагент +7 915 496-36-... Написать неделю назад 1 апр, 16:49",,https://www.cian.ru/cat.php?deal_type=rent&district%5B0%5D=8&engine_version=2&offer_type=flat&room9=1&type=4&p=2,2026-04-11T18:01:04+00:00
654,277860670,ЮВАО,https://www.cian.ru/rent/flat/277860670/?context=3.sNdwkMsXNsQ.iUCg6NbcpWJ-ozDS6BrmQ8zfRFXYtO-nWT_CWSLCKFy7WxN6JXm9o_fv8UAO-sbtwWLCyG_nUuF72Q&mlSearchSessionGuid=ed8c50e31ba8d51b43293c18df2dff99,1/7,340000,15.5,2,5,,"1/7 Студия, 15,5 м², 2/5 этаж Только на Циан Кузьминки 14 минут пешком Москва , ЮВАО , р-н Кузьминки , м. Кузьминки , Окская улица , 28К3 40 000 ₽/мес. От года, комм. платежи включены (без счётчиков), без комиссии, залог 40 000 ₽ прошу писать, а не звонить Квартира светлая со свежим ремонтом. предыдущий жилец оставил загрязнения, поэтому на первый месяц будет предоставлена скидка 5 тыс.руб. показы не провожу, прошу писать если готовы снять сразу Собственник ID 88806947 Документы проверены +7 985 865-37-... Написать 2 недели назад 28 мар, 10:54",,https://www.cian.ru/cat.php?deal_type=rent&district%5B0%5D=8&engine_version=2&offer_type=flat&room9=1&type=4&p=3,2026-04-11T18:01:04+00:00
614,328043825,ЮВАО,https://www.cian.ru/rent/flat/328043825/?context=3.baGvSsa5dQs.3JJ87_75au8pvQ5_HS9brTZ0ktfzHCSxPJNCO2NG337Zpo4V4lXivoda4QHnNmsGrQ9FO7pKz6sz8w&mlSearchSessionGuid=a71bfb582bcc1c89cf05725c3dd9b516,1/6,343000,20.0,1,12,,"1/6 Студия, 20 м², 1/12 этаж Марьино 6 минут пешком Москва , ЮВАО , р-н Марьино , м. Марьино , Новомарьинская улица , 3К3 43 000 ₽/мес. От года, комм. платежи включены (без счётчиков), комиссия 70%, залог 43 000 ₽ Арт. 133103315 Сдается студия рядом с метро. Сделан свежий ремонт и установлена новая мебель. Есть балкон. Хорошо подойдет для одного человека. Звоните. Агентство недвижимости Самолет Плюс Документы проверены +7 989 151-24-... Написать 6 часов назад сегодня, 14:52",,https://www.cian.ru/cat.php?deal_type=rent&district%5B0%5D=8&engine_version=2&offer_type=flat&room9=1&type=4&p=1,2026-04-11T18:01:04+00:00
642,298565498,ЮВАО,https://www.cian.ru/rent/flat/298565498/?context=3.oyKvnLRVioo.I7Gy6W-sh7zIUqrADSx-afyhYHlYCNwc9yaEVsrUzxU65CqkxUrqVBvwv1bj94TfI3yVhHdjo9IR8w&mlSearchSessionGuid=90859fc1bd5c3e614b062d4ad6282842,1/22,343000,23.2,13,25,,"1/22 Студия, 23,2 м², 13/25 этаж Только на Циан Люблино 5 минут на транспорте Москва , ЮВАО , р-н Люблино , м. Депо , Люблинская улица , 72к3 43 000 ₽/мес. От года, комм. платежи включены (без счётчиков), комиссия 50%, залог 43 000 ₽ Квартира-студия в современном ЖК ""Люблинский парк"" комфорт-класса. Свежий ремонт. Новая мебель и бытовая техника. Полы: ламинат, плитка. Стеклопакеты. Совмещенный санузел. Душ-кабина. Кухня под единой столешницей. Варочная панель. Электрическая духовка. Вытяжка. Стиральная машина-автомат. Холодильник. Телевизор - по запросу. Развитая инфраструктура: школы, детские сады, сетевые магазины, кафе, фитнес-клубы, кинотеатр, парки. Транспортная доступность до метро Братиславская, Люблино и пешая до ж/д станции ""Перерва"". Длительный срок аренды. Оперативный показ. Ключи на руках. Рассматриваем одного человека или семейную пару. Риелтор Инна Романова Суперагент +7 915 196-07-... 2 недели назад 23 мар, 11:18",,https://www.cian.ru/cat.php?deal_type=rent&district%5B0%5D=8&engine_version=2&offer_type=flat&room9=1&type=4&p=2,2026-04-11T18:01:04+00:00
624,328292841,ЮВАО,https://www.cian.ru/rent/flat/328292841/?context=3.VwVzUNKsE30.unplne0mbwqzTRqYY_BRm9KV0fvgpZm-2-OEqmTsu4B0K2bEmuuTCb_wqVCKqWiI0YJzF1vdspDdAw&mlSearchSessionGuid=90859fc1bd5c3e614b062d4ad6282842,1/10,345000,26.8,22,25,,"1/10 Студия, 26,8 м², 22/25 этаж Перерва 4 минуты на транспорте Москва , ЮВАО , р-н Люблино , м. Перерва , Люблинская улица , 74к3 45 000 ₽/мес. От года, комм. платежи включены (без счётчиков), комиссия 50%, залог 45 000 ₽ Id 62144. Показы возможны с 11.04.2026г В долгосрочную аренду сдается студия в новом жилом комплексе комфорт класса ""Люблинский парк"" О квартире: -яркий ремонт -имеется вся необходимая мебель и техника -большие окна, благодаря которым студия становится очень яркой О жилом комплексе: Жилой квартал ""Люблинский парк"" расположен на юго-востоке Москвы, в шаговой доступности от станции ""Братиславская"" и МЦД ""Перерва"", также в 10ти минутах находится автобусная остановка. В проекте 54 жилых корпуса, три школы, семь детских садов, поликлиника. В районе есть все условия для комфортной жизни: торговые центры, школы, детские сады, поликлиники и спортивные центры. Рядом находятся усадьба Люблино, скверы и парки. Различные магазины, кафе и другие сервисы откроются на первых этажах, а на подземных будут паркинги с удобной навигацией. В зелёных дворах без автомобилей строятся детские площадки и места для отдыха. А ещё ""Люблинский парк"" стал третьим проектом ПИК с большой игровой площадкой PlayHub, которая уже открылась между 1-м и 2-м блоками на безопасном расстоянии от дороги. Условия аренды прозрачны и конкурентны. Стоимость составляет 45 000 рублей в месяц + счётчики. Залог равен месячной плате. Это предложение оптимально сочетает отличное качество жизни и разумные финансовые условия. Агентство недвижимости EstateLiga Документы проверены +7 916 863-15-... Написать вчера вчера, 10:10",,https://www.cian.ru/cat.php?deal_type=rent&district%5B0%5D=8&engine_version=2&offer_type=flat&room9=1&type=4&p=2,2026-04-11T18:01:04+00:00
641,312717465,ЮВАО,https://www.cian.ru/rent/flat/312717465/?context=3.c22rj9KxYLU.O0CD1jRGD8rUhJlZULi8a2oOlVsi5zFPnI09rEQJuX8CkvGCgtUehTJ9HEcNtmX3gqMGUQkH46_qCg&mlSearchSessionGuid=90859fc1bd5c3e614b062d4ad6282842,1/22,350000,21.5,7,25,,"1/22 Студия, 21,5 м², 7/25 этаж Проверено в Росреестре Депо 18 минут пешком Москва , ЮВАО , р-н Люблино , м. Депо , Люблинская улица , 72к3 50 000 ₽/мес. От года, комм. платежи включены (счётчики включены), без комиссии, залог 50 000 ₽ АГЕНТАМ ПРОСЬБА - НЕ БЕСПОКОИТЬ! Я собственник. Оперативный показ в любое время дня с 9 до 21. Сдается стильная, светлая квартира-студия в современном новом доме. В квартире современная мебель и техника. Оборудована всем необходимым для проживания: большой и вместительный кухонный гарнитур, c индукционной плитой, вытяжкой, микроволновкой, есть фильтр воды, холодильник; Кондиционер, комфортный раскладывающийся диван с большими отсеками для хранения постельного белья; комод для личных вещей; телевизор smart tv; в коридоре очень вместительный гардероб(260*170*50см) с большим зеркалом; стиральная машина в совмещенном санузле. В квартире проведен интернет, есть вайфай роутер. Большие окна с видом во двор. В ЖК есть остановки общественного транспорта до метро Братиславская/Текстильщики, до МЦД-2. Пешком до метро Братиславская-20 минут и до МЦД-2 Перерва-15 минут. В ЖК очень развитая инфраструктура: супермаркеты ВкуссВилл, Пятерочка, Магнит, Красное и Белое, Бристоль, Винлаб, Мираторг, большое количество пунктов выдачи маркетплейсов, кофейни, мужские и женские салоны красоты, аптеки, фитнес-клуб, магазины косметики и бытовой химии. Рядом есть ТЦ Люблино Молл(бывший Л-153) со всеми основными магазинами: крупный Ашан, МВидео, Эльдорадо, Кари, Аскона, Летуаль и большой фитнес клуб DDX Fitness. В 30 минутах пешком находится Люблинский Парк и Парк Кузьминки - красивейшие старинные усадебные парки с живописными прудами и пешеходными зонами. Оплата за первый и последний месяцы проживания + квитанции по счетчикам + интернет. Аренда строго максимум 2 человека (пара), без детей и животных, и только при наличии постоянной регистрации в РФ. Долгосрочная аренда от 10 месяц!!! Собственник ID 120959 Документы проверены +7 916 174-81-... Написать два дня назад 9 апр, 10:13",,https://www.cian.ru/cat.php?deal_type=rent&district%5B0%5D=8&engine_version=2&offer_type=flat&room9=1&type=4&p=2,2026-04-11T18:01:04+00:00
612,322072059,ЮВАО,https://www.cian.ru/rent/flat/322072059/?context=3.1Rni6cMFqYI.mO-9dn-lrqeMZBShW_kt41it4-8dQLi5iVXVPxqDGBARokMMxidz2Jq3TunIrdYnMpAVZyazuEEeJA&mlSearchSessionGuid=a71bfb582bcc1c89cf05725c3dd9b516,1/22,356000,21.5,23,24,,"1/22 Студия, 21,5 м², 23/24 этаж Только на Циан Текстильщики 19 минут пешком Москва , ЮВАО , р-н Текстильщики , м. Текстильщики , 1-й Грайвороновский проезд , 3 56 000 ₽/мес. От года, комм. платежи включены (без счётчиков), без комиссии, залог 56 000 ₽ Сдаётся на долгий срок студия в современном жилом комплексе Волжский парк, расположенном по адресу: Россия, Москва, 1-й Грайвороновский проезд, 3. Квартира площадью 21,5 кв. м находится на 23-м этаже 24-этажного дома, построенного в 2022 году. В этом корпусе уже давно сложившаяся инфраструктура с магазинами, пунктами выдачи, кафе, салонами красоты и т д Из окон открывается панорамный вид на центр города. В квартире выполнен качественный ремонт . Пространство студии продумано до мелочей: компактная кухня, оборудована необходимой мебелью и техникой, включая холодильник, свч, варочную поверхность, вытяжку. Двухспальный раскладной диван, мебель для хранения и телевизор. Совмещённый санузел оснащён душевой кабиной и стиральной машиной Жилой комплекс расположен в районе с развитой инфраструктурой. До станции метро ""Текстильщики"" можно дойти за 19 минут, что обеспечит вам быстрый доступ к другим районам Москвы. Риелтор ID 13350839 Документы проверены +7 985 148-15-... Написать неделю назад 30 мар, 11:33",,https://www.cian.ru/cat.php?deal_type=rent&district%5B0%5D=8&engine_version=2&offer_type=flat&room9=1&type=4&p=1,2026-04-11T18:01:04+00:00
616,328527436,ЮВАО,https://www.cian.ru/rent/flat/328527436/?context=3.PSajQwQGF1o.LfRTQu8gHfRB44CLUFSxIIV_mPw4Q0TDWdZFt_judm5Rtg4NoDm5k-x9sWWNFZEawtKT1uCKnlFWSA&mlSearchSessionGuid=a71bfb582bcc1c89cf05725c3dd9b516,1/33,356000,20.0,20,24,,"1/33 Студия, 20 м², 20/24 этаж Текстильщики 19 минут пешком Москва , ЮВАО , р-н Текстильщики , м. Текстильщики , 1-й Грайвороновский проезд , 3Ак3 56 000 ₽/мес. От года, комм. платежи включены (без счётчиков), комиссия 50%, без залога Kвapтирa cдaется впервые Дoлгоcрoчная аpенда (дoгoвop нa 11 мecяцев). Предcтавляeм вашему внимaнию cвeтлую и уютную cтудию в ЖK Bолжский пaрк площадью 20 кв.м., раcполoжeнную на юго-востoкe Mоcквы в рaйоне Тeкстильщики. B кваpтиpе выпoлнeна меблировка по индивидуaльнoму дизайнеpскому пpоeкту от кoмпании SМАRЕNТ. Бытовая техника: стиральная машина, холодильник, варочная панель, СВЧ, телевизор, электрический чайник. Район обладает насыщенной и развитой инфраструктурой: - в 15 минутах пешком от метро Текстильщики - подземные и наземные паркинги, дворы-парки - поликлиники, магазины и фитнес-клубы. - в окружении находятся ТЦ Город, Леруа Мерлен, кинотеатр Олимпик Синема и стадион Москвич. Поблизости благоустроенные зелёные зоны: Волжский бульвар, большой Кузьминский лесопарк, пруд Садки и музей-усадьба Кусково ПРАВИЛА ПРОЖИВАНИЯ: Тариф Комфортное проживание: Заселение без домашних животных. - Раннее бронирование объекта (за 3 дней до заселения) - Персональный менеджер на всех этапах аренды быстро реагирует на запросы - большинство бытовых вопросов решаем за 48 часов - Страхование гражданской ответственности до 300 000 ₽ - Организация мелкого ремонта Коммунальные платежи: электроэнергия, хвс\гвс, услуги интернет провайдера, расходы за отопление дома/квартиры оплачивает арендатор. Заселение только при наличии постоянной регистрации РФ. - комиссия 50% от арендного платежа Агентство недвижимости СМАРЕНТ Документы проверены +7 985 853-93-... Написать три дня назад 8 апр, 11:33",,https://www.cian.ru/cat.php?deal_type=rent&district%5B0%5D=8&engine_version=2&offer_type=flat&room9=1&type=4&p=1,2026-04-11T18:01:04+00:00
628,328636540,ЮВАО,https://www.cian.ru/rent/flat/328636540/?context=3.pv3A5kZU7m0.2JqRwH1So9qfsMMAN4Kz4y00oJrwN8wGNHh7GN1A1wGYfC7FBw3r1yYKJj-2aP6hy30TIShxtQ-VAQ&mlSearchSessionGuid=90859fc1bd5c3e614b062d4ad6282842,1/38,357000,23.4,12,24,,"1/38 Студия, 23,4 м², 12/24 этаж Текстильщики 19 минут пешком Москва , ЮВАО , р-н Текстильщики , м. Текстильщики , 1-й Грайвороновский проезд , 3Ак3 57 000 ₽/мес. От года, комм. платежи включены (без счётчиков), комиссия 50%, без залога Дoлгocрoчная аренда (договoр нa 11 меcяцев). Представляeм вашему внимaнию уютную светлую студию площадью 23,4 кв.м. pасполoжeнную в ЖК Волжский парк Квартира укомплектована всем необходимым для комфортного проживания: качественная техника и стильная мебель! Бытовая теxника: cтиральнaя мaшина, xoлодильник, микpоволновка, варочная панeль, пoсудомоечная машина, электрический чайник, утюг, телевизор, кондиционер. Транспортная доступность: Метро Текстильщики -15 мин пешком МЦК Новохоловская - 3 мин на машине - Район с развитой инфраструктурой: дворы-парки, поликлиники, магазины и фитнес-клубы. - В окружении находятся ТЦ Город, кинотеатр Олимпик Синема и стадион Москвич. - Поблизости благоустроенные зелёные зоны: Волжский бульвар, большой Кузьминский лесопарк, пруд Садки и музей-усадьба Кусково Условия проживания по Тарифу Комфортное проживание: - 50% от арендного платежа при заселении; - Раннее бронирование объекта (за 3 дня до заселения); - Персональный менеджер на всех этапах аренды быстро реагирует на запросы - большинство бытовых вопросов решаем за 48 часов; - Страхование гражданской ответственности до 300 000 ₽; - Организация мелкого ремонта. Коммунальные платежи: электроэнергия, хвс\гвс, услуги интернет-провайдера, расходы за отопление дома/квартиры оплачивает арендатор. Заселение только при наличии постоянной регистрации РФ. Без животных. Агентство недвижимости СМАРЕНТ Документы проверены +7 985 853-93-... Написать два дня назад 9 апр, 10:43",,https://www.cian.ru/cat.php?deal_type=rent&district%5B0%5D=8&engine_version=2&offer_type=flat&room9=1&type=4&p=2,2026-04-11T18:01:04+00:00
669,328835250,ЮВАО,https://www.cian.ru/rent/flat/328835250/?context=3.IMVm-l_g_DE.4kfdIT-iOmEf4qIs98XBqWpAy95b-tqCTcn0YcKJ8KHz10ZF26axxMA8KRlmZcMOqjUiogihLn9FvA&mlSearchSessionGuid=ed8c50e31ba8d51b43293c18df2dff99,1/10,360000,23.2,13,33,,"1/10 Студия, 23,2 м², 13/33 этаж Нижегородская 10 минут пешком Москва , ЮВАО , р-н Нижегородский , м. Нижегородская , Перовское шоссе , 2к3 60 000 ₽/мес. От года, комм. платежи включены (без счётчиков), без комиссии, залог 60 000 ₽ Сдаётся современная студия с евроремонтом в новом доме. Квартира площадью 23,2 кв. м расположена на 13 этаже 33-этажного дома, построенного в 2022 году. Всего в шаговой доступности от метро — всего 10 минут пешком. Окна выходят как на улицу, так и во двор, что обеспечивает хорошую освещённость и возможность наслаждаться тишиной, а также наблюдать за красивым видом на ночную Москву. В квартире сделан свежий евроремонт, есть вся необходимая мебель как в комнате, так и на кухне. Из техники в вашем распоряжении холодильник, микроволновая печь, варочная панель, телевизор и стиральная машина. В совмещённом санузле установлена душевая кабина, что делает проживание ещё более комфортным. Дом оснащён четырьмя грузовыми лифтами и наземной парковкой для удобства жильцов. Территория благоустроена и находится в отличном состоянии. Здесь есть всё необходимое для комфортной жизни. Рядом с домом расположены школы, детские сады, клиники и магазины, поэтому все нужные услуги и товары будут в шаговой доступности. Хорошая транспортная доступность позволяет быстро добраться до других районов города. Аренда квартиры от собственника, без комиссии. Идеально подойдёт для одного человека или пары. Залог и предоплата обсуждаются индивидуально. Все документы в полном порядке, юридически чистая сделка. Приглашаем вас на просмотр! Записывайтесь, и мы с радостью покажем вам квартиру, которая может стать вашим новым уютным домом. Собственник ID 137080699 +7 985 544-17-... Написать вчера вчера, 13:49",,https://www.cian.ru/cat.php?deal_type=rent&district%5B0%5D=8&engine_version=2&offer_type=flat&room9=1&type=4&p=3,2026-04-11T18:01:04+00:00
664,327804370,ЮВАО,https://www.cian.ru/rent/flat/327804370/?context=3.fQ5LjKYgkCA.n9Zb7xGVbFqOouITS-Xzhz_Q36goGjR-KxwGfDWtiymuJ0XSW9wSntpCHc5CePFt079fDym4f61yQw&mlSearchSessionGuid=ed8c50e31ba8d51b43293c18df2dff99,1/25,362000,22.5,4,8,,"1/25 Апартаменты-студия, 22,5 м², 4/8 этаж Только на Циан Волгоградский проспект 7 минут пешком Москва , ЮВАО , р-н Южнопортовый , м. Волгоградский проспект , Волгоградский проспект , 32/5к3 62 000 ₽/мес. От года, комм. платежи включены (без счётчиков), комиссия 50%, залог 62 000 ₽ НОВАЯ, ДИЗАЙНЕРСКАЯ КВАРТИРА-СТУДИЯ В АРЕНДУ !!! Новая квартира в ЖК Бизнес-класса ""Метрополия"", внутри ТТК, 15 минут на машине до центра, 7 минут до метро Волгоградский проспект, МЦК Угрешская, 8 минут до м. Волгоградский пр-т, 15 минут до м. Дубровка. Есть парковочное место в паркинге, готовы сдать в аренду за 13 000 рублей. Светлая, совершенно новая студия. Качественный ремонт, высокие потолки. Студия оборудована всей необходимой НОВОЙ техникой: индукционная плита, вытяжка, стиральная машинка, посудомойка, холодильник, кондиционер, электрический чайник. В квартире много места для хранения, большой удобный диван, кухня в идеальном состоянии.Все коммунальные услуги оплачиваются отдельно. В шаговой доступности кофейни (Surf Coffee в 3 мин), продуктовые магазины (ВкусВилл 1 мин), салоны красоты, аптеки, винотеки и все возможные пункты выдачи заказов. Подземная парковка, закрытый двор, круглосуточная охрана и консьерж. Удобная транспортная развязка позволяет быстро добраться до любой точки города. Также для вашего удобства комплекс оборудован подземным паркингом. Если у вас еще остались вопросы, звоните или пишите, с удовольствием ответим. Осмотр квартиры, организуем по договоренности. Риелтор Светлана Чернова Суперагент +7 985 271-14-... Написать два дня назад 9 апр, 02:13",,https://www.cian.ru/cat.php?deal_type=rent&district%5B0%5D=8&engine_version=2&offer_type=flat&room9=1&type=4&p=3,2026-04-11T18:01:04+00:00
593,327050820,ЮВАО,https://www.cian.ru/rent/flat/327050820/?context=3.zGG35-RPzfU.T89Xo-IhYy21TIoup8V7kiaxtnncxQ2dLKUxjxIBhtB2Hnkn42u_0WVWO7D-tiPtU-Gr7oMi8qZ4RA&mlSearchSessionGuid=a71bfb582bcc1c89cf05725c3dd9b516,1/18 Ещё фото,363500,25.3,11,27,,"1/18 Ещё фото Пешком до метро! Залог 0 Студия, 25,3 м², 11/27 этаж Нижегородская 10 минут пешком Москва , ЮВАО , р-н Нижегородский , м. Нижегородская , Перовское шоссе , 2к3 63 500 ₽/мес. От года, комм. платежи включены (без счётчиков), комиссия 60%, без залога Сдаётся уютная квартира-студия с хорошим ремонтом в ЖК Перовское 2, без депозита! Её можно посмотреть когда Вам удобно: бронируете время, забираете ключи или встречаетесь с нашим представителем и спокойно осматриваете. Если всё понравится, договор подпишем онлайн и будем поддерживать Вас на всех этапах аренды. Квартира оснащена вместительным кухонным гарнитуром, мебелью и бытовой техникой. Есть: - Стиральная машина; - Холодильник; - Плита; - Микроволновка; - Телевизор; - Кондиционер; - Посудомоечная машина; - Проведён интернет с Wi-Fi и подключено кабельное/цифровое ТВ. Можно обсудить покупку необходимой мебели в счёт арендной платы. Полы ламинат и плитка. Окна выходят во двор и на улицу, на северо-запад. Есть бесплатная парковка. Собственник готов заселить не более 2 взрослых жильцов с детьми, оформить временную регистрацию или заключить договор с юридическим лицом. Можно с домашним питомцем по согласованию. Дом расположен в районе с развитой инфраструктурой, рядом находятся: - ТЦ Город; - Перовский парк, Кусковский лесопарк и парк Карачарово. В пешей доступности школы, продуктовые супермаркеты, заправки, спортивные клубы, почта, аптеки и медицинские учреждения, бассейн, салоны красоты, кафе. До м. Нижегородская можно дойти за 10 минут, до м. Стахановская 18 минут пешком. Агентство недвижимости ПИК-Аренда Документы проверены Посмотреть все объекты +7 916 942-34-... Написать 9 часов назад сегодня, 11:10",,https://www.cian.ru/cat.php?deal_type=rent&district%5B0%5D=8&engine_version=2&offer_type=flat&room9=1&type=4&p=1,2026-04-11T18:01:04+00:00
605,328521012,ЮВАО,https://www.cian.ru/rent/flat/328521012/?context=3.dO4h68Ft3Kw.T3whlKcL5YQVlSKpbyyz8eb49mgaJIxXp-3gs28iZrgQ9be5R-Aufq6i0kncxH9P8hFJHYMysSMiZg&mlSearchSessionGuid=a71bfb582bcc1c89cf05725c3dd9b516,1/22,365000,26.0,17,33,,"1/22 Студия, 26 м², 17/33 этаж Нижегородская 10 минут пешком Москва , ЮВАО , р-н Нижегородский , м. Нижегородская , Перовское шоссе , 2к3 65 000 ₽/мес. От года, комм. платежи включены (без счётчиков), без комиссии, залог 65 000 ₽ Собственник! Сдается прекрасная квартира студия. Вся мебель и техника новые. Полностью укомплектована. Комплектация квартиры видна на фото. ID 154442 Документы проверены +7 986 264-20-... Написать 8 часов назад сегодня, 12:34",,https://www.cian.ru/cat.php?deal_type=rent&district%5B0%5D=8&engine_version=2&offer_type=flat&room9=1&type=4&p=1,2026-04-11T18:01:04+00:00
606,316033389,ЮВАО,https://www.cian.ru/rent/flat/316033389/?context=3.wPbWRJcFdnM.gae-R-gcDc2CHZ8G2pUkUh-ZsEzCm1KxiAfK3CnRlFwqb-jgXU-C2zjMTFgmGWjBnmWDHA2oO2VGag&mlSearchSessionGuid=a71bfb582bcc1c89cf05725c3dd9b516,1/15,365000,25.0,6,30,,"1/15 Студия 25 кв.м Апартаменты-студия, 25 м², 6/30 этаж Проверено в Росреестре Волгоградский проспект 7 минут пешком Москва , ЮВАО , р-н Южнопортовый , м. Волгоградский проспект , Волгоградский проспект , 32/5к3 65 000 ₽/мес. От года, комм. платежи включены (без счётчиков), без комиссии, залог 65 000 ₽ Сдается собственником!!! Студия в ЖК Метрополия башня Флоренция у станции метро ""Волгоградский проспект"" - Таганско-Краснопресненская линия метрополитена (фиолетовая ветка на карте Московского метро). Южнопортовый район, Юго-Восточный административный округ столицы. Всего 3 минуты пешком от корпуса Флоренция до станции метро ""Волгоградский проспект"". Район внутри ТТК на границе с ЦАО. Идеальная локация для жизни и работы! Дизайнерский ремонт студии Транспортная доступность: • 15 минут на транспорте до Садового кольца. • Удобные выезды на ТТК, МЦК УГРЕШСКАЯ и в центр Москвы. • Рядом остановки наземного транспорта. Инфраструктура внутри ЖК: • Магазины: ВкусВилл, Клевер, Монголия, Ароматный Мир, Винлаб, Красное&Белое,Барин Дома, Точка Дыма, Деликатеска. • Аптеки Ригла,36,6, Горздрав. • Кафе и рестораны на любой вкус:Sense, Surf Coffe, Здрасте, Дом Winner, French Bakery,Деликатеска и многое другое. • Пункты выдачи заказов в соседнем доме: OZON, Wildberries, Яндекс. • Сервисы: барбершопы, салоны красоты, груминг. Химчистка LEDA. • Круглосуточная доставка всего. Образование рядом: • Школа им. Маяковского. • Частная Ломоносовская гимназия (20 минут пешком). • Вузы: МТУ, МЛГУ, МФЮА, Институт психоанализа, ИПИ НОУ. О доме - корпус Флоренция: • Вход по чип-ключу, круглосуточная охрана и видеонаблюдение на всех этажах. • 3 лифта с WIFI (1 грузовой). • В холле охрана, мягкая мебель для жильцов и гостей, видеонаблюдение. • Лаунж-зона во дворе, двор без машин. В соседнем доме со двора - ПВЗ: WB и OZON. • Подземная парковка (возможна аренда машино-места). • Территория для выгула домашних питомцев в 50 метрах от подъезда. Студия с дизайнерским ремонтом: Высота потолков 280 см • Мебель: двуспальный диван-кровать, функциональная кухня. • Техника: холодильник, индукционная плита, СВЧ, посудомоечная машина, угольная вытяжка, принудительная вентиляция в тч. В ванной - стиральная машина. • Бытовая техника: пылесос, парогенератор, фен, ТВ, Wi-Fi 500 Мбит/сек. • Дополнительно: док-станция JBL (Apple), датчики дыма в прихожей и зале, противопожарная система оповещения - громкоговоритель. Условия проживания: • Курение запрещено в апартаментах и МОП (в том числе электронных сигарет).",,https://www.cian.ru/cat.php?deal_type=rent&district%5B0%5D=8&engine_version=2&offer_type=flat&room9=1&type=4&p=1,2026-04-11T18:01:04+00:00
599,321407694,ЮВАО,https://www.cian.ru/rent/flat/321407694/?context=3.IFzSnF5_aws.AHU62ZARoe0fMuhhjwHXIfQkEreUBy_GuXCQ5wHTIKD0a8J6q2aUpZNQZpkMoe2PAAeYjkI427oZjw&mlSearchSessionGuid=a71bfb582bcc1c89cf05725c3dd9b516,1/15 Ещё фото,375000,30.0,20,23,,"1/15 Ещё фото Студия рядом с метро Студия, 30 м², 20/23 этаж Только на Циан Стахановская 1 минута пешком Москва , ЮВАО , р-н Рязанский , м. Стахановская , 2-й Грайвороновский проезд , 44к3 75 000 ₽/мес. От года, комм. платежи включены (без счётчиков), без комиссии, залог 75 000 ₽ Собственник предлагает аккуратным и порядочным людям студию с оптимальным метражем для аренды на длительный срок. 2 минуты пешком до м. Стахановская. Квартира находится в новом ЖК с развитой инфраструктурой- кафе, рестораны, студии фитнеса и йоги, салоны красоты, массажа, барбершопы, химчистки, пункты выдачи маркетплейсов, разнообразные продуктовые магазины и т.д. Охраняемая закрытая территория, вдоль ЖК расположен пешеходный бульвар с открытыми спортивными площадками, футбольным полем, скейт парком. Удобное транспортное расположение. Квартира с интересными интерьерными решениями , качественной отделкой, сантехникой и мебелью. В квартире предусмотрено всё для Вашего комфортного проживания: посудомоечная машина, микроволновая печь, духовой шкаф, индукционная плита, фильтр для воды,электрический чайник, холодильник, стиральная и сушильная машина, водонагреватель, smart TV, продумано много мест для хранения. Оплата: за первый месяц плюс обеспечительный платеж (стоимость аренды за месяц), который возвращается после выселения из квартиры. отдельно оплачивается интернет+коммунальные платежи по счётчикам. Собственник ID 99121972 Документы проверены Посмотреть все объекты +7 916 536-94-... Написать вчера вчера, 11:48",,https://www.cian.ru/cat.php?deal_type=rent&district%5B0%5D=8&engine_version=2&offer_type=flat&room9=1&type=4&p=1,2026-04-11T18:01:04+00:00
636,328204522,ЮВАО,https://www.cian.ru/rent/flat/328204522/?context=3.kiDZznNfVeU.5Zi-Jc9Tl_Savkpkt98aealQVBDl88ULHVrM49_-dapYmZ2uWCGYHFEgVlS0txOxnaiiXgzp0aMuFA&mlSearchSessionGuid=90859fc1bd5c3e614b062d4ad6282842,1/11,420000,18.0,1,22,,"1/11 Апартаменты-студия, 18 м², 1/22 этаж Только на Циан Волгоградский проспект 5 минут на транспорте Москва , ЮВАО , р-н Нижегородский , м. Калитники , Автомобильный проезд , 4 20 000 ₽/мес. От года, комм. платежи включены (без счётчиков), комиссия 60%, без залога ВАШЕМУ ВНИМАНИЮ! Описание обязательно к прочтению! Сдаются апартаменты в ЧЕРНОВОЙ отделке, как под проживание так и под свободное назначение! Ограничений к составу проживающих нет. Все разводки под коммуникации присутствуют (туалета и ванной нет!), а именно: Отопление есть Гор\хол вода есть Труба под водоотвод есть. Фото нет, есть только видео, могу выслать в личные сообщения в мессенджер. Студия теплая, если требуется лёгкий ремонт, можете сделать под себя, либо же арендовать под склад, рабочее помещение и любые другие задачи. Помещение высокое, рассчитано под двухэтажный проект. Улучшение условий проживания за счёт наймодателя не рассматриваем! В наличии есть несколько объектов схожей планировки и квадратуры в собственности, поэтому предложение всегда актуально. Показ и заселение возможно в любой день! Оперативный просмотр! Агентство недвижимости PREMIUM CITY Суперагент +7 923 077-63-... Написать 2 недели назад 26 мар, 12:17",,https://www.cian.ru/cat.php?deal_type=rent&district%5B0%5D=8&engine_version=2&offer_type=flat&room9=1&type=4&p=2,2026-04-11T18:01:04+00:00
633,327983413,ЮВАО,https://www.cian.ru/rent/flat/327983413/?context=3.0v2uxmleIxo.GvlUfUQsnsxPIa8B7Ro-Ki9vN1PMcdwelvXPswmqguooVgdsfijjTboYnwA9-0BNGcR9PIwepaPSSg&mlSearchSessionGuid=90859fc1bd5c3e614b062d4ad6282842,1/10,448000,22.0,2,25,,"1/10 Апартаменты-студия, 22 м², 2/25 этаж Только на Циан Калитники 10 минут пешком Москва , ЮВАО , р-н Нижегородский , м. Калитники , Автомобильный проезд , 4 48 000 ₽/мес. На несколько месяцев, комм. платежи включены (счётчики включены), комиссия 50%, залог 48 000 ₽ Квартира в центре, элитный реально очень тихий центр, уютный почти частный дворик охраняемая территория приличные соседи. Окна на восток. Светлая, новая, со вкусом оформленная квартира., кондиционер, стиральная машина, плита электрическая стеклокерамика, великолепный холодильник, печь СВЧ, вытяжка, подключен скоростной интернет и ТВ. Шкаф- купе вместить в себя гардероб любой сложности. Мебель и техника все новое. Добро пожаловать дорогие жильцы любящий чистоту. Торг возможен) Риелтор Надежда Трусова Суперагент +7 917 532-17-... Написать неделю назад 3 апр, 12:38",,https://www.cian.ru/cat.php?deal_type=rent&district%5B0%5D=8&engine_version=2&offer_type=flat&room9=1&type=4&p=2,2026-04-11T18:01:04+00:00
634,328430199,ЮВАО,https://www.cian.ru/rent/flat/328430199/?context=3.Deb9x0k-Cu8.EhceGQtYdH3bHqZ7JcIwJ_Y0dHvGhvgaBYfc3btq8poxVapRtK-CF3YiMPbiuozMNkXBtiJKWEWxbQ&mlSearchSessionGuid=90859fc1bd5c3e614b062d4ad6282842,1/5,450000,26.0,12,34,,"1/5 Студия, 26 м², 12/34 этаж Окская 11 минут пешком Москва , ЮВАО , р-н Рязанский , м. Плющево , улица Михайлова , 30Ак4 50 000 ₽/мес. От года, комм. платежи включены (без счётчиков), комиссия 50%, залог 50 000 ₽ Вашему вниманию, предлагается уютная студия, в нoвом доме с хорошей транспортной доступностью. ГАРАНТИЯ ЛУЧШЕЙ ЦЕНЫ ЗА ДАННОЕ ПРЕДЛОЖЕНИЕ. Hовый ремoнт выполнeн в coврeменном стиле. В квapтирe имeетcя вce нeобxoдимое для проживaния. Развитая инфраструктура района: шкoлы инocтранных языкoв, маpкeтплeйсы, мaгазин цветов, медклиника, caлон кpaсoты, рядом детскиe сады и шкoлы. Bo двoрe дeтская площадкa. B пeшей дocтупности МФЦ, мaгaзины, фитнес-цeнтры. Во двopе много парковочного места, а также рядом расположена многоуровневая парковка. Рассмотрим всех платежеспособных и порядочных людей! Квартира полностью готова к проживанию! Оперативный показ! Звоните в любое время, с удовольствием отвечу на ваши вопросы! Агентство недвижимости Агентство Андрея Медведева Документы проверены +7 916 957-73-... Написать вчера вчера, 11:11",,https://www.cian.ru/cat.php?deal_type=rent&district%5B0%5D=8&engine_version=2&offer_type=flat&room9=1&type=4&p=2,2026-04-11T18:01:04+00:00
671,328105268,ЮВАО,https://www.cian.ru/rent/flat/328105268/?context=3.yDmiw0XVNW4.RLXHmUJ9kANPCICDG2hEIRPpShjOTEWoI_8ktsE6uaiNlRRjNL_CA2ukiDPrqAdhcgL_t5_vJG_8qw&mlSearchSessionGuid=ed8c50e31ba8d51b43293c18df2dff99,1/13,450000,19.0,4,21,,"1/13 Апартаменты-студия, 19 м², 4/21 этаж Только на Циан Волгоградский проспект 5 минут на транспорте Москва , ЮВАО , р-н Нижегородский , м. Калитники , Автомобильный проезд , 4 50 000 ₽/мес. От года, комм. платежи включены (без счётчиков), без комиссии, залог 59 000 ₽ БЕЗ КОМИССИИ. Сдаётся уютная студия на 4 этаже современного 21-этажного дома. Апартаменты находятся в 10 минутах пешком от метро Калитники. Общая площадь квартиры составляет 19 кв. м, с высотой потолков 3 метра, что создаёт ощущение простора. Окна выходят во двор, поэтому в квартире всегда тихо и спокойно. В квартире сделан евроремонт, всё продумано до мелочей для вашего комфорта. Пространство обустроено современной мебелью, на кухне и в комнате есть всё необходимое. К вашим услугам кондиционер, холодильник, телевизор и стиральная машина. Ванная комната оборудована ванной, что позволит вам расслабиться после долгого дня. В доме поддерживается чистота и порядок, что создаёт приятные условия для проживания. Рядом с домом расположены школы, детские сады, клиники и магазины, что делает этот район идеальным для комфортной жизни. Всё необходимое находится в шаговой доступности, поэтому можно сэкономить время на повседневные дела. Условия аренды: Оплата за первый месяц и залог. Дополнительно оплачиваются свет и вода. Идеально подойдёт для одного человека или пары, желающих жить в комфорте и уюте. Проживание с собаками обсуждается. С кошками нельзя. Риелтор Дарья Котина Суперагент +7 986 424-50-... Написать час назад сегодня, 19:42",,https://www.cian.ru/cat.php?deal_type=rent&district%5B0%5D=8&engine_version=2&offer_type=flat&room9=1&type=4&p=3,2026-04-11T18:01:04+00:00
672,321839614,ЮВАО,https://www.cian.ru/rent/flat/321839614/?context=3.w_ReOQ-_YsM.-oMls-gCzgJeapwUkBLHdovaM7ZlfPWtYyYB_Dysn5twuybnEytxvvQRtGINSq2C5hukYIzsTs7xpw&mlSearchSessionGuid=ed8c50e31ba8d51b43293c18df2dff99,1/20,450000,20.0,6,25,,"1/20 Апартаменты-студия, 20 м², 6/25 этаж Только на Циан Калитники 10 минут пешком Москва , ЮВАО , р-н Нижегородский , м. Калитники , Автомобильный проезд , 4 50 000 ₽/мес. От года, комм. платежи включены (без счётчиков), комиссия 50%, залог 50 000 ₽ Впервые сдается уютная студия в Москве по адресу: Автомобильный проезд, 4. Общая площадь квартиры — 20 кв. м, жилая — 14 кв. м. Квартира расположена на 6 этаже 25-этажного дома с высотой потолков 3.2 метра. До станции метро Калитники всего 10 минут пешком, что делает эту квартиру удобной для тех, кто ценит свое время. В квартире есть все необходимое для комфортного проживания. Просторная кухня площадью 6 кв. м оборудована современной техникой: холодильником, посудомоечной и стиральной машинами. В комнате и на кухне есть вся необходимая мебель. Санузел совмещенный, с душевой кабиной, что особенно удобно. Дом находится в отличном состоянии, с наземной парковкой и двумя лифтами: пассажирским и грузовым. Окна квартиры выходят во двор, поэтому здесь всегда тихо и спокойно. Близость к инфраструктуре — еще одно преимущество этого предложения. В радиусе шаговой доступности находятся школы, детские сады и магазины, что делает квартиру идеальной для семейной пары или одного человека. Для заключения договора потребуется залог. Квартира готова к заселению, ждет аккуратных и ответственных жильцов. Приглашаем вас на просмотр! Звоните и записывайтесь на удобное для вас время. Не упустите возможность снять уютное жилье в отличном районе Москвы. ID 54171241 Документы проверены +7 982 089-27-... Написать два дня назад 9 апр, 18:10",,https://www.cian.ru/cat.php?deal_type=rent&district%5B0%5D=8&engine_version=2&offer_type=flat&room9=1&type=4&p=3,2026-04-11T18:01:04+00:00
609,328071464,ЮВАО,https://www.cian.ru/rent/flat/328071464/?context=3.MmSjjBtc9fA.XrNnsz2rrsEVJd31ml6p_xti-_PFV0ItwffXp3GrrKWtPfQwHFkeCv5gAzsRoXguVScKOBEKi-pM5A&mlSearchSessionGuid=a71bfb582bcc1c89cf05725c3dd9b516,1/24,456000,20.0,7,19,,"1/24 Апартаменты-студия, 20 м², 7/19 этаж Только на Циан Калитники 11 минут пешком Москва , ЮВАО , р-н Нижегородский , м. Калитники , Автомобильный проезд , 4к4 56 000 ₽/мес. От года, комм. платежи включены (без счётчиков), без комиссии, залог 56 000 ₽ Я собственник, сдается без комиссии. Сдается впервые уютная студия в ЖК бизнес класса Nice loft. В студии имеется все необходимое для длительного комфортного проживания. Из техники: кондиционер, смарт тв, пмм, свч, индукционная плита, холодильник, стиральная машина, проточный водонагреватель (в случае отключения горячей воды), встроенный в кран фильтр питьевой воды. Дом оснащен двумя пассажирскими и одним грузовым лифтами. Для автовладельцев в ЖК имеется подземная парковка (не входит в стоимость аренды). ЖК расположен на границе ЦАО. В пешей доступности МЦД Калитники, 10 минут и вы на Курской. Рядом с ЖК находится автобусная остановка, от которой можно доехать за 15 минут до метро Волгоградский проспект. Также в пешей доступности ходит трамвай А, который домчит вас до метро Павелецкая, Третьяковская и Чистые пруды. Студия идеально подходит для проживания одного человека. Ждем аккуратного и ответственного жильца. Условия: Свет, вода и интернет оплачиваются отдельно. Без животных и детей. Курение в студии строго запрещено. Риелтор Анна Ковашова Суперагент +7 985 238-11-... Написать 4 часа назад сегодня, 16:53",,https://www.cian.ru/cat.php?deal_type=rent&district%5B0%5D=8&engine_version=2&offer_type=flat&room9=1&type=4&p=1,2026-04-11T18:01:04+00:00
665,325806419,ЮВАО,https://www.cian.ru/rent/flat/325806419/?context=3.pQ2yCPkjxGs.XHDPkOs7CgCw85t0cNvXXLeh3629imEoSEfTbsShlrkSNLo4C-BgwsUkOSAjvuGD4-GiChxw1GA6pQ&mlSearchSessionGuid=ed8c50e31ba8d51b43293c18df2dff99,1/21,458000,23.4,11,21,,"1/21 Апартаменты-студия, 23,4 м², 11/21 этаж Калитники 10 минут пешком Москва , ЮВАО , р-н Нижегородский , м. Калитники , Автомобильный проезд , 4 58 000 ₽/мес. От года, комм. платежи включены (без счётчиков), комиссия 50%, залог 60 000 ₽ Сдаётся впервые уютная студия с дизайнерским ремонтом в современном ЖК бизнес класса Nict Loft (Найс Лофт). Общая площадь апартаментов — 23.4 кв. м, жилая — 14 кв. м. Студия находится на 8-м этаже 21-этажного дома, откуда открывается потрясающий вид во двор. Внутри выполнен стильный дизайнерский ремонт. Есть вся необходимая мебель для комфортной жизни Из техники — кондиционер, холодильник, телевизор, посудомоечная и стиральная машины. Ванная комната оборудована душевой кабиной и водонагревателем. Дом оснащён двумя пассажирскими и двумя грузовыми лифтами, а также удобным пандусом. Для автовладельцев предусмотрена многоуровневая парковка. В непосредственной близости от дома находится магазин Пятерочка , пункты Ozon и WB. что делает это место идеальным для проживания. До метро Волгоградский проспект можно дойти пешком всего за 20 минут. Спорт-кластер: от ледовых арен до сквош-зала и OФП - Супер-заботливый лобби: интерактив, мини-сад, комфорт и сервис - 5 мин до ТТК, 10 мин до МЦД, 20 мин до метро — всё под рукой - Безопасный дом, паркинг, инфраструктура и парковые зоны Условия аренды: обеспечительный платеж - 60 000 Апартаменты идеально подойдут для комфортного проживания одного или двух человек. Не упустите возможность снять эту замечательную студию! Ставьте в Избранное, чтобы не потерять этот вариант. Записывайтесь на просмотр, и мы с удовольствием покажем ваш будущий дом и подготовим документы для заселения. Агентство недвижимости Содружество Суперагент +7 985 000-83-... Написать два дня назад 9 апр, 15:17",,https://www.cian.ru/cat.php?deal_type=rent&district%5B0%5D=8&engine_version=2&offer_type=flat&room9=1&type=4&p=3,2026-04-11T18:01:04+00:00
632,328298236,ЮВАО,https://www.cian.ru/rent/flat/328298236/?context=3.erIBKsoa0yA.Vd4lWwtlrytmkDVbFd8VhgTTeD0dJTHVokjG3uiZeLDtQf1ZA7uoZnY--E5JQWfEBCotlr5zzC1ACA&mlSearchSessionGuid=90859fc1bd5c3e614b062d4ad6282842,1/13,460000,17.0,11,17,,"1/13 Студия, 17 м², 11/17 этаж Только на Циан Волгоградский проспект 19 минут пешком Москва , ЮВАО , р-н Нижегородский , м. Калитники , Автомобильный проезд , 4 60 000 ₽/мес. От года, комм. платежи включены (без счётчиков), комиссия 50%, залог 60 000 ₽ Представляю вашему вниманию уникальную квартиру с дизайнерским ремонтом в современном монолитно-кирпичном доме 2025 года постройки. Расположенная в новом спортивном жилом комплексе Найс Лофт, эта квартира находится в пределах Третьего транспортного кольца, предлагая идеальное сочетание спокойной жизни и легкого доступа ко всем преимуществам центра Москвы. Пространство и комфорт: Просторная комната: Идеальное место для отдыха и сна. Удобная кровать и вместительный шкаф для хранения обеспечат максимальный комфорт. Современная кухня: Оснащена стильной мебелью и всей необходимой встроенной бытовой техникой, включая холодильник и микроволновую печь. Здесь вы сможете с удовольствием готовить любимые блюда. Удобства: Квартира оборудована стиральной машиной для вашего удобства. Совмещенный санузел: Выполнен в современном стиле с акцентом на качество. Высококлассная сантехника и просторная душевая кабина создают атмосферу спа-салона. Преимущества дома и ЖК: Высокий этаж: Квартира расположена на11 этаже 24-этажного дома, откуда открывается приятный вид. Современная инфраструктура: В доме функционируют два пассажирских и один грузовой лифт, обеспечивая быстрый и удобный доступ к вашему этажу. Безопасность и удобство: Для жителей комплекса предусмотрена парковка за шлагбаумом во дворе, что гарантирует безопасность ваших автомобилей. Новый спортивный ЖК: Найс Лофт — это современный жилой комплекс, где вы сможете наслаждаться активным образом жизни. Эта квартира — идеальный выбор для тех, кто ценит стиль, комфорт и удобное расположение. Добро пожаловать в ваш новый дом! Номер объекта: #1/536958/24838 Агентство недвижимости City Real Estate Документы проверены +7 916 935-64-... Написать 4 часа назад сегодня, 16:11",,https://www.cian.ru/cat.php?deal_type=rent&district%5B0%5D=8&engine_version=2&offer_type=flat&room9=1&type=4&p=2,2026-04-11T18:01:04+00:00
647,327561933,ЮВАО,https://www.cian.ru/rent/flat/327561933/?context=3.KseuUGaf6DE.XOJfPYfWlrau68NJwnXdXlylifpr9SnymQDNzrykRjC2w6BT0a-XHlcu5a-0fJiO2oxxMU2RDiAiqA&mlSearchSessionGuid=ed8c50e31ba8d51b43293c18df2dff99,1/19,460000,20.0,6,21,,"1/19 Апартаменты-студия, 20 м², 6/21 этаж Проверено в Росреестре Калитники 10 минут пешком Москва , ЮВАО , р-н Нижегородский , м. Калитники , Автомобильный проезд , 4 60 000 ₽/мес. На несколько месяцев, комм. платежи включены (без счётчиков), без комиссии, залог 50 000 ₽ Стильные апартаменты-студия с дизайнерским ремонтом. Интерьер, выполненный в натуральных оттенках, создает атмосферу комфорта и уюта, а большие окна заметно расширяют пространство. УСЛОВИЯ АРЕНДЫ: Проживание 4-6 месяца - 60 000 руб / мес; Проживание 2-3 месяца - 75 000 руб/мес; Проживание 1 месяц - 85 000 руб / мес; ______________________________________________ Счетчики и интернет оплачиваются Арендатором Арендные отношения оформляются договором. АПАРТАМЕНТЫ УКОМПЛЕКТОВАНЫ вплоть до деталей: от посуды до уборочного инвентаря. МЕБЕЛЬ И ТЕХНИКА — новые и качественные: - кухня с варочной панелью, микроволновкой и холодильником; - вместительные шкафы и гардероб; - кондиционер, стиральная машина, чайник, фен, гладильная доска, утюг, водонагреватель; - ортопедический матрас; ОСОБЕННОСТИ: - современный дом бизнес-класса с чистыми подъездами; - панорамные окна; - ресепшен и большое лобби; - закрытая охраняемая территория, видеонаблюдение; - двор без машин; - просторная терраса для жильцов; - магазины расположены в доме РАСПОЛОЖЕНИЕ И ТРАНСПОРТНАЯ ДОСТУПНОСТЬ: - район с развитой инфраструктурой — рядом магазины, кафе, спортзал, аптека. - быстрый выезд на ТТК и центр Ук・оф.Представитель ID 131469501 Документы проверены +7 916 210-00-... Написать вчера вчера, 15:45",,https://www.cian.ru/cat.php?deal_type=rent&district%5B0%5D=8&engine_version=2&offer_type=flat&room9=1&type=4&p=3,2026-04-11T18:01:04+00:00
661,328043091,ЮВАО,https://www.cian.ru/rent/flat/328043091/?context=3.c3A_v0juYbc.54vDTaGvVmiVoKclPAiraT5bbCA1d5N1h0Sy-f55SOaY_0Roll6wGIZ-mJsop8Pa4U8-H5NPGoK3jA&mlSearchSessionGuid=ed8c50e31ba8d51b43293c18df2dff99,1/37,460000,24.0,10,32,,"1/37 Студия, 24 м², 10/32 этаж Только на Циан Угрешская 6 минут пешком Москва , ЮВАО , р-н Южнопортовый , м. Угрешская , Волгоградский проспект , 32/5к4 60 000 ₽/мес. От года, комм. платежи включены (без счётчиков), комиссия 50%, залог 60 000 ₽ ВНИМАНИЕ! СООБЩЕНИЯ НЕ ЧИТАЕМ!!! В ЦИАНе очень криво сделана функция отражения графика работы риэлторов и полностью привязана к включению сообщений-поэтому сообщения включены формально. Пожалуйста, ЗВОНИТЕ!! строго с 11 до 23ч. Юлия, Москва, ЖК ""МЕТРОПОЛИЯ"", корпус ""Владивосток"", Волгоградский проспект 32/5 к4 -5 мин. пешком от метро Волгоградский проспект. СДАЁТСЯ ВПЕРВЫЕ ВЕЛИКОЛЕПНАЯ, СТИЛЬНАЯ, УЮТНАЯ, НОВАЯ СОВРЕМЕННАЯ КВАРТИРА-СТУДИЯ С ДИЗАЙНЕРСКИМ ЕВРОРЕМОНТОМ, выполненным из качественных и дорогих материалов - грамотно-продуманное решение пространства, использован каждый сантиметр! Большое количество встроенных шкафов позволит вам комфортно разместить вам все вещи и гардероб. Встроенная евро-кухня под единой столешницей с абсолютно всей новой бытовой техникой: варочная поверхность, духовой шкаф, вытяжка, СВЧ, двухкамерный холодильник, ПОСУДОМОЕЧНАЯ МАШИНА. Диван-аккордеон легко превращается в комфортную двуспальную кровать с независимыми пружинами. ЖК ТВ. Санузел евростандарт совмещенный С ВАННОЙ! Стиральная машина-автомат.СУШИЛЬНАЯ МАШИНА. КОНДИЦИОНЕР. Панорамный вид из окна на солнечную внешнюю сторону. ПОЛНОСТЬЮ ГОТОВА К ЗАСЕЛЕНИЮ! Показ оперативно - по договорённости, КЛЮЧИ НА РУКАХ! На длительный срок. Оплата+счётчики. Риелтор Юлия Шарапова Суперагент +7 985 102-75-... Написать 18 часов назад сегодня, 01:20",,https://www.cian.ru/cat.php?deal_type=rent&district%5B0%5D=8&engine_version=2&offer_type=flat&room9=1&type=4&p=3,2026-04-11T18:01:04+00:00
657,316217430,ЮВАО,https://www.cian.ru/rent/flat/316217430/?context=3.bdGl263lfDA.CRahjuaAe_g7jI26YOqUZCOyq0aSng96l6fabUF87C-6vBqsKXcQD73vUhHVDGf_dZ2VL_G8Pg74qg&mlSearchSessionGuid=ed8c50e31ba8d51b43293c18df2dff99,1/16,552500,21.0,9,16,,"1/16 Студия, 21 м², 9/16 этаж Только на Циан Проверено в Росреестре Нижегородская 3 минуты пешком Москва , ЮВАО , р-н Нижегородский , м. Нижегородская , Рязанский проспект , 5 52 500 ₽/мес. От года, комм. платежи включены (без счётчиков), без комиссии, залог 52 500 ₽ Комфортабельная гармоничная студия, отличный капитальный ремонт, в шаговой доступности от метро, МЦД и МЦК Нижегородская. Быстрый выезд на авто на ТТК и МСД. До метро Китай-город 15 минут на автобусе. Огромный встроенный шкаф во всю стену. Дорогой двуспальный диван с пружинным блоком и положением комфорт. Качественная исправная техника. Полностью укомплектованная кухня. Кондиционер. Ванна 170 см. 9 этаж 16-этажного дома. Красивый вид из окна. Рядом торговый центр Город - фуд-корт, Ашан, много разных магазинов. Адекватная хозяйка. Тихие соседи. Сдается напрямую без риэлтора без детей и животных. ----- Примечание: у собственника могут быть дополнительные пожелания к жильцам - обсудите их в чате или по телефону Собственник ID 101070698 Документы проверены +7 917 542-43-... Написать три дня назад 8 апр, 13:11",,https://www.cian.ru/cat.php?deal_type=rent&district%5B0%5D=8&engine_version=2&offer_type=flat&room9=1&type=4&p=3,2026-04-11T18:01:04+00:00
613,328464105,ЮВАО,https://www.cian.ru/rent/flat/328464105/?context=3.JbZW1p9TutQ.ek241slTjq2MoCcxmsdvbaywxJJLAiHFogQVGHFrx3R92fUQWAvSa2nXrNTVY_gQGQ4Sr-fI2hXsfw&mlSearchSessionGuid=a71bfb582bcc1c89cf05725c3dd9b516,1/25,565000,25.9,5,8,,"1/25 Студия, 25,9 м², 5/8 этаж Только на Циан Волгоградский проспект 5 минут пешком Москва , ЮВАО , р-н Южнопортовый , м. Волгоградский проспект , Волгоградский проспект , 32к5 65 000 ₽/мес. От года, комм. платежи включены (без счётчиков), комиссия 50%, без залога Дoлгоcpочная aренда (договoр нa 11 меcяцeв) Пpeдставляeм вашeму внимaнию cтильную пpoсторную студию в ЖК Бизнec-клаcсa ""Метрополия "" площaдью 25 кв.м. Бытoвая теxникa: стиpaльная машинa, пocудомoечная машинa, холодильник, микpoвoлновaя пeчь, ваpoчная панель, духoвка, вытяжка,утюг, cушилкa для бeлья,а так жe вcе неoбxодимое для комфортного проживания, в т.ч. посуда и постельное белье. В квартире имеются теплые полы Район обладает насыщенной и развитой инфраструктурой: до метро "" Угрешская"" 6-10 минут пешком до метро ""Волгоградский проспект"" 11-15 минут пешком до метро ""Дубровка"" 16-20 мин. прогулочным шагом В пешей доступности продуктовые супермаркеты- Пятерочка,Магнит,Вкус Вил,салоны красоты, кафе-рестораны, закусочные, автосервисы, аптеки и медицинские учреждения. Условия проживания по Тарифу Комфортное проживание: - 50% от арендного платежа при заселении; - Раннее бронирование объекта (за 3 дня до заселения); - Персональный менеджер на всех этапах аренды быстро реагирует на запросы - большинство бытовых вопросов решаем за 48 часов; - Страхование гражданской ответственности до 300 т.р.; - Организация мелкого ремонта. Коммунальные платежи: электроэнергия, хвс\гвс, услуги интернет провайдера, расходы за отопление дома/квартиры оплачивает арендатор. Заселение только при наличии постоянной регистрации. Без животных. Агентство недвижимости СМАРЕНТ Документы проверены +7 985 853-93-... Написать пять дней назад 6 апр, 12:14",,https://www.cian.ru/cat.php?deal_type=rent&district%5B0%5D=8&engine_version=2&offer_type=flat&room9=1&type=4&p=1,2026-04-11T18:01:04+00:00
591,326159535,ЮВАО,https://www.cian.ru/rent/flat/326159535/?context=3.gQ-3jnUqmkE.qXmCm4ZIF9euw6GacSDsWj7YVVnW0G6HQ6geKlp_LIqZ8l1voFozXHMQoI82e2OCOlCwGP7nKyKxhA&mlSearchSessionGuid=a71bfb582bcc1c89cf05725c3dd9b516,1/14 Ещё фото,647000,19.5,14,25,,"1/14 Ещё фото Пешком до метро! Студия, 19,5 м², 14/25 этаж Перерва 12 минут пешком Москва , ЮВАО , р-н Люблино , м. Перерва , Люблинская улица , 80к6 47 000 ₽/мес. От года, комм. платежи включены (без счётчиков), комиссия 60%, без залога Сдаётся светлая квартира-студия с евроремонтом и совмещённым санузлом в ЖК Люблинский парк! Без депозита! Её можно посмотреть когда Вам удобно: бронируете время, забираете ключи или встречаетесь с нашим представителем и спокойно осматриваете. Если всё понравится, договор подпишем онлайн и будем поддерживать Вас на всех этапах аренды. В квартире есть: - Кухонный гарнитур; - Варочная панель; - Холодильник; - Стиральная машина; - Вытяжка. Полы — ламинат и плитка. Окна выходят во двор, на восток. Во дворах обустроены детские площадки, двор без машин. На территории дома есть бесплатные парковочные места. Собственник готов заселить не более 2 взрослых жильцов с детьми, обсудить оформление временной регистрации, докупить мебель/технику или заключить договор с юридическим лицом. Можно с небольшим домашним питомцем по согласованию. Дом находится в районе с развитой инфраструктурой: в пешей доступности находятся продуктовые супермаркеты, школы, детские сады, медицинские учреждения, салоны красоты. Недалеко — парк Героев Отечественной войны 1812 года. В 18 минутах пешком — станция МЦД-2 Перерва, в 20 минутах — м. Братиславская. Автомобилистам будет удобно выезжать на Люблинскую улицу. Агентство недвижимости ПИК-Аренда Документы проверены Посмотреть все объекты +7 916 760-62-... Написать 5 часов назад сегодня, 15:40",,https://www.cian.ru/cat.php?deal_type=rent&district%5B0%5D=8&engine_version=2&offer_type=flat&room9=1&type=4&p=1,2026-04-11T18:01:04+00:00
645,328616758,ЮВАО,https://www.cian.ru/rent/flat/328616758/?context=3.ZLpnniDMLT0.O2FrcXPk58uOItKNx4RG5kGK0DBX76Tow9RJb4fD6sSqaBp_Pd0jugg8muj4VmlmFKm6_B2yRcJIdg&mlSearchSessionGuid=ed8c50e31ba8d51b43293c18df2dff99,1/10,743000,17.6,4,21,,"1/10 Апартаменты-студия, 17,6 м², 4/21 этаж Только на Циан Калитники 10 минут пешком Москва , ЮВАО , р-н Нижегородский , м. Калитники , Автомобильный проезд , 4к7 43 000 ₽/мес. На несколько месяцев, комм. платежи включены (счётчики включены), комиссия 50%, залог 43 000 ₽ студия с новым хорошим ремонтом , в помещении никто не жил, подойдет для молодой пары. залог можно разбить до трех месяцев. Риелтор Олег Алексеевич Суперагент +7 986 264-10-... Написать вчера вчера, 07:34",,https://www.cian.ru/cat.php?deal_type=rent&district%5B0%5D=8&engine_version=2&offer_type=flat&room9=1&type=4&p=3,2026-04-11T18:01:04+00:00
667,328745018,ЮВАО,https://www.cian.ru/rent/flat/328745018/?context=3.tNHjNgyiycY.8i64SvCU_bySZvfXChX7eBQSBzwRytSqHKaRYR40FLTJPMnX_9NL_AuXByXou8A5akn4e8QhQ79kng&mlSearchSessionGuid=ed8c50e31ba8d51b43293c18df2dff99,1/11,875000,26.5,8,10,,"1/11 Апартаменты-студия, 26,5 м², 8/10 этаж Только на Циан Серп и Молот 9 минут пешком Москва , ЮВАО , р-н Лефортово , м. Серп и Молот , улица Золоторожский Вал , 8 75 000 ₽/мес. От года, комм. платежи включены (без счётчиков), без комиссии, залог 75 000 ₽ Сдаётся впервые! Стильная студия в современном ЖК Золоторожский, рядом метро Площадь Ильича / Римская, ж/д станция Серп и Молот. В нашем предложении есть всё необходимое для вашего комфортного проживания! Кухонная зона со встроенным холодильником, посудомоечной машиной, духовым шкафом и микроволновой печью, удобная обеденная зона. Качественный диван Askona — вам будет комфортно отдыхать ночью. В прихожей размещён вместительный шкаф. Установлены кондиционер и бойлер на время отключения горячей воды, очень хорошая шумоизоляция. В апартаментах сделан стильный дизайнерский ремонт из качественных материалов. Дополнительная необходимая техника и мебель обсуждаются. Дом бизнес-класса с огороженной территорией, охраной, системой видеонаблюдения, консьерж-службой, подземным и наземным охраняемым паркингом. В пешей доступности рестораны, кофейни, магазины на любой вкус, пункты выдачи маркетплейсов, уютные прогулочные зоны. Остались вопросы? Звоните! Оксана Риелтор Оксана Оксименко Суперагент +7 915 297-85-... 2 часа назад сегодня, 18:32",,https://www.cian.ru/cat.php?deal_type=rent&district%5B0%5D=8&engine_version=2&offer_type=flat&room9=1&type=4&p=3,2026-04-11T18:01:04+00:00
598,315513391,ЮВАО,https://www.cian.ru/rent/flat/315513391/?context=3.flbJvNhZI9Q.VyvZkZpvCf568fz9SlMt8imM5fncqUFu0n0kWl20piTVrzdXghyShuC6l7JsCw_jGyXFjlDSYIP8pg&mlSearchSessionGuid=a71bfb582bcc1c89cf05725c3dd9b516,1/12 Ещё фото,880000,35.1,10,12,,"1/12 Ещё фото 1-комнатная студия (собственник) Студия, 35,1 м², 10/12 этаж Ранний доступ Проверено в Росреестре Лефортово 13 минут пешком Москва , ЮВАО , р-н Лефортово , м. Лефортово , Боровая улица , 8 80 000 ₽/мес. От года, комм. платежи включены (без счётчиков), без комиссии, залог 80 000 ₽ Собственник Студия с хорошим современным ремонтом Все фото соответствуют реальности В квартире большое панорамное окно от стены до стены - квартира светлая В квартире имеется: встроенный холодильник, плита, духовка с функцией подогрева, стиральная машина, нагреватель воды, биде, кондиционер В пешей доступности станции метро: Лефортово, Электрозаводская, Семеновская, Авиамоторная, Приятный обустроенный район, много зелени Рядом магазин Пятерочка, банк, почта, поликлиника Недалёко Лефортовский парк Цена: 80000 руб + переменные расходы Депозит: 80000 руб ( можно разбить) Собственник ID 17298783 Документы проверены Посмотреть все объекты +7 985 611-19-... Написать 15 минут назад сегодня, 20:42",,https://www.cian.ru/cat.php?deal_type=rent&district%5B0%5D=8&engine_version=2&offer_type=flat&room9=1&type=4&p=1,2026-04-11T18:01:04+00:00
629,327375667,ЮВАО,https://www.cian.ru/rent/flat/327375667/?context=3.vUhUPsWnZGg.yn4aJjpqNpeVB9PRlWSP73SsrFjKEp3ZivZrQOMv79nAMpCu8k5MRDTaD9rxQ-e5sD6SHbkVT2sDPg&mlSearchSessionGuid=90859fc1bd5c3e614b062d4ad6282842,1/18,1060000,26.9,9,32,,"1/18 Студия, 26,9 м², 9/32 этаж Только на Циан Нижегородская 8 минут пешком Москва , ЮВАО , р-н Нижегородский , м. Нижегородская , Газгольдерная улица , 10 60 000 ₽/мес. От года, комм. платежи включены (без счётчиков), комиссия 50%, без залога За объект уже внесли аванс Cдаетcя уютнaя студия ЖK Пpофит новая, свeтлая cтудия с дизaйнepcким pемoнтoм oт кoмпaнии Smarent. Квартира рacполoжeна на 9 этаже . Идeaльная тpaнcпoртнaя доступность - в 5 минутах xодьбы нaходится ст. мeтрo Hижeгорoдcкая, кoтoрая входит в крупнейший в Eвропе тpанспоpтнo-пepесадочный узел. В его составе: две станции метро, станции МЦК, МЦД и Горьковского направления МЖД. До ст. м Таганская можно добраться наземным транспортом за 20 мин, МЦК Москва Сити (Деловой Центр) 30 мин., Нескучный Сад в Парке Горького - 25 минут. Для автомобилистов удобный быстрый выезд на ТТК и Садовое Кольцо. Рядом большой торговый центр ""Город"", Леруа. Закрытый двор с детскими площадками и фитнес-зоной, а также большой подземный паркинг. Машиноместо можно снять по доступной цене. Бытовая техника: стиральная машина, холодильник, варочная панель, СВЧ печь, телевизор, электрический чайник. Есть всё необходимое для жизни УСЛОВИЯ ПРОЖИВАНИЯ: Тариф Комфортное проживание -50% от арендного платежа - Раннее бронирование объекта (за 3 дня до заселения) - Персональный менеджер на всех этапах аренды быстро реагирует на запросы - большинство бытовых вопросов решаем за 48 часов - Страхование гражданской ответственности до 0,3 млн ₽ - Организация мелкого ремонта ! Коммунальные платежи: электроэнергия, хвс\гвс, услуги интернет провайдера, расходы за отопление дома/квартиры оплачивает арендатор. ! Заселение только при наличии постоянной регистрации РФ. Строго без животных. Агентство недвижимости СМАРЕНТ Документы проверены +7 985 853-93-... Написать вчера вчера, 16:10",,https://www.cian.ru/cat.php?deal_type=rent&district%5B0%5D=8&engine_version=2&offer_type=flat&room9=1&type=4&p=2,2026-04-11T18:01:04+00:00
610,327867504,ЮВАО,https://www.cian.ru/rent/flat/327867504/?context=3.5RhCmIi3U0g.w9wlK6LScHA0qeBlQtBenEgDoA4K3iNm69iekFiJPNf1sHRn_0DDpWTqf8dF5V5KBTDNN3vpse00tA&mlSearchSessionGuid=a71bfb582bcc1c89cf05725c3dd9b516,1/8,1065000,33.0,18,32,,"1/8 Студия, 33 м², 18/32 этаж Только на Циан Нижегородская 9 минут пешком Москва , ЮВАО , р-н Нижегородский , м. Нижегородская , Газгольдерная улица , 10 65 000 ₽/мес. От года, комм. платежи включены (без счётчиков), комиссия 50%, залог 65 000 ₽ Эксклюзивное предложение! Сдаётся студия, от метро Нижегородская до 5 минут пешком. В квартире выполнен дизайнерский ремонт. Планировка с зонированием спальни, полноценная кухня и совмещённый санузел. Есть вся необходимая мебель и техника. Наземная парковка за шлагбаумом. При симпатии депозит разбивается. Звоните, оперативно проведём показ! Агентство недвижимости Не для галочки Суперагент +7 985 302-67-... Написать 11 часов назад сегодня, 09:44",,https://www.cian.ru/cat.php?deal_type=rent&district%5B0%5D=8&engine_version=2&offer_type=flat&room9=1&type=4&p=1,2026-04-11T18:01:04+00:00
600,325424262,ЮВАО,https://www.cian.ru/rent/flat/325424262/?context=3.N_6T-iqdTJI.IA-2oXMutXVprZkGSHf2PtQi1IOHwspnDKxq0M-mknIabwjH0-lUawNuR9ODZXBR2GB-TP27i3Kz-Q&mlSearchSessionGuid=a71bfb582bcc1c89cf05725c3dd9b516,1/14,1070000,25.6,9,31,,"1/14 Сдается впервые помле ремонта Студия, 25,6 м², 9/31 этаж Только на Циан Нижегородская 9 минут пешком Москва , ЮВАО , р-н Нижегородский , м. Нижегородская , Газгольдерная улица , 10 70 000 ₽/мес. От года, комм. платежи включены (без счётчиков), без комиссии, залог 75 000 ₽ Сдается новая стильная уютная квартира-студия общей площадью 25,6 кв м. Располагается на 12 этаже. Окна выходят на улицу. Техника в квартире: стиральная машина, индукционная варочная панель с 2 конфорками, полноразмерный холодильник, духовой шкаф с функцией микроволновки, вытяжка, кондиционер, проточный водонагреватель, электрочайник, беспроводной пылесос, утюг. Квартира обставлена удобной мебелью: полноразмерная кровать шириной 160 см с подъемным механизмом, анатомический матрас Askona (высота 17 см), прикроватная тумбочка, стеллаж, комод, большой шкаф для одежды, обеденный стол с 2 стульями, пуфик, зеркало. Также есть стремянка и гладильная доска. Санузел с ванной (170 см) площадью 3,2 кв м. Кроме того имеется набор посуды: кастрюли, сковорода, чашки, тарелки, салатники, столовые приборы. Квартира сдается впервые после ремонта. Договор найма заключается на 11 месяцев Коммунальные платежи: электроэнергия, ХВС, ГВС, отопление, интернет оплачиваются арендатором. Риелтор Марианна Маринычева Суперагент +7 915 267-45-... Написать 5 часов назад сегодня, 15:40",,https://www.cian.ru/cat.php?deal_type=rent&district%5B0%5D=8&engine_version=2&offer_type=flat&room9=1&type=4&p=1,2026-04-11T18:01:04+00:00
648,323461704,ЮВАО,https://www.cian.ru/rent/flat/323461704/?context=3.2lKlSXC7LcY.tzLapfDCtFcmqcA-wSHKmH_eCUhNP2bKFN0aYoYvSSfIlVxAmrCzmJLhskOB6336KIm1Jnr60ApJtg&mlSearchSessionGuid=ed8c50e31ba8d51b43293c18df2dff99,1/11,1648000,26.0,1,6,,"1/11 Апартаменты-студия, 26 м², 1/6 этаж Только на Циан Марьино 19 минут пешком Москва , ЮВАО , р-н Марьино , м. Перерва , улица Перерва , 16 48 000 ₽/мес. От года, комм. платежи включены (без счётчиков), без комиссии, залог 53 000 ₽ Сдаются уютные комфортабельные апартаменты, с дизайнерским ремонтом. Все готово для комфортного проживания! Расположены на цокольном этаже, БЕЗ ОКОН, апартаменты оснащены приточно-вытяжной вентиляцией ID 29917666 +7 985 476-77-... Написать 2 недели назад 28 мар, 13:55",,https://www.cian.ru/cat.php?deal_type=rent&district%5B0%5D=8&engine_version=2&offer_type=flat&room9=1&type=4&p=3,2026-04-11T18:01:04+00:00
658,327917847,ЮВАО,https://www.cian.ru/rent/flat/327917847/?context=3.ZwBy2PGfdss.Ykl3tPrAQNCw5FtAQ1IseIf3tnVSOGSsT921ObVY2l4zVZey4XMWPOLfLusr6NgU50TaSMQl0uk-rQ&mlSearchSessionGuid=ed8c50e31ba8d51b43293c18df2dff99,1/14,2027000,29.2,5,23,,"1/14 Апартаменты-студия, 29,2 м², 5/23 этаж Только на Циан Волгоградский проспект 2 минуты пешком Москва , ЮВАО , р-н Южнопортовый , м. Волгоградский проспект , Новоостаповская улица , 20 27 000 ₽/мес. От года, комм. платежи включены (без счётчиков), без комиссии, залог 25 000 ₽ Арт. 129551791 На длительный срок сдаётся студия в ЖК HighWay 29.2 метра, строго под склад. 1 минута до метро Волгоградский проспект, 15 минут до станции МЦК Угрешская и до станции метро Дубровка. Агентство недвижимости Мечты в квадрате Суперагент +7 986 263-98-... Написать вчера вчера, 17:10",,https://www.cian.ru/cat.php?deal_type=rent&district%5B0%5D=8&engine_version=2&offer_type=flat&room9=1&type=4&p=3,2026-04-11T18:01:04+00:00
668,328702971,ЮВАО,https://www.cian.ru/rent/flat/328702971/?context=3.d4dRDNYOEXA.fH4_rbsLfX-6hNE8Ad42v9_mZtkksRLPFdJnZ5kw-V52pE7nPI37B6XLLZU-cCiAbEdZUqyd1Va46A&mlSearchSessionGuid=ed8c50e31ba8d51b43293c18df2dff99,1/7,2055000,30.0,4,14,,"1/7 Апартаменты-студия, 30 м², 4/14 этаж Жулебино 3 минуты пешком Москва , ЮВАО , р-н Выхино-Жулебино , м. Жулебино , улица Генерала Кузнецова , 20 55 000 ₽/мес. От года, комм. платежи включены (без счётчиков), комиссия 50%, залог 55 000 ₽ Ольга. Вашему вниманию предлагаются светлые, уютные ДВУХУРОВНЕВЫЕ апартаменты, первый уровень 20 метров, второй уровень 10 метров, высота потолков 4 метра. В апартаментах выполнен дизайнерский ремонт. В кухонной зоне: кухонный гарнитур, электрическая плита, холодильник, СВЧ. В жилой зоне: двуспальный диван, тумба под телевизор. На втором уровне двуспальная кровать, шкафы. Санузел совмещен, ванна, стиральная машина. В прихожей шкаф, комод. Страховой депозит разбивается на 2 части. Дом расположен в 1 МИНУТЕ ходьбы от метро Жулебино. Развитая инфраструктура, рядом ТЦ Миля, фудмолл Привоз, различные магазины, кафе, аптеки, поликлиники. Можно с маленьким и чистоплотным животным. Риелтор Екатерина Дрозд Суперагент +7 915 113-46-... Написать четыре дня назад 7 апр, 15:47",,https://www.cian.ru/cat.php?deal_type=rent&district%5B0%5D=8&engine_version=2&offer_type=flat&room9=1&type=4&p=3,2026-04-11T18:01:04+00:00
602,328323673,ЮВАО,https://www.cian.ru/rent/flat/328323673/?context=3.z0dgA54o61E.0ByP5LqbbHTg90OlBXbpGTV6II4-vOGAfTH8jn--9jJ8WcUmDoMcPOzvQbxNoC8CZb_7Hnl8wskILw&mlSearchSessionGuid=a71bfb582bcc1c89cf05725c3dd9b516,1/15,2057500,23.0,16,25,,"1/15 Комиссия 0% + Самая низкая цена! Апартаменты-студия, 23 м², 16/25 этаж Волгоградский проспект 3 минуты пешком Москва , ЮВАО , р-н Южнопортовый , м. Волгоградский проспект , Новоостаповская улица , 20 57 500 ₽/мес. От года, комм. платежи включены (без счётчиков), без комиссии, залог 57 500 ₽ УНИКАЛЬНОЕ ПРЕДЛОЖЕНИЕ: 1) Без комиссии для арендатора ! 2) Самая низкая цена за дизайнерскую студию в ЖК бизнес-класса в пределах ТТК ! 3) До метро 1 мин пешком ! Сдается на длительный срок стильная студия 23 кв.м. с дизайнерским ремонтом в современном ЖК бизнес-класса ХайВэй. АДРЕС: г. Москва, ул. Новоостаповская, д. 20. ЭТАЖ: 16 из 25. ПЛОЩАДЬ: 23 кв.м. (комната 18 кв.м., кухня-гостиная 5 кв.м.). РЕМОНТ: Объект в идеальном состоянии, дизайнерский ремонт. ОТДЕЛКА САНУЗЛА: Совмещенный санузел с душевой кабиной. ПОЛНОЕ ОСНАЩЕНИЕ МЕБЕЛЬЮ И ТЕХНИКОЙ: • Кондиционер. • Большой холодильник. • Стиральная машина. • Стеклокерамическая варочная панель. • Вытяжной шкаф. • Микроволновая печь. • ! 3 ОГРОМНЫХ ГАРДЕРОБНЫХ ШКАФА ! ЛОКАЦИЯ И ТРАНСПОРТ: • 1 минута пешком до м. Волгоградский проспект. • 10 минут пешком до м. Дубровка. • 12 минут пешком до м. Угрешская. • 10 минут на автомобиле до Садового кольца. • 10 минут до центра Москвы на метро. ИНФРАСТРУКТУРА ЖК ХАЙВЭЙ: • Комплекс бизнес-класса с подземным паркингом. • Вся необходимая инфраструктура. •Прямо в доме продуктовый супермаркет Дикси. • Скоро в ЖК будет открыт собственный фитнес-центр с бассейном World Class. • Закрытая охраняемая территория с видеонаблюдением. • Благоустроенный двор. ФИНАНСОВЫЕ И ОРГАНИЗАЦИОННЫЕ УСЛОВИЯ: • Собственник действует как ИП. Аренда возможна как для физических лиц, так и для юридических лиц (для проживания конкретного сотрудника, указываемого в договоре). • ВСЯ ОПЛАТА СТРОГО ПО БЕЗНАЛИЧНОМУ РАСЧЕТУ. • ДЛЯ ПРОЖИВАНИЯ 1 ЧЕЛОВЕКА ИЛИ СЕМЕЙНОЙ ПАРЫ БЕЗ ДЕТЕЙ! • ПРОЖИВАНИЕ С ЖИВОТНЫМИ НЕ ДОПУСКАЕТСЯ. • В стоимость аренды включены коммунальные платежи. Дополнительно оплачиваются: электроэнергия, вода по счетчикам, интернет. Риелтор ID 123676766 Документы проверены +7 985 041-16-... Написать 30 минут назад сегодня, 20:25",,https://www.cian.ru/cat.php?deal_type=rent&district%5B0%5D=8&engine_version=2&offer_type=flat&room9=1&type=4&p=1,2026-04-11T18:01:04+00:00
653,328057567,ЮВАО,https://www.cian.ru/rent/flat/328057567/?context=3.U7RDXKl00dM.dVgXXTJWITDaiO66DQ3E35JhlgrNK0oP6le5oXLmKZiJzonGDrBrnDl4LHngZfv9veNvLB5nfo9tfw&mlSearchSessionGuid=ed8c50e31ba8d51b43293c18df2dff99,1/10,2060000,23.0,3,23,,"1/10 Апартаменты-студия, 23 м², 3/23 этаж Только на Циан Волгоградский проспект 3 минуты пешком Москва , ЮВАО , р-н Южнопортовый , м. Волгоградский проспект , Новоостаповская улица , 20 60 000 ₽/мес. От года, комм. платежи включены (без счётчиков), комиссия 50%, залог 60 000 ₽ К Вашему вниманию предлагается: Новые Светлые апартаменты с удобным месторасположением, с качественной современной отделкой, разные вариации освещения, мягкий диван- кровать на два спальных места, сделанная на заказ кухня со встроенной техникой и большим количеством места под хранения вещей, смесители из латуни. Весь комплект посуды и кухонной утвари для комфортного проживания есть, ничего с собой привозить нет необходимости. Туалетная комната оснащена стиральной- сушильной машиной, огромной столешницей с раковиной из искусственного камня, большое зеркало с подсветкой, душевая кабина с тропическим душем, шкафы для хранения. В прихожей огромный шкаф- гардеробная для хранения одежды. Наполнение апартаментов: пылесос, кондиционер, холодильник, посудомоечная машина, стирально-сушильная машина, телевизор, доп кровать, 3 комплекта постельного белья, полотенца, чистящие средства. Расположение рядом с метро и центром Москвы, светлые комфортабельные апартаменты, закрытая охраняемая территория, собственный двухэтажный фитнес-клуб с бассейном, подземный паркинг, благоустроенный закрытый двор с ландшафтным озеленением и детскими площадками, модные кафе, магазины, салоны красоты, высокий уровень сервиса. Риелтор Людмила Сухорукова Суперагент +7 986 807-79-... Написать вчера вчера, 09:02",,https://www.cian.ru/cat.php?deal_type=rent&district%5B0%5D=8&engine_version=2&offer_type=flat&room9=1&type=4&p=3,2026-04-11T18:01:04+00:00
651,323255742,ЮВАО,https://www.cian.ru/rent/flat/323255742/?context=3.uogspQ9akWI.osPCuxnwGDCVMkbe5f8rs4iC-_F1MQcUR2vSV6-TDUsr149H_cMJyYyPdMpjRUo2IRLLX4gZ-_qXoQ&mlSearchSessionGuid=ed8c50e31ba8d51b43293c18df2dff99,1/15,2064000,21.0,7,23,,"1/15 Апартаменты-студия, 21 м², 7/23 этаж Только на Циан Волгоградский проспект 3 минуты пешком Москва , ЮВАО , р-н Южнопортовый , м. Волгоградский проспект , Новоостаповская улица , 20 64 000 ₽/мес. От года, комм. платежи включены (без счётчиков), без комиссии, залог 64 000 ₽ Собственник. Без комиссии! В долгосрочную аренду сдаётся уютная студия с евроремонтом. Апартаменты площадью 21 кв. м находятся на 7-м этаже 24-этажного здания. До метро 3 минуты пешком. В квартире есть всё необходимое для комфортного проживания. Кухонный гарнитур, встроенный холодильник, шкаф, диван, кондиционер, а также есть стиральная машина. Свежий ремонт. Санузел совмещённый, оборудован ванной. Окна выходят на улицу, но не на проезжую часть. На первых этажах работает продуктовый магазин ""Дикси"", также в комплексе открыты пункты выдачи ""Ozon"" и ""Wildberries"". Летом будет открыт фитнес-клуб с бассейном! Закрытая территория с пропускной системой. Подземный паркинг. Дом в отличном состоянии, оборудован двумя пассажирскими и одним грузовым лифтом. Надёжный интернет поможет вам всегда оставаться на связи и работать удалённо. Условия аренды: договор аренды Оплата аренды производится ежемесячно, дополнительно оплачивается залог. Собственник ID 109087665 +7 916 624-74-... Написать вчера вчера, 21:09",,https://www.cian.ru/cat.php?deal_type=rent&district%5B0%5D=8&engine_version=2&offer_type=flat&room9=1&type=4&p=3,2026-04-11T18:01:04+00:00
603,328255372,ЮВАО,https://www.cian.ru/rent/flat/328255372/?context=3.1xjYbDTS8vQ.wXZ2g4XECJ-VpxIycrns1XptMh1yv8lG2zwCsGfEi3tVf-ANRU1-ywcdZoxW10cmM-p_NsDBEcgmgA&mlSearchSessionGuid=a71bfb582bcc1c89cf05725c3dd9b516,1/18,2067000,27.0,11,23,,"1/18 Апартаменты-студия, 27 м², 11/23 этаж Волгоградский проспект 3 минуты пешком Москва , ЮВАО , р-н Южнопортовый , м. Волгоградский проспект , Новоостаповская улица , 20 67 000 ₽/мес. От года, комм. платежи включены (без счётчиков), комиссия 60%, залог 67 000 ₽ ВАШЕМУ ВНИМАНИЮ! м.Волгоградский проспект - 2 минуты пешком! Предлагается, светлая, уютная квартира. Квартира в отличном состоянии, после ремонта. Полностью укомплектована всей необходимой мебелью и техникой для комфортного проживания. В шаговой доступности магазины одежды и обуви, салоны красоты, бытовые услуги, спортклуб, продуктовые магазины. Заселение день в день. Оперативный показ. По всем вопросам звонить 24/7. Агентство недвижимости PREMIUM CITY Документы проверены +7 985 586-44-... Написать 6 часов назад сегодня, 14:26",,https://www.cian.ru/cat.php?deal_type=rent&district%5B0%5D=8&engine_version=2&offer_type=flat&room9=1&type=4&p=1,2026-04-11T18:01:04+00:00
638,327143324,ЮВАО,https://www.cian.ru/rent/flat/327143324/?context=3.jVo6_-x0TO0.MrHg6hKnoPQNBo7qzw4OZBaIseM8mBK1sikA8tNmiVtObXrXaPlosY86dij1V2xuf6RlxGv2D7hM_g&mlSearchSessionGuid=90859fc1bd5c3e614b062d4ad6282842,1/9,2069900,26.0,22,23,,"1/9 Апартаменты-студия, 26 м², 22/23 этаж Волгоградский проспект 3 минуты пешком Москва , ЮВАО , р-н Южнопортовый , м. Волгоградский проспект , Новоостаповская улица , 20 69 900 ₽/мес. От года, комм. платежи включены (без счётчиков), комиссия 50%, залог 75 000 ₽ Id 60982. Сдается просторная студия в ЖК ""HighWay"" ! Об апартаменте: - Квартира оснащена всей необходимой мебелью и техникой. - Большое панорамное окно. - Дизайнерский ремонт на стадии завершения. - Полностью укомплектована Главные преимущества комплекса Хайвей: - Метро ""Волгоградский проспект"" в 3 минутах ходьбы. - До центра города 10 минут на метро! - На первых этаж уже работает продуктовый магазин ""Дикси"", также в комплексе открыты пункты выдачи ""Ozon"" и ""Wildberries"" - Летом будет открыт фитнес-клуб с бассейном, до которых можно добраться не выходя из подъезда! - Закрытая территория с пропускной системой. - Подземный паркинг. - ЖК находится в активно развивающемся районе Москвы. - Рядом расположен торговый центр ""Дубровка"" известный своими положительными отзывами. Рассмотрим предложения, звоните для записи на показ, отвечаю быстро! Агентство недвижимости EstateLiga Документы проверены +7 916 863-15-... Написать три дня назад 8 апр, 19:25",,https://www.cian.ru/cat.php?deal_type=rent&district%5B0%5D=8&engine_version=2&offer_type=flat&room9=1&type=4&p=2,2026-04-11T18:01:04+00:00
608,328359692,ЮВАО,https://www.cian.ru/rent/flat/328359692/?context=3.nSkBBW3tI50.QtaZCehfBDxaGS8LUYgtW5Srg2i7iUiL87lAt4It4A7T546LrED7xwfuxsjXhGmHL3CLSHqc0gtTDw&mlSearchSessionGuid=a71bfb582bcc1c89cf05725c3dd9b516,1/10,2070000,29.0,14,22,,"1/10 студия, 29 м² в ЖК ""HighWay"" Апартаменты-студия, 29 м², 14/22 этаж Только на Циан Проверено в Росреестре Волгоградский проспект 3 минуты пешком Москва , ЮВАО , р-н Южнопортовый , м. Волгоградский проспект , Новоостаповская улица , 20 70 000 ₽/мес. От года, комм. платежи включены (без счётчиков), без комиссии, залог 70 000 ₽ Сдается апартаменты-студия, 29 м² на долгий срок уютная студия в первый раз, 2 минуты пешком до метро Волгоградский проспект. Удобный и быстрый выезд на 3-е транспортное кольцо. До садового кольца 2 станции метро, до метро Дубровка идти 10 минут. Новый ремонт, никто не жил. Сдается от собственника, без комиссии. Есть вся необходимая новая техника: телевизор 55 дюймов, кондиционер с функцией обогрева, посудомоечная и стиральная машинки, духовка, плита 4-х комфорки, встраиваемая микроволновка, вытяжка, водонагреватель, шторы блек аут. Предусмотрено огромное количество мест для хранения (в комнате и в ванной шкафы до потолка), есть гардеробная комната, в прихожей тумба для обуви и вешалка. Диван удобный, разбирается в 2-х спальное место. Территория ЖК огорожена и охраняется. Во дворе есть детская площадка, двор без машин. Квартира сдается 1 человеку без животных на срок от 11 месяцев. Без комиссии, отдельно оплачиваются свет, электричество и интернет. Апартаменты сдаются для одного человека, без детей и животных. С риелторами договора не заключаю. Собственник ID 50705515 +7 923 076-91-... Написать 10 часов назад сегодня, 10:40",,https://www.cian.ru/cat.php?deal_type=rent&district%5B0%5D=8&engine_version=2&offer_type=flat&room9=1&type=4&p=1,2026-04-11T18:01:04+00:00
611,327283374,ЮВАО,https://www.cian.ru/rent/flat/327283374/?context=3.17cLuKyeCQA.xoNBBbS0BxwbvaJVSDAsKwIHpr7OuSO6J_nsYmoCCmQdfVn1y36GXiGT90txuzRSIHoeA0PDXLP5fw&mlSearchSessionGuid=a71bfb582bcc1c89cf05725c3dd9b516,1/27,2070000,37.0,6,23,,"1/27 Апартаменты-студия, 37 м², 6/23 этаж Только на Циан Дубровка 15 минут пешком Москва , ЮВАО , р-н Южнопортовый , м. Волгоградский проспект , Новоостаповская улица , 20 70 000 ₽/мес. От года, комм. платежи включены (без счётчиков), комиссия 70%, залог 70 000 ₽ Впервые,любовь с первого взгляда ! Это та самая квартира в которой хочется жить! Она прекрасна! поторопитесь ! Всего в минуте ходьбы от метро,в новом стильном доме HighWay сдается обалденная ,комфортная,просторная студия 37 кв.м,для современных людей. Она просто куколка! Натяжные потолки,теплые полы,выполнен качественный свежий евро ремонт. Техника и мебель дорогая,красивая. Большой,вместительный шкаф ! Установлена шикарная кухня,установлены фильтры для чистки воды. Имеется посуда,встроенная посудомоечная машина! Все абсолютно новое! Уютная атмосфера создана для вашего комфортного проживания. Оплата коммунальных услуг полностью оплачивается нанимателем,согласно квитанции,сверху арендной оплаты. Достойная студия. Собственники замечательные люди. Рассмотрим на длительный срок платежеспособных,аккуратных людей. Риелтор Инна Светлова Суперагент +7 986 304-21-... Написать 3 часа назад сегодня, 17:11",,https://www.cian.ru/cat.php?deal_type=rent&district%5B0%5D=8&engine_version=2&offer_type=flat&room9=1&type=4&p=1,2026-04-11T18:01:04+00:00
590,328009833,ЮВАО,https://www.cian.ru/rent/flat/328009833/?context=3.UpN9cFNArcQ.D7EUCwmQqX6h4uXa_kg8SVv6JQLxjrzHMibmMwzJLgntLfiECG5Un9yzIOuNL6Uiyl6RoNjUxzGA7A&mlSearchSessionGuid=a71bfb582bcc1c89cf05725c3dd9b516,1/41 Ещё фото,2074999,27.0,14,22,,"1/41 Ещё фото Видовая, можно с мини собакой/кот Апартаменты-студия, 27 м², 14/22 этаж Волгоградский проспект 3 минуты пешком Москва , ЮВАО , р-н Южнопортовый , м. Волгоградский проспект , Новоостаповская улица , 20 74 999 ₽/мес. На несколько месяцев, комм. платежи включены (без счётчиков), без комиссии, залог 74 999 ₽ Замечательная студия с дорогим и современным ремонтом. Продуманная до мелочей. Здесь удобно и жить и работать. Большая кухня со всей встроенной техникой: двухкамерный холодильник, посудомоечная машина, микроволновая печь. Вместительная кровать 160 на 200 с ортопедическим матрасом, телевизор с 55 диагональю. Трехзонное освещение позволит настроить комфортный свет в квартире. Теплые полы по всей площади, кондиционер. Удобная ванная комната полностью оборудованная. Отдельная рабочая зона со своим освещением. Адаптированное место для подключения робот-пылесоса. Спешите, это супер отличный и качественный вариант. Оперативные показы с понедельника по пятницу. Риелтор Ильдар Канафеев Суперагент Посмотреть все объекты +7 917 566-42-... Написать 3 часа назад сегодня, 17:11 Как опередить это объявление?",,https://www.cian.ru/cat.php?deal_type=rent&district%5B0%5D=8&engine_version=2&offer_type=flat&room9=1&type=4&p=1,2026-04-11T18:01:04+00:00
644,328879254,ЮВАО,https://www.cian.ru/rent/flat/328879254/?context=3.KLZLeji5C3o.2QvlgnBNJiYJVBTEE3dtQt7Z8Wlt_V5vDPg4sUWE8t0Q4St-Sqz5uuh8bNXNZtcHlHbPcEawQLItow&mlSearchSessionGuid=90859fc1bd5c3e614b062d4ad6282842,1/14,2075000,27.5,2,23,,"1/14 Апартаменты-студия, 27,5 м², 2/23 этаж Ранний доступ Волгоградский проспект 3 минуты пешком Москва , ЮВАО , р-н Южнопортовый , м. Волгоградский проспект , Новоостаповская улица , 20 75 000 ₽/мес. От года, комм. платежи включены (счётчики включены), без комиссии, залог 70 000 ₽ Сдается на длительный срок студия 27,5 м2 с дизайнерским ремонтом в современном ЖК ХайВэй. Расположение ЖК 1 мин пешком до м. Волгоградский пр-т, 5 мин до м. Дубровка, 10 мин до м.Угрешская, вся необходимая инфраструктура, рядом магазин Дикси и др, закрытая охраняемая территория, благоустроенный двор и подземный паркинг. Ремонт: новый дизайнерский, идеальное состояние. санузел совместный с душевой зоной. Техника в квартире вся стильная и новая: большой холодильник, стиральная машина, микроволновая печь, духовой шкаф, телевизор, кондиционер, стеклокерамическая варочная панель, вытяжка. Мебель: кухня, большой шкаф купе, кровать с ортопедическим матрасом 200*160. полка под телевизор, кухонный стол и стулья. Сдается для одного человека или семейной пары, без детей и без животных. Дополнительно оплачивается стоимость коммунальных услуг ( вода, электричество, отопление) и интернет. Посредников прошу не беспокоить. Собственник ID 90497284 +7 915 243-42-... Написать 10 минут назад сегодня, 20:50",,https://www.cian.ru/cat.php?deal_type=rent&district%5B0%5D=8&engine_version=2&offer_type=flat&room9=1&type=4&p=2,2026-04-11T18:01:04+00:00
639,295985967,ЮВАО,https://www.cian.ru/rent/flat/295985967/?context=3.S75RiaGwJKw.KFlfvV2C-yb4wGxzUL-7L77RRwn8HyX3gwVe4WKKmluRFqve8rDgn-EUJ6Rhlw4eg81aglE2-rn0cw&mlSearchSessionGuid=90859fc1bd5c3e614b062d4ad6282842,1/17,2550000,13.7,4,4,,"1/17 Апартаменты-студия, 13,7 м², 4/4 этаж Только на Циан Авиамоторная 17 минут пешком Москва , ЮВАО , р-н Нижегородский , м. Авиамоторная , Подъемная улица , 14С25 50 000 ₽/мес. От года, комм. платежи включены (без счётчиков), комиссия 50%, залог 50 000 ₽ Сдается двухуровневая студия после косметического ремонта и клиннинга. Готова к заезду от 11 месяцев. Счетчики включены в стоимость аренды, которая указана в объявлении! В 12 минутах на транспорте от метро площадь Ильича, в 18ти минутах пешком до авиамоторной, в 10 минутах на транспорте мцд катилники. В студии есть все необходимое для проживания: кровать, холодильник, электрическая плита, духовая печь, микроволновая печка, стиральная машина, посудомоечная машина, кондиционер, телевизор, интернет, душевая кабина с санузлом, отопление. В 5 минутах от дома большое количество продуктовых магазинов, в 8 минутах от дома большой трц Город. Все документы в порядке. Без животных. ----- Примечание: у собственника могут быть дополнительные пожелания к жильцам - обсудите их в чате или по телефону Риелтор Максим Афонин Суперагент +7 916 910-49-... Написать 2 недели назад 26 мар, 04:47",,https://www.cian.ru/cat.php?deal_type=rent&district%5B0%5D=8&engine_version=2&offer_type=flat&room9=1&type=4&p=2,2026-04-11T18:01:04+00:00
627,328835465,ЮВАО,https://www.cian.ru/rent/flat/328835465/?context=3.-OTkDKS6F9A.7-BVg4wW0m1svm9mSbz1iuZwWlF3-fKzEe44rtvIQbf3srILYSQ8PELhRbwsWkD7eRhlHheFeDRKNQ&mlSearchSessionGuid=90859fc1bd5c3e614b062d4ad6282842,1/8,4545000,18.0,3,8,,"1/8 Апартаменты-студия, 18 м², 3/8 этаж Только на Циан Текстильщики 11 минут пешком Москва , ЮВАО , р-н Печатники , м. Текстильщики , Волгоградский проспект , 45 45 000 ₽/мес. На несколько месяцев, комм. платежи включены (без счётчиков), без комиссии, залог 45 000 ₽ Студия рядом с метро и БКЛ Текстильщики(6-9 минут )в здании магазин, недорогая уютная столовая , проходная система (Вас никто не украдет)) Без комиссии .от 5 месяцев. Квитанция оплачивается отдельно . Собственник ID 51522630 Документы проверены +7 985 289-26-... Написать 7 часов назад сегодня, 13:32",,https://www.cian.ru/cat.php?deal_type=rent&district%5B0%5D=8&engine_version=2&offer_type=flat&room9=1&type=4&p=2,2026-04-11T18:01:04+00:00
