id,listing_id,district,url,title,price_rub,area_m2,floor,total_floors,metro,address,description_snippet,source_page,scraped_at
461,301543961,ЮВАО,https://www.cian.ru/rent/flat/301543961/?context=3.6Yki-xmKC7U.WUqmDJnOf4kacbB216y6fZfXHIk5raxqABZRqgz5CnVwveYBs4r05NmYKsfmye0RPYcwEq82w7cPfw&mlSearchSessionGuid=c9ad8bd3221c048f7d6448682c56dd7b,1/12,40000,17.0,5,5,,"1/12 Текстильщики 15 мин пешком Апартаменты-студия, 17 м², 5/5 этаж Только на Циан Текстильщики 18 минут пешком Москва , ЮВАО , р-н Текстильщики , м. Текстильщики , 1-й Грайвороновский проезд , 2А 40 000 ₽/мес. От года, комм. платежи включены (без счётчиков), комиссия 60%, залог 43 000 ₽ Сдаю студию со всеми удобствами в районе метро Текстильщики, от метро 15 минут пешком или 3 остановки автобусом. В квартире имеется все для комфортного проживания: кухня, микроволновка, чайник, варочная панель, вытяжка, холодильник, кровать двуспальная, обеденный стол, стиральная машинка, совмещённый санузел, шкаф-гардероб. Условия: предоплата за месяц, залог за последний месяц аренды, коммунальные платежи отдельно, комиссия агенту разово при заселении. Риелтор Александр Дворников Документы проверены +7 985 579-70-... Написать 10 минут назад сегодня, 13:11",,https://www.cian.ru/cat.php?deal_type=rent&district%5B0%5D=8&engine_version=2&offer_type=flat&room9=1&type=4&p=2,2026-04-11T10:24:59+00:00
471,328788826,ЮВАО,https://www.cian.ru/rent/flat/328788826/?context=3.CZ3tfzIbRDk.jGWk709SbBGa1I3W8zlsaxjhmjjdPSgjCUQUoDJtPIYWKS8lEvW6QIpSA-ko_kXXDR1GNy6HiAy21g&mlSearchSessionGuid=c9ad8bd3221c048f7d6448682c56dd7b,1/6,54000,24.5,12,25,,"1/6 Студия, 24,5 м², 12/25 этаж Только на Циан Нижегородская 10 минут пешком Москва , ЮВАО , р-н Нижегородский , м. Нижегородская , Рязанский проспект , 2/1к5Т 54 000 ₽/мес. На несколько месяцев, комм. платежи включены (без счётчиков), без комиссии, залог 54 000 ₽ От Собственника Без комиссии На срок от 2 месяцев и более с 19 апреля Сдается полностью готовая к проживанию студия в новом Жк Среда от испанского архитектора вблизи 7 мин от метро Нижегородская .арендная плата составляет 54000. помесячно плюс счетчики . Собственник ID 101614092 +7 915 384-45-... Написать вчера вчера, 12:17",,https://www.cian.ru/cat.php?deal_type=rent&district%5B0%5D=8&engine_version=2&offer_type=flat&room9=1&type=4&p=2,2026-04-11T10:24:59+00:00
457,328835097,ЮВАО,https://www.cian.ru/rent/flat/328835097/?context=3.8oU2maruzfE.6AHvS_or0eXYitnAD3QoIB4q7otAQqjAVnOppNvIS7ztw8F6499cK23ya0Pl2dX24i2uL_-VGCdUtQ&mlSearchSessionGuid=c9ad8bd3221c048f7d6448682c56dd7b,1/14,80000,27.0,13,27,,"1/14 Студия, 27 м², 13/27 этаж Авиамоторная 13 минут пешком Москва , ЮВАО , р-н Лефортово , м. Авиамоторная , Символ ЖК , Независимость кв-л 80 000 ₽/мес. От года, комм. платежи включены (без счётчиков), комиссия 50%, залог 80 000 ₽ Ждем вас на просмотр! Сдаётся просторная и светлая студия с абсолютно новым ремонтом, мебелью и техникой в ЖК бизнес-класса Символ. Отличная локация за счет своей транспортной и пешей доступности. Станции метро Площадь Ильича, Авиамоторная и Римская в 10-15 минутах пешей доступности. Быстрый выезд на ТТК и комфортная развязка к центру города. В квартире выполнен дизайнерский ремонт, присутствует все необходимое для жизни. Если мы посмотрим из окна, то насладимся спокойным видом на двор, ухоженной придомовой территорией с детской площадкой. Установлена система охраны и видеонаблюдения. На территории комплекса находится охраняемый наземный и подземный паркинг. Закрытая территория. В самом ЖК большое количество ресторанов и кафе. Закрытые дворы без машин с современными детскими площадками и прогулочными зонами. Данная локация славится своей развитой инфраструктурой. Рядом находится ТРЦ Город с невероятным количеством различных магазинов, заведений и развлечений, а также банки, аптеки и пункты выдачи. Через дорогу от дома всеми известный фитнесс клуб World Class. В пешей доступности находятся школы, детские сады. Парк Зеленая река - станет незаменимым местом для прогулок. Большое количество очистных пространств рядом с ЖК. Квартира сдаётся на длительный срок. Звоните, прямо сейчас, чтобы договориться о просмотре. Буду рада ответить на все интересующие вопросы! Номер объекта: #1/537035/24838 Агентство недвижимости Moscow Sales Department Документы проверены +7 916 612-48-... Написать вчера вчера, 13:32",,https://www.cian.ru/cat.php?deal_type=rent&district%5B0%5D=8&engine_version=2&offer_type=flat&room9=1&type=4&p=2,2026-04-11T10:24:59+00:00
438,283229441,ЮВАО,https://www.cian.ru/rent/flat/283229441/?context=3.tMZfI5AIDUU.Vq_DItw1R5swv2W_1C9jIkoGkG2nfK4GCzb7c4vM7pdD5vFzXmz8QQilJjUgSFgFHP4hXN6s0LXIQw&mlSearchSessionGuid=0a56efeca903efb76c76800c03e41e8c,1/5,133000,16.0,1,17,,"1/5 Студия, 16 м², 1/17 этаж Люблино 4 минуты на транспорте Москва , ЮВАО , р-н Марьино , м. Люблино , улица Верхние Поля , 42К1 33 000 ₽/мес. От года, комм. платежи включены (счётчики включены), без комиссии, залог 16 500 ₽ В действующем отели, на длительный срок, сдается студия гостиничного типа, без кухни ! В стоимость все включено, страховой депозит - 50%. Рассматривают 1-2 чел., РФ. В комнате минимум мебели - кровать, стол+ 2 стула, телевизор. Кондиционер. Санузел совмещенный, душ-кабина. Подробности по телефону. Агентство недвижимости Лунный Свет +7 923 078-87-... Написать 3 часа назад сегодня, 09:45",,https://www.cian.ru/cat.php?deal_type=rent&district%5B0%5D=8&engine_version=2&offer_type=flat&room9=1&type=4&p=1,2026-04-11T10:24:59+00:00
459,326294321,ЮВАО,https://www.cian.ru/rent/flat/326294321/?context=3.joQWntW_qm4.Eo0sM1sndwzR1rb0kjYVntzJU3RAgKIz5W4j5yCGiW0ECDaWq_i80upE3aWg2RI8c08UZQiJVwdFFQ&mlSearchSessionGuid=c9ad8bd3221c048f7d6448682c56dd7b,1/15,135000,11.6,2,10,,"1/15 Студия, 11,6 м², 2/10 этаж Только на Циан Юго-Восточная 8 минут пешком Москва , ЮВАО , р-н Выхино-Жулебино , м. Юго-Восточная , Ташкентская улица , 25К1 35 000 ₽/мес. От года, комм. платежи включены (без счётчиков), комиссия 70%, залог 35 000 ₽ Сдается уютная студия площадью 11.6 кв. м. на длительный срок. До метро Юго-Восточная всего 8 минут пешком. В квартире есть все необходимое для комфортного проживания: косметический ремонт, необходимая мебель, холодильник, стиральная машина, микроволновая плита, электрическая поверхность, электрический чайник. Планировка включает совмещенный санузел с душевой кабиной. В вашем распоряжении также интернет, поэтому можно смело работать или учиться онлайн. Лоджия добавляет дополнительное пространство для хранения или отдыха. Дом находится в районе с развитой инфраструктурой. В шаговой доступности расположены школы, детские сады и клиники, поэтому все важные учреждения будут у вас под рукой. Для любителей шопинга и повседневных покупок поблизости есть магазины. Риелтор ID 116658281 +7 985 254-20-... Написать пять дней назад 5 апр, 21:12",,https://www.cian.ru/cat.php?deal_type=rent&district%5B0%5D=8&engine_version=2&offer_type=flat&room9=1&type=4&p=2,2026-04-11T10:24:59+00:00
503,328795692,ЮВАО,https://www.cian.ru/rent/flat/328795692/?context=3.R1-IR-W5y9g.SRijL-SpDpa7I1EtyWl2Suf9-3UaODqPvU4CV8WnSQ_j7_fY5P4cHt1BUbpFC4zsrJibXN3fOtryAw&mlSearchSessionGuid=8cec2f202d8a115a54c9ac4ac9372b91,1/7,135000,22.0,8,19,,"1/7 Студия, 22 м², 8/19 этаж Только на Циан Некрасовка 13 минут пешком Москва , ЮВАО , р-н Некрасовка , м. Некрасовка , улица Вертолетчиков , 4к1 35 000 ₽/мес. От года, комм. платежи включены (без счётчиков), комиссия 60%, залог 20 000 ₽ ВАШЕМУ ВНИМАНИЮ! В КОМНАТЕ ЗАМЕНЕНЫ ДВЕ КРОВАТИ, НА ОДНУ НОВУЮ ДВУХСПАЛЬНЮ КРОВАТЬ! ПОЛОВИНА ЗАЛОГА! Предлагается чистая, уютная, приятная квартира. В квартире имеется всё необходимое для проживания: мебель и техника. Удобная транспортная развязка, шаговая доступность до метро. Развитая инфраструктура, все необходимые магазины, аптеки, парикмахерские и т.д.. Хороший собственник, адекватные соседи. Оперативный показ. По всем вопросам звонить 24/7. Агентство недвижимости АНЮА ГРУПП Суперагент +7 915 391-37-... Написать вчера вчера, 07:06",,https://www.cian.ru/cat.php?deal_type=rent&district%5B0%5D=8&engine_version=2&offer_type=flat&room9=1&type=4&p=3,2026-04-11T10:24:59+00:00
501,304833727,ЮВАО,https://www.cian.ru/rent/flat/304833727/?context=3.jP69b7Evw2s.cSs1uiph7iujgVFtVvZwn61ONxYJGvsQ6ztPdPcTy7ye1t046bAFo0_V8GgDfNhek8P7EWCEnWqY5Q&mlSearchSessionGuid=8cec2f202d8a115a54c9ac4ac9372b91,1/5,144000,23.0,7,16,,"1/5 Студия, 23 м², 7/16 этаж Только на Циан Люблино 16 минут пешком Москва , ЮВАО , р-н Люблино , м. Люблино , Цимлянская улица , 3к1 44 000 ₽/мес. На несколько месяцев, комм. платежи включены (без счётчиков), без комиссии, залог 50 000 ₽ Уютная студия со всей мебелью в развитом в плане инфраструктуры районе сдается одному человеку - гражданину РФ с добропорядочной репутацией и без долгов. Цена аренды указана без коммунальных расходов. Договор. На звонки отвечаю редко, пишите в мессенджерах. Собственник ID 107316047 Документы проверены Назначить просмотр месяц назад 4 мар, 13:08",,https://www.cian.ru/cat.php?deal_type=rent&district%5B0%5D=8&engine_version=2&offer_type=flat&room9=1&type=4&p=3,2026-04-11T10:24:59+00:00
425,328069745,ЮВАО,https://www.cian.ru/rent/flat/328069745/?context=3.ESrWsioVAqE.p2nY1HoC3lizZX7kIrQL5pT7OhLm8TYpwYcajenIHleRgJ1lN0mK4Ji6fpQRYamkHa98tsfMPIRKjQ&mlSearchSessionGuid=0a56efeca903efb76c76800c03e41e8c,1/16 Ещё фото,154000,23.0,21,33,,"1/16 Ещё фото Пешком до метро! Студия, 23 м², 21/33 этаж Нижегородская 7 минут пешком Москва , ЮВАО , р-н Нижегородский , м. Нижегородская , Перовское шоссе , 2к1 54 000 ₽/мес. От года, комм. платежи включены (без счётчиков), комиссия 60%, залог 54 000 ₽ Сдаётся светлая квартира-студия с евроремонтом и совмещённым санузлом в ЖК Перовское 2. Её можно посмотреть когда Вам удобно: бронируете время, забираете ключи и спокойно осматриваете. Если всё понравится, договор подпишем онлайн и будем поддерживать Вас на всех этапах аренды. В квартире есть: - Кухонный гарнитур; - Кондиционер; - Стиральная машина; - Холодильник; - Микроволновая печь; - Телевизор; - Утюг; - Варочная панель. Дополнительную мебель и технику можно приобрести в счёт арендной платы. Полы ламинат и плитка. Окна выходят во двор, есть бесплатная парковка. Собственник готов заселить не более 2 взрослых жильцов (можно с детьми) или заключить договор с юридическим лицом. С домашним питомцем нельзя. Дом находится в районе с развитой инфраструктурой: в пешей доступности школы, продуктовые супермаркеты, заправки, спортивные клубы, почта, аптеки и медицинские учреждения, бассейн, салоны красоты и парикмахерские, кафе и закусочные. Недалеко ТЦ Город, Перовский парк, Кусковский лесопарк и парк Карачарово. До м. Нижегородская можно дойти за 10 минут, до м. Стахановская 18 минут пешком. Агентство недвижимости ПИК-Аренда Документы проверены Посмотреть все объекты +7 986 248-21-... Написать вчера вчера, 15:53",,https://www.cian.ru/cat.php?deal_type=rent&district%5B0%5D=8&engine_version=2&offer_type=flat&room9=1&type=4&p=1,2026-04-11T10:24:59+00:00
487,328812860,ЮВАО,https://www.cian.ru/rent/flat/328812860/?context=3.WOxBcZzE7cA.ygZTaMdkCCgQDpKZTkRRnlGnV6v4WrGYOUJ28o9pR3HCy-UIdq-RTlQLfAuDDQBPGTu4QZObtQ882Q&mlSearchSessionGuid=8cec2f202d8a115a54c9ac4ac9372b91,1/9,160000,25.0,3,8,,"1/9 Студия, 25 м², 3/8 этаж Только на Циан Волгоградский проспект 11 минут пешком Москва , ЮВАО , р-н Южнопортовый , м. Угрешская , Волгоградский проспект , 32/5к1 60 000 ₽/мес. От года, комм. платежи включены (без счётчиков), комиссия 50%, залог 60 000 ₽ Сдается студия с лучшей планировкой в ЖК Метрополия Квартира площадью 25 м² выполнена с полной современной отделкой и полностью укомплектована всей необходимой техникой и мебелью. В вашем распоряжении стильная мебель, полноценная кухня с техникой (посудомоечная машина, холодильник, варочная панель), кондиционер, стиральная машина, телевизор и высокоскоростной интернет. Высокие потолки 2.8 метра и панорамные окна создают ощущение простора и наполняют пространство светом. Жилой комплекс Метрополия предлагает уровень жизни, который ценится выше среднего. В доме работают два пассажирских и один грузовой лифт, что гарантирует отсутствие очередей. Ваш автомобиль будет в безопасности в охраняемом подземном паркинге. Ключевое преимущество — фантастическая транспортная доступность: всего 6 минут пешком до станции метро Волгоградский проспект, 9 минут до Пролетарской и 11 минут до Крестьянской Заставы. Это открывает быстрый доступ к центру города и основным деловым кластерам. Район отличается развитой инфраструктурой и зелеными зонами. В шаговой доступности находятся кафе, рестораны, фитнес-центры и супермаркеты. Звоните, записывайтесь на показ! Номер объекта: #1/537026/24838 Агентство недвижимости Moscow Sales Department Документы проверены +7 915 429-54-... Написать вчера 9 апр, 20:19",,https://www.cian.ru/cat.php?deal_type=rent&district%5B0%5D=8&engine_version=2&offer_type=flat&room9=1&type=4&p=3,2026-04-11T10:24:59+00:00
495,315682063,ЮВАО,https://www.cian.ru/rent/flat/315682063/?context=3.AuffADpG4fw.Rqcs_efylfgPgJv_i6MUjEzRFQc3lUI8VsM8253RhjSTYhPgMd8C70rTbsCj4JqovdC0ZEg4KjZ7NQ&mlSearchSessionGuid=8cec2f202d8a115a54c9ac4ac9372b91,1/8,160000,20.0,6,26,,"1/8 Студия, 20 м², 6/26 этаж Проверено в Росреестре Нижегородская 7 минут пешком Москва , ЮВАО , р-н Нижегородский , м. Нижегородская , Перовское шоссе , 2к1 60 000 ₽/мес. От года, комм. платежи включены (без счётчиков), без комиссии, залог 60 000 ₽ Сдается студия жк Перовское 2к1, на 6 этаже. Без комиссии. В квартире есть вся необходимая техника и мебель: кондиционер, холодильник, стиральная машина,встроенная микроволновая печь с функцией запекания, вытяжка, варочная поверхность,телевизор, полотенцесушитель. подключен интернет.достаточное количество мест хранения: шкаф 120 см и 80 см, кровать 160см с подьемным механизмом для хранения. Удобный транспортно-пересадочный узел метро мцк мцд в шаговой доступности, менее 10 минут пешком. Пишите Собственник ID 100479514 +7 985 332-70-... Написать 3 недели назад 19 мар, 12:17",,https://www.cian.ru/cat.php?deal_type=rent&district%5B0%5D=8&engine_version=2&offer_type=flat&room9=1&type=4&p=3,2026-04-11T10:24:59+00:00
473,328567594,ЮВАО,https://www.cian.ru/rent/flat/328567594/?context=3.aY0VNKPNDYQ.ZYTkGyC5IPbGMk7-oUrj-OElfjsYjTtWX_wY1c1kgKDTyfprpwD4Htlir1_oWVg4g15cj-8cpQHVEw&mlSearchSessionGuid=c9ad8bd3221c048f7d6448682c56dd7b,1/22,167000,20.7,27,27,,"1/22 Студия, 20,7 м², 27/27 этаж Авиамоторная 11 минут пешком Москва , ЮВАО , р-н Лефортово , м. Авиамоторная , улица Крузенштерна , 10к1 67 000 ₽/мес. От года, комм. платежи включены (без счётчиков), комиссия 50%, без залога Дoлгоcрочная аренда (договoр нa 11 меcяцeв). Прeдcтaвляeм вaшeму внимaнию пpocторную, уютную студию плoщадью 20,7 кв.м. рacпoложeнную в ЖК Символ. Бытовая техника: кондиционер, телевизор, посудомоечная машина, хoлoдильник, варочная панель, микроволновая печь, cтиpальная машинa, элeктричecкий чайник. Есть все необходимое для комфортного и долгосрочного проживания, в т.ч. посуда. Удобства квартиры: - Встроенная посудомоечная машина; - Вместительные системы хранения; - Уютная просторная комната с красивым видом из окна; - Светлая, уютная ванная комната с современной сантехникой. Дом находится в районе с развитой инфраструктурой: в шаговой доступности остановки общественного транспорта, в 10 минутах пешком находится станция метро ""Авиамоторная"", в 15-20 минутах - станция ""Лефортово"". Рядом с домом расположены: продуктовые супермаркеты, пункты выдачи, аптеки и медицинские учреждения, кафе, рестораны. Преимущество ЖК Символ - безопасные дворы без машин с охраняемой территорией. Во дворе обустроены отдельные детские и спортивные площадки, а также экозоны для прогулок и отдыха. Условия проживания по Тарифу Комфортное проживание: - 50% от арендного платежа при заселении; - Раннее бронирование объекта (за 3 дня до заселения); - Персональный менеджер на всех этапах аренды быстро реагирует на запросы - большинство бытовых вопросов решаем за 48 часов; - Страхование гражданской ответственности до 0,3 млн ₽; - Организация мелкого ремонта. Коммунальные платежи: электроэнергия, хвс\гвс, услуги интернет провайдера, расходы за отопление дома/квартиры оплачивает арендатор. Заселение только при наличии постоянной регистрации РФ. Без животных Агентство недвижимости СМАРЕНТ Документы проверены +7 985 853-93-... Написать четыре дня назад 7 апр, 10:16",,https://www.cian.ru/cat.php?deal_type=rent&district%5B0%5D=8&engine_version=2&offer_type=flat&room9=1&type=4&p=2,2026-04-11T10:24:59+00:00
421,328499468,ЮВАО,https://www.cian.ru/rent/flat/328499468/?context=3.LNsP6Xa6ZqI.OFrPXU8vh5OzdHKXirQVyjWbo9UNobNu39gHCRhDvC-ego-c3wF8Zmlb3PtFEX07oBWSTNoPYtm89A&mlSearchSessionGuid=0a56efeca903efb76c76800c03e41e8c,1/19 Ещё фото,178990,29.0,10,13,,"1/19 Ещё фото Цивилизованная аренда от ДОМ РФ Апартаменты-студия, 29 м², 10/13 этаж Только на Циан Площадь Ильича 8 минут пешком Москва , ЮВАО , р-н Лефортово , м. Москва-Товарная , шоссе Энтузиастов , 3к1 78 990 ₽/мес. От года, комм. платежи включены (без счётчиков), без комиссии, залог 78 990 ₽ Идут показы с датой заселения после 25.04.2026. Апартамент доступен к просмотру и бронированию! Предлагается в долгосрочную аренду светлая студия в арендном доме ""Символ"" от ДОМ.РФ. 54 Доступна рассрочка оплаты депозита на 3 месяца! Без комиссии. Разрешено проживание с животными! Апартамент с индивидуальным интерьерным решением в современном стиле, качественной отделкой, мебелью и техникой для жизни от ведущих брендов (Hotpoint Ariston): - Встраиваемая бытовая техника; - Стиральная машина; - Электрическая варочная панель; - Холодильник; - Кондиционер; - Плазменный телевизор В квартире размещён полный комплект необходимой мебели: - современный кухонный гарнитур; - обеденный стол и 2 стула; - тумба под телевизор; - двуспальный раскладной диван; - вместительный шкаф; В квартире один совмещенный санузел с душевой кабиной, раковиной и зеркалом с подсветкой и стиральной машиной. Услуги консьерж-сервиса 24/7 включены в арендную плату (прием корреспонденции, заявок на ремонт, выдача гостевых пропусков, и т.д.), дополнительно можно заказать: доставку воды, уборку, стирку, глажку, уход за животными и многое другое. Разрешено проживание с животными! Территория ""Символ"" закрытая, установлено видеонаблюдение и действует система электронных пропусков. В доме отапливаемая подземная парковка. Район с развитой инфраструктурой: в 5 минутах езды всевозможные развлекательные кластеры, такие как Винзавод, Артплей, Арма и ТРЦ Атриум. Поблизости располагаются несколько школ, детских садов, поликлиник, фитнес-центров, парков и супермаркетов. Хорошо развита транспортная сеть: в пешей доступности есть несколько станций метро (Римская-6 мин, Площадь Ильича- 6 мин), 350 метров до ТТК, а до Садового кольца всего 2 км. Услуги 24/7 ВКЛЮЧЕНЫ В АРЕНДНУЮ ПЛАТУ! (прием корреспонденции, заявок на ремонт, выдача гостевых пропусков и т.д.). Удобный и доступный сервис дополнительных услуг: уборка, стирка, глажка, а также присмотр за животными и др. При заселении оплачивается стоимость аренды за первый месяц. При заключении договора аренды до 30 апреля доступна рассрочка оплаты депозита на 3 месяца! Дополнительно оплачиваются только счетчики коммунальных услуг. Аренда от ДОМ.РФ - это не просто квадратны",,https://www.cian.ru/cat.php?deal_type=rent&district%5B0%5D=8&engine_version=2&offer_type=flat&room9=1&type=4&p=1,2026-04-11T10:24:59+00:00
452,321344783,ЮВАО,https://www.cian.ru/rent/flat/321344783/?context=3.tKMfdSMF_Lk.pxkI2Da8X6GkgUtT2T8mg1QXLvMz2ARKQwYUatcgbRFPjRJzyhhy2fAv7wEfQW7qczeYrqAMJfMntQ&mlSearchSessionGuid=c9ad8bd3221c048f7d6448682c56dd7b,1/22,190000,32.0,5,14,,"1/22 Студия, 32 м², 5/14 этаж Только на Циан Римская 10 минут пешком Москва , ЮВАО , р-н Лефортово , м. Серп и Молот , проезд Шелихова , 1к1 90 000 ₽/мес. От года, комм. платежи включены (без счётчиков), без комиссии, залог 90 000 ₽ Квартира в ЖК Символ, доме бизнес класса. Сдаётся впервые и на длительный срок. Оборудована всем необходимым: телевизор, интернет, на кухне встроенная техника (духовой шкаф, посудомоечная машина, холодильник, морозильная камера). Грамотно продуманная система хранения. Кондиционер, подогрев пола, видео домофон. Грамотно продуманная входная группа в подъезде с зоной коворкинга. Риелтор Ольга Цегельная Суперагент +7 916 043-84-... Написать 2 часа назад сегодня, 10:40",,https://www.cian.ru/cat.php?deal_type=rent&district%5B0%5D=8&engine_version=2&offer_type=flat&room9=1&type=4&p=2,2026-04-11T10:24:59+00:00
484,328221715,ЮВАО,https://www.cian.ru/rent/flat/328221715/?context=3.X-UQUBHZU2c.Gjlqz0jjxrFY-tAI3f8jsTFz3AvorOU0zX206yOy8oSQawDp-J5wwIUnjJor_k5T0QpjHFT8J4sBwA&mlSearchSessionGuid=8cec2f202d8a115a54c9ac4ac9372b91,2/49,199000,32.0,1,14,,"2/49 Студия, 32 м², 1/14 этаж Римская 10 минут пешком Москва , ЮВАО , р-н Лефортово , м. Серп и Молот , проезд Шелихова , 1к1 99 000 ₽/мес. От года, комм. платежи включены (без счётчиков), без комиссии, залог 99 000 ₽ Предлагаем квартиру в ЖК бизнес-класса ""Символ"" с охраняемой территорий, видеонаблюдением и консьерж-сервисом. Свежий дизайнерский ремонт. Все новое, никто не проживал! Квартира представляет собой идеальный вариант для тех, кто ценит комфорт, современный дизайн и удобное расположение. До метро 7 минут пешком. до центра города 4,5 км ЖК ""Символ"" славится своей развитой инфраструктурой, включающей в себя все необходимое для комфортной жизни: магазины, кафе, фитнес-центры, детские площадки и зоны отдыха. Транспортная доступность комплекса также на высоте, что обеспечивает легкий доступ к любой точке города. Огромная территория-парк Зеленая река между всеми корпусами открыт для прогулок и отдыха жителей всех возрастов. В домах жителям доступны различные общественные пространства: детские и подростковые игровые, коворкинги, фитнес-румы, репетиторские, лаунжи. На крышах некоторых корпусов расположены креативные пространства Условия оплаты: аренда + счетчики (вода, электричество) Прямая сдача. Без комиссии. Риэлторы и агенты, просьба не беспокоить. Сдается платежеспособным и аккуратным арендаторам. Залог обязателен. Подробности и запись на просмотр по телефону. Риелтор Наталия Долгих Документы проверены +7 985 065-28-... Написать три дня назад 8 апр, 11:12",,https://www.cian.ru/cat.php?deal_type=rent&district%5B0%5D=8&engine_version=2&offer_type=flat&room9=1&type=4&p=3,2026-04-11T10:24:59+00:00
423,323840974,ЮВАО,https://www.cian.ru/rent/flat/323840974/?context=3.vFoYmYI70Y0.a_bIeJ01oINNUiqH5bsRwQBXQWlQMoE0uVkcbMWlRmVYajMuSGh90zRjktEDSuX6NaXQMZth7L7z7w&mlSearchSessionGuid=0a56efeca903efb76c76800c03e41e8c,1/6,219500,12.0,1,16,,"1/6 Апартаменты-студия, 12 м², 1/16 этаж Только на Циан Текстильщики 14 минут пешком Москва , ЮВАО , р-н Текстильщики , м. Текстильщики , улица 8-я Текстильщиков , 13К2 19 500 ₽/мес. На несколько месяцев, комм. платежи включены (без счётчиков), без комиссии, без залога СОБСТВЕННИК! Читайте пожалуйста внимательно, полностью! Сдается комната 12м² в апартаментах. Комната изолированна. Сдам исключительно адекватному, чистоплотному, спокойному, ответственному гp. PФ без вредных привычек арендатору!!! Регистрация и амино невозможна! Для ОДНОГО человека! Санузел, душ общий. Есть возможность подключить мокрую точку в комнате (своими силами) и сделать студию. Приточно-вытяжная вентиляция, без окна, шумоизоляции. Комната находится в районе с развитой инфраструктурой, в шаговой доступности от метро, БКЛ, МЦД-2. Ценик на длительный срок(год), если комнату снять на меньший срок, то цена увеличится. Подойдёт как под жилое, так и не под жилое, мастерская, салон красоты, массаж, типография, офис, склад, упаковка, производство, ателье и т.д. ----- Примечание: у собственника могут быть дополнительные пожелания к жильцам - обсудите их в чате или по телефону Собственник ID 8531476 Документы проверены +7 916 936-41-... Написать шесть дней назад 4 апр, 23:37",,https://www.cian.ru/cat.php?deal_type=rent&district%5B0%5D=8&engine_version=2&offer_type=flat&room9=1&type=4&p=1,2026-04-11T10:24:59+00:00
483,328555787,ЮВАО,https://www.cian.ru/rent/flat/328555787/?context=3.t4UvcTY7avA.KzHRgMEibkn4rHW4wDBN8sEHD3OwIhcPqB0gjVIgFv00ghrNzxhf2ADnC3ZNiMNiNcIm3Sn8CTojxw&mlSearchSessionGuid=8cec2f202d8a115a54c9ac4ac9372b91,1/11,243000,20.6,8,16,,"1/11 Студия, 20,6 м², 8/16 этаж Депо 18 минут пешком Москва , ЮВАО , р-н Люблино , м. Депо , Люблинская улица , 72Ак2 43 000 ₽/мес. От года, комм. платежи включены (без счётчиков), комиссия 50%, залог 46 000 ₽ Сдается стильная студия с современным ремонтом на длительный срок. В квартире выполнен евро ремонт, что создает уютную атмосферу. Просторная кухня оборудована необходимой техникой: холодильник, плита, микроволновая печь и стиральная машина. В комнате установлен удобный диван и шкафы для хранения вещей. Дом панельного типа, оснащён двумя грузовыми лифтами, что обеспечивает удобство перемещения. На территории двора предусмотрена открытая парковка. Из окон открывается приятный вид на городские пейзажи. Курение запрещено, но можно проживать с детьми. Животные не допускаются. Риелтор ID 10604813 +7 916 956-14-... Написать пять дней назад 6 апр, 09:30",,https://www.cian.ru/cat.php?deal_type=rent&district%5B0%5D=8&engine_version=2&offer_type=flat&room9=1&type=4&p=3,2026-04-11T10:24:59+00:00
500,327823855,ЮВАО,https://www.cian.ru/rent/flat/327823855/?context=3.q0aANMKmQeQ.JEWxqMP_sK7b0QnkvB5RWoh1zMDZ7JipdxUT3TwvBujQvYTnyqP936vZtYQkUDxywT6fxuFOOdaPhw&mlSearchSessionGuid=8cec2f202d8a115a54c9ac4ac9372b91,1/36,244000,20.0,6,33,,"1/36 Студия, 20 м², 6/33 этаж Только на Циан Перерва 4 минуты пешком Москва , ЮВАО , р-н Люблино , м. Перерва , Иловайская улица , 2 44 000 ₽/мес. От года, комм. платежи включены (без счётчиков), комиссия 50%, залог 44 000 ₽ ПРЕДЛОЖЕНИЕ, ДОСТОЙНОЕ ВАШЕГО ВНИМАНИЯ! Сдаётся уютная светлая квартира-студия с новым ремонтом в ЖК Люблинский Парк. Престижный район с развитой инфраструктурой. Обстановка квартиры располагает своим комфортом и положительной энергетикой. Функциональная, оснащенная всей необходимой бытовой техникой и мебелью: КОНДИЦИОНЕР, телевизор, стиральная машина, плита, микроволновка, чайник и холодильник, набор посуды, кровать с ортопедическим матрасом (спальное место 190х140), вместительный шкаф. Интернет проведён. Дом расположен в районе с развитой инфраструктурой, рядом находятся: Парк имени Артёма Боровика, Дюссельдорфский парк, парк 850-летия Москвы, западные Марьинские пруды. В пешей доступности школы и детские сады, салоны красоты и парикмахерские, кафе, пекарни и закусочные, заправки и автосервисы, колледж, культурный центр и кинотеатр, аптеки, медицинские учреждения. Mетpo: вcего 4 минуты пешком до станции МЦД (D2) Перерва, 20 минут пешком до станции метро Марьино и Братиславская. Рассмотрим одного аккуратного и ответственного нанимателя, без детей и животных. Депозит можно разбить на 2 месяца. Гибкий, профессионально составленный шаблон договора аренды. Показы по договоренности. Риелтор Лариса Бернадская Суперагент +7 985 305-10-... Написать час назад сегодня, 11:56",,https://www.cian.ru/cat.php?deal_type=rent&district%5B0%5D=8&engine_version=2&offer_type=flat&room9=1&type=4&p=3,2026-04-11T10:24:59+00:00
424,328604135,ЮВАО,https://www.cian.ru/rent/flat/328604135/?context=3.KQUZjyftdBQ.F43HFqodo6_V-3AYehEnWgCw1jd1-pyHqPXd3-rHVCZEiZQTk4tUbi7cqfbrRdJhwYvGNfI1XpbHnw&mlSearchSessionGuid=0a56efeca903efb76c76800c03e41e8c,1/14 Ещё фото,247200,23.0,9,33,,"1/14 Ещё фото Пешком до МЦД. Без депозита Студия, 23 м², 9/33 этаж Перерва 4 минуты пешком Москва , ЮВАО , р-н Люблино , м. Перерва , Иловайская улица , 2 47 200 ₽/мес. От года, комм. платежи включены (без счётчиков), комиссия 30%, без залога Сдаётся светлая студия с евроремонтом и совмещённым санузлом в ЖК Люблинский Парк, без депозита! Её можно посмотреть когда Вам удобно: бронируете время, забираете ключи и спокойно осматриваете. Если всё понравится, договор подпишем онлайн и будем поддерживать Вас на всех этапах аренды. В квартире есть: - Кухонный гарнитур; - Холодильник; - Стиральная машина; - Кондиционер; - Интернет проведён. Полы - ламинат и плитка. Окна выходят во двор, есть бесплатная парковка. Собственник готов заселить не более 2 взрослых жильцов с детьми. С домашним питомцем нельзя. Дом находится в районе с развитой инфраструктурой, рядом расположены: - Гипермаркет Ашан и ТЦ Бум; - Парк им. Артёма Боровика и Парк Героев Отечественной войны 1812. В пешей доступности школы и детские сады, салоны красоты и парикмахерские, кафе и закусочные, заправки и автосервисы, колледж, культурный центр, фитнес-клубы, бассейн и кинотеатр. До МЦД-2 Перерва 7 минут пешком, до м. Братиславская 20 минут. Агентство недвижимости ПИК-Аренда Документы проверены Посмотреть все объекты +7 985 687-95-... Написать вчера вчера, 15:53",,https://www.cian.ru/cat.php?deal_type=rent&district%5B0%5D=8&engine_version=2&offer_type=flat&room9=1&type=4&p=1,2026-04-11T10:24:59+00:00
496,327968811,ЮВАО,https://www.cian.ru/rent/flat/327968811/?context=3.m6fgZqLBOaY.lS5467Lm1QAJFK3P_PbzBrMLeCKcD5tpZ5Ra1EBcd-KUzBayb4w3SSRUTMwqN18YKw1oCU9Y6VW9Kg&mlSearchSessionGuid=8cec2f202d8a115a54c9ac4ac9372b91,1/5,250000,20.0,18,26,,"1/5 Студия, 20 м², 18/26 этаж Только на Циан Депо 18 минут пешком Москва , ЮВАО , р-н Люблино , м. Депо , Люблинская улица , 72Ак2 50 000 ₽/мес. От года, комм. платежи включены (без счётчиков), без комиссии, залог 50 000 ₽ Сдаётся студия 20 м² — пешком до метро. Оперативный показ! Описание: уютная студия 20 кв.м, меблирована: диван, шкаф, оборудованная кухонная зона. Чистая, светлая, готова к заезду. Удобное расположение — в пешей доступности от станции метро, развита инфраструктура. Условия: быстрый показ по договорённости. Коммунальные услуги оплачиваются отдельно (или: уточняется — по счётчикам). Подходит для одного или пары. Звоните/пишите в WhatsApp/Teлеграмм для записи на просмотр и уточнения деталей. Собственник ID 44750309 Документы проверены +7 910 443-72-... Написать вчера вчера, 13:30",,https://www.cian.ru/cat.php?deal_type=rent&district%5B0%5D=8&engine_version=2&offer_type=flat&room9=1&type=4&p=3,2026-04-11T10:24:59+00:00
442,328068984,ЮВАО,https://www.cian.ru/rent/flat/328068984/?context=3.ZAyzw1fNycQ.FWbDTvtXZoLRJ4HDf8SDN2Ain-aUQU_X6Zl10tP50wYRbz1zTUuYpSG_v7n-8F87J9OzYdWWAmoRNw&mlSearchSessionGuid=0a56efeca903efb76c76800c03e41e8c,1/15 Ещё фото,251000,21.0,22,25,,"1/15 Ещё фото Без залога! Пешком до МЦД Студия, 21 м², 22/25 этаж Депо 18 минут пешком Москва , ЮВАО , р-н Люблино , м. Депо , Люблинская улица , 72Ак2 51 000 ₽/мес. От года, комм. платежи включены (без счётчиков), комиссия 60%, без залога Сдаётся светлая квартира-студия с евроремонтом и совмещённым санузлом в ЖК Люблинский Парк, без депозита! Её можно посмотреть когда Вам удобно: бронируете время, забираете ключи и спокойно осматриваете. Если всё понравится, договор подпишем онлайн и будем поддерживать Вас на всех этапах аренды. В квартире есть: - кухонный гарнитур; - кондиционер; - холодильник; - стиральная машина; - варочная панель; - духовой шкаф; - микроволновая печь. Под диваном есть место для хранения. Проведён интернет. Полы ламинат и плитка. Окна выходят во двор, на север. Есть бесплатная парковка. Собственник готов заселить не более 2 взрослых жильцов с детьми, докупить мебель/технику или заключить договор с юридическим лицом. Возможно заселиться с собакой или питомцем в клетке/аквариуме. Дом находится в районе с развитой инфраструктурой: в пешей доступности школы и детские сады, салоны красоты и парикмахерские, кафе и закусочные, заправки и автосервисы, колледж, культурный центр, фитнес-клубы, бассейн и кинотеатр. Недалеко гипермаркет Ашан, ТЦ Бум, парк им. Артёма Боровика и парк Героев Отечественной войны 1812 года. До МЦД-2 Перерва 20 минут пешком, до м. Братиславская 20 минут на общественном транспорте. Агентство недвижимости ПИК-Аренда Документы проверены Посмотреть все объекты +7 986 274-33-... Написать вчера вчера, 14:25",,https://www.cian.ru/cat.php?deal_type=rent&district%5B0%5D=8&engine_version=2&offer_type=flat&room9=1&type=4&p=1,2026-04-11T10:24:59+00:00
479,328008898,ЮВАО,https://www.cian.ru/rent/flat/328008898/?context=3.QZYi6HHDnwc.91d7c3MPUHV5Eh4t_5KgMOGgyrYt6In8GREs8HZv6oZHfsW3CLm2lW2x7J2G1dxFVqnyv7LUcuF5mw&mlSearchSessionGuid=8cec2f202d8a115a54c9ac4ac9372b91,1/24,253000,23.6,26,33,,"1/24 Студия, 23,6 м², 26/33 этаж Окская 10 минут пешком Москва , ЮВАО , р-н Рязанский , м. Окская , улица Михайлова , 30Ак2 53 000 ₽/мес. От года, комм. платежи включены (без счётчиков), комиссия 50%, без залога Дoлгocрoчная аpенда (договoр нa 11 месяцeв). Cтильнaя и cветлaя студия в ЖК Михaйлoвский Пapк, площадь кв.м. 23.6. Meбель: вмeститeльный шкaф, удобный pасклaднoй диван, куxoнный гаpнитуp, обeденная зона, pабoчая зoнa, кoмод. Бытовая техника: Стиральная машина, холодильник, вытяжка, варочная панель, электрический чайник, микроволновая печь. Район обладает развитой инфраструктурой: В пешей доступности детские сады, школы, поликлиники, магазины, фитнес-клуб, ТЦ Рязанский. До большого Кусковского лесопарка со старинной усадьбой Кусково и прудом 20 минут пешком по прямой. 10 мин. ходьбы до метро Окская и в 15 мин. пешком до метро Рязанский проспект Условия проживания по Тарифу Комфортное проживание - комиссия 50% от арендного платежа; - Раннее бронирование объекта (за 3 дней до заселения); - Персональный менеджер на всех этапах аренды быстро реагирует на запросы - большинство бытовых вопросов решаем за 48 часов; - Страхование гражданской ответственности до 300 000 ₽; - Организация мелкого ремонта. - Заселение с детьми (возраст детей от 6 лет). Коммунальные платежи: электроэнергия, хвс\гвс, услуги интернет провайдера, расходы за отопление (при наличии счетчика) дома/квартиры оплачивает арендатор. Заселение только при наличии постоянной регистрации РФ Без животных Агентство недвижимости СМАРЕНТ Документы проверены +7 985 853-93-... Написать два дня назад 8 апр, 14:16",,https://www.cian.ru/cat.php?deal_type=rent&district%5B0%5D=8&engine_version=2&offer_type=flat&room9=1&type=4&p=3,2026-04-11T10:24:59+00:00
439,328651703,ЮВАО,https://www.cian.ru/rent/flat/328651703/?context=3.7uDp_0rm8ec.2VMZlPm0-1ig0A2vNsXK_CSQYXQV2jnUQ4Kfk8scP5hrnIHWIh4FTPEe3t7KFkNw1DBm930o20ztOg&mlSearchSessionGuid=0a56efeca903efb76c76800c03e41e8c,1/16 Ещё фото,253100,19.6,2,15,,"1/16 Ещё фото Без депозита! Рядом МЦД Студия, 19,6 м², 2/15 этаж Депо 18 минут пешком Москва , ЮВАО , р-н Люблино , м. Депо , Люблинская улица , 72Ак2 53 100 ₽/мес. От года, комм. платежи включены (без счётчиков), комиссия 30%, без залога Сдаётся квартира-студия с евроремонтом и совмещённым санузлом в ЖК Люблинский Парк, без депозита! Её можно посмотреть когда Вам удобно: бронируете время, забираете ключи и спокойно осматриваете. Если всё понравится, договор подпишем онлайн и будем поддерживать Вас на всех этапах аренды. Квартира оборудована кухонным гарнитуром, можно обсудить покупку необходимой мебели в счёт арендной платы. Интернет проведён. Полы ламинат и плитка. Окна выходят на улицу, есть бесплатная парковка. Собственник готов заселить не более 2 взрослых жильцов с детьми, оформить и заключить договор с юридическим лицом. Можно с домашним питомцем. Дом находится в районе с развитой инфраструктурой, рядом: - Гипермаркет Ашан; - ТЦ Бум; - Парк им. Артёма Боровика; - Парк Героев Отечественной войны 1812 года. Также в пешей доступности школы и детские сады, салоны красоты, кафе, заправки и автосервисы, колледж, культурный центр, фитнес-клуб, бассейн и кинотеатр. До МЦД-2 Перерва 20 минут пешком, до м. Братиславская 20 минут на общественном транспорте. Агентство недвижимости ПИК-Аренда Документы проверены Посмотреть все объекты +7 986 248-10-... Написать вчера вчера, 15:25",,https://www.cian.ru/cat.php?deal_type=rent&district%5B0%5D=8&engine_version=2&offer_type=flat&room9=1&type=4&p=1,2026-04-11T10:24:59+00:00
436,328778955,ЮВАО,https://www.cian.ru/rent/flat/328778955/?context=3.-ox0uED-T4I.rCBRDtzF_sx0iitP-pxQBuFdoxz7w8tOBq3jwcT_jfcf4RQSoBP-DcNxZOfNfIYz6s8yzZcEUHOQ_Q&mlSearchSessionGuid=0a56efeca903efb76c76800c03e41e8c,1/10 Ещё фото,254900,20.0,16,25,,"1/10 Ещё фото Впервые и без депозита! Студия, 20 м², 16/25 этаж Только на Циан Депо 18 минут пешком Москва , ЮВАО , р-н Люблино , м. Депо , Люблинская улица , 72Ак2 54 900 ₽/мес. От года, комм. платежи включены (без счётчиков), комиссия 60%, без залога Впервые сдаётся светлая квартира-студия с евроремонтом и совмещённым санузлом в ЖК Люблинский Парк. Без депозита! Её можно посмотреть когда Вам удобно: бронируете время, забираете ключи и спокойно осматриваете. Если всё понравится, договор подпишем онлайн и будем поддерживать Вас на всех этапах аренды. В квартире: - Кухонный гарнитур; - Холодильник; - Стиральная машина; - Кондиционер; - Телевизор; - Интернет проведён + Wi-Fi. Полы - ламинат и плитка. Окна выходят во двор, есть бесплатная парковка. Собственник готов заселить не более 3 взрослых жильцов с детьми. Можно с домашним питомцем по согласованию. Дом находится в районе с развитой инфраструктурой, рядом: - Гипермаркет Ашан; - Парк им. Артёма Боровика; - Парк Героев Отечественной войны 1812 года. Также в пешей доступности школы и детские сады, салоны красоты и парикмахерские, кафе и закусочные, заправки и автосервисы, колледж, культурный центр, фитнес-клубы, бассейн и кинотеатр. До МЦД-2 Перерва 20 минут пешком, до м. Братиславская 20 минут на общественном транспорте. Агентство недвижимости ПИК-Аренда Документы проверены Посмотреть все объекты +7 916 478-65-... Написать вчера 9 апр, 15:15",,https://www.cian.ru/cat.php?deal_type=rent&district%5B0%5D=8&engine_version=2&offer_type=flat&room9=1&type=4&p=1,2026-04-11T10:24:59+00:00
440,327434422,ЮВАО,https://www.cian.ru/rent/flat/327434422/?context=3.byDYKHJOcOk.dJNnvsZBum7FOT6dJ8Gt-VNHLYztwdKgQY6pybnBZ0oQgerX6xnTFKiuRj5zjB8wGipGpjCHlhxlzQ&mlSearchSessionGuid=0a56efeca903efb76c76800c03e41e8c,1/14 Ещё фото,255000,23.2,18,25,,"1/14 Ещё фото Без депозита! Евроремонт! Студия, 23,2 м², 18/25 этаж Депо 18 минут пешком Москва , ЮВАО , р-н Люблино , м. Депо , Люблинская улица , 72Ак2 55 000 ₽/мес. От года, комм. платежи включены (без счётчиков), комиссия 60%, без залога Сдаётся светлая квартира-студия со смежным санузлом в современном ЖК Люблинский Парк, без депозита! Её можно посмотреть когда Вам удобно: бронируете время, забираете ключи и спокойно осматриваете. Если всё понравится, договор подпишем онлайн и будем поддерживать Вас на всех этапах аренды. Квартира оснащена вместительным кухонным гарнитуром, мебелью и бытовой техникой: - Холодильник; - Телевизор; - Микроволновка; - Варочная панель; - Стиральная машина; - Вытяжка; - Робот-пылесос; - Проведён интернет + WI-FI. Полы ламинат и плитка. Окна выходят во двор, на восток, есть бесплатная парковка. Собственник готов заселить не более 2 взрослых жильцов с детьми старше 3 лет и заключить договор с юридическим лицом. Можно с домашним питомцем по согласованию. Недалеко от дома: - Гипермаркет Ашан; - ТЦ Бум; - Парк им. Артёма Боровика; - Парк Героев Отечественной войны 1812 года. В пешей доступности школы и детские сады, салоны красоты, кафе, заправки и автосервисы, колледж, культурный центр, фитнес-клубы, бассейн и кинотеатр. До МЦД-2 Перерва 20 минут пешком, до м. Братиславская 19 минут на общественном транспорте. Агентство недвижимости ПИК-Аренда Документы проверены Посмотреть все объекты +7 915 255-17-... Написать 30 минут назад сегодня, 12:40",,https://www.cian.ru/cat.php?deal_type=rent&district%5B0%5D=8&engine_version=2&offer_type=flat&room9=1&type=4&p=1,2026-04-11T10:24:59+00:00
443,327229741,ЮВАО,https://www.cian.ru/rent/flat/327229741/?context=3.0y614TbGtbs.l8Km4whd6w3P_JYCCx7V8fvj7mlsyOuDwxomhabPl_jsbd8vcfmpZcAx14toNOzQSabzlPmk0FkV-g&mlSearchSessionGuid=0a56efeca903efb76c76800c03e41e8c,1/17 Ещё фото,255000,19.8,7,27,,"1/17 Ещё фото Пешком до метро! Залог 0 Студия, 19,8 м², 7/27 этаж Нижегородская 10 минут пешком Москва , ЮВАО , р-н Нижегородский , м. Нижегородская , Перовское шоссе , 2к2 55 000 ₽/мес. От года, комм. платежи включены (без счётчиков), комиссия 60%, без залога Сдаётся светлая квартира-студия с евроремонтом и совмещённым санузлом в ЖК Перовское 2, без депозита! Её можно посмотреть когда Вам удобно: бронируете время, забираете ключи и спокойно осматриваете. Если всё понравится, договор подпишем онлайн и будем поддерживать Вас на всех этапах аренды. В квартире: - Кухонный гарнитур; - Телевизор (смарт-ТВ); - Холодильник; - Стиральная машина; - Утюг; - Микроволновая печь; - Варочная панель; - Диван-кровать Аскона с ортопедическим основанием. Полы ламинат и плитка. Окна выходят во двор, есть бесплатная парковка. Возможен торг. Собственник готов заселить не более 2 взрослых жильцов с детьми, докупить мебель/технику, обсудить оформление временной регистрации. Можно с небольшим домашним питомцем. Дом находится в районе с развитой инфраструктурой, рядом: - ТЦ Город; - Перовский парк; - Кусковский лесопарк; - Парк Карачарово. Также в пешей доступности школы, продуктовые супермаркеты, заправки, спортивные клубы, почта, аптеки и медицинские учреждения, бассейн, салоны красоты и парикмахерские, кафе и закусочные. До м. Нижегородская можно дойти за 10 минут, до м. Стахановская 18 минут пешком. Агентство недвижимости ПИК-Аренда Документы проверены Посмотреть все объекты +7 981 772-57-... Написать вчера вчера, 15:00",,https://www.cian.ru/cat.php?deal_type=rent&district%5B0%5D=8&engine_version=2&offer_type=flat&room9=1&type=4&p=1,2026-04-11T10:24:59+00:00
491,327344692,ЮВАО,https://www.cian.ru/rent/flat/327344692/?context=3.4C1Ccoup9I8.MCB0FXjshabZYEcI-FOrvTzT2W79a7_Sjx9RPK0dAnsWjZAMSk2uidPL-egrsnT6PHp-3UcaFMqX1A&mlSearchSessionGuid=8cec2f202d8a115a54c9ac4ac9372b91,1/11,258000,20.0,10,24,,"1/11 Студия, 20 м², 10/24 этаж Текстильщики 18 минут пешком Москва , ЮВАО , р-н Текстильщики , м. Текстильщики , 1-й Грайвороновский проезд , 3Ак2 58 000 ₽/мес. От года, комм. платежи включены (без счётчиков), без комиссии, залог 60 000 ₽ Сдаётся впервые уютная студия в новом доме в районе Текстильщики. Площадь квартиры — 20 кв. м, расположена на 10 этаже 24-этажного дома. До метро Текстильщики можно дойти пешком всего за 18 минут, до метро Новохохловская - 13 минут . В квартире сделан дизайнерский ремонт, который создаёт атмосферу современности и уюта. Обстановка продумана до мелочей: в наличии вся необходимая мебель как на кухне, так и в жилой зоне. Из техники установлены кондиционер, холодильник, духовой шкаф, индукционная варочная панель, микроволновая печь, телевизор и стиральная машина, что позволит вам чувствовать себя комфортно с первых дней проживания. В санузле — душевая кабина. Дом оборудован двумя пассажирскими и одним грузовым лифтом, а на территории имеется наземная и многоуровневая парковка. Район с развитой инфраструктурой: рядом находятся школы, детские сады, клиники и магазины. Это позволит вам решать все бытовые вопросы, не покидая район. Условия аренды: залог Квартира сдаётся на длительный срок. Без животных! Идеально подойдёт для одного человека или пары. Записывайтесь на просмотр, чтобы лично оценить эту замечательную студию! Агентам не беспокоить! Риелтор ID 309175 Документы проверены +7 985 554-52-... Написать 3 часа назад сегодня, 09:34",,https://www.cian.ru/cat.php?deal_type=rent&district%5B0%5D=8&engine_version=2&offer_type=flat&room9=1&type=4&p=3,2026-04-11T10:24:59+00:00
481,328571046,ЮВАО,https://www.cian.ru/rent/flat/328571046/?context=3.480OttWZbDE.NcpZ1ZGnVrSt0ohDmlpPPuhIDpGzVb5u5FhhSXRTM1aCqPWLcMFR4pX1w1zmkI2l1tYntD7rul_U_A&mlSearchSessionGuid=8cec2f202d8a115a54c9ac4ac9372b91,1/19,260000,23.6,18,37,,"1/19 Студия, 23,6 м², 18/37 этаж Нижегородская 10 минут пешком Москва , ЮВАО , р-н Нижегородский , м. Нижегородская , Перовское шоссе , 2к2 60 000 ₽/мес. От года, комм. платежи включены (без счётчиков), комиссия 50%, без залога Дoлгоcрочная аренда (договoр нa 11 меcяцeв). Прeдcтaвляeм вaшeму внимaнию пpocторную, уютную студию плoщадью 23,6 кв.м. рacпoложeнную в ЖК Перовское. Бытовая техника: кондиционер, телевизор, хoлoдильник, варочная панель, микроволновая печь, cтиpальная машинa, элeктричecкий чайник, утюг, гладильная доска, сушилка для одежды. Есть все необходимое для комфортного и долгосрочного проживания, в т.ч. посуда. Удобства квартиры: - Вместительные системы хранения; - Обеденная зона с телевизором; - Уютная просторная комната с красивым видом из окна; - Светлая, уютная ванная комната с современной сантехникой. Дом находится в районе с развитой инфраструктурой: в шаговой доступности остановки общественного транспорта, в пешей доступности станция метро Нижегородская. Рядом с домом расположены: продуктовые супермаркеты, пункты выдачи, аптеки, кафе, рестораны. Условия проживания по Тарифу Комфортное проживание: - 50% от арендного платежа при заселении; - Раннее бронирование объекта (за 3 дня до заселения); - Персональный менеджер на всех этапах аренды быстро реагирует на запросы - большинство бытовых вопросов решаем за 48 часов; - Страхование гражданской ответственности до 0,3 млн ₽; - Организация мелкого ремонта. Коммунальные платежи: электроэнергия, хвс\гвс, услуги интернет провайдера, расходы за отопление дома/квартиры оплачивает арендатор. Заселение только при наличии постоянной регистрации РФ. Без животных Агентство недвижимости СМАРЕНТ Документы проверены +7 985 853-93-... Написать два дня назад 8 апр, 13:53",,https://www.cian.ru/cat.php?deal_type=rent&district%5B0%5D=8&engine_version=2&offer_type=flat&room9=1&type=4&p=3,2026-04-11T10:24:59+00:00
488,328600340,ЮВАО,https://www.cian.ru/rent/flat/328600340/?context=3.L5htuWtvVXo.HSkYzWqxPG_FZd8FeR0a4RbhtYRmFUplDoTzR4m2CA9pUV7XGPXt5qVm27f45bed9EAwAKTlzgPnaw&mlSearchSessionGuid=8cec2f202d8a115a54c9ac4ac9372b91,1/15,260000,23.0,23,25,,"1/15 Студия, 23 м², 23/25 этаж Только на Циан Нижегородская 12 минут пешком Москва , ЮВАО , р-н Нижегородский , м. Нижегородская , Рязанский проспект , 2/2к2 60 000 ₽/мес. От года, комм. платежи включены (счётчики включены), без комиссии, залог 60 000 ₽ Сдается новая студия от собственника, без агентской комиссии. Есть все необходимое для комфортного проживания, очень удобное спальное место. Собственник ID 112154994 +7 916 663-37-... Написать четыре дня назад 6 апр, 13:44",,https://www.cian.ru/cat.php?deal_type=rent&district%5B0%5D=8&engine_version=2&offer_type=flat&room9=1&type=4&p=3,2026-04-11T10:24:59+00:00
494,327451459,ЮВАО,https://www.cian.ru/rent/flat/327451459/?context=3.VhbZunu18uI.yn8pti_NnJX7xT5aK_WQJNGK_AQwwwwLm17_5XaWQE_26kDcMAZk9EaoACRmvYhwKPr6HWbmghpgyw&mlSearchSessionGuid=8cec2f202d8a115a54c9ac4ac9372b91,1/5,260000,20.0,26,27,,"1/5 Студия, 20 м², 26/27 этаж Ранний доступ Только на Циан Нижегородская 10 минут пешком Москва , ЮВАО , р-н Нижегородский , м. Нижегородская , Перовское шоссе , 2к2 60 000 ₽/мес. От года, комм. платежи включены (без счётчиков), без комиссии, залог 50 000 ₽ Сдаётся уютная студия площадью 20 кв. м на 26 этаже нового дома, построенного в 2023 году. Дом расположен всего в 10 минутах пешком от метро ""Нижегородская"", что делает его идеальным местом для тех, кто ценит удобство и доступность транспорта. В квартире сделан современный ремонт, установлена вся необходимая мебель и техника. В вашем распоряжении будет кондиционер, холодильник, посудомоечная и стиральная машины. Для комфортного принятия душа предусмотрена душевая кабина. Удачная планировка студии позволяет максимально эффективно использовать пространство. Дом оснащён двумя пассажирскими и двумя грузовыми лифтами.Высокоскоростной интернет позволит вам оставаться на связи и работать из дома без помех. В шаговой доступности находятся школы, детские сады, клиники и магазины, что делает это предложение отличным вариантом для семей и профессионалов. Все необходимые инфраструктурные объекты буквально под рукой. Условия аренды: без комиссии, возможна долгосрочная аренда. Владелец квартиры открыт для обсуждения деталей и готов рассмотреть ваши предложения. Собственник ID 139628622 Документы проверены +7 916 709-67-... Написать 10 минут назад сегодня, 13:15",,https://www.cian.ru/cat.php?deal_type=rent&district%5B0%5D=8&engine_version=2&offer_type=flat&room9=1&type=4&p=3,2026-04-11T10:24:59+00:00
474,328376795,ЮВАО,https://www.cian.ru/rent/flat/328376795/?context=3.oJLyNbRtP6g.dleCkduXsaEWVUa6JtLqiD50jhQSe_vfebsLqlKs66l9i_M8la5d7WeZojW3BEw1sm3w4qz12luhnQ&mlSearchSessionGuid=c9ad8bd3221c048f7d6448682c56dd7b,1/11,336000,12.0,10,15,,"1/11 Студия, 12 м², 10/15 этаж Люблино 15 минут пешком Москва , ЮВАО , р-н Люблино , м. Люблино , Цимлянская улица , 3к3 36 000 ₽/мес. От года, комм. платежи включены (счётчики включены), комиссия 100%, залог 36 000 ₽ Показы 8 апреля СДАМ ДЛЯ ОДНОГО человека на длительный срок квартиру-студию с современным евроремонтом в новом ЖК бизнес-класса ""ВЛюблино"", район Люблино. Депозит возможно разбить на 2 части. Дом 15-этажный монолитный. Этаж 10/15, пластиковые окна, санузел совмещен. Диван двуспальный, микроволновая печь, холодильник, электро-плита, чайник, шкаф, стиральная машина (в коридоре). Инфраструктура развитая, все объекты первой необходимости расположены в пешей доступности: школа, детский сад, супермаркеты и др. Рядом парки. От станции метро Люблино - 9 минут пешком. Автобусные остановки возле дома. Оперативный показ: Москва, Цимлянская 3к3. Агентство недвижимости ЖИЛСЕРВИС Суперагент +7 915 496-36-... Написать неделю назад 1 апр, 16:49",,https://www.cian.ru/cat.php?deal_type=rent&district%5B0%5D=8&engine_version=2&offer_type=flat&room9=1&type=4&p=2,2026-04-11T10:24:59+00:00
504,277860670,ЮВАО,https://www.cian.ru/rent/flat/277860670/?context=3.ewOuUf7OYmo.X-9c_PiNekZz8KcD8Vdp5jtSzCnY3FLAaoACu8ii3SqK1KJhNJMYDJsTZGLiXv87oerLzCW7BLAM2g&mlSearchSessionGuid=8cec2f202d8a115a54c9ac4ac9372b91,3/7,340000,15.5,2,5,,"3/7 Студия, 15,5 м², 2/5 этаж Только на Циан Кузьминки 14 минут пешком Москва , ЮВАО , р-н Кузьминки , м. Кузьминки , Окская улица , 28К3 40 000 ₽/мес. От года, комм. платежи включены (без счётчиков), без комиссии, залог 40 000 ₽ прошу писать, а не звонить Квартира светлая со свежим ремонтом. предыдущий жилец оставил загрязнения, поэтому на первый месяц будет предоставлена скидка 5 тыс.руб. показы не провожу, прошу писать если готовы снять сразу Собственник ID 88806947 Документы проверены +7 985 865-37-... Написать 2 недели назад 28 мар, 10:54",,https://www.cian.ru/cat.php?deal_type=rent&district%5B0%5D=8&engine_version=2&offer_type=flat&room9=1&type=4&p=3,2026-04-11T10:24:59+00:00
453,328447926,ЮВАО,https://www.cian.ru/rent/flat/328447926/?context=3.3Ee8pNQQOZw.H0ZA3E7DT0ZPx-FQS2iRsUKO9LT83jRRw8p1in3f2eYk2_sSfaGyySM7qzNcV5v74xTGkHovox3oag&mlSearchSessionGuid=c9ad8bd3221c048f7d6448682c56dd7b,1/6,342000,24.0,24,25,,"1/6 Студия, 24 м², 24/25 этаж Братиславская 18 минут пешком Москва , ЮВАО , р-н Люблино , м. Перерва , Люблинская улица , 80к3 42 000 ₽/мес. От года, комм. платежи включены (без счётчиков), комиссия 50%, залог 42 000 ₽ Сдается студия с хорошим косметическим ремонтом. В квартире имеется вся необходимая мебель и техника для комфортного проживания. Развитая инфраструктура : сетевые магазины, салоны красоты, остановка общественного транспорта в пешей доступности. Рассмотрим не более двух человек, порядочных и платежеспособных. Оперативный показ и заселение, ключи на руках По всем вопросам пишите в сообщения Агентство недвижимости CAPITAL SOLUTIONS Суперагент +7 985 383-81-... Написать неделю назад 3 апр, 13:24",,https://www.cian.ru/cat.php?deal_type=rent&district%5B0%5D=8&engine_version=2&offer_type=flat&room9=1&type=4&p=2,2026-04-11T10:24:59+00:00
468,328043825,ЮВАО,https://www.cian.ru/rent/flat/328043825/?context=3.ofHQkHowt8Q.RRGBZh190_O1gO5rhAxXVYbp6hNIqJM6OUxX0jyfLib8uD1kQby4ijWe0g2T1AwaV0l0h1hrWr_sgg&mlSearchSessionGuid=c9ad8bd3221c048f7d6448682c56dd7b,1/6,343000,20.0,1,12,,"1/6 Студия, 20 м², 1/12 этаж Марьино 6 минут пешком Москва , ЮВАО , р-н Марьино , м. Марьино , Новомарьинская улица , 3К3 43 000 ₽/мес. От года, комм. платежи включены (без счётчиков), комиссия 70%, залог 43 000 ₽ Арт. 133103315 Сдается студия рядом с метро. Сделан свежий ремонт и установлена новая мебель. Есть балкон. Хорошо подойдет для одного человека. Звоните. Агентство недвижимости Самолет Плюс Документы проверены +7 989 151-24-... Написать вчера 9 апр, 20:57",,https://www.cian.ru/cat.php?deal_type=rent&district%5B0%5D=8&engine_version=2&offer_type=flat&room9=1&type=4&p=2,2026-04-11T10:24:59+00:00
497,298565498,ЮВАО,https://www.cian.ru/rent/flat/298565498/?context=3.kpwMqYLI8ks.874fMMNa35qunNRpzyMowOm-swXwKhQT69aGW0ZK1sNQUo4N-TilGgo0S1G6b0fS1hi-4hrtffKISw&mlSearchSessionGuid=8cec2f202d8a115a54c9ac4ac9372b91,1/22,343000,23.2,13,25,,"1/22 Студия, 23,2 м², 13/25 этаж Только на Циан Люблино 5 минут на транспорте Москва , ЮВАО , р-н Люблино , м. Депо , Люблинская улица , 72к3 43 000 ₽/мес. От года, комм. платежи включены (без счётчиков), комиссия 50%, залог 43 000 ₽ Квартира-студия в современном ЖК ""Люблинский парк"" комфорт-класса. Свежий ремонт. Новая мебель и бытовая техника. Полы: ламинат, плитка. Стеклопакеты. Совмещенный санузел. Душ-кабина. Кухня под единой столешницей. Варочная панель. Электрическая духовка. Вытяжка. Стиральная машина-автомат. Холодильник. Телевизор - по запросу. Развитая инфраструктура: школы, детские сады, сетевые магазины, кафе, фитнес-клубы, кинотеатр, парки. Транспортная доступность до метро Братиславская, Люблино и пешая до ж/д станции ""Перерва"". Длительный срок аренды. Оперативный показ. Ключи на руках. Рассматриваем одного человека или семейную пару. Риелтор Инна Романова Суперагент +7 915 196-07-... 2 недели назад 23 мар, 11:18",,https://www.cian.ru/cat.php?deal_type=rent&district%5B0%5D=8&engine_version=2&offer_type=flat&room9=1&type=4&p=3,2026-04-11T10:24:59+00:00
462,328292841,ЮВАО,https://www.cian.ru/rent/flat/328292841/?context=3.efVG5rcWT5A.1NjmobfdEVhA_7kBNwVw3oKGTtkFsU4H0kq3d_1RAIiLoa9hMW4wtr6QBkcbB8PhQ7ePhgCtMnrKEg&mlSearchSessionGuid=c9ad8bd3221c048f7d6448682c56dd7b,1/10,345000,26.8,22,25,,"1/10 Студия, 26,8 м², 22/25 этаж Перерва 4 минуты на транспорте Москва , ЮВАО , р-н Люблино , м. Перерва , Люблинская улица , 74к3 45 000 ₽/мес. От года, комм. платежи включены (без счётчиков), комиссия 50%, залог 45 000 ₽ Id 62144. Показы возможны с 11.04.2026г В долгосрочную аренду сдается студия в новом жилом комплексе комфорт класса ""Люблинский парк"" О квартире: -яркий ремонт -имеется вся необходимая мебель и техника -большие окна, благодаря которым студия становится очень яркой О жилом комплексе: Жилой квартал ""Люблинский парк"" расположен на юго-востоке Москвы, в шаговой доступности от станции ""Братиславская"" и МЦД ""Перерва"", также в 10ти минутах находится автобусная остановка. В проекте 54 жилых корпуса, три школы, семь детских садов, поликлиника. В районе есть все условия для комфортной жизни: торговые центры, школы, детские сады, поликлиники и спортивные центры. Рядом находятся усадьба Люблино, скверы и парки. Различные магазины, кафе и другие сервисы откроются на первых этажах, а на подземных будут паркинги с удобной навигацией. В зелёных дворах без автомобилей строятся детские площадки и места для отдыха. А ещё ""Люблинский парк"" стал третьим проектом ПИК с большой игровой площадкой PlayHub, которая уже открылась между 1-м и 2-м блоками на безопасном расстоянии от дороги. Условия аренды прозрачны и конкурентны. Стоимость составляет 45 000 рублей в месяц + счётчики. Залог равен месячной плате. Это предложение оптимально сочетает отличное качество жизни и разумные финансовые условия. Агентство недвижимости EstateLiga Документы проверены +7 916 863-15-... Написать вчера вчера, 10:10",,https://www.cian.ru/cat.php?deal_type=rent&district%5B0%5D=8&engine_version=2&offer_type=flat&room9=1&type=4&p=2,2026-04-11T10:24:59+00:00
490,312717465,ЮВАО,https://www.cian.ru/rent/flat/312717465/?context=3.hFN52Zx09lQ.iLxrJ9DcJtpGM3oBh76RejoXlSBHgEnfctDiRd2TElIG5k2uV4l6BrDuRyeu1m-JDpaHc-LH8HRYJA&mlSearchSessionGuid=8cec2f202d8a115a54c9ac4ac9372b91,1/22,350000,21.5,7,25,,"1/22 Студия, 21,5 м², 7/25 этаж Проверено в Росреестре Депо 18 минут пешком Москва , ЮВАО , р-н Люблино , м. Депо , Люблинская улица , 72к3 50 000 ₽/мес. От года, комм. платежи включены (счётчики включены), без комиссии, залог 50 000 ₽ АГЕНТАМ ПРОСЬБА - НЕ БЕСПОКОИТЬ! Я собственник. Оперативный показ в любое время дня с 9 до 21. Сдается стильная, светлая квартира-студия в современном новом доме. В квартире современная мебель и техника. Оборудована всем необходимым для проживания: большой и вместительный кухонный гарнитур, c индукционной плитой, вытяжкой, микроволновкой, есть фильтр воды, холодильник; Кондиционер, комфортный раскладывающийся диван с большими отсеками для хранения постельного белья; комод для личных вещей; телевизор smart tv; в коридоре очень вместительный гардероб(260*170*50см) с большим зеркалом; стиральная машина в совмещенном санузле. В квартире проведен интернет, есть вайфай роутер. Большие окна с видом во двор. В ЖК есть остановки общественного транспорта до метро Братиславская/Текстильщики, до МЦД-2. Пешком до метро Братиславская-20 минут и до МЦД-2 Перерва-15 минут. В ЖК очень развитая инфраструктура: супермаркеты ВкуссВилл, Пятерочка, Магнит, Красное и Белое, Бристоль, Винлаб, Мираторг, большое количество пунктов выдачи маркетплейсов, кофейни, мужские и женские салоны красоты, аптеки, фитнес-клуб, магазины косметики и бытовой химии. Рядом есть ТЦ Люблино Молл(бывший Л-153) со всеми основными магазинами: крупный Ашан, МВидео, Эльдорадо, Кари, Аскона, Летуаль и большой фитнес клуб DDX Fitness. В 30 минутах пешком находится Люблинский Парк и Парк Кузьминки - красивейшие старинные усадебные парки с живописными прудами и пешеходными зонами. Оплата за первый и последний месяцы проживания + квитанции по счетчикам + интернет. Аренда строго максимум 2 человека (пара), без детей и животных, и только при наличии постоянной регистрации в РФ. Долгосрочная аренда от 10 месяц!!! Собственник ID 120959 Документы проверены +7 916 174-81-... Написать два дня назад 9 апр, 10:13",,https://www.cian.ru/cat.php?deal_type=rent&district%5B0%5D=8&engine_version=2&offer_type=flat&room9=1&type=4&p=3,2026-04-11T10:24:59+00:00
437,326682210,ЮВАО,https://www.cian.ru/rent/flat/326682210/?context=3.AEBtESjhfeg.bqgnxFeP7d9x2YHS2MlGTXtNQWD9Y1igOaZfbxUW9iPgWru3H3hZlp8Jaf8288GHtQDJ4qiiDn8eLg&mlSearchSessionGuid=0a56efeca903efb76c76800c03e41e8c,1/14 Ещё фото,350500,21.0,5,19,,"1/14 Ещё фото Пешком до метро, залога нет Студия, 21 м², 5/19 этаж Новохохловская 3 минуты на транспорте Москва , ЮВАО , р-н Текстильщики , м. Текстильщики , 1-й Грайвороновский проезд , 3 50 500 ₽/мес. От года, комм. платежи включены (без счётчиков), комиссия 60%, без залога Сдаётся новая студия с евроремонтом в новом ЖК Волжский парк, без депозита! Её можно посмотреть когда Вам удобно: бронируете время, забираете ключи или встречаетесь с нашим представителем и спокойно осматриваете. Если всё понравится, договор подпишем онлайн и будем поддерживать Вас на всех этапах аренды. В квартире есть: - кухонный гарнитур; - плита; - телевизор; - холодильник; - микроволновка; - утюг; - чайник; - стиральная машина. Можно обсудить приобретение дополнительной мебели/техники в счёт арендной платы. Полы — ламинат и плитка. Интернет проведён, есть роутер. Окна выходят во двор. Собственник готов заселить не более 2 взрослых жильцов с детьми и заключить договор с юридическим лицом. Можно с небольшим домашним питомцем. Дом расположен в районе с развитой инфраструктурой, в пешей доступности находятся: школа, детский сад, медицинский центр, поликлиника, продуктовые магазины, аптеки, салон красоты, кафе. В 17 минутах пешком — м. Текстильщики. Агентство недвижимости ПИК-Аренда Документы проверены Посмотреть все объекты +7 917 566-49-... Написать два дня назад 8 апр, 14:58",,https://www.cian.ru/cat.php?deal_type=rent&district%5B0%5D=8&engine_version=2&offer_type=flat&room9=1&type=4&p=1,2026-04-11T10:24:59+00:00
431,326994533,ЮВАО,https://www.cian.ru/rent/flat/326994533/?context=3.NfvLqFtua1E.fCyvyQ0399DHoiOQ4BRf1uzU7hLK_wEqsRfyImfWPIOh5SMsWJNCsEnxf-Vr8CRUlI6cQtjhC2pRtg&mlSearchSessionGuid=0a56efeca903efb76c76800c03e41e8c,1/16 Ещё фото,352000,23.0,15,24,,"1/16 Ещё фото Впервые и без депозита! Студия, 23 м², 15/24 этаж Новохохловская 3 минуты на транспорте Москва , ЮВАО , р-н Текстильщики , м. Текстильщики , 1-й Грайвороновский проезд , 3Ак3 52 000 ₽/мес. От года, комм. платежи включены (без счётчиков), комиссия 60%, без залога Впервые сдаётся светлая квартира-студия с евроремонтом и совмещённым санузлом в ЖК Волжский Парк, без депозита! Её можно посмотреть когда Вам удобно: бронируете время, забираете ключи и спокойно осматриваете. Если всё понравится, договор подпишем онлайн и будем поддерживать Вас на всех этапах аренды. В квартире: - Холодильник; - Стиральная машина; - Микроволновая печь; - Плита. Дополнительную мебель можно приобрести в счёт арендной платы. Полы ламинат и плитка. Окна выходят в благоустроенный двор. Собственник готов заселить не более 2 взрослых жильцов с детьми, бесплатно оформить временную регистрацию и заключить договор с юридическим лицом. Дом находится в районе с развитой инфраструктурой: в пешей доступности школы и детские сады, продуктовые супермаркеты, аптеки и медицинские учреждения, автосервисы, кафе и закусочные. До м. Текстильщики 15 минут пешком. До м. Стахановская 10 минут на общественном транспорте, до МЦК Новохохловская 20 минут. Агентство недвижимости ПИК-Аренда Документы проверены Посмотреть все объекты +7 985 038-62-... Написать вчера вчера, 15:00",,https://www.cian.ru/cat.php?deal_type=rent&district%5B0%5D=8&engine_version=2&offer_type=flat&room9=1&type=4&p=1,2026-04-11T10:24:59+00:00
427,326527101,ЮВАО,https://www.cian.ru/rent/flat/326527101/?context=3.h0zIQktGZ2w.OwYSwzksvTCYppTadQCcMFv0V5wdLx4dY5gYXUrzs01Mkiv9_HFWbTif-hWs7PwzDdk2Ol05WLvf7w&mlSearchSessionGuid=0a56efeca903efb76c76800c03e41e8c,1/16 Ещё фото,353000,20.0,2,27,,"1/16 Ещё фото Без депозита! 10 мин. до метро Студия, 20 м², 2/27 этаж Нижегородская 10 минут пешком Москва , ЮВАО , р-н Нижегородский , м. Нижегородская , Перовское шоссе , 2к3 53 000 ₽/мес. От года, комм. платежи включены (без счётчиков), комиссия 60%, без залога Сдаётся светлая студия с хорошим ремонтом и совмещённым санузлом в ЖК Перовское, без депозита! Её можно посмотреть когда Вам удобно: бронируете время, забираете ключи и спокойно осматриваете. Если всё понравится, договор подпишем онлайн и будем поддерживать Вас на всех этапах аренды. Квартира оборудована кухонным гарнитуром, мебелью и бытовой техникой. Имеются: - Телевизор; - Холодильник; - Стиральная машина (с вертикальной загрузкой); - Утюг; - Микроволновая печь; - Варочная панель. Полы ламинат и плитка. Окна выходят во двор, есть бесплатная парковка. Собственник готов заселить взрослых жильцов с детьми и заключить договор с юридическим лицом. С домашним питомцем нельзя. Дом находится в районе с развитой инфраструктурой: в пешей доступности школы, продуктовые супермаркеты, заправки, спортивные клубы, почта, аптеки и медицинские учреждения, бассейн, салоны красоты и парикмахерские, кафе и закусочные. Недалеко ТЦ Город, Перовский парк, Кусковский лесопарк и парк Карачарово. До м. Нижегородская можно дойти за 10 минут, до м. Стахановская 18 минут пешком. Агентство недвижимости ПИК-Аренда Документы проверены Посмотреть все объекты +7 916 971-57-... Написать два дня назад 8 апр, 14:58",,https://www.cian.ru/cat.php?deal_type=rent&district%5B0%5D=8&engine_version=2&offer_type=flat&room9=1&type=4&p=1,2026-04-11T10:24:59+00:00
472,328527436,ЮВАО,https://www.cian.ru/rent/flat/328527436/?context=3.ZSt13BoAetk.H3Jij5JMq-JfwH_6yrlrsIuM1Gsl9waquwSpuWWSDs9LTpwpPG_PZOJbLtthUrPCJNYoc4ik3G6cZg&mlSearchSessionGuid=c9ad8bd3221c048f7d6448682c56dd7b,1/33,356000,20.0,20,24,,"1/33 Студия, 20 м², 20/24 этаж Текстильщики 19 минут пешком Москва , ЮВАО , р-н Текстильщики , м. Текстильщики , 1-й Грайвороновский проезд , 3Ак3 56 000 ₽/мес. От года, комм. платежи включены (без счётчиков), комиссия 50%, без залога Kвapтирa cдaется впервые Дoлгоcрoчная аpенда (дoгoвop нa 11 мecяцев). Предcтавляeм вашему внимaнию cвeтлую и уютную cтудию в ЖK Bолжский пaрк площадью 20 кв.м., раcполoжeнную на юго-востoкe Mоcквы в рaйоне Тeкстильщики. B кваpтиpе выпoлнeна меблировка по индивидуaльнoму дизайнеpскому пpоeкту от кoмпании SМАRЕNТ. Бытовая техника: стиральная машина, холодильник, варочная панель, СВЧ, телевизор, электрический чайник. Район обладает насыщенной и развитой инфраструктурой: - в 15 минутах пешком от метро Текстильщики - подземные и наземные паркинги, дворы-парки - поликлиники, магазины и фитнес-клубы. - в окружении находятся ТЦ Город, Леруа Мерлен, кинотеатр Олимпик Синема и стадион Москвич. Поблизости благоустроенные зелёные зоны: Волжский бульвар, большой Кузьминский лесопарк, пруд Садки и музей-усадьба Кусково ПРАВИЛА ПРОЖИВАНИЯ: Тариф Комфортное проживание: Заселение без домашних животных. - Раннее бронирование объекта (за 3 дней до заселения) - Персональный менеджер на всех этапах аренды быстро реагирует на запросы - большинство бытовых вопросов решаем за 48 часов - Страхование гражданской ответственности до 300 000 ₽ - Организация мелкого ремонта Коммунальные платежи: электроэнергия, хвс\гвс, услуги интернет провайдера, расходы за отопление дома/квартиры оплачивает арендатор. Заселение только при наличии постоянной регистрации РФ. - комиссия 50% от арендного платежа Агентство недвижимости СМАРЕНТ Документы проверены +7 985 853-93-... Написать три дня назад 8 апр, 11:33",,https://www.cian.ru/cat.php?deal_type=rent&district%5B0%5D=8&engine_version=2&offer_type=flat&room9=1&type=4&p=2,2026-04-11T10:24:59+00:00
476,322072059,ЮВАО,https://www.cian.ru/rent/flat/322072059/?context=3.svTie2kjq-I.PWPagZX5mYjwB7H5tunGxfW87RxDvM1pUbfVlCiY5iXFCT8nQcvbHt9Ck555Kpu7FhjfV0TPkIZsPA&mlSearchSessionGuid=c9ad8bd3221c048f7d6448682c56dd7b,1/22,356000,21.5,23,24,,"1/22 Студия, 21,5 м², 23/24 этаж Только на Циан Текстильщики 19 минут пешком Москва , ЮВАО , р-н Текстильщики , м. Текстильщики , 1-й Грайвороновский проезд , 3 56 000 ₽/мес. От года, комм. платежи включены (без счётчиков), без комиссии, залог 56 000 ₽ Сдаётся на долгий срок студия в современном жилом комплексе Волжский парк, расположенном по адресу: Россия, Москва, 1-й Грайвороновский проезд, 3. Квартира площадью 21,5 кв. м находится на 23-м этаже 24-этажного дома, построенного в 2022 году. В этом корпусе уже давно сложившаяся инфраструктура с магазинами, пунктами выдачи, кафе, салонами красоты и т д Из окон открывается панорамный вид на центр города. В квартире выполнен качественный ремонт . Пространство студии продумано до мелочей: компактная кухня, оборудована необходимой мебелью и техникой, включая холодильник, свч, варочную поверхность, вытяжку. Двухспальный раскладной диван, мебель для хранения и телевизор. Совмещённый санузел оснащён душевой кабиной и стиральной машиной Жилой комплекс расположен в районе с развитой инфраструктурой. До станции метро ""Текстильщики"" можно дойти за 19 минут, что обеспечит вам быстрый доступ к другим районам Москвы. Риелтор ID 13350839 Документы проверены +7 985 148-15-... Написать неделю назад 30 мар, 11:33",,https://www.cian.ru/cat.php?deal_type=rent&district%5B0%5D=8&engine_version=2&offer_type=flat&room9=1&type=4&p=2,2026-04-11T10:24:59+00:00
470,328636540,ЮВАО,https://www.cian.ru/rent/flat/328636540/?context=3.qj65ktY5i3Y.XaRv_QtNIX3LL0Yu1taGRgH6ItkAvmX7vqKp79Ujvyh9b45Jw0gzFg8XvGlc212zbSaaYpthwh5Yxg&mlSearchSessionGuid=c9ad8bd3221c048f7d6448682c56dd7b,1/38,357000,23.4,12,24,,"1/38 Студия, 23,4 м², 12/24 этаж Текстильщики 19 минут пешком Москва , ЮВАО , р-н Текстильщики , м. Текстильщики , 1-й Грайвороновский проезд , 3Ак3 57 000 ₽/мес. От года, комм. платежи включены (без счётчиков), комиссия 50%, без залога Дoлгocрoчная аренда (договoр нa 11 меcяцев). Представляeм вашему внимaнию уютную светлую студию площадью 23,4 кв.м. pасполoжeнную в ЖК Волжский парк Квартира укомплектована всем необходимым для комфортного проживания: качественная техника и стильная мебель! Бытовая теxника: cтиральнaя мaшина, xoлодильник, микpоволновка, варочная панeль, пoсудомоечная машина, электрический чайник, утюг, телевизор, кондиционер. Транспортная доступность: Метро Текстильщики -15 мин пешком МЦК Новохоловская - 3 мин на машине - Район с развитой инфраструктурой: дворы-парки, поликлиники, магазины и фитнес-клубы. - В окружении находятся ТЦ Город, кинотеатр Олимпик Синема и стадион Москвич. - Поблизости благоустроенные зелёные зоны: Волжский бульвар, большой Кузьминский лесопарк, пруд Садки и музей-усадьба Кусково Условия проживания по Тарифу Комфортное проживание: - 50% от арендного платежа при заселении; - Раннее бронирование объекта (за 3 дня до заселения); - Персональный менеджер на всех этапах аренды быстро реагирует на запросы - большинство бытовых вопросов решаем за 48 часов; - Страхование гражданской ответственности до 300 000 ₽; - Организация мелкого ремонта. Коммунальные платежи: электроэнергия, хвс\гвс, услуги интернет-провайдера, расходы за отопление дома/квартиры оплачивает арендатор. Заселение только при наличии постоянной регистрации РФ. Без животных. Агентство недвижимости СМАРЕНТ Документы проверены +7 985 853-93-... Написать два дня назад 9 апр, 10:43",,https://www.cian.ru/cat.php?deal_type=rent&district%5B0%5D=8&engine_version=2&offer_type=flat&room9=1&type=4&p=2,2026-04-11T10:24:59+00:00
446,326969700,ЮВАО,https://www.cian.ru/rent/flat/326969700/?context=3.nb5yLfGZ9Wg.gBdQ--4p0Zsx-CPF9BtmnMucEJ55MGusWvptWzruCm7jttSd-TZxmlb1dw8C2oEcp1txxQQo3qZltg&mlSearchSessionGuid=0a56efeca903efb76c76800c03e41e8c,1/15 Ещё фото,362400,19.0,7,24,,"1/15 Ещё фото Пешком до метро! Студия, 19 м², 7/24 этаж Новохохловская 3 минуты на транспорте Москва , ЮВАО , р-н Текстильщики , м. Текстильщики , 1-й Грайвороновский проезд , 3Ак3 62 400 ₽/мес. От года, комм. платежи включены (без счётчиков), комиссия 50%, без залога Сдаётся светлая квартира-студия с евроремонтом и совмещённым санузлом в ЖК Волжский Парк, без депозита! Её можно посмотреть когда Вам удобно: бронируете время, забираете ключи и спокойно осматриваете. Если всё понравится, договор подпишем онлайн и будем поддерживать Вас на всех этапах аренды. В квартире: - Интернет; - Телевизор; - Холодильник; - Микроволновая печь. Полы ламинат и плитка. Окна выходят во двор, есть бесплатная парковка. Собственник готов заселить не более 2 взрослых жильцов с детьми и заключить договор с юридическим лицом. Можно с домашним питомцем. Дом находится в районе с развитой инфраструктурой: в пешей доступности школы и детские сады, продуктовые супермаркеты, аптеки и медицинские учреждения, автосервисы, кафе и закусочные. До м. Текстильщики 15 минут пешком. До м. Стахановская 10 минут на общественном транспорте, до МЦК Новохохловская 20 минут. Агентство недвижимости ПИК-Аренда Документы проверены Посмотреть все объекты +7 985 038-36-... Написать вчера вчера, 15:00",,https://www.cian.ru/cat.php?deal_type=rent&district%5B0%5D=8&engine_version=2&offer_type=flat&room9=1&type=4&p=1,2026-04-11T10:24:59+00:00
448,328818476,ЮВАО,https://www.cian.ru/rent/flat/328818476/?context=3.ZI5vN0PZCEQ.bx_rBQW9lFvuirZWMU2C_0UYdv3aJ7GvhwHOzIhCrOU12Q5_CkH5J0UvqyLpPkv6BnzK_RB0UUJ03A&mlSearchSessionGuid=0a56efeca903efb76c76800c03e41e8c,1/13 Ещё фото,363000,23.6,19,33,,"1/13 Ещё фото Студия, 23,6 м², 19/33 этаж Только на Циан Нижегородская 10 минут пешком Москва , ЮВАО , р-н Нижегородский , м. Нижегородская , Перовское шоссе , 2к3 63 000 ₽/мес. От года, комм. платежи включены (счётчики включены), без комиссии, залог 65 000 ₽ Сдается от СОБСТВЕННИКА !!! Без КОМИССИИ !!!Стильная студия с дизайнерским ремонтом на длительный срок. Несмотря на маленькую квадратура, очень вместительная, все продумано до мелочей. Залог составляет 65,000 рублей. Коммунальные услуги оплачиваются арендатором по счетчикам. Проживание с детьми разрешено, но без животных. Квартира расположена на 19 этаже монолитно-панельного дома, построенного в 2022 году.. Из окон открывается вид на городскую застройку. В квартире имеется вся необходимая мебель: вместительные шкафы, удобный диван и обеденный стол. Современная кухня оборудована холодильником, микроволновой печью и стиральной машиной. Ванная комната совмещенная, с душевой кабиной и современной сантехникой. Парковка открытая во дворе. В подъезде установлены современные лифты. Интернет и телевидение подключены через Wi-Fi. Собственник ID 15432574 Документы проверены Посмотреть все объекты +7 932 720-36-... Написать вчера вчера, 22:08",,https://www.cian.ru/cat.php?deal_type=rent&district%5B0%5D=8&engine_version=2&offer_type=flat&room9=1&type=4&p=1,2026-04-11T10:24:59+00:00
434,327050820,ЮВАО,https://www.cian.ru/rent/flat/327050820/?context=3.Ws8iF6D4R5Y.NG6yXZHyZnBJ7g_thPQ_NqZEmjjUr1_9wmx2xssAeGnlKMoCJgAMCpEEv_3ULNnKZP0HLfTcMrtuZw&mlSearchSessionGuid=0a56efeca903efb76c76800c03e41e8c,1/18 Ещё фото,363500,25.3,11,27,,"1/18 Ещё фото Пешком до метро! Залог 0 Студия, 25,3 м², 11/27 этаж Нижегородская 10 минут пешком Москва , ЮВАО , р-н Нижегородский , м. Нижегородская , Перовское шоссе , 2к3 63 500 ₽/мес. От года, комм. платежи включены (без счётчиков), комиссия 60%, без залога Сдаётся уютная квартира-студия с хорошим ремонтом в ЖК Перовское 2, без депозита! Её можно посмотреть когда Вам удобно: бронируете время, забираете ключи или встречаетесь с нашим представителем и спокойно осматриваете. Если всё понравится, договор подпишем онлайн и будем поддерживать Вас на всех этапах аренды. Квартира оснащена вместительным кухонным гарнитуром, мебелью и бытовой техникой. Есть: - Стиральная машина; - Холодильник; - Плита; - Микроволновка; - Телевизор; - Кондиционер; - Посудомоечная машина; - Проведён интернет с Wi-Fi и подключено кабельное/цифровое ТВ. Можно обсудить покупку необходимой мебели в счёт арендной платы. Полы ламинат и плитка. Окна выходят во двор и на улицу, на северо-запад. Есть бесплатная парковка. Собственник готов заселить не более 2 взрослых жильцов с детьми, оформить временную регистрацию или заключить договор с юридическим лицом. Можно с домашним питомцем по согласованию. Дом расположен в районе с развитой инфраструктурой, рядом находятся: - ТЦ Город; - Перовский парк, Кусковский лесопарк и парк Карачарово. В пешей доступности школы, продуктовые супермаркеты, заправки, спортивные клубы, почта, аптеки и медицинские учреждения, бассейн, салоны красоты, кафе. До м. Нижегородская можно дойти за 10 минут, до м. Стахановская 18 минут пешком. Агентство недвижимости ПИК-Аренда Документы проверены Посмотреть все объекты +7 916 942-34-... Написать 2 часа назад сегодня, 11:10",,https://www.cian.ru/cat.php?deal_type=rent&district%5B0%5D=8&engine_version=2&offer_type=flat&room9=1&type=4&p=1,2026-04-11T10:24:59+00:00
460,328521012,ЮВАО,https://www.cian.ru/rent/flat/328521012/?context=3.C0AtbCOn06o.XfbPphnh2hD7kxirCbbXWkN0-2lYreFwwprNItzO_wi_WC5lIHEyflSMZSurkpGdVOp1RYWTcxczoQ&mlSearchSessionGuid=c9ad8bd3221c048f7d6448682c56dd7b,1/22,365000,26.0,17,33,,"1/22 Студия, 26 м², 17/33 этаж Нижегородская 10 минут пешком Москва , ЮВАО , р-н Нижегородский , м. Нижегородская , Перовское шоссе , 2к3 65 000 ₽/мес. От года, комм. платежи включены (без счётчиков), без комиссии, залог 65 000 ₽ Собственник! Сдается прекрасная квартира студия. Вся мебель и техника новые. Полностью укомплектована. Комплектация квартиры видна на фото. ID 154442 Документы проверены +7 986 264-20-... Написать 45 минут назад сегодня, 12:34",,https://www.cian.ru/cat.php?deal_type=rent&district%5B0%5D=8&engine_version=2&offer_type=flat&room9=1&type=4&p=2,2026-04-11T10:24:59+00:00
463,316033389,ЮВАО,https://www.cian.ru/rent/flat/316033389/?context=3.Xa9rAdOk1rE.Sd2yXe12feOEkVT4_ETgituC2flnBwnefXXHAGZUDDmfNpwDT7V369g3pMXzGGpStpRdXzKTYPu4fw&mlSearchSessionGuid=c9ad8bd3221c048f7d6448682c56dd7b,1/15,365000,25.0,6,30,,"1/15 Студия 25 кв.м Апартаменты-студия, 25 м², 6/30 этаж Проверено в Росреестре Волгоградский проспект 7 минут пешком Москва , ЮВАО , р-н Южнопортовый , м. Волгоградский проспект , Волгоградский проспект , 32/5к3 65 000 ₽/мес. От года, комм. платежи включены (без счётчиков), без комиссии, залог 65 000 ₽ Сдается собственником!!! Студия в ЖК Метрополия башня Флоренция у станции метро ""Волгоградский проспект"" - Таганско-Краснопресненская линия метрополитена (фиолетовая ветка на карте Московского метро). Южнопортовый район, Юго-Восточный административный округ столицы. Всего 3 минуты пешком от корпуса Флоренция до станции метро ""Волгоградский проспект"". Район внутри ТТК на границе с ЦАО. Идеальная локация для жизни и работы! Дизайнерский ремонт студии Транспортная доступность: • 15 минут на транспорте до Садового кольца. • Удобные выезды на ТТК, МЦК УГРЕШСКАЯ и в центр Москвы. • Рядом остановки наземного транспорта. Инфраструктура внутри ЖК: • Магазины: ВкусВилл, Клевер, Монголия, Ароматный Мир, Винлаб, Красное&Белое,Барин Дома, Точка Дыма, Деликатеска. • Аптеки Ригла,36,6, Горздрав. • Кафе и рестораны на любой вкус:Sense, Surf Coffe, Здрасте, Дом Winner, French Bakery,Деликатеска и многое другое. • Пункты выдачи заказов в соседнем доме: OZON, Wildberries, Яндекс. • Сервисы: барбершопы, салоны красоты, груминг. Химчистка LEDA. • Круглосуточная доставка всего. Образование рядом: • Школа им. Маяковского. • Частная Ломоносовская гимназия (20 минут пешком). • Вузы: МТУ, МЛГУ, МФЮА, Институт психоанализа, ИПИ НОУ. О доме - корпус Флоренция: • Вход по чип-ключу, круглосуточная охрана и видеонаблюдение на всех этажах. • 3 лифта с WIFI (1 грузовой). • В холле охрана, мягкая мебель для жильцов и гостей, видеонаблюдение. • Лаунж-зона во дворе, двор без машин. В соседнем доме со двора - ПВЗ: WB и OZON. • Подземная парковка (возможна аренда машино-места). • Территория для выгула домашних питомцев в 50 метрах от подъезда. Студия с дизайнерским ремонтом: Высота потолков 280 см • Мебель: двуспальный диван-кровать, функциональная кухня. • Техника: холодильник, индукционная плита, СВЧ, посудомоечная машина, угольная вытяжка, принудительная вентиляция в тч. В ванной - стиральная машина. • Бытовая техника: пылесос, парогенератор, фен, ТВ, Wi-Fi 500 Мбит/сек. • Дополнительно: док-станция JBL (Apple), датчики дыма в прихожей и зале, противопожарная система оповещения - громкоговоритель. Условия проживания: • Курение запрещено в апартаментах и МОП (в том числе электронных сигарет).",,https://www.cian.ru/cat.php?deal_type=rent&district%5B0%5D=8&engine_version=2&offer_type=flat&room9=1&type=4&p=2,2026-04-11T10:24:59+00:00
449,321407694,ЮВАО,https://www.cian.ru/rent/flat/321407694/?context=3.KFMOOvs2JmM.1RNfhlgY3dfru-JiDp2b01KUjbOhcrGayP1Jifq04m6B1ahN_zsQ_ToRvb1BLwdmkTG26SK8Ep63sg&mlSearchSessionGuid=c9ad8bd3221c048f7d6448682c56dd7b,1/15 Ещё фото,375000,30.0,20,23,,"1/15 Ещё фото Студия рядом с метро Студия, 30 м², 20/23 этаж Стахановская 1 минута пешком Москва , ЮВАО , р-н Рязанский , м. Стахановская , 2-й Грайвороновский проезд , 44к3 75 000 ₽/мес. От года, комм. платежи включены (без счётчиков), без комиссии, залог 75 000 ₽ Собственник предлагает аккуратным и порядочным людям студию с оптимальным метражем для аренды на длительный срок. 2 минуты пешком до м. Стахановская. Квартира находится в новом ЖК с развитой инфраструктурой- кафе, рестораны, студии фитнеса и йоги, салоны красоты, массажа, барбершопы, химчистки, пункты выдачи маркетплейсов, разнообразные продуктовые магазины и т.д. Охраняемая закрытая территория, вдоль ЖК расположен пешеходный бульвар с открытыми спортивными площадками, футбольным полем, скейт парком. Удобное транспортное расположение. Квартира с интересными интерьерными решениями , качественной отделкой, сантехникой и мебелью. В квартире предусмотрено всё для Вашего комфортного проживания: посудомоечная машина, микроволновая печь, духовой шкаф, индукционная плита, фильтр для воды,электрический чайник, холодильник, стиральная и сушильная машина, водонагреватель, smart TV, продумано много мест для хранения. Оплата: за первый месяц плюс обеспечительный платеж (стоимость аренды за месяц), который возвращается после выселения из квартиры. отдельно оплачивается интернет+коммунальные платежи по счётчикам. Собственник ID 99121972 Документы проверены Посмотреть все объекты +7 916 536-94-... Написать час назад сегодня, 11:55",,https://www.cian.ru/cat.php?deal_type=rent&district%5B0%5D=8&engine_version=2&offer_type=flat&room9=1&type=4&p=2,2026-04-11T10:24:59+00:00
441,328751223,ЮВАО,https://www.cian.ru/rent/flat/328751223/?context=3.qy67p-ftCNU.nodEBkvnVVa45fL_iRvQVgHiOv9BIwMgEgxpILCoW0NiIyBMhtOcijbq5r-t5R1DwIcbtMoEDZNSoA&mlSearchSessionGuid=0a56efeca903efb76c76800c03e41e8c,1/6,425000,17.5,11,21,,"1/6 Апартаменты-студия, 17,5 м², 11/21 этаж Только на Циан Волгоградский проспект 5 минут на транспорте Москва , ЮВАО , р-н Нижегородский , м. Калитники , Автомобильный проезд , 4 25 000 ₽/мес. От года, комм. платежи включены (без счётчиков), без комиссии, без залога Сдам на длительный срок. Если не ответил.пишите. я перезвоню. Собственник ID 130770500 +7 985 558-57-... Написать два дня назад 8 апр, 14:38",,https://www.cian.ru/cat.php?deal_type=rent&district%5B0%5D=8&engine_version=2&offer_type=flat&room9=1&type=4&p=1,2026-04-11T10:24:59+00:00
499,327983413,ЮВАО,https://www.cian.ru/rent/flat/327983413/?context=3.Kg86bzlDkzE.AGvT-XcLAuWZ-4U14GOED2QWP9OFC5i8-DLBt0R--YrRHmXi5bewPyRY0HEtwePDvBCmhalYVXdYTQ&mlSearchSessionGuid=8cec2f202d8a115a54c9ac4ac9372b91,1/10,448000,22.0,2,25,,"1/10 Апартаменты-студия, 22 м², 2/25 этаж Только на Циан Калитники 10 минут пешком Москва , ЮВАО , р-н Нижегородский , м. Калитники , Автомобильный проезд , 4 48 000 ₽/мес. На несколько месяцев, комм. платежи включены (счётчики включены), комиссия 50%, залог 48 000 ₽ Квартира в центре, элитный реально очень тихий центр, уютный почти частный дворик охраняемая территория приличные соседи. Окна на восток. Светлая, новая, со вкусом оформленная квартира., кондиционер, стиральная машина, плита электрическая стеклокерамика, великолепный холодильник, печь СВЧ, вытяжка, подключен скоростной интернет и ТВ. Шкаф- купе вместить в себя гардероб любой сложности. Мебель и техника все новое. Добро пожаловать дорогие жильцы любящий чистоту. Торг возможен) Риелтор Надежда Трусова Суперагент +7 917 532-17-... Написать неделю назад 3 апр, 12:38",,https://www.cian.ru/cat.php?deal_type=rent&district%5B0%5D=8&engine_version=2&offer_type=flat&room9=1&type=4&p=3,2026-04-11T10:24:59+00:00
498,321839614,ЮВАО,https://www.cian.ru/rent/flat/321839614/?context=3.O58aYgktPdQ.2ulZ_BjN0S1az6rHmzXKVEGFdI_rSvcdjD8FUMwMFQoZT_Mz0dCBTypMS14cHWHhY73EYeD3yFiIqA&mlSearchSessionGuid=8cec2f202d8a115a54c9ac4ac9372b91,1/20,450000,20.0,6,25,,"1/20 Апартаменты-студия, 20 м², 6/25 этаж Только на Циан Калитники 10 минут пешком Москва , ЮВАО , р-н Нижегородский , м. Калитники , Автомобильный проезд , 4 50 000 ₽/мес. От года, комм. платежи включены (без счётчиков), комиссия 50%, залог 50 000 ₽ Впервые сдается уютная студия в Москве по адресу: Автомобильный проезд, 4. Общая площадь квартиры — 20 кв. м, жилая — 14 кв. м. Квартира расположена на 6 этаже 25-этажного дома с высотой потолков 3.2 метра. До станции метро Калитники всего 10 минут пешком, что делает эту квартиру удобной для тех, кто ценит свое время. В квартире есть все необходимое для комфортного проживания. Просторная кухня площадью 6 кв. м оборудована современной техникой: холодильником, посудомоечной и стиральной машинами. В комнате и на кухне есть вся необходимая мебель. Санузел совмещенный, с душевой кабиной, что особенно удобно. Дом находится в отличном состоянии, с наземной парковкой и двумя лифтами: пассажирским и грузовым. Окна квартиры выходят во двор, поэтому здесь всегда тихо и спокойно. Близость к инфраструктуре — еще одно преимущество этого предложения. В радиусе шаговой доступности находятся школы, детские сады и магазины, что делает квартиру идеальной для семейной пары или одного человека. Для заключения договора потребуется залог. Квартира готова к заселению, ждет аккуратных и ответственных жильцов. Приглашаем вас на просмотр! Звоните и записывайтесь на удобное для вас время. Не упустите возможность снять уютное жилье в отличном районе Москвы. ID 54171241 Документы проверены +7 982 089-27-... Написать вчера 9 апр, 18:10",,https://www.cian.ru/cat.php?deal_type=rent&district%5B0%5D=8&engine_version=2&offer_type=flat&room9=1&type=4&p=3,2026-04-11T10:24:59+00:00
433,328575076,ЮВАО,https://www.cian.ru/rent/flat/328575076/?context=3.1da4D9C-mUo.LJi0Ljm51__JGCPNSXBSmeO93chxDEparJbcAZLarlQrbIv6xPDKZJGC57aYhIPEqpFY9vup8Ie3CQ&mlSearchSessionGuid=0a56efeca903efb76c76800c03e41e8c,1/21 Ещё фото,454900,21.0,6,17,,"1/21 Ещё фото Впервые и без депозита! Студия, 21 м², 6/17 этаж Текстильщики 10 минут на транспорте Москва , ЮВАО , р-н Текстильщики , м. Новохохловская , 1-й Грайвороновский проезд , 3Ак4 54 900 ₽/мес. От года, комм. платежи включены (без счётчиков), комиссия 60%, без залога Впервые сдаётся светлая студия с евроремонтом в ЖК Волжский Парк, без депозита! Её можно посмотреть когда Вам удобно: бронируете время, забираете ключи и спокойно осматриваете. Если всё понравится, договор подпишем онлайн и будем поддерживать Вас на всех этапах аренды. В квартире есть: - Кухонный гарнитур; - Телевизор; - Холодильник; - Стиральная и посудомоечная машины; - Интернет и роутер. Полы ламинат и плитка. Окна выходят во двор, на юго-восток. Собственник готов заселить не более 2 взрослых жильцов или заключить договор с юридическим лицом. С питомцем нельзя. Дом расположен в районе с развитой инфраструктурой, рядом находятся: - ТЦ Город; - сквер 200-летия Пушкина; - пруд Садки. Также в пешей доступности: школы и детские сады, продуктовые супермаркеты, фитнес-клубы, кафе, аптеки и медицинские учреждения, автосервисы и заправки. До м. Текстильщики - 18 минут пешком. Агентство недвижимости ПИК-Аренда Документы проверены Посмотреть все объекты +7 915 344-22-... Написать вчера вчера, 15:53",,https://www.cian.ru/cat.php?deal_type=rent&district%5B0%5D=8&engine_version=2&offer_type=flat&room9=1&type=4&p=1,2026-04-11T10:24:59+00:00
435,328650937,ЮВАО,https://www.cian.ru/rent/flat/328650937/?context=3.rgTdw905Yhg.b0J91awjbUnLTCgREC9qlD2nUUF99J8RmcOW5up-qKXhOnriyfbaW9iY1BCgAzEZmWqN8sDGRbRPpA&mlSearchSessionGuid=0a56efeca903efb76c76800c03e41e8c,1/16,460000,19.8,15,17,,"1/16 Студия, 19,8 м², 15/17 этаж Текстильщики 10 минут на транспорте Москва , ЮВАО , р-н Текстильщики , м. Новохохловская , 1-й Грайвороновский проезд , 3Ак4 60 000 ₽/мес. На несколько месяцев, комм. платежи включены (без счётчиков), без комиссии, залог 60 000 ₽ Предлагается студия в современном жилом комплексе. Квартира никогда не сдавалась и не использовалась для аренды — вы станете первыми жильцами. В квартире выполнен ремонт ""под ключ"" с продуманной эргономикой и качественными материалами. Идеально подойдет для аккуратного человека или семейной пары. Квартира с окнами во двор. Планировка и мебель: Установлена кровать с орто-основанием и подъемным механизмом. Под матрасом — глубокий короб для хранения. Обеденная зона с раздвижным столом. Большой распашной шкаф для одежды и обуви. Письменный стол с удобным креслом. Техника и оснащение: — индукционная варочная панель (2 конфорки, быстрый нагрев); — посудомоечная машина; — вытяжка, микроволновая печь, чайник, холодильник no frost; — кондиционер; — фильтр для воды под мойкой (питьевая вода без бутылок и кулеров); — в ванной: стиральная машина с функцией сушки, шкаф и тумба для хранения; — несколько сценариев освещения. Ecть всe нeoбxодимoe для комфopтного прoживания, в т.ч нaбoр посуды для пригoтовлeния, нaбор столoвoй поcуды и cтоловыx прибoров, разделочная доска. Подушки, одеяло, гладильная доска. Инфраструктура и расположение: Дом находится в районе с полностью сформированной инфраструктурой ""в шаге от дома"". В пешей доступности : — детский сад и общеобразовательная школа; — городская поликлиника и частный медицинский центр; — продуктовые супермаркеты и круглосуточные аптеки; — кофейни, кафе для завтраков, салоны красоты и барбершопы. Условия: — Аренда долгосрочная, договор на 11 месяцев. Если съезжаете ранее чем через 6 месяцев, депозит не возвращается) — Залог 100% — Коммунальные платежи в стоимость не входят, оплачиваются дополнительно — Без домашних животных (индивидуально обговаривается маленькая собака) — В квартире нельзя курить (стоят датчики дыма). Собственник ID 39546126 +7 985 627-68-... Написать четыре дня назад 7 апр, 09:41",,https://www.cian.ru/cat.php?deal_type=rent&district%5B0%5D=8&engine_version=2&offer_type=flat&room9=1&type=4&p=1,2026-04-11T10:24:59+00:00
478,328298236,ЮВАО,https://www.cian.ru/rent/flat/328298236/?context=3.lP5DUTy0vwQ.a8HvX89Umj8XFkqZOzRvwd088_fzJpIXFHUx6zBcMmpUa4YhqenAA4tmdYKonbslbUd87XwjW5l8XA&mlSearchSessionGuid=8cec2f202d8a115a54c9ac4ac9372b91,1/13,460000,17.0,11,17,,"1/13 Студия, 17 м², 11/17 этаж Только на Циан Волгоградский проспект 19 минут пешком Москва , ЮВАО , р-н Нижегородский , м. Калитники , Автомобильный проезд , 4 60 000 ₽/мес. От года, комм. платежи включены (без счётчиков), комиссия 50%, залог 60 000 ₽ Представляю вашему вниманию уникальную квартиру с дизайнерским ремонтом в современном монолитно-кирпичном доме 2025 года постройки. Расположенная в новом спортивном жилом комплексе Найс Лофт, эта квартира находится в пределах Третьего транспортного кольца, предлагая идеальное сочетание спокойной жизни и легкого доступа ко всем преимуществам центра Москвы. Пространство и комфорт: Просторная комната: Идеальное место для отдыха и сна. Удобная кровать и вместительный шкаф для хранения обеспечат максимальный комфорт. Современная кухня: Оснащена стильной мебелью и всей необходимой встроенной бытовой техникой, включая холодильник и микроволновую печь. Здесь вы сможете с удовольствием готовить любимые блюда. Удобства: Квартира оборудована стиральной машиной для вашего удобства. Совмещенный санузел: Выполнен в современном стиле с акцентом на качество. Высококлассная сантехника и просторная душевая кабина создают атмосферу спа-салона. Преимущества дома и ЖК: Высокий этаж: Квартира расположена на11 этаже 24-этажного дома, откуда открывается приятный вид. Современная инфраструктура: В доме функционируют два пассажирских и один грузовой лифт, обеспечивая быстрый и удобный доступ к вашему этажу. Безопасность и удобство: Для жителей комплекса предусмотрена парковка за шлагбаумом во дворе, что гарантирует безопасность ваших автомобилей. Новый спортивный ЖК: Найс Лофт — это современный жилой комплекс, где вы сможете наслаждаться активным образом жизни. Эта квартира — идеальный выбор для тех, кто ценит стиль, комфорт и удобное расположение. Добро пожаловать в ваш новый дом! Номер объекта: #1/536958/24838 Агентство недвижимости City Real Estate Документы проверены +7 916 935-64-... Написать три дня назад 7 апр, 15:43",,https://www.cian.ru/cat.php?deal_type=rent&district%5B0%5D=8&engine_version=2&offer_type=flat&room9=1&type=4&p=3,2026-04-11T10:24:59+00:00
493,327561933,ЮВАО,https://www.cian.ru/rent/flat/327561933/?context=3.gR0IazlmwCo.DZQChi7024QYQgWHWZikKIkK3bzfYludn4eH1cNKL3lWmmb1rPECWJjMIpIfLaUxRt5u2eLvhVL8dw&mlSearchSessionGuid=8cec2f202d8a115a54c9ac4ac9372b91,1/19,460000,20.0,6,21,,"1/19 Апартаменты-студия, 20 м², 6/21 этаж Проверено в Росреестре Калитники 10 минут пешком Москва , ЮВАО , р-н Нижегородский , м. Калитники , Автомобильный проезд , 4 60 000 ₽/мес. На несколько месяцев, комм. платежи включены (без счётчиков), без комиссии, залог 50 000 ₽ Стильные апартаменты-студия с дизайнерским ремонтом. Интерьер, выполненный в натуральных оттенках, создает атмосферу комфорта и уюта, а большие окна заметно расширяют пространство. УСЛОВИЯ АРЕНДЫ: Проживание 4-6 месяца - 60 000 руб / мес; Проживание 2-3 месяца - 75 000 руб/мес; Проживание 1 месяц - 85 000 руб / мес; ______________________________________________ Счетчики и интернет оплачиваются Арендатором Арендные отношения оформляются договором. АПАРТАМЕНТЫ УКОМПЛЕКТОВАНЫ вплоть до деталей: от посуды до уборочного инвентаря. МЕБЕЛЬ И ТЕХНИКА — новые и качественные: - кухня с варочной панелью, микроволновкой и холодильником; - вместительные шкафы и гардероб; - кондиционер, стиральная машина, чайник, фен, гладильная доска, утюг, водонагреватель; - ортопедический матрас; ОСОБЕННОСТИ: - современный дом бизнес-класса с чистыми подъездами; - панорамные окна; - ресепшен и большое лобби; - закрытая охраняемая территория, видеонаблюдение; - двор без машин; - просторная терраса для жильцов; - магазины расположены в доме РАСПОЛОЖЕНИЕ И ТРАНСПОРТНАЯ ДОСТУПНОСТЬ: - район с развитой инфраструктурой — рядом магазины, кафе, спортзал, аптека. - быстрый выезд на ТТК и центр Ук・оф.Представитель ID 131469501 Документы проверены +7 916 210-00-... Написать вчера вчера, 15:45",,https://www.cian.ru/cat.php?deal_type=rent&district%5B0%5D=8&engine_version=2&offer_type=flat&room9=1&type=4&p=3,2026-04-11T10:24:59+00:00
428,328800317,ЮВАО,https://www.cian.ru/rent/flat/328800317/?context=3.m8-qhjJNmrI.xqcKf7KWjGN407wJefNNCKWk8gRw7rUgASqhncF8wA--ysM57ejq_TZFCpzCzRIydZyjezHe-MEyrQ&mlSearchSessionGuid=0a56efeca903efb76c76800c03e41e8c,1/17 Ещё фото,460400,19.8,12,33,,"1/17 Ещё фото Пешком до метро! Без депозита Студия, 19,8 м², 12/33 этаж Только на Циан Новохохловская 15 минут пешком Москва , ЮВАО , р-н Текстильщики , м. Новохохловская , 1-й Грайвороновский проезд , 13к4 60 400 ₽/мес. От года, комм. платежи включены (без счётчиков), комиссия 60%, без залога Сдаётся уютная квартира-студия с совмещённым санузлом и евроремонтом в ЖК Волжский парк. Без депозита! Её можно посмотреть когда Вам удобно: бронируете время, забираете ключи и спокойно осматриваете. Если всё понравится, договор подпишем онлайн и будем поддерживать Вас на всех этапах аренды. Квартира оснащена кухонным гарнитуром, всей необходимой мебелью и бытовой техникой. Есть: - Телевизор; - Холодильник; - Стиральная машина; - Варочная панель; - Кондиционер; - Микроволновка; - Интернет и Wi-Fi. Полы - ламинат и плитка. Окна выходят во двор, есть бесплатная парковка. Собственник готов заселить не более 2 взрослых жильцов с детьми. Можно с небольшим домашним питомцем по согласованию. Дом расположен в районе с развитой инфраструктурой, рядом находятся: - ТРЦ Город. Также в пешей доступности - школа, детский сад, продуктовые магазины, кафе, медицинские центры, аптеки, салоны красоты, пункты выдачи маркетплейсов, фитнес-клуб. До м. Новохохловская - 15 минут пешком. Агентство недвижимости ПИК-Аренда Документы проверены Посмотреть все объекты +7 916 394-98-... Написать вчера вчера, 15:53",,https://www.cian.ru/cat.php?deal_type=rent&district%5B0%5D=8&engine_version=2&offer_type=flat&room9=1&type=4&p=1,2026-04-11T10:24:59+00:00
445,328382723,ЮВАО,https://www.cian.ru/rent/flat/328382723/?context=3.apA2wzAi3Tk.Mpv6E1bFX7ai1jdIWe7vuM5HxY9T0SHSa5TMWj049vJ_d1hHVc6ryvcDCJxg-rVeVlgqpzARv4INJg&mlSearchSessionGuid=0a56efeca903efb76c76800c03e41e8c,1/19 Ещё фото,460400,19.5,17,17,,"1/19 Ещё фото Пешком до метро, без депозита! Студия, 19,5 м², 17/17 этаж Текстильщики 10 минут на транспорте Москва , ЮВАО , р-н Текстильщики , м. Новохохловская , 1-й Грайвороновский проезд , 3Ак4 60 400 ₽/мес. От года, комм. платежи включены (без счётчиков), комиссия 30%, без залога Сдаётся светлая квартира-студия с евроремонтом и совмещённым санузлом в ЖК Волжский Парк, без депозита! Её можно посмотреть когда Вам удобно: бронируете время, забираете ключи и спокойно осматриваете. Если всё понравится, договор подпишем онлайн и будем поддерживать Вас на всех этапах аренды. В квартире есть: - Телевизор; - Холодильник; - Стиральная машина; - Кондиционер; - Микроволновая печь; - Плита; - Проведён интернет с Wi-Fi. Можно докупить необходимую мебель и технику в счёт арендной платы. Полы ламинат и плитка. Окна выходят в благоустроенный двор, на юг, есть бесплатная парковка. Собственник готов заселить не более 2 взрослых и некурящих жильцов с детьми и заключить договор с юридическим лицом. С домашним питомцем нельзя. Дом находится в районе с развитой инфраструктурой: в пешей доступности школы и детские сады, продуктовые супермаркеты, аптеки и медицинские учреждения, автосервисы, кафе и закусочные. До м. Текстильщики 15 минут пешком. До м. Стахановская 10 минут на общественном транспорте, до МЦК Новохохловская 20 минут. Агентство недвижимости ПИК-Аренда Документы проверены Посмотреть все объекты +7 915 101-26-... Написать вчера вчера, 15:53",,https://www.cian.ru/cat.php?deal_type=rent&district%5B0%5D=8&engine_version=2&offer_type=flat&room9=1&type=4&p=1,2026-04-11T10:24:59+00:00
444,328464105,ЮВАО,https://www.cian.ru/rent/flat/328464105/?context=3.kNnag-X5KtY.A4rdqC65cHt7FtVaIYoCOIhqLcQajXQYs_SnJ5kyjlPLO0nzEKR7DVsvJdjGHspYzUtNQ6rdxv53Pg&mlSearchSessionGuid=0a56efeca903efb76c76800c03e41e8c,1/25,565000,25.9,5,8,,"1/25 Студия, 25,9 м², 5/8 этаж Только на Циан Волгоградский проспект 5 минут пешком Москва , ЮВАО , р-н Южнопортовый , м. Волгоградский проспект , Волгоградский проспект , 32к5 65 000 ₽/мес. От года, комм. платежи включены (без счётчиков), комиссия 50%, без залога Дoлгоcpочная aренда (договoр нa 11 меcяцeв) Пpeдставляeм вашeму внимaнию cтильную пpoсторную студию в ЖК Бизнec-клаcсa ""Метрополия "" площaдью 25 кв.м. Бытoвая теxникa: стиpaльная машинa, пocудомoечная машинa, холодильник, микpoвoлновaя пeчь, ваpoчная панель, духoвка, вытяжка,утюг, cушилкa для бeлья,а так жe вcе неoбxодимое для комфортного проживания, в т.ч. посуда и постельное белье. В квартире имеются теплые полы Район обладает насыщенной и развитой инфраструктурой: до метро "" Угрешская"" 6-10 минут пешком до метро ""Волгоградский проспект"" 11-15 минут пешком до метро ""Дубровка"" 16-20 мин. прогулочным шагом В пешей доступности продуктовые супермаркеты- Пятерочка,Магнит,Вкус Вил,салоны красоты, кафе-рестораны, закусочные, автосервисы, аптеки и медицинские учреждения. Условия проживания по Тарифу Комфортное проживание: - 50% от арендного платежа при заселении; - Раннее бронирование объекта (за 3 дня до заселения); - Персональный менеджер на всех этапах аренды быстро реагирует на запросы - большинство бытовых вопросов решаем за 48 часов; - Страхование гражданской ответственности до 300 т.р.; - Организация мелкого ремонта. Коммунальные платежи: электроэнергия, хвс\гвс, услуги интернет провайдера, расходы за отопление дома/квартиры оплачивает арендатор. Заселение только при наличии постоянной регистрации. Без животных. Агентство недвижимости СМАРЕНТ Документы проверены +7 985 853-93-... Написать пять дней назад 6 апр, 12:14",,https://www.cian.ru/cat.php?deal_type=rent&district%5B0%5D=8&engine_version=2&offer_type=flat&room9=1&type=4&p=1,2026-04-11T10:24:59+00:00
430,326159535,ЮВАО,https://www.cian.ru/rent/flat/326159535/?context=3.c3-TxB24N1w.tsn6r4CE_CVdarJmHvJuA1CQ-VYG3RNiFOwG88XtEhaK7cNeXaezHSrb7mIDgrJgCAqxNouki_cqIQ&mlSearchSessionGuid=0a56efeca903efb76c76800c03e41e8c,1/14 Ещё фото,647000,19.5,14,25,,"1/14 Ещё фото Пешком до метро! Студия, 19,5 м², 14/25 этаж Перерва 12 минут пешком Москва , ЮВАО , р-н Люблино , м. Перерва , Люблинская улица , 80к6 47 000 ₽/мес. От года, комм. платежи включены (без счётчиков), комиссия 60%, без залога Сдаётся светлая квартира-студия с евроремонтом и совмещённым санузлом в ЖК Люблинский парк! Без депозита! Её можно посмотреть когда Вам удобно: бронируете время, забираете ключи или встречаетесь с нашим представителем и спокойно осматриваете. Если всё понравится, договор подпишем онлайн и будем поддерживать Вас на всех этапах аренды. В квартире есть: - Кухонный гарнитур; - Варочная панель; - Холодильник; - Стиральная машина; - Вытяжка. Полы — ламинат и плитка. Окна выходят во двор, на восток. Во дворах обустроены детские площадки, двор без машин. На территории дома есть бесплатные парковочные места. Собственник готов заселить не более 2 взрослых жильцов с детьми, обсудить оформление временной регистрации, докупить мебель/технику или заключить договор с юридическим лицом. Можно с небольшим домашним питомцем по согласованию. Дом находится в районе с развитой инфраструктурой: в пешей доступности находятся продуктовые супермаркеты, школы, детские сады, медицинские учреждения, салоны красоты. Недалеко — парк Героев Отечественной войны 1812 года. В 18 минутах пешком — станция МЦД-2 Перерва, в 20 минутах — м. Братиславская. Автомобилистам будет удобно выезжать на Люблинскую улицу. Агентство недвижимости ПИК-Аренда Документы проверены Посмотреть все объекты +7 916 760-62-... Написать вчера вчера, 15:25",,https://www.cian.ru/cat.php?deal_type=rent&district%5B0%5D=8&engine_version=2&offer_type=flat&room9=1&type=4&p=1,2026-04-11T10:24:59+00:00
426,326186237,ЮВАО,https://www.cian.ru/rent/flat/326186237/?context=3.xM6MJmo1_IA.R_HkjbF-_Wlq8hkivTyQyEGTsN9DQE4WoliJBGlDPQuYndKWbGhI66PIbGnkcz9pD7t7Q_z373cF_Q&mlSearchSessionGuid=0a56efeca903efb76c76800c03e41e8c,1/9,825000,18.0,1,19,,"1/9 Студия, 18 м², 1/19 этаж Только на Циан Некрасовка 7 минут пешком Москва , ЮВАО , р-н Некрасовка , м. Некрасовка , улица Ухтомского Ополчения , 8 25 000 ₽/мес. От года, комм. платежи включены (без счётчиков), комиссия 50%, залог 25 000 ₽ Для одной девушки или женщины, Другим составам не звонить! Без исключений! Соседки по лестничной клетке также женщины/девушки. На длительный срок. Стиральная машина общая на несколько таких же студий, стоит в тамбуре.( ЗАСЕЛЯЕМ ТОЛЬКО ДЕВУШЕК) Очень уютная студия! Она НЕБОЛЬШАЯ! Но компактная!! Вся техника и мебель современная, дополнительно оплачивается только горячая вода и электричество(в среднем 300 рублей летом и 2тр зимой), Договор на длительный срок. От метро Некрасовка 7 минут пешком! от ж/д станции Люберцы 5 мин на маршрутке, остановка 3 мин/пешк. Замечательный собственник! Комиссия 50% по факту заселения! Звоните, уважаемые клиенты! Риелтор Юлия Максимюк Документы проверены +7 923 079-41-... Написать неделю назад 2 апр, 15:41",,https://www.cian.ru/cat.php?deal_type=rent&district%5B0%5D=8&engine_version=2&offer_type=flat&room9=1&type=4&p=1,2026-04-11T10:24:59+00:00
502,328745018,ЮВАО,https://www.cian.ru/rent/flat/328745018/?context=3.HdjWUCrZXes.0JpBlrKmPKUxE7LolnQhzs8fFDF2ip2Hyj_HknFxB-8j_hQXGfGug2GrMY3t9dbaaso7fNm-gB9-og&mlSearchSessionGuid=8cec2f202d8a115a54c9ac4ac9372b91,1/11,875000,26.5,8,10,,"1/11 Апартаменты-студия, 26,5 м², 8/10 этаж Только на Циан Серп и Молот 9 минут пешком Москва , ЮВАО , р-н Лефортово , м. Серп и Молот , улица Золоторожский Вал , 8 75 000 ₽/мес. От года, комм. платежи включены (без счётчиков), без комиссии, залог 75 000 ₽ Сдаётся впервые! Стильная студия в современном ЖК Золоторожский, рядом метро Площадь Ильича / Римская, ж/д станция Серп и Молот. В нашем предложении есть всё необходимое для вашего комфортного проживания! Кухонная зона со встроенным холодильником, посудомоечной машиной, духовым шкафом и микроволновой печью, удобная обеденная зона. Качественный диван Askona — вам будет комфортно отдыхать ночью. В прихожей размещён вместительный шкаф. Установлены кондиционер и бойлер на время отключения горячей воды, очень хорошая шумоизоляция. В апартаментах сделан стильный дизайнерский ремонт из качественных материалов. Дополнительная необходимая техника и мебель обсуждаются. Дом бизнес-класса с огороженной территорией, охраной, системой видеонаблюдения, консьерж-службой, подземным и наземным охраняемым паркингом. В пешей доступности рестораны, кофейни, магазины на любой вкус, пункты выдачи маркетплейсов, уютные прогулочные зоны. Остались вопросы? Звоните! Оксана Риелтор Оксана Оксименко Суперагент +7 915 297-85-... два дня назад 8 апр, 22:29",,https://www.cian.ru/cat.php?deal_type=rent&district%5B0%5D=8&engine_version=2&offer_type=flat&room9=1&type=4&p=3,2026-04-11T10:24:59+00:00
466,315513391,ЮВАО,https://www.cian.ru/rent/flat/315513391/?context=3.OzssCAQIq9w.8zchmD02wjmCu8ID0ty_SLhlbyGr_Q6uA3LMPBVd8KEx4pRjevxmd6wU-1CCkhzx-SxU4yQKAmf5nQ&mlSearchSessionGuid=c9ad8bd3221c048f7d6448682c56dd7b,1/12,880000,35.1,10,12,,"1/12 1-комнатная студия (собственник) Студия, 35,1 м², 10/12 этаж Проверено в Росреестре Лефортово 13 минут пешком Москва , ЮВАО , р-н Лефортово , м. Лефортово , Боровая улица , 8 80 000 ₽/мес. От года, комм. платежи включены (без счётчиков), без комиссии, залог 80 000 ₽ Собственник Заезд с 12 апреля Студия с хорошим современным ремонтом Все фото соответствуют реальности В квартире большое панорамное окно от стены до стены - квартира светлая В квартире имеется: встроенный холодильник, плита, духовка с функцией подогрева, стиральная машина, нагреватель воды, биде, кондиционер В пешей доступности станции метро: Лефортово, Электрозаводская, Семеновская, Авиамоторная, Приятный обустроенный район, много зелени Рядом магазин Пятерочка, банк, почта, поликлиника Недалёко Лефортовский парк Цена: 80000 руб + переменные расходы Депозит: 80000 руб ( можно разбить) Собственник ID 17298783 Документы проверены +7 985 611-19-... Написать вчера вчера, 16:18",,https://www.cian.ru/cat.php?deal_type=rent&district%5B0%5D=8&engine_version=2&offer_type=flat&room9=1&type=4&p=2,2026-04-11T10:24:59+00:00
454,328667187,ЮВАО,https://www.cian.ru/rent/flat/328667187/?context=3.7Xd0Kq2meBU.CgUxWoEmjBqY-pQX9xadgWH758lXaV-Do5mCNgUVpoTXYqDMiNE7NSWkIXGACNO18DbteERXVuFwZg&mlSearchSessionGuid=c9ad8bd3221c048f7d6448682c56dd7b,1/21,1057000,30.0,13,31,,"1/21 Студия, 30 м², 13/31 этаж Только на Циан Нижегородская 9 минут пешком Москва , ЮВАО , р-н Нижегородский , м. Нижегородская , Газгольдерная улица , 10 57 000 ₽/мес. От года, комм. платежи включены (без счётчиков), комиссия 50%, залог 57 000 ₽ Квартира в монолитном доме класса комфорт +. Современный ремонт. В квартире есть все необходимое для комфортного проживания: посудомоечная машина, кондиционер, телевизор, пылесос, гладильная сушильная доска и т.д. На длительный срок. Закрытый двор без автомобилей. Метро в шаговой доступности. Оперативный показ и заселение Риелтор Вадим Белов Суперагент +7 988 194-26-... Написать вчера вчера, 18:06",,https://www.cian.ru/cat.php?deal_type=rent&district%5B0%5D=8&engine_version=2&offer_type=flat&room9=1&type=4&p=2,2026-04-11T10:24:59+00:00
475,327375667,ЮВАО,https://www.cian.ru/rent/flat/327375667/?context=3.S0ui4I1uuHI.UrALbdGKISqCk_F411yGh6q6UvSbidLGRclbZKW-VHFoJ8m9AqfiPpgJ1EdvIvpgvEXYZn0QeGqgAg&mlSearchSessionGuid=c9ad8bd3221c048f7d6448682c56dd7b,1/18,1060000,26.9,9,32,,"1/18 Студия, 26,9 м², 9/32 этаж Только на Циан Нижегородская 8 минут пешком Москва , ЮВАО , р-н Нижегородский , м. Нижегородская , Газгольдерная улица , 10 60 000 ₽/мес. От года, комм. платежи включены (без счётчиков), комиссия 50%, без залога За объект уже внесли аванс Cдаетcя уютнaя студия ЖK Пpофит новая, свeтлая cтудия с дизaйнepcким pемoнтoм oт кoмпaнии Smarent. Квартира рacполoжeна на 9 этаже . Идeaльная тpaнcпoртнaя доступность - в 5 минутах xодьбы нaходится ст. мeтрo Hижeгорoдcкая, кoтoрая входит в крупнейший в Eвропе тpанспоpтнo-пepесадочный узел. В его составе: две станции метро, станции МЦК, МЦД и Горьковского направления МЖД. До ст. м Таганская можно добраться наземным транспортом за 20 мин, МЦК Москва Сити (Деловой Центр) 30 мин., Нескучный Сад в Парке Горького - 25 минут. Для автомобилистов удобный быстрый выезд на ТТК и Садовое Кольцо. Рядом большой торговый центр ""Город"", Леруа. Закрытый двор с детскими площадками и фитнес-зоной, а также большой подземный паркинг. Машиноместо можно снять по доступной цене. Бытовая техника: стиральная машина, холодильник, варочная панель, СВЧ печь, телевизор, электрический чайник. Есть всё необходимое для жизни УСЛОВИЯ ПРОЖИВАНИЯ: Тариф Комфортное проживание -50% от арендного платежа - Раннее бронирование объекта (за 3 дня до заселения) - Персональный менеджер на всех этапах аренды быстро реагирует на запросы - большинство бытовых вопросов решаем за 48 часов - Страхование гражданской ответственности до 0,3 млн ₽ - Организация мелкого ремонта ! Коммунальные платежи: электроэнергия, хвс\гвс, услуги интернет провайдера, расходы за отопление дома/квартиры оплачивает арендатор. ! Заселение только при наличии постоянной регистрации РФ. Строго без животных. Агентство недвижимости СМАРЕНТ Документы проверены +7 985 853-93-... Написать вчера вчера, 16:10",,https://www.cian.ru/cat.php?deal_type=rent&district%5B0%5D=8&engine_version=2&offer_type=flat&room9=1&type=4&p=2,2026-04-11T10:24:59+00:00
467,327867504,ЮВАО,https://www.cian.ru/rent/flat/327867504/?context=3.2cMUMduE9eg.YDOkzrE67vYS_KUBEJoALOyp1S4p_X9SXX5GcI4n78ZXu7EAWgOUzVcqU9xpbusGD2nhRc1SmMQfig&mlSearchSessionGuid=c9ad8bd3221c048f7d6448682c56dd7b,1/8,1065000,33.0,18,32,,"1/8 Студия, 33 м², 18/32 этаж Только на Циан Нижегородская 9 минут пешком Москва , ЮВАО , р-н Нижегородский , м. Нижегородская , Газгольдерная улица , 10 65 000 ₽/мес. От года, комм. платежи включены (без счётчиков), комиссия 50%, залог 65 000 ₽ Эксклюзивное предложение! Сдаётся студия, от метро Нижегородская до 5 минут пешком. В квартире выполнен дизайнерский ремонт. Планировка с зонированием спальни, полноценная кухня и совмещённый санузел. Есть вся необходимая мебель и техника. Наземная парковка за шлагбаумом. При симпатии депозит разбивается. Звоните, оперативно проведём показ! Агентство недвижимости Не для галочки Суперагент +7 985 302-67-... Написать 3 часа назад сегодня, 09:44",,https://www.cian.ru/cat.php?deal_type=rent&district%5B0%5D=8&engine_version=2&offer_type=flat&room9=1&type=4&p=2,2026-04-11T10:24:59+00:00
455,325424262,ЮВАО,https://www.cian.ru/rent/flat/325424262/?context=3.ZBoLi447UOM.OwgCk1c8RLdiNVQ5uxFYytsDw9CH4JKkXcBamW2zfmyGbnuNiTimarWFGmzaR0B7aVwSLLPADW4SIw&mlSearchSessionGuid=c9ad8bd3221c048f7d6448682c56dd7b,1/14,1070000,25.6,9,31,,"1/14 Сдается впервые помле ремонта Студия, 25,6 м², 9/31 этаж Только на Циан Нижегородская 9 минут пешком Москва , ЮВАО , р-н Нижегородский , м. Нижегородская , Газгольдерная улица , 10 70 000 ₽/мес. От года, комм. платежи включены (без счётчиков), без комиссии, залог 75 000 ₽ Сдается новая стильная уютная квартира-студия общей площадью 25,6 кв м. Располагается на 12 этаже. Окна выходят на улицу. Техника в квартире: стиральная машина, индукционная варочная панель с 2 конфорками, полноразмерный холодильник, духовой шкаф с функцией микроволновки, вытяжка, кондиционер, проточный водонагреватель, электрочайник, беспроводной пылесос, утюг. Квартира обставлена удобной мебелью: полноразмерная кровать шириной 160 см с подъемным механизмом, анатомический матрас Askona (высота 17 см), прикроватная тумбочка, стеллаж, комод, большой шкаф для одежды, обеденный стол с 2 стульями, пуфик, зеркало. Также есть стремянка и гладильная доска. Санузел с ванной (170 см) площадью 3,2 кв м. Кроме того имеется набор посуды: кастрюли, сковорода, чашки, тарелки, салатники, столовые приборы. Квартира сдается впервые после ремонта. Договор найма заключается на 11 месяцев Коммунальные платежи: электроэнергия, ХВС, ГВС, отопление, интернет оплачиваются арендатором. Риелтор Марианна Маринычева Суперагент +7 915 267-45-... Написать вчера 9 апр, 15:18",,https://www.cian.ru/cat.php?deal_type=rent&district%5B0%5D=8&engine_version=2&offer_type=flat&room9=1&type=4&p=2,2026-04-11T10:24:59+00:00
486,328813561,ЮВАО,https://www.cian.ru/rent/flat/328813561/?context=3.qxb_iDn4QuU.ExI7VFRqPmmRRBOfHvZKGi7AdPwIqAANTOfenMeokp0P0dXzLqpvTjsz6VWNebNGRVWOoGzQEDW_Jg&mlSearchSessionGuid=8cec2f202d8a115a54c9ac4ac9372b91,1/44,1100000,20.0,31,38,,"1/44 Студия, 20 м², 31/38 этаж Только на Циан Волгоградский проспект 6 минут пешком Москва , ЮВАО , р-н Южнопортовый , м. Волгоградский проспект , Новоостаповская улица , 7к1 100 000 ₽/мес. От года, комм. платежи включены (без счётчиков), без комиссии, залог 100 000 ₽ Квартира сдаётся впервые — всё абсолютно новое, никто не жил и не пользовался техникой Сдаётся дизайнерская студия с панорамным видом на центр Москвы и Москва-Сити Интерьер выполнен с акцентами Италии — тёплые оттенки, фактуры и мягкий свет создают атмосферу уюта и эстетики. Квартира очень светлая — много естественного света и солнца в течение дня, что создаёт настроение и ощущение пространства. При необходимости можно полностью затемнить помещение — установлены блекаут римские шторы и классические шторы. О квартире — продуманная планировка с зонированием — комфортный диван **Askona** с ортопедическим матрасом (полноценное спальное место) — телевизор (готовая зона отдыха) — рабочее место у окна — вместительные системы хранения — кондиционер — современные трековые розетки (гибкое подключение техники и освещения) — стильный дизайнерский интерьер Кухня и техника — посудомоечная машина — стиральная машина с функцией сушки — духовой шкаф с функцией СВЧ — полноценный холодильник с морозильной камерой Важное преимущество: рабочая поверхность остаётся свободной — можно организовать кухню под свой стиль жизни (индукционная плитка, мультиварка, аэрогриль и т.д.) Для работы и жизни — уже проведён быстрый Wi-Fi интернет — удобное рабочее место с видом на город Квартира идеально подойдёт для человека, работающего удалённо или в гибридном формате — тихо, светло и комфортно. Вид и атмосфера — 31 этаж — панорамные окна — вид на центр Москвы и Москва-Сити — красивые закаты прямо из квартиры Локация Южнопортовый район — 3 минуты пешком до метро Волгоградский проспект — 10 минут до метро Дубровка — всего ~7 минут на метро до Китай-города (центр) Локация отлично подойдёт тем, кто ценит близость к центру — при желании можно даже дойти пешком во время вечерних прогулок. Условия — аренда: 100 000 ₽ / месяц + счётчики — залог: 100 000 ₽ — долгосрочная аренда — заезд с 15 апреля Идеально подойдёт для одного человека, также рассмотрим пару Без животных Пишите или звоните — готовы оперативно показать квартиру Собственник ID 15519688 Документы проверены +7 985 223-92-... Написать вчера 9 апр, 21:18",,https://www.cian.ru/cat.php?deal_type=rent&district%5B0%5D=8&engine_version=2&offer_type=flat&room9=1&type=4&p=3,2026-04-11T10:24:59+00:00
480,328136571,ЮВАО,https://www.cian.ru/rent/flat/328136571/?context=3.FOfNsBmpxNQ.mG3_TpiHmxuBxT_IkaH3iBFZX94AzJpLLVkNlP-qE0DD_NQn5s-kfJQ98WcJ-nN0wr-dZPrh46bu8A&mlSearchSessionGuid=8cec2f202d8a115a54c9ac4ac9372b91,1/5,2025000,26.0,21,23,,"1/5 Апартаменты-студия, 26 м², 21/23 этаж Волгоградский проспект 3 минуты пешком Москва , ЮВАО , р-н Южнопортовый , м. Волгоградский проспект , Новоостаповская улица , 20 25 000 ₽/мес. На несколько месяцев, комм. платежи включены (без счётчиков), без комиссии, залог 20 000 ₽ Сдаётся студия в ЖК HighWay 25,7метра, без ремонта под ваши нужды. 2 минуты до метро Волгоградский проспект, 15 минут до станции МЦК Угрешская и до станции метро Дубровка. Собственник ID 225714 +7 986 304-34-... Написать вчера 9 апр, 17:07",,https://www.cian.ru/cat.php?deal_type=rent&district%5B0%5D=8&engine_version=2&offer_type=flat&room9=1&type=4&p=3,2026-04-11T10:24:59+00:00
429,328737255,ЮВАО,https://www.cian.ru/rent/flat/328737255/?context=3.wKriwGASCCc.9O7cP3Nu6gsUBuOU_00m_hjTdtOQXtjShQ-S_3cjQdk4WaCuMhHGntlPTtOx-FKQxXwcQzPCYnLJxQ&mlSearchSessionGuid=0a56efeca903efb76c76800c03e41e8c,1/5,2045000,23.0,1,4,,"1/5 Апартаменты-студия, 23 м², 1/4 этаж Только на Циан Авиамоторная 16 минут пешком Москва , ЮВАО , р-н Лефортово , м. Авиамоторная , Душинская улица , 20 45 000 ₽/мес. На несколько месяцев, комм. платежи включены (без счётчиков), без комиссии, залог 25 000 ₽ Отличный вариант для тех, кто ценит комфорт, порядок и спокойную атмосферу. Первый этаж, отдельный подьезд с выходом прямо на автобусную остановку. До метро Площадь Ильича 10 минут на автобусе. Рядом ТЦ Город (Ашан, Леруа). * стабильный Wi-Fi 100 Мбит * электрический чайник, фильтр * электрическая плита и духовка. * холодильник, * стиральная машина, * сушилка для белья, * диван, + ТВ 32"" (можно использовать как дополнительный монитор для ноутбука/ * санузел с душевой. Важно: - До 2-х человек. - Допустимо с котом. - курение в апартаментах запрещено. - Просьба соблюдать тишину после 23:00. Отдельный подьезд, всего 14 апартаментов. Спокойные и адекватные соседи. Условия аренды: - 55 000 ₽ в месяц - Залог 25 000 ₽ — Оплата раз в месяц С риэлторами не сотрудничаю, просьба не беспокоить Собственник ID 124190025 Документы проверены +7 985 004-78-... Написать вчера вчера, 17:52",,https://www.cian.ru/cat.php?deal_type=rent&district%5B0%5D=8&engine_version=2&offer_type=flat&room9=1&type=4&p=1,2026-04-11T10:24:59+00:00
447,328323673,ЮВАО,https://www.cian.ru/rent/flat/328323673/?context=3._ogceC-mfS8.GcBxZ2Y2gzaFPTk6sQSMA6Ntkbnf3cyqqL1lV-lblr9tjD8Q8aT7-g9QHUmyX4_vOUxO3mqt4sYK1w&mlSearchSessionGuid=0a56efeca903efb76c76800c03e41e8c,1/15,2057500,23.0,16,25,,"1/15 Комиссия 0% + Самая низкая цена! Апартаменты-студия, 23 м², 16/25 этаж Волгоградский проспект 3 минуты пешком Москва , ЮВАО , р-н Южнопортовый , м. Волгоградский проспект , Новоостаповская улица , 20 57 500 ₽/мес. От года, комм. платежи включены (без счётчиков), без комиссии, залог 57 500 ₽ УНИКАЛЬНОЕ ПРЕДЛОЖЕНИЕ: 1) Без комиссии для арендатора ! 2) Самая низкая цена за дизайнерскую студию в ЖК бизнес-класса в пределах ТТК ! 3) До метро 1 мин пешком ! Сдается на длительный срок стильная студия 23 кв.м. с дизайнерским ремонтом в современном ЖК бизнес-класса ХайВэй. АДРЕС: г. Москва, ул. Новоостаповская, д. 20. ЭТАЖ: 16 из 25. ПЛОЩАДЬ: 23 кв.м. (комната 18 кв.м., кухня-гостиная 5 кв.м.). РЕМОНТ: Объект в идеальном состоянии, дизайнерский ремонт. ОТДЕЛКА САНУЗЛА: Совмещенный санузел с душевой кабиной. ПОЛНОЕ ОСНАЩЕНИЕ МЕБЕЛЬЮ И ТЕХНИКОЙ: • Кондиционер. • Большой холодильник. • Стиральная машина. • Стеклокерамическая варочная панель. • Вытяжной шкаф. • Микроволновая печь. • ! 3 ОГРОМНЫХ ГАРДЕРОБНЫХ ШКАФА ! ЛОКАЦИЯ И ТРАНСПОРТ: • 1 минута пешком до м. Волгоградский проспект. • 10 минут пешком до м. Дубровка. • 12 минут пешком до м. Угрешская. • 10 минут на автомобиле до Садового кольца. • 10 минут до центра Москвы на метро. ИНФРАСТРУКТУРА ЖК ХАЙВЭЙ: • Комплекс бизнес-класса с подземным паркингом. • Вся необходимая инфраструктура. •Прямо в доме продуктовый супермаркет Дикси. • Скоро в ЖК будет открыт собственный фитнес-центр с бассейном World Class. • Закрытая охраняемая территория с видеонаблюдением. • Благоустроенный двор. ФИНАНСОВЫЕ И ОРГАНИЗАЦИОННЫЕ УСЛОВИЯ: • Собственник действует как ИП. Аренда возможна как для физических лиц, так и для юридических лиц (для проживания конкретного сотрудника, указываемого в договоре). • ВСЯ ОПЛАТА СТРОГО ПО БЕЗНАЛИЧНОМУ РАСЧЕТУ. • ДЛЯ ПРОЖИВАНИЯ 1 ЧЕЛОВЕКА ИЛИ СЕМЕЙНОЙ ПАРЫ БЕЗ ДЕТЕЙ! • ПРОЖИВАНИЕ С ЖИВОТНЫМИ НЕ ДОПУСКАЕТСЯ. • В стоимость аренды включены коммунальные платежи. Дополнительно оплачиваются: электроэнергия, вода по счетчикам, интернет. Риелтор ID 123676766 Документы проверены +7 985 041-16-... Написать неделю назад 3 апр, 18:26",,https://www.cian.ru/cat.php?deal_type=rent&district%5B0%5D=8&engine_version=2&offer_type=flat&room9=1&type=4&p=1,2026-04-11T10:24:59+00:00
458,328255372,ЮВАО,https://www.cian.ru/rent/flat/328255372/?context=3.gAqmPe6q17I.peah0GEjmqmTsSaJDRUBtwpn7Wd2ePKJUynPw9tYyHOzJSI84xDt8aiDtd3ktEgd0neUDWWdAwA2QA&mlSearchSessionGuid=c9ad8bd3221c048f7d6448682c56dd7b,1/18,2067000,27.0,11,23,,"1/18 Апартаменты-студия, 27 м², 11/23 этаж Волгоградский проспект 3 минуты пешком Москва , ЮВАО , р-н Южнопортовый , м. Волгоградский проспект , Новоостаповская улица , 20 67 000 ₽/мес. От года, комм. платежи включены (без счётчиков), комиссия 60%, залог 67 000 ₽ ВАШЕМУ ВНИМАНИЮ! м.Волгоградский проспект - 2 минуты пешком! Предлагается, светлая, уютная квартира. Квартира в отличном состоянии, после ремонта. Полностью укомплектована всей необходимой мебелью и техникой для комфортного проживания. В шаговой доступности магазины одежды и обуви, салоны красоты, бытовые услуги, спортклуб, продуктовые магазины. Заселение день в день. Оперативный показ. По всем вопросам звонить 24/7. Агентство недвижимости PREMIUM CITY Документы проверены +7 985 586-44-... Написать вчера вчера, 14:10",,https://www.cian.ru/cat.php?deal_type=rent&district%5B0%5D=8&engine_version=2&offer_type=flat&room9=1&type=4&p=2,2026-04-11T10:24:59+00:00
482,327143324,ЮВАО,https://www.cian.ru/rent/flat/327143324/?context=3.1DKsDUu_iK8.9ToOOOdolw5W4qwEt9I796wFJ0vVfDVlILz-XkQy4i-2PjRZQySs4hbqOC_0625OtEL5IDNF2bfC0A&mlSearchSessionGuid=8cec2f202d8a115a54c9ac4ac9372b91,1/9,2069900,26.0,22,23,,"1/9 Апартаменты-студия, 26 м², 22/23 этаж Волгоградский проспект 3 минуты пешком Москва , ЮВАО , р-н Южнопортовый , м. Волгоградский проспект , Новоостаповская улица , 20 69 900 ₽/мес. От года, комм. платежи включены (без счётчиков), комиссия 50%, залог 75 000 ₽ Id 60982. Сдается просторная студия в ЖК ""HighWay"" ! Об апартаменте: - Квартира оснащена всей необходимой мебелью и техникой. - Большое панорамное окно. - Дизайнерский ремонт на стадии завершения. - Полностью укомплектована Главные преимущества комплекса Хайвей: - Метро ""Волгоградский проспект"" в 3 минутах ходьбы. - До центра города 10 минут на метро! - На первых этаж уже работает продуктовый магазин ""Дикси"", также в комплексе открыты пункты выдачи ""Ozon"" и ""Wildberries"" - Летом будет открыт фитнес-клуб с бассейном, до которых можно добраться не выходя из подъезда! - Закрытая территория с пропускной системой. - Подземный паркинг. - ЖК находится в активно развивающемся районе Москвы. - Рядом расположен торговый центр ""Дубровка"" известный своими положительными отзывами. Рассмотрим предложения, звоните для записи на показ, отвечаю быстро! Агентство недвижимости EstateLiga Документы проверены +7 916 863-15-... Написать вчера вчера, 19:40",,https://www.cian.ru/cat.php?deal_type=rent&district%5B0%5D=8&engine_version=2&offer_type=flat&room9=1&type=4&p=3,2026-04-11T10:24:59+00:00
464,328359692,ЮВАО,https://www.cian.ru/rent/flat/328359692/?context=3.P8GC85ZRdeI.VsrecFMLxc6YGcONZ2pGmDHbU2N2X-Isy9nK8j4t3hEH9K9ZJ4a_T464n9jZ43DnwE_h7Mcs3BXrmA&mlSearchSessionGuid=c9ad8bd3221c048f7d6448682c56dd7b,1/10,2070000,29.0,14,22,,"1/10 студия, 29 м² в ЖК ""HighWay"" Апартаменты-студия, 29 м², 14/22 этаж Только на Циан Проверено в Росреестре Волгоградский проспект 3 минуты пешком Москва , ЮВАО , р-н Южнопортовый , м. Волгоградский проспект , Новоостаповская улица , 20 70 000 ₽/мес. От года, комм. платежи включены (без счётчиков), без комиссии, залог 70 000 ₽ Сдается апартаменты-студия, 29 м² на долгий срок уютная студия в первый раз, 2 минуты пешком до метро Волгоградский проспект. Удобный и быстрый выезд на 3-е транспортное кольцо. До садового кольца 2 станции метро, до метро Дубровка идти 10 минут. Новый ремонт, никто не жил. Сдается от собственника, без комиссии. Есть вся необходимая новая техника: телевизор 55 дюймов, кондиционер с функцией обогрева, посудомоечная и стиральная машинки, духовка, плита 4-х комфорки, встраиваемая микроволновка, вытяжка, водонагреватель, шторы блек аут. Предусмотрено огромное количество мест для хранения (в комнате и в ванной шкафы до потолка), есть гардеробная комната, в прихожей тумба для обуви и вешалка. Диван удобный, разбирается в 2-х спальное место. Территория ЖК огорожена и охраняется. Во дворе есть детская площадка, двор без машин. Квартира сдается 1 человеку без животных на срок от 11 месяцев. Без комиссии, отдельно оплачиваются свет, электричество и интернет. Апартаменты сдаются для одного человека, без детей и животных. С риелторами договора не заключаю. Собственник ID 50705515 +7 923 076-91-... Написать 2 часа назад сегодня, 10:40",,https://www.cian.ru/cat.php?deal_type=rent&district%5B0%5D=8&engine_version=2&offer_type=flat&room9=1&type=4&p=2,2026-04-11T10:24:59+00:00
422,328009833,ЮВАО,https://www.cian.ru/rent/flat/328009833/?context=3.c-W8J8D03KY.Voi4NEWyfF6qTZLjbZiyl9CGQtzcT4959jQn-Jb7_CxfshXfdEXFiqJwFcIDYTJUDHVx4YHdelUwmw&mlSearchSessionGuid=0a56efeca903efb76c76800c03e41e8c,1/41 Ещё фото,2074999,27.0,14,22,,"1/41 Ещё фото Видовая, можно с мини собакой/кот Апартаменты-студия, 27 м², 14/22 этаж Волгоградский проспект 3 минуты пешком Москва , ЮВАО , р-н Южнопортовый , м. Волгоградский проспект , Новоостаповская улица , 20 74 999 ₽/мес. На несколько месяцев, комм. платежи включены (без счётчиков), без комиссии, залог 74 999 ₽ Замечательная студия с дорогим и современным ремонтом. Продуманная до мелочей. Здесь удобно и жить и работать. Большая кухня со всей встроенной техникой: двухкамерный холодильник, посудомоечная машина, микроволновая печь. Вместительная кровать 160 на 200 с ортопедическим матрасом, телевизор с 55 диагональю. Трехзонное освещение позволит настроить комфортный свет в квартире. Теплые полы по всей площади, кондиционер. Удобная ванная комната полностью оборудованная. Отдельная рабочая зона со своим освещением. Адаптированное место для подключения робот-пылесоса. Спешите, это супер отличный и качественный вариант. Оперативные показы с понедельника по пятницу. Риелтор Ильдар Канафеев Суперагент Посмотреть все объекты +7 917 566-42-... Написать вчера вчера, 17:03 Как опередить это объявление?",,https://www.cian.ru/cat.php?deal_type=rent&district%5B0%5D=8&engine_version=2&offer_type=flat&room9=1&type=4&p=1,2026-04-11T10:24:59+00:00
469,327843023,ЮВАО,https://www.cian.ru/rent/flat/327843023/?context=3.TWyZMvGnoZA.Ren7OZCpD9tRHhNPoY8pvE7gU1wbhSKA-V5xoBE1-PKzStu_IFDwg_fcnEkP74J8ryqdDjja_Z_Mrg&mlSearchSessionGuid=c9ad8bd3221c048f7d6448682c56dd7b,1/13,2075000,36.0,10,23,,"1/13 Апартаменты-студия, 36 м², 10/23 этаж Волгоградский проспект 3 минуты пешком Москва , ЮВАО , р-н Южнопортовый , м. Волгоградский проспект , Новоостаповская улица , 20 75 000 ₽/мес. От года, комм. платежи включены (без счётчиков), комиссия 40%, залог 75 000 ₽ Великолепная студия с только что завершенным евро ремонтом в Жк бизнес класса Хай Вэй. Комплекс расположен в непосредственной близости от метро Волгоградский проспект. В доме первые этажи нежилые, тут будет расположена вся инфраструктура (магазины, салоны, кафе, пвз) Закрытая и охраняемая придомовая территория, двор без машин, есть подземный паркинг. Студия очень просторная - 36 квадратных метров. Предусмотрено много мест для хранения. Для вашего комфорта установлена откидная кровать, которая убирается легким движением и на спальном месте остается уютный диван. В комнате большой шкаф и шкаф-купе на входе для верхней одежды. Кухня укомплектована всей встроенной техникой. Сплит система. Панорамное окно в пол выходящее на юго-западную сторону, квартира очень светлая и просторная. Приобреталась исключительно для сдачи в аренду, сдаётся на длительный срок. Риелтор Анна Шутова Суперагент +7 910 536-92-... Написать вчера 9 апр, 18:56",,https://www.cian.ru/cat.php?deal_type=rent&district%5B0%5D=8&engine_version=2&offer_type=flat&room9=1&type=4&p=2,2026-04-11T10:24:59+00:00
485,313752293,ЮВАО,https://www.cian.ru/rent/flat/313752293/?context=3.Nl_rf2rQhqU.8P3tEWVMhPBUN3hjNgLYokTVVGMEbSUfM_yR9KnQ-sQuMvcH1NRZCPyXCyOiG28A7M0hAVhG34ITZQ&mlSearchSessionGuid=8cec2f202d8a115a54c9ac4ac9372b91,1/50,2100000,43.0,17,17,,"1/50 Студия, 43 м², 17/17 этаж Проверено в Росреестре Дубровка 7 минут пешком Москва , ЮВАО , р-н Южнопортовый , м. Дубровка , 6-я Кожуховская улица , 15к2 100 000 ₽/мес. От года, комм. платежи включены (без счётчиков), без комиссии, залог 120 000 ₽ На последнем 17 этаже, на южной стороне одноподъездного монолитного дома 2005 года постройки, сдается просторная 43 м. студия с лоджией, полностью оборудованная и укомплектованная всем необходимым. Установлена новая сушильная машина, капсульная Nespresso, индукционная плита, фильтрация питьевой воды с осмосом, бойлер, Oled (именно Олед) телевизор с не замедляемым ютубом, Apple tv 4k с Кинопабом! (Не путать с Кинопоиском и другими бесполезными онлайн кинотеатрами) , колонкой Алисой с элементами умного дома (интерьерное освещение на голосовом управлении), домашним кинотеатром 5.1 B&W мультирум, по необходимости + xbox X. Инверторный кондиционер Fujitsu с ночным режимом 19dB и Конвекционная микроволновая печь Panasonic (оба made in Japan). В наличии хорошая, новая кухонная посуда, приборы Broggi новое белье (икея импорт)) и всё что нужно для жизни, (штопор есть!). Вам, только развесить на 120 вешалках личные вещи, в 2-х шкафах, и в прихожей разместить 27 пар обуви в обувнице. Кровать - 160/200 и доп спальное место из дивана 120/180. Не смотря на то, что дом находится рядом с ТТК, с прекрасной транспортной доступностью, в квартире тихо и можно спать с открытыми окнами. В доме приветливые соседи и круглосуточный консьерж. У дома ВСЕГДА есть бесплатные парковочные места. Рядом, в соседних домах, продуктовые сетевые магазины с алкоголем, работающие до 23:00 и один круглосуточный + большой Магнит Косметик, через дом Яндекс лавка., Аптека и тандыр Пекарня. В трех! минутах ходьбы от дома большой ТРЦ Мозаика, с фудкортом, гипер маркетом, фитнесом (DDX) флагманским Мфц и 2-х минутным переходом на станцию МЦК Дубровка. Метро Кожуховская в 12 минутах ходьбы. Недалеко находится ландшафтный парк Остров Мечты (идеально для велопрогулок) В стоимость аренды включены все платежи кроме электроэнергии. Сдаю без животных, на длительный срок ценящим чистоту, камерность и уют. Если вы хотите жить в современных условиях, но большие ЖК с маленькими деревьями и плохой шумоизоляцией вам не подходят, тогда это предложение может быть вам интересно. ID 47359882 Документы проверены +7 985 002-22-... Написать два дня назад 8 апр, 20:56",,https://www.cian.ru/cat.php?deal_type=rent&district%5B0%5D=8&engine_version=2&offer_type=flat&room9=1&type=4&p=3,2026-04-11T10:24:59+00:00
489,295985967,ЮВАО,https://www.cian.ru/rent/flat/295985967/?context=3.iTcTQTJOJi0.lYATIHdoaWvSiwNRWYrxaidu_eFcEIZMaW1GJmnCg9YD1Y9dV3troIbYqLG9UDrmE2m-Nsyl0eBl4w&mlSearchSessionGuid=8cec2f202d8a115a54c9ac4ac9372b91,1/17,2550000,13.7,4,4,,"1/17 Апартаменты-студия, 13,7 м², 4/4 этаж Только на Циан Авиамоторная 17 минут пешком Москва , ЮВАО , р-н Нижегородский , м. Авиамоторная , Подъемная улица , 14С25 50 000 ₽/мес. От года, комм. платежи включены (без счётчиков), комиссия 50%, залог 50 000 ₽ Сдается двухуровневая студия после косметического ремонта и клиннинга. Готова к заезду от 11 месяцев. Счетчики включены в стоимость аренды, которая указана в объявлении! В 12 минутах на транспорте от метро площадь Ильича, в 18ти минутах пешком до авиамоторной, в 10 минутах на транспорте мцд катилники. В студии есть все необходимое для проживания: кровать, холодильник, электрическая плита, духовая печь, микроволновая печка, стиральная машина, посудомоечная машина, кондиционер, телевизор, интернет, душевая кабина с санузлом, отопление. В 5 минутах от дома большое количество продуктовых магазинов, в 8 минутах от дома большой трц Город. Все документы в порядке. Без животных. ----- Примечание: у собственника могут быть дополнительные пожелания к жильцам - обсудите их в чате или по телефону Риелтор Максим Афонин Суперагент +7 916 910-49-... Написать 2 недели назад 26 мар, 04:47",,https://www.cian.ru/cat.php?deal_type=rent&district%5B0%5D=8&engine_version=2&offer_type=flat&room9=1&type=4&p=3,2026-04-11T10:24:59+00:00
432,328298801,ЮВАО,https://www.cian.ru/rent/flat/328298801/?context=3._4M_RWjkJK0.gmKDBb4rC0HHIAtwd4FEx2xMCde-sLUsdm4oT5saitbaCyfzOn7sNAHDweAkETiELBPnC-GplD1Lrg&mlSearchSessionGuid=0a56efeca903efb76c76800c03e41e8c,1/7,2835000,25.0,12,17,,"1/7 Студия, 25 м², 12/17 этаж Некрасовка 10 минут пешком Москва , ЮВАО , р-н Некрасовка , м. Некрасовка , улица Недорубова , 28 35 000 ₽/мес. От года, комм. платежи включены (счётчики включены), комиссия 60%, залог 35 000 ₽ Сдается на длительный период . Качественный рeмoнт, вся мебель и бытовая техника, нeoбходимая для кoмфopтного пpoживaния. Пoлнoстью меблиpoвана мебелью: шкаф,комод, кровать двухспальная , куxонный гарнитур, диван-кресло, барная стойка , высокие стулья . Квартира укомплектована всей бытовой техникой: электрическая плита , холодильник, стиральная машина, микроволновка. Сан узел раздельный, ванна, стиральная машина автомат раздельный в пользовании 3 комнат. Рядом с метро торговые центры, фитнес центр, продуктовые магазины в доме и рядом с домом. Шаговая доступность 7 минут до станции метро Некрасовка. Сдается на длительный период . Рассмотрят платежеспособных жильцов, приоритет для девушки, женщины. Оплата 35000 рублей все платежи включены в стоимость. Депозит 35000 рублей можно разделить на 2 платежа. Комиссия . ID 307387 Документы проверены +7 923 074-33-... Написать три дня назад 7 апр, 13:27",,https://www.cian.ru/cat.php?deal_type=rent&district%5B0%5D=8&engine_version=2&offer_type=flat&room9=1&type=4&p=1,2026-04-11T10:24:59+00:00
465,328835465,ЮВАО,https://www.cian.ru/rent/flat/328835465/?context=3.OAF6pVVONjE.LuipYOu9JnJ12se2K6PTOhvQQSErHHN2dgRSWSMKU-4NS_X4y0H8BZ49ijaTAdFWHq0mvb4a9Q6_gw&mlSearchSessionGuid=c9ad8bd3221c048f7d6448682c56dd7b,1/8,4545000,18.0,3,8,,"1/8 Апартаменты-студия, 18 м², 3/8 этаж Текстильщики 11 минут пешком Москва , ЮВАО , р-н Печатники , м. Текстильщики , Волгоградский проспект , 45 45 000 ₽/мес. На несколько месяцев, комм. платежи включены (без счётчиков), без комиссии, залог 45 000 ₽ Студия рядом с метро и БКЛ Текстильщики(6-9 минут )в здании магазин, недорогая уютная столовая , проходная система (Вас никто не украдет)) Без комиссии .от 5 месяцев. Квитанция оплачивается отдельно . Собственник ID 51522630 Документы проверены +7 985 289-26-... Написать 5 минут назад сегодня, 13:17",,https://www.cian.ru/cat.php?deal_type=rent&district%5B0%5D=8&engine_version=2&offer_type=flat&room9=1&type=4&p=2,2026-04-11T10:24:59+00:00
451,327887979,ЮВАО,https://www.cian.ru/rent/flat/327887979/?context=3.VcPEIu91mZY.oHbsXWZ_5DwNCjYIgCz_FVTqVHKISjED2DmCejzNecIvx8_ta6P7c63_0IRGOs62AihOs7AtKsR5cQ&mlSearchSessionGuid=c9ad8bd3221c048f7d6448682c56dd7b,1/14,20129000,27.0,14,25,,"1/14 Бутик студия с личным кинотеатром Апартаменты-студия, 27 м², 14/25 этаж Волгоградский проспект 3 минуты пешком Москва , ЮВАО , р-н Южнопортовый , м. Волгоградский проспект , Новоостаповская улица , 20 129 000 ₽/мес. От года, комм. платежи включены (без счётчиков), без комиссии, залог 129 000 ₽ Бутик-студия с личным кинотеатром и сервисом 5 Премиальная видовая студия в новом апарт-комплексе HighWay (1 минута пешком от м. Волгоградский проспект) 8 минут до Китай города. Пространство создано по стандартам люксового бутик-отеля: здесь нет базовых решений от застройщика, каждый метр спроектирован для вашего безупречного комфорта. Уникальные особенности (почему эта студия особенная): Премиальный сон: Полноценная кровать с матрасом Serta Perfect Sleeper, элитный текстиль бренда Frette и воздушное одеяло (белый лебяжий пух). Элитные окна Schco и профессиональная шумоизоляция гарантируют абсолютную тишину для идеального отдыха. Личный кинозал: Огромный выдвижной экран (110 дюймов) с профессиональным проектором и стерео звуком. Смотрите фильмы с эффектом полного погружения. Умный дом и техника: Система Умный дом с Алисой. Встроенная кухня оснащена всей необходимой техникой, включая современный холодильник No Frost и микроволновую печь. Трехуровневая система водоочистки. Эстетика и материалы: Интерьер выполнен в природных оттенках. Фактурное дерево, дизайнерский свет из травертина и ротанга и подлинная картина художника Che маслом создают атмосферу дорогого приватного пространства. Грамотное зонирование: Приватная спальня, деликатно отделенная декоративными деревянными рейками. Уютная гостиная зона с раскладным диваном, рабочим и обеденным столиком из массива дерева у окна с панорамным видом. Просторный и глубокий встроенный гардероб с множеством ящиков и штанг для хранения вещей. Отельный сервис: В стоимость аренды уже включена профессиональная уборка 2 раза в месяц — живите в чистоте и комфорте, не тратя время на быт. О доме и локации Современный апарткомплекс бизнескласса у метро, закрытая территория, консьерж/охрана, теплый паркинг (аренда возможна за дополнительную плату) До ст. м. Волгоградский проспект 13 минуты пешком, до Китайгорода 8 минут по прямой ветке без пересадок. Рядом магазины, кафе, фитнес, быстрый выезд на ТТК и в центр; удобное расположение для тех, кто ценит время и не хочет жить на окраине. Условия аренды: Ставка: 129 000 ₽ / месяц. Коммунальные платежи: вода, электричество и интернет оплачиваются отдельно. Залог: 100% . Срок: от 11 месяце",,https://www.cian.ru/cat.php?deal_type=rent&district%5B0%5D=8&engine_version=2&offer_type=flat&room9=1&type=4&p=2,2026-04-11T10:24:59+00:00
