id,listing_id,district,url,title,price_rub,area_m2,floor,total_floors,metro,address,description_snippet,source_page,scraped_at
1821,329145183,ЮВАО,https://www.cian.ru/rent/flat/329145183/?context=4.EY5d6jpNoxQ.y8ttz7bROxgj7QlTFylKFYMBQZGv2hTuVGg6b2fKSFA2dc7X22H0sPRMdrrKMgZk9fEB4Ess1AgkxQ&mlSearchSessionGuid=20418775b4444e9692a0b9619df37ff6,1/9,70000,36.7,14,24,,"1/9 Студия, 36,7 м², 14/24 этаж Проверено в Росреестре Люблино 5 минут пешком Москва , ЮВАО , р-н Люблино , м. Люблино , Совхозная улица , 10Б 70 000 ₽/мес. От года, комм. платежи включены (без счётчиков), без комиссии, залог 70 000 ₽ Сдается стильная студия на длительный срок в монолитном доме 2021 года постройки в 5-ти минутах от метро Люблино. Просторная комната с дизайнерским ремонтом, очень светлая и уютная. В квартире есть все необходимое для комфортного проживания: холодильник, духовая печь, СВЧ, стиральная машина с функцией сушки, вайфай, кондиционер, увлажнитель воздуха, возможна установка посудомоечной машины. Кухня оборудована современной техникой и обеденной зоной. Есть необходимая посуда и электрический чайник. Двуспальная кровать с ортопедическим матрасом. Санузел совмещенный, выполнен в современном стиле. В доме имеются колясочная, два грузовых и один пассажирский лифт, а также наземная и подземная парковки. Во дворе обустроена детская площадка. Квартира находится в районе с развитой инфраструктурой, рядом находятся магазины и остановки общественного транспорта. Большой фитнес клуб с бассейном. Сквер. Курение запрещено, можно проживание с детьми. Можем обговорить покупку дивана, телевизора и т.п. в счет арендной платы. Собственник ID 140823083 Документы проверены Назначить просмотр час назад сегодня, 21:00",,https://www.cian.ru/cat.php?deal_type=rent&district%5B0%5D=8&engine_version=2&offer_type=flat&room9=1&type=4&p=3,2026-04-20T19:22:43+00:00
1817,328835097,ЮВАО,https://www.cian.ru/rent/flat/328835097/?context=4.9HxJYBdYYz0.Rxf56Fudg9GJw6uK_zB9bsAyzTJilInQERWN5D4IOnGprFUz3belyHO8c25N0eWTgZ0kZa1ZChYLPg&mlSearchSessionGuid=21064e85ed82d0b4a773f97d1c71f86e,1/15,78000,27.0,13,27,,"1/15 Студия, 27 м², 13/27 этаж Только на Циан Авиамоторная 13 минут пешком Москва , ЮВАО , р-н Лефортово , м. Авиамоторная , Символ ЖК , Независимость кв-л 78 000 ₽/мес. От года, комм. платежи включены (без счётчиков), комиссия 30%, залог 78 000 ₽ Ждем вас на просмотр! Сдаётся просторная и светлая студия с абсолютно новым ремонтом, мебелью и техникой в ЖК бизнес-класса Символ. Отличная локация за счет своей транспортной и пешей доступности. Станции метро Площадь Ильича, Авиамоторная и Римская в 10-15 минутах пешей доступности. Быстрый выезд на ТТК и комфортная развязка к центру города. В квартире выполнен дизайнерский ремонт, присутствует все необходимое для жизни. Если мы посмотрим из окна, то насладимся спокойным видом на двор, ухоженной придомовой территорией с детской площадкой. Установлена система охраны и видеонаблюдения. На территории комплекса находится охраняемый наземный и подземный паркинг. Закрытая территория. В самом ЖК большое количество ресторанов и кафе. Закрытые дворы без машин с современными детскими площадками и прогулочными зонами. Данная локация славится своей развитой инфраструктурой. Рядом находится ТРЦ Город с невероятным количеством различных магазинов, заведений и развлечений, а также банки, аптеки и пункты выдачи. Через дорогу от дома всеми известный фитнесс клуб World Class. В пешей доступности находятся школы, детские сады. Парк Зеленая река - станет незаменимым местом для прогулок. Большое количество очистных пространств рядом с ЖК. Квартира сдаётся на длительный срок. Звоните, прямо сейчас, чтобы договориться о просмотре. Буду рада ответить на все интересующие вопросы! Номер объекта: #1/537035/24838 Агентство недвижимости Moscow Sales Department Документы проверены +7 916 612-48-... Написать 3 часа назад сегодня, 19:02",,https://www.cian.ru/cat.php?deal_type=rent&district%5B0%5D=8&engine_version=2&offer_type=flat&room9=1&type=4&p=2,2026-04-20T19:22:43+00:00
1788,326294321,ЮВАО,https://www.cian.ru/rent/flat/326294321/?context=4.uzT6ZbCtCIA.SzghH4oVSvld4pog5GNg_cSL6wDXBcpucJ8m6Tbhpys44uGVldPMC0qwz8gkGMrjmBTk5BVU_vvMOg&mlSearchSessionGuid=d6016804c573063ab93e478e792a6ce1,2/15,135000,13.5,2,10,,"2/15 Студия, 13,5 м², 2/10 этаж Только на Циан Юго-Восточная 8 минут пешком Москва , ЮВАО , р-н Выхино-Жулебино , м. Юго-Восточная , Ташкентская улица , 25К1 35 000 ₽/мес. От года, комм. платежи включены (без счётчиков), комиссия 60%, залог 35 000 ₽ Сдается уютная студия площадью 11.6 кв. м. на длительный срок. До метро Юго-Восточная всего 8 минут пешком. В квартире есть все необходимое для комфортного проживания: косметический ремонт, необходимая мебель, холодильник, стиральная машина, микроволновая плита, электрическая поверхность, электрический чайник. Планировка включает совмещенный санузел с душевой кабиной. В вашем распоряжении также интернет, поэтому можно смело работать или учиться онлайн. Лоджия добавляет дополнительное пространство для хранения или отдыха. Дом находится в районе с развитой инфраструктурой. В шаговой доступности расположены школы, детские сады и клиники, поэтому все важные учреждения будут у вас под рукой. Для любителей шопинга и повседневных покупок поблизости есть магазины. Риелтор ID 116658281 +7 985 254-20-... Написать вчера вчера, 15:37",,https://www.cian.ru/cat.php?deal_type=rent&district%5B0%5D=8&engine_version=2&offer_type=flat&room9=1&type=4&p=1,2026-04-20T19:22:43+00:00
1836,320691127,ЮВАО,https://www.cian.ru/rent/flat/320691127/?context=4.SfABXCGSYUQ.-cztPJuA63hOZ1ppcHNRXz3PZYWiZcKuyBlvNKB_xCtvswNLNRaVXfMVGDd1tH1W8fXY2nDDicd2bQ&mlSearchSessionGuid=20418775b4444e9692a0b9619df37ff6,1/11,143000,17.0,2,3,,"1/11 Апартаменты-студия, 17 м², 2/3 этаж Только на Циан Депо 1 минута пешком Москва , ЮВАО , р-н Люблино , м. Депо , Егорьевский проезд , 3АС1 43 000 ₽/мес. От года, комм. платежи включены (без счётчиков), без комиссии, залог 43 000 ₽ Сдается в аренду потрясающий апартамент со свежим ремонтом. БЕЗ КОМИСИИ! 15 пешком от м . Люблино или 6 мин от м. Депо. Вся необходимая мебель и техника присутствует, все в отличном состоянии . Апартамент 2х этажный. Первый этаж- кухня гостиная, второй этаж спальня. Без детей и животных. Соседи хорошие. Первый этаж, под ним цоколь, тоже жилой. Сдается с 6 АПРЕЛЯ. Риелтор ID 191762 Документы проверены +7 910 013-48-... вчера вчера, 14:50",,https://www.cian.ru/cat.php?deal_type=rent&district%5B0%5D=8&engine_version=2&offer_type=flat&room9=1&type=4&p=3,2026-04-20T19:22:43+00:00
1797,328985601,ЮВАО,https://www.cian.ru/rent/flat/328985601/?context=4.2oDWP6F3F_g.BFSXzrzt_uehHnZ6EaBZGsqSC_cMzY_u1YHQncRu2JfcmGO17tbx-i5hav1-DOG1CyIeSi7dtO4xZw&mlSearchSessionGuid=21064e85ed82d0b4a773f97d1c71f86e,1/10,145000,15.0,1,9,,"1/10 Студия, 15 м², 1/9 этаж Ранний доступ Только на Циан Кожуховская 5 минут пешком Москва , ЮВАО , р-н Южнопортовый , м. Кожуховская , 5-я Кожуховская улица , 34К1 45 000 ₽/мес. От года, комм. платежи включены (без счётчиков), без комиссии, залог 60 000 ₽ БЕЗ КОМИССИИ, Я СОБСТВЕННИК. Студия. Свежий ремонт. Очень обжитой район со всей необходимой инфраструктурой, до метро Кожуховская 3 минуты пешком. Сдаю по договору строго для одного человека. Коммунальные услуги оплачиваются отдельно по счетчикам. Собственник ID 35549711 Документы проверены +7 916 220-78-... Написать час назад сегодня, 21:15",,https://www.cian.ru/cat.php?deal_type=rent&district%5B0%5D=8&engine_version=2&offer_type=flat&room9=1&type=4&p=2,2026-04-20T19:22:43+00:00
1804,329126008,ЮВАО,https://www.cian.ru/rent/flat/329126008/?context=4.Y9d_2hcBryw.pJn5G8mT9-fFsVsrvnGy0QKP0R_TVQtGoeDMQG7ThPONP3jpo-Ox0ivGYQuREeaAwqFTWgVFGb_Tcg&mlSearchSessionGuid=21064e85ed82d0b4a773f97d1c71f86e,1/19,145000,20.0,4,20,,"1/19 Студия, 20 м², 4/20 этаж Люблино 4 минуты на транспорте Москва , ЮВАО , р-н Люблино , м. Депо , Люблинская улица , 72Ак1 45 000 ₽/мес. От года, комм. платежи включены (без счётчиков), комиссия 65%, залог 45 000 ₽ Сдаётся уютная студия в современном жк. В квартире никто не жил, сдается впервые!! В квартире сделан качественный евроремонт, что создаёт современную и комфортную обстановку. Пространство продумано до мелочей: функциональная кухня площадью 10 кв. м оборудована необходимой мебелью и техникой, включая холодильник и стиральную машину. В комнате также есть вся нужная мебель для вашего удобства. Совмещённый санузел оснащён душевой кабиной, что особенно удобно для небольшой площади. Дом обладает всеми необходимыми удобствами: здесь есть наземная парковка и три лифта — два пассажирских и один грузовой. В доме проведён интернет, поэтому можно сразу подключаться к сети и наслаждаться всеми преимуществами жизни в современном здании. Район предлагает развитую инфраструктуру: рядом находятся школы, детские сады и магазины, что делает это место особенно удобным для семей. Условия аренды: квартира сдаётся на длительный срок. Подходит для проживания одного-двух человек. Не упустите возможность снять уютную и современную студию! Звоните и записывайтесь на просмотр, будем рады вам её показать. Агентство недвижимости Space Realty +7 916 465-01-... Написать вчера вчера, 20:28",,https://www.cian.ru/cat.php?deal_type=rent&district%5B0%5D=8&engine_version=2&offer_type=flat&room9=1&type=4&p=2,2026-04-20T19:22:43+00:00
1802,329009950,ЮВАО,https://www.cian.ru/rent/flat/329009950/?context=4.4ZAOhX5Zvro.HVClFYftzZcnNaYTyAd3KV3q8SxqCHIIVLGs7-3wJtVdys03J7o9wW_JLBXuB5v4ZSLIyanLz4zrMA&mlSearchSessionGuid=21064e85ed82d0b4a773f97d1c71f86e,1/31,153000,19.7,20,22,,"1/31 Студия, 19,7 м², 20/22 этаж Текстильщики 20 минут пешком Москва , ЮВАО , р-н Текстильщики , м. Новохохловская , 1-й Грайвороновский проезд , 7Ак1 53 000 ₽/мес. От года, комм. платежи включены (без счётчиков), комиссия 50%, без залога Долгoсpoчнaя аpенда (договoр нa 11 меcяцев). Предcтaвляeм вашeму внимaнию cтильную cтудию 19,7 кв.м. в ЖK Волжский паpк. Бытовая тeхникa: cтиpaльнaя мaшинa, xoлoдильник, вытяжка, варoчнaя панeль, тeлeвизор, электpический чайник, микрoволнoвая пeчь. Район oблaдаeт нaсыщенной и рaзвитoй инфраcтруктуpой: - в 15 минутax пешком oт метро Текстильщики - подземные и наземные паркинги, дворы-парки - поликлиники, магазины и фитнес-клубы. - в окружении находятся ТЦ Город, Леруа Мерлен, кинотеатр Олимпик Синема и стадион Москвич. Поблизости благоустроенные зелёные зоны: Волжский бульвар, большой Кузьминский лесопарк, пруд Садки и музей-усадьба Кусково. УСЛОВИЯ ПРОЖИВАНИЯ: не более 2-х чел - Комиссия 50% от арендного платежа; - Раннее бронирование объекта (за 3 дня до заселения); - Персональный менеджер на всех этапах аренды быстро реагирует на запросы - большинство бытовых вопросов решаем за 48 часов; - Страхование гражданской ответственности до 0,3 млн ₽; - Организация мелкого ремонта. Коммунальные платежи: электроэнергия, хвс\гвс, услуги интернет провайдера, расходы за отопление дома/квартиры оплачивает арендатор. Заселение только при наличии постоянной регистрации РФ. БЕЗ ЖИВОТНЫХ! Агентство недвижимости СМАРЕНТ Документы проверены +7 985 853-93-... Написать два дня назад 18 апр, 17:40",,https://www.cian.ru/cat.php?deal_type=rent&district%5B0%5D=8&engine_version=2&offer_type=flat&room9=1&type=4&p=2,2026-04-20T19:22:43+00:00
1775,327641627,ЮВАО,https://www.cian.ru/rent/flat/327641627/?context=4.Fp_c0Wqbzu0._r2aYAuzLiPoApKBSuQmTRPXhoXFdES48HRJyDZmJ7VDjZkcuf7s1WFCplili3hHwZ03yDXUSmvm3A&mlSearchSessionGuid=d6016804c573063ab93e478e792a6ce1,1/12 Ещё фото,160000,20.0,34,38,,"1/12 Ещё фото Уютная, стильная ! Студия, 20 м², 34/38 этаж Только на Циан Волгоградский проспект 6 минут пешком Москва , ЮВАО , р-н Южнопортовый , м. Волгоградский проспект , Новоостаповская улица , 7к1 60 000 ₽/мес. От года, комм. платежи включены (без счётчиков), комиссия 30%, залог 50 000 ₽ Впервые сдается уютная , видовая студия. Супер укомплектована всем необходимым для комфортной жизни. Много мест хранения. Свободная. Депозит делим . Видео по запросу. звоните ID 47664046 Документы проверены Посмотреть все объекты +7 923 076-18-... Написать 13 часов назад сегодня, 08:47",,https://www.cian.ru/cat.php?deal_type=rent&district%5B0%5D=8&engine_version=2&offer_type=flat&room9=1&type=4&p=1,2026-04-20T19:22:43+00:00
1786,328869295,ЮВАО,https://www.cian.ru/rent/flat/328869295/?context=4.jDcadiHz0ic.-0ZklCd2ZjeHWlAi_s6b6llTIi8G77e6fDr0jq70uX47YVJdRLP44IX3wJGUUMVxU338CldAFlfYtA&mlSearchSessionGuid=d6016804c573063ab93e478e792a6ce1,1/10,160000,21.1,1,5,,"1/10 Апартаменты-студия, 21,1 м², 1/5 этаж Только на Циан Лефортово 10 минут пешком Москва , ЮВАО , р-н Лефортово , м. Лефортово , Ухтомская улица , 16К1 60 000 ₽/мес. От года, комм. платежи включены (без счётчиков), без комиссии, залог 60 000 ₽ Предлагаем уютные апартаменты по адресу: ул. Ухтомская, 16, к.1 21,1 м² Почему это идеальный вариант: Дизайнерский ремонт: Свежий, стильный интерьер — здесь приятно находиться. Полная комплектация: Заезжайте с одним чемоданом! Есть вся необходимая техника: стиральная машина, холодильник, СВЧ-печь, варочная панель. Готовность: Квартира полностью меблирована и готова к заселению прямо сейчас. Локация: Отличная транспортная доступность позволит вам легко добираться до любой точки города. Условия аренды: Цена: 60 000 руб./мес. + коммунальные платежи. Агентство недвижимости ONE OSNOVA Документы проверены +7 986 274-23-... Написать 9 часов назад сегодня, 12:25",,https://www.cian.ru/cat.php?deal_type=rent&district%5B0%5D=8&engine_version=2&offer_type=flat&room9=1&type=4&p=1,2026-04-20T19:22:43+00:00
1818,328697997,ЮВАО,https://www.cian.ru/rent/flat/328697997/?context=4.hQ7UCr77xKk.2lGqcEkgdKnZoW_wz288N4wduHF0H79JkHQMeHhQvOhrwR2T3U818-3sdmHIw-E6fTCXh4elL7PTVg&mlSearchSessionGuid=21064e85ed82d0b4a773f97d1c71f86e,1/21,160000,26.0,2,30,,"1/21 Студия, 26 м², 2/30 этаж Только на Циан Волгоградский проспект 12 минут пешком Москва , ЮВАО , р-н Южнопортовый , м. Угрешская , Волгоградский проспект , 32/5к1 60 000 ₽/мес. От года, комм. платежи включены (без счётчиков), комиссия 60%, залог 60 000 ₽ Арт. 134155294 Сдается студия 26 м² в ЖК ""Метрополия"" (корпус Стокгольм) на длительный срок. В шаговой доступности метро и МЦК: до станции МЦК ""Угрешская"" 45 минут пешком, до метро ""Волгоградский проспект"" 710 минут. Прямой выезд с территории на Волгоградский проспект и ТТК. ЖК комфорт-класса: презентабельный подъезд, вход по смарт-картам, круглосуточная охрана и видеонаблюдение, консьерж в каждом корпусе. Закрытая благоустроенная территория, двор без машин, подземный паркинг, детские и спортивные площадки. Внутри двора и в пешей доступности всё необходимое для жизни: продуктовые магазины, кафе, пункты выдачи заказов (Ozon, Wildberries и другие). Выходить за пределы ЖК не нужно, чтобы забрать посылку или купить продукты. Сама студия светлая, окна выходят во двор тихо. Дизайн минималистичный, всё аккуратно и без лишнего. В квартире уже есть всё необходимое: кровать, кухня с техникой, стол, стулья. Коммунальные платежи по счётчикам. Сдаю на длительный срок. Имеется видеообзор — пришлю ссылкой по запросу. Звоните, пишите, приезжайте смотреть. Агентство недвижимости FOX ESTATE Документы проверены +7 989 564-10-... Написать 4 часа назад сегодня, 18:20",,https://www.cian.ru/cat.php?deal_type=rent&district%5B0%5D=8&engine_version=2&offer_type=flat&room9=1&type=4&p=2,2026-04-20T19:22:43+00:00
1819,328869349,ЮВАО,https://www.cian.ru/rent/flat/328869349/?context=4.8LM4K5j84HY.nPhyCmt-hrZNxQUphZxVNI_uuW_vFinyyh5W_41vF4OXqbRaz1BiDktJcMcvXJEAdtY36VmZUY9cPQ&mlSearchSessionGuid=21064e85ed82d0b4a773f97d1c71f86e,1/13,160000,20.9,1,5,,"1/13 Апартаменты-студия, 20,9 м², 1/5 этаж Только на Циан Лефортово 10 минут пешком Москва , ЮВАО , р-н Лефортово , м. Лефортово , Ухтомская улица , 16К1 60 000 ₽/мес. От года, комм. платежи включены (без счётчиков), без комиссии, залог 60 000 ₽ Стильная студия 20,9 м² с новым ремонтом — заезжай и живи! Предлагаем уютные апартаменты по адресу: ул. Ухтомская, 16, к.1 Почему это идеальный вариант: Дизайнерский ремонт: Свежий, стильный интерьер — здесь приятно находиться. Полная комплектация: Заезжайте с одним чемоданом! Есть вся необходимая техника: стиральная машина, холодильник, СВЧ-печь, варочная панель. Готовность: Квартира полностью меблирована и готова к заселению прямо сейчас. Локация: Отличная транспортная доступность позволит вам легко добираться до любой точки города. Условия аренды: Цена: 60 000 руб./мес. + коммунальные платежи Агентство недвижимости ONE OSNOVA Документы проверены +7 986 274-23-... Написать шесть дней назад 14 апр, 11:06",,https://www.cian.ru/cat.php?deal_type=rent&district%5B0%5D=8&engine_version=2&offer_type=flat&room9=1&type=4&p=2,2026-04-20T19:22:43+00:00
1846,329143503,ЮВАО,https://www.cian.ru/rent/flat/329143503/?context=4.dq_-Eu8Yvtw.bff06AoCe4AaBbZ4qzRafKm1MtalkJABb3YA7Y7Q99JJXlFcHBI_RCv1UmD6X4S6rfBugZU-hyPaAA&mlSearchSessionGuid=20418775b4444e9692a0b9619df37ff6,1/15,160000,38.5,8,14,,"1/15 Студия, 38,5 м², 8/14 этаж Кузьминки 11 минут пешком Москва , ЮВАО , р-н Кузьминки , м. Кузьминки , Есенинский бульвар , 14К1 60 000 ₽/мес. От года, комм. платежи включены (без счётчиков), комиссия 60%, залог 60 000 ₽ Сдаётся уютная большая квартира- студия, в 10 минутах пешком от метро Кузьминки. Высокие потолки (2,8 м) и окна, выходящие на бульвар, создают атмосферу простора и уюта. Квартира с евроремонтом, полностью меблирована. В комнате и кухне есть вся необходимая мебель и техника для комфортной жизни. На лоджии оборудован кабинет или зона для отдыха. Ухоженный подъезд, консьерж, презентабельные соседи. Район развит и удобен для жизни: рядом расположены школы, детские сады, клиники и магазины, все необходимое для комфортной жизни находится в шаговой доступности. Квартира идеально подходит для одного человека или пары. Риелтор Наталья Педан Суперагент +7 916 875-33-... Написать вчера вчера, 16:43",,https://www.cian.ru/cat.php?deal_type=rent&district%5B0%5D=8&engine_version=2&offer_type=flat&room9=1&type=4&p=3,2026-04-20T19:22:43+00:00
1780,329042874,ЮВАО,https://www.cian.ru/rent/flat/329042874/?context=4.dvPKNDb5u7Q.mG5o5Qp1ZvzUZFkb7oh9gqrzeOPLq73FsOEtt5m571EYzfuQBpG1SXm7DHgbDZBY72sL3Xn3tDf5Fw&mlSearchSessionGuid=d6016804c573063ab93e478e792a6ce1,1/25 Ещё фото,165000,25.0,11,33,,"1/25 Ещё фото БЕЗ комиссии студия с 2 окнами Студия, 25 м², 11/33 этаж Проверено в Росреестре Нижегородская 7 минут пешком Москва , ЮВАО , р-н Нижегородский , м. Нижегородская , Перовское шоссе , 2к1 65 000 ₽/мес. От года, комм. платежи включены (без счётчиков), без комиссии, залог 65 000 ₽ Здравствуйте! от собственника БЕЗ КОМИССИИ сдается большая студия с 2 окнами, 25м2. Расположение: 5 мин до м.Нижегородская, самый близкий дом к метро. О квартире : все фото реальные, есть все- кондиционер, посудомоечная машина, полноценная духовка (!!), микроволновка, интернет, телевизор смарт тв, стиральная машина, вертикальный пылесос, двуспальная кровать 1600*2000мм, мини-диван, столовые приборы и посуда, огромный шкаф, плечики для одежды и гладильная доска. Инфраструктура : есть все-магазины, кафе, пекарни ,пункты выдачи всех маркетплейсов, аптеки, салоны красоты. Во дворе спортивные площадки, прогулочные и лаундж зоны с шезлонгами. Парковка во дворе и многоуровневый паркинг. Есть служба охраны,видеонаблюдение, 4 лифта в подъезде. При заключении договора необходим депозит за сохранность имущества в размере стоимости одного месяца аренды 65000 рублей. Депозит возвращается при передаче квартиры по окончанию срока проживания, при условии, что в квартире не повреждено имущество, это все также указывается в договоре. Квартира сдается официально , по договору, напрямую от собственника, все документы на собственность предоставим. Оплата : 65000+ вода,свет, отопление. Интернет и тв входит в стоимость. Квартира готова к заселению. Рассмотрю вариант субаренды. Собственник ID 100610673 Документы проверены Посмотреть все объекты +7 985 758-48-... Написать 9 часов назад сегодня, 13:05",,https://www.cian.ru/cat.php?deal_type=rent&district%5B0%5D=8&engine_version=2&offer_type=flat&room9=1&type=4&p=1,2026-04-20T19:22:43+00:00
1801,328567594,ЮВАО,https://www.cian.ru/rent/flat/328567594/?context=4.ZYLak0fTpi8.C-6OSdk4YtzGMHK9CJHop2A47Q94aLWVYWawhUQ4nZGgNmgdzOAS8NtHp1W73G4W6zbk6vkXRV_v4g&mlSearchSessionGuid=21064e85ed82d0b4a773f97d1c71f86e,1/22,165000,20.7,27,27,,"1/22 Студия, 20,7 м², 27/27 этаж Авиамоторная 11 минут пешком Москва , ЮВАО , р-н Лефортово , м. Авиамоторная , улица Крузенштерна , 10к1 65 000 ₽/мес. От года, комм. платежи включены (без счётчиков), комиссия 50%, без залога Дoлгоcрочная аренда (договoр нa 11 меcяцeв). Прeдcтaвляeм вaшeму внимaнию пpocторную, уютную студию плoщадью 20,7 кв.м. рacпoложeнную в ЖК Символ. Бытовая техника: кондиционер, телевизор, посудомоечная машина, хoлoдильник, варочная панель, микроволновая печь, cтиpальная машинa, элeктричecкий чайник. Есть все необходимое для комфортного и долгосрочного проживания, в т.ч. посуда. Удобства квартиры: - Встроенная посудомоечная машина; - Вместительные системы хранения; - Уютная просторная комната с красивым видом из окна; - Светлая, уютная ванная комната с современной сантехникой. Дом находится в районе с развитой инфраструктурой: в шаговой доступности остановки общественного транспорта, в 10 минутах пешком находится станция метро ""Авиамоторная"", в 15-20 минутах - станция ""Лефортово"". Рядом с домом расположены: продуктовые супермаркеты, пункты выдачи, аптеки и медицинские учреждения, кафе, рестораны. Преимущество ЖК Символ - безопасные дворы без машин с охраняемой территорией. Во дворе обустроены отдельные детские и спортивные площадки, а также экозоны для прогулок и отдыха. Условия проживания по Тарифу Комфортное проживание: - 50% от арендного платежа при заселении; - Раннее бронирование объекта (за 3 дня до заселения); - Персональный менеджер на всех этапах аренды быстро реагирует на запросы - большинство бытовых вопросов решаем за 48 часов; - Страхование гражданской ответственности до 0,3 млн ₽; - Организация мелкого ремонта. Коммунальные платежи: электроэнергия, хвс\гвс, услуги интернет провайдера, расходы за отопление дома/квартиры оплачивает арендатор. Заселение только при наличии постоянной регистрации РФ. Без животных Агентство недвижимости СМАРЕНТ Документы проверены +7 985 853-93-... Написать четыре дня назад 16 апр, 13:30",,https://www.cian.ru/cat.php?deal_type=rent&district%5B0%5D=8&engine_version=2&offer_type=flat&room9=1&type=4&p=2,2026-04-20T19:22:43+00:00
1789,313435761,ЮВАО,https://www.cian.ru/rent/flat/313435761/?context=4.t8bUp8iYW9I.RYxh8rGFJSbFQs2cZso1McyoOWWoQ5gjQS_sjiNdb4OJgdcg7ugJLsBhBLjSuq4YYvbOFrIwUIMN1w&mlSearchSessionGuid=d6016804c573063ab93e478e792a6ce1,1/11,170000,26.0,2,8,,"1/11 Студия, 26 м², 2/8 этаж Только на Циан Угрешская 5 минут пешком Москва , ЮВАО , р-н Южнопортовый , м. Угрешская , Волгоградский проспект , 32/5к1 70 000 ₽/мес. От года, комм. платежи включены (без счётчиков), без комиссии, без залога Сдаётся на долгий срок новая уютная квартира-студия. С дизайнерским ремонтом, выполненным из качественных материалов. В жилом комплексе бизнес - класса Метрополия. В прихожей большой шкаф купе в потолок на несколько секций. Удобная кровать с хорошим матрасом для комфортного сна. Дом оборудован индивидуальной входной группой со своим консьержем. В шаговой доступности находятся кафе, салоны красоты, магазины, аптеки, все что необходимо для комфортной жизни. ЖК находится в 8-ми минутах от станции метро Волгоградский проспект, в двух минутах МЦК Угрешская. Собственник ID 123287814 +7 989 561-77-... Написать 3 часа назад сегодня, 18:55",,https://www.cian.ru/cat.php?deal_type=rent&district%5B0%5D=8&engine_version=2&offer_type=flat&room9=1&type=4&p=1,2026-04-20T19:22:43+00:00
1814,323420031,ЮВАО,https://www.cian.ru/rent/flat/323420031/?context=4.DHF1JNbNjBE.b89LrGpUepwh2D4cLQEMAzxB7AvIqP3kcAeiGLIg2N_8X7XVFdSXP_8QWYzXXvjcLMkrDknGcklj8Q&mlSearchSessionGuid=21064e85ed82d0b4a773f97d1c71f86e,1/16,170000,20.0,25,32,,"1/16 Студия, 20 м², 25/32 этаж Только на Циан Волгоградский проспект 6 минут пешком Москва , ЮВАО , р-н Южнопортовый , м. Волгоградский проспект , Новоостаповская улица , 7к1 70 000 ₽/мес. От года, комм. платежи включены (без счётчиков), комиссия 50%, залог 70 000 ₽ Представляю вашему вниманию стильную видовую квартиру-студия на 25-м этаже в новом жилом комплексе Первый Дубровский. Идеально подойдет одному человеку или паре! В квартире выполнена меблировка по дизайнерскому проекту в скандинавском стиле. Получилась очень уютная, светлая, просторная и максимально практичная квартира для комфортного длительного проживания. Преимущества данной квартиры: Мебель. Кухня-гостиная: классный стильный продуманный кухонный уголок со всей необходимой техникой, обеденным столом, стульями, большим телевизором. Спальня зона: шикарная уютная двуспальная кровать с ортопедическим матрасом и подъемным механизмом, большой шкаф для одежды с зеркалами, шторы блэкаут. Прихожая: большой шкаф для одежды, консоль, пуф. Санузел: оборудован душевой кабинкой, большим зеркалом с ящиком, стиральной машинкой, полотенцесушителем, шкафчиком для принадлежностей. Много мест хранения: кровать с подъемным механизмом, 2 шкафа с выдвижными системами и штангой. Кресла-стулья с поворотным механизмом. Бытовая техника: стиральная машинка, холодильник no frost, варочная панель, духовой шкаф, посудомоечная машина, вытяжка, телевизор, СВЧ, электрический чайник, кондиционер, интернет. Район обладает развитой инфраструктурой, в шаговой доступности детские сады, школы, игровые площадки, все необходимые магазины, аптеки, кафе, бары, пункты выдачи OZON, WB и многое другое. Удобная транспортная доступность: до метро Волгоградский проспект - 5 мин пешком, до ТТК - 5 мин на авто, до центра - 15 мин на авто. Условия проживания: - долгосрочная аренда - договор на 11 мес., с последующей пролонгацией - коммунальные платежи включены (без счетчиков и интернета) - коммунальные платежи по счетчикам: электроэнергия, горячая/холодная, услуги интернета оплачивает арендатор. - заселение только при наличии постоянной или временной регистрации РФ. - без животных - стоимость аренды: 70 000 руб Риелтор ID 21527139 Документы проверены +7 989 593-09-... Написать два дня назад 18 апр, 20:13",,https://www.cian.ru/cat.php?deal_type=rent&district%5B0%5D=8&engine_version=2&offer_type=flat&room9=1&type=4&p=2,2026-04-20T19:22:43+00:00
1781,321344783,ЮВАО,https://www.cian.ru/rent/flat/321344783/?context=4.WXpuV7iPUKo.mOvnq4WF2FuFvsGiaSpCjVIpFBGlslezJweDOn5Zl1-2ZonISg2y0OUAoIyteQkBba0ahlgaiij6xg&mlSearchSessionGuid=d6016804c573063ab93e478e792a6ce1,1/22,190000,32.0,5,14,,"1/22 Студия, 32 м², 5/14 этаж Только на Циан Римская 10 минут пешком Москва , ЮВАО , р-н Лефортово , м. Серп и Молот , проезд Шелихова , 1к1 90 000 ₽/мес. От года, комм. платежи включены (без счётчиков), без комиссии, залог 90 000 ₽ Квартира в ЖК Символ, доме бизнес класса. Сдаётся впервые и на длительный срок. Оборудована всем необходимым: телевизор, интернет, на кухне встроенная техника (духовой шкаф, посудомоечная машина, холодильник, морозильная камера). Грамотно продуманная система хранения. Кондиционер, подогрев пола, видео домофон. Грамотно продуманная входная группа в подъезде с зоной коворкинга. Риелтор Ольга Цегельная Суперагент +7 916 043-84-... Написать 9 часов назад сегодня, 12:55",,https://www.cian.ru/cat.php?deal_type=rent&district%5B0%5D=8&engine_version=2&offer_type=flat&room9=1&type=4&p=1,2026-04-20T19:22:43+00:00
1767,323840974,ЮВАО,https://www.cian.ru/rent/flat/323840974/?context=4.gVxKc-8fIAs.Jb2dOhSrKr3FSoepqTRGozwf2GN_e9awqkitApys2mkshR9hrXgvGoa0XTEkHKDB6nRl_8rSm_s6ZQ&mlSearchSessionGuid=d6016804c573063ab93e478e792a6ce1,1/8,226000,17.0,1,16,,"1/8 Апартаменты-студия, 17 м², 1/16 этаж Только на Циан Текстильщики 14 минут пешком Москва , ЮВАО , р-н Текстильщики , м. Текстильщики , улица 8-я Текстильщиков , 13К2 26 000 ₽/мес. На несколько месяцев, комм. платежи включены (без счётчиков), без комиссии, без залога СОБСТВЕННИК! Читайте пожалуйста внимательно, полностью! Сдается комната 17м² в апартаментах в цоколе. Комната изолированна. Сдам исключительно адекватному, чистоплотному, спокойному, ответственному гp. PФ без вредных привычек арендатору!!! Регистрация и амино невозможна! Желательно одного человека! Санузел, душ общий. В комнате установлена сантехника, арендатору останется спаять и подключить сантехнику и студия готова. Приточно-вытяжная вентиляция. Без окна! Комната находится в районе с развитой инфраструктурой, в шаговой доступности от метро, БКЛ, МЦД-2. Ценик на длительный срок(год), если комнату снять на меньший срок, то цена увеличится. Если объявление опубликовано, значит актуально. Подойдёт как под жилое, так и не под жилое, мастерская, типография, офис, склад, упаковка, производство, ателье и т.д. ----- Примечание: у собственника могут быть дополнительные пожелания к жильцам - обсудите их в чате или по телефону Собственник ID 8531476 Документы проверены +7 916 936-41-... Написать 6 часов назад сегодня, 15:38",,https://www.cian.ru/cat.php?deal_type=rent&district%5B0%5D=8&engine_version=2&offer_type=flat&room9=1&type=4&p=1,2026-04-20T19:22:43+00:00
1794,329143582,ЮВАО,https://www.cian.ru/rent/flat/329143582/?context=4.WGI9w3qe5rk.EoT1mBIgOE_tfoXDd-mFMkD3W5FIkwuDaZOV0027JsCgcTBiARahpcMEcVOruE1st7pnIw9DAsJJGQ&mlSearchSessionGuid=21064e85ed82d0b4a773f97d1c71f86e,1/21,232000,24.0,2,19,,"1/21 Студия, 24 м², 2/19 этаж Некрасовка 18 минут пешком Москва , ЮВАО , р-н Некрасовка , м. Некрасовка , улица Лавриненко , 13к2 32 000 ₽/мес. От года, комм. платежи включены (без счётчиков), комиссия 100%, залог 32 000 ₽ Сдаётся уютная студия по адресу: Москва, ул. Лавриненко, д. 13, корп. 2. Общая площадь — 24 кв.м. Квартира идеально подойдёт для одного человека или пары, которые ценят комфорт и функциональность. Студия полностью укомплектована всем необходимым для жизни: удобная мебель, кухня с техникой, санузел в хорошем состоянии — можно заехать и жить без дополнительных вложений. Квартира сдаётся на длительный срок. Стоимость аренды — 32 000 рублей в месяц. Залог — 32 000 рублей. Коммунальные платежи — в среднем 2 0002 500 рублей. Комиссия агентства — 100%. Район Некрасовка — современный и активно развивающийся, с хорошей инфраструктурой: рядом магазины, супермаркеты, аптеки, кафе и всё необходимое для комфортной жизни. Спокойная и удобная локация для проживания. До метро Некрасовка — всего 15 минут пешком, что делает передвижение по городу быстрым и удобным. Отличный вариант для тех, кто ищет комфортное и доступное жильё в Москве на длительный срок. Риелтор Сергей Чернавин Суперагент +7 910 443-11-... Написать 5 часов назад сегодня, 16:49",,https://www.cian.ru/cat.php?deal_type=rent&district%5B0%5D=8&engine_version=2&offer_type=flat&room9=1&type=4&p=2,2026-04-20T19:22:43+00:00
1832,326403023,ЮВАО,https://www.cian.ru/rent/flat/326403023/?context=4.5yqwGd2BTnE.-tDO-4a6BXKu_zHd-zYPHJwkgaT_wAkHHZolrNIMuNkad0tzL7yyOnXEZdtetWQHyeUutbJ5WrwpMQ&mlSearchSessionGuid=20418775b4444e9692a0b9619df37ff6,1/11,241000,17.0,3,5,,"1/11 Студия, 17 м², 3/5 этаж Только на Циан Кузьминки 9 минут пешком Москва , ЮВАО , р-н Кузьминки , м. Кузьминки , Жигулевская улица , 4К2 41 000 ₽/мес. От года, комм. платежи включены (без счётчиков), комиссия 50%, залог 41 000 ₽ Сдаётся студия 17 м² в новом ЖК Нью Форм Сдаётся впервые уютная студия площадью 17 м², расположенная на 3 этаже нового жилого комплекса Нью Форм. Квартира полностью укомплектована для комфортного проживания: двуспальный диван шкаф для хранения вещей кухонный гарнитур с техникой: холодильник, плита, СВЧ ванная комната полностью оборудована: стиральная машина, душ, полотенцесушитель Новая квартира, никто не проживал. Подходит для одного человека или семейной пары. Инфраструктура и транспорт: рядом большое количество магазинов до метро — 7 минут пешком возле метро расположен крупный торгово-развлекательный центр Отличный вариант для комфортной жизни в новом доме. Звоните / пишите для просмотра. Агентство недвижимости АРТИН Суперагент +7 915 234-34-... неделю назад 8 апр, 08:31",,https://www.cian.ru/cat.php?deal_type=rent&district%5B0%5D=8&engine_version=2&offer_type=flat&room9=1&type=4&p=3,2026-04-20T19:22:43+00:00
1830,328436182,ЮВАО,https://www.cian.ru/rent/flat/328436182/?context=4.-YEtEHUVRwQ.zVUEApiJIA9Q9Td4ADweOQSOFB6L9cU8PTQaqwltwJYMwafxObTc84jVsuvvskb7pI3FAfsnaYSqYQ&mlSearchSessionGuid=20418775b4444e9692a0b9619df37ff6,1/7,245000,19.0,2,5,,"1/7 Студия, 19 м², 2/5 этаж Только на Циан Проверено в Росреестре Текстильщики 12 минут пешком Москва , ЮВАО , р-н Текстильщики , м. Текстильщики , улица Артюхиной , 6К2 45 000 ₽/мес. От года, комм. платежи включены (без счётчиков), без комиссии, залог 45 000 ₽ Сдаётся СОБСТВЕННИКОМ, БЕЗ КОМИССИИ, уютная студия в пешей доступности до метро Текстильщики и Культурного центра Москвич, справа через забор школа, слева Московский институт экономики. Имеется вся необходимая мебель, техника, предметы быта, проведен скоростной интернет, по периметру неоновая подсветка, работающая в различных режимах. Сдаётся на длительный срок для 1-2 человек, имеющих регистрацию. Закрытый двор, парковочное место, видеонаблюдение, консьерж. Депозит можно разбить на 2 платежа: первый месяц 25 000 руб., второй месяц 20 000 руб. Студия сдаётся от собственника, поэтому без комиссии. Ежемесячная оплата квартиры: 45 000р. + счетчики Собственник ID 117482035 Документы проверены +7 985 012-40-... Написать четыре дня назад 16 апр, 12:58",,https://www.cian.ru/cat.php?deal_type=rent&district%5B0%5D=8&engine_version=2&offer_type=flat&room9=1&type=4&p=3,2026-04-20T19:22:43+00:00
1782,328145829,ЮВАО,https://www.cian.ru/rent/flat/328145829/?context=4.eQ41PYQgU1Y.XQzTo3ir0UXeBV0fXhhifdWzmF0dWC0K61LF-wncPRvIscjjFtLxNwoDeW2casNY9JHbcFOG24eRCQ&mlSearchSessionGuid=d6016804c573063ab93e478e792a6ce1,1/22,250000,22.0,8,23,,"1/22 Студия, 22 м², 8/23 этаж Только на Циан Новохохловская 14 минут пешком Москва , ЮВАО , р-н Текстильщики , м. Новохохловская , 1-й Грайвороновский проезд , 13к2 50 000 ₽/мес. От года, комм. платежи включены (без счётчиков), комиссия 50%, залог 50 000 ₽ Уютная студия, общей площадью 22 кв.м.Для комфортного проживания есть вся необходимая мебель и бытовая техника. Санузел совмещенный, душевая кабина. Вместительный шкаф. Хорошо развитая инфраструктура. Агентство недвижимости Триумф Суперагент +7 968 237-87-... Написать вчера вчера, 14:42",,https://www.cian.ru/cat.php?deal_type=rent&district%5B0%5D=8&engine_version=2&offer_type=flat&room9=1&type=4&p=1,2026-04-20T19:22:43+00:00
1816,328008898,ЮВАО,https://www.cian.ru/rent/flat/328008898/?context=4.TCFjs5DgGLg.fzpqU0GC0hKm6jHi5GzPpcJDc6keuEqt1QP3hk2oFrOEaO18pSvJ3gRA2ElAlq2q5Sx47-GRf0tPUw&mlSearchSessionGuid=21064e85ed82d0b4a773f97d1c71f86e,1/24,250000,23.6,26,33,,"1/24 Студия, 23,6 м², 26/33 этаж Окская 10 минут пешком Москва , ЮВАО , р-н Рязанский , м. Окская , улица Михайлова , 30Ак2 50 000 ₽/мес. От года, комм. платежи включены (без счётчиков), комиссия 50%, без залога Дoлгocрoчная аpенда (договoр нa 11 месяцeв). Cтильнaя и cветлaя студия в ЖК Михaйлoвский Пapк, площадь кв.м. 23.6. Meбель: вмeститeльный шкaф, удобный pасклaднoй диван, куxoнный гаpнитуp, обeденная зона, pабoчая зoнa, кoмод. Бытовая техника: Стиральная машина, холодильник, вытяжка, варочная панель, электрический чайник, микроволновая печь. Район обладает развитой инфраструктурой: В пешей доступности детские сады, школы, поликлиники, магазины, фитнес-клуб, ТЦ Рязанский. До большого Кусковского лесопарка со старинной усадьбой Кусково и прудом 20 минут пешком по прямой. 10 мин. ходьбы до метро Окская и в 15 мин. пешком до метро Рязанский проспект Условия проживания по Тарифу Комфортное проживание - комиссия 50% от арендного платежа; - Раннее бронирование объекта (за 3 дней до заселения); - Персональный менеджер на всех этапах аренды быстро реагирует на запросы - большинство бытовых вопросов решаем за 48 часов; - Страхование гражданской ответственности до 300 000 ₽; - Организация мелкого ремонта. - Заселение с детьми (возраст детей от 6 лет). Коммунальные платежи: электроэнергия, хвс\гвс, услуги интернет провайдера, расходы за отопление (при наличии счетчика) дома/квартиры оплачивает арендатор. Заселение только при наличии постоянной регистрации РФ Без животных Агентство недвижимости СМАРЕНТ Документы проверены +7 985 853-93-... Написать 5 часов назад сегодня, 17:21",,https://www.cian.ru/cat.php?deal_type=rent&district%5B0%5D=8&engine_version=2&offer_type=flat&room9=1&type=4&p=2,2026-04-20T19:22:43+00:00
1848,326149369,ЮВАО,https://www.cian.ru/rent/flat/326149369/?context=4.nOElPryP3js.Cr96HaVCxOFlcsZiAw8kiJSU4Lsvfz35aq577ZlE9LkvKXZU6XUtLZJ-IlWSpRbY0NPT1aqyJ2GIHA&mlSearchSessionGuid=20418775b4444e9692a0b9619df37ff6,1/27,250000,23.5,3,33,,"1/27 Студия, 23,5 м², 3/33 этаж Только на Циан Новохохловская 6 минут пешком Москва , ЮВАО , р-н Нижегородский , м. Новохохловская , Новохохловская улица , 15к2 50 000 ₽/мес. От года, комм. платежи включены (без счётчиков), комиссия 100%, залог 50 000 ₽ Сдается квартира в современном доме. В квартире есть вся необходимая мебель и техника. Высокоразвитый район: школы, детские сады, продуктовые магазины (Магнит, Пятерочка и т.п.), ТЦ Три-D, ТЦ Город. В пешей доступности МЦД Новохохловская. Ищем допропорядочных Нанимателей, преимущественно 1-2 человека, пару. Можно с ребенком. Животные обсуждаются отдельно. По оплате: - 50 тыс. р. - ежемесячный платеж (плюс 1-2 т. р. за счетчики и интернет); - 50 тыс. р. - депозит/залог (можно разбить на 2 части). Ключи у меня, показываю по договоренности. Агентство недвижимости Этажи Москва Документы проверены +7 985 873-66-... Написать 3 недели назад 25 мар, 12:03",,https://www.cian.ru/cat.php?deal_type=rent&district%5B0%5D=8&engine_version=2&offer_type=flat&room9=1&type=4&p=3,2026-04-20T19:22:43+00:00
1795,323960207,ЮВАО,https://www.cian.ru/rent/flat/323960207/?context=4.snzMpVzCEZk.Dq7yt42pElXDt82znRhxY91UVSCoLBd5ASd5c1We_ewOwdL87iqC2ucfSU1qK-7PFs_TsW2YioaGNA&mlSearchSessionGuid=21064e85ed82d0b4a773f97d1c71f86e,1/26,255000,28.0,21,33,,"1/26 Студия, 28 м², 21/33 этаж Перерва 4 минуты пешком Москва , ЮВАО , р-н Люблино , м. Перерва , Иловайская улица , 2 55 000 ₽/мес. От года, комм. платежи включены (без счётчиков), комиссия 80%, залог 60 000 ₽ Сдается уютная квартира свободной планировки в новом ЖК. В квартире есть всё для комфортного проживания: мебель, бытовая техника телевизор, холодильник, стиральная машина, кондиционер, духовка, электроплита от западных брендов, ортопедическая кровать 160200, продуманы зоны отдыха, сна, хранения и т.д. ЖК находится в окружении развитой социальной и коммерческой инфраструктуры - детский сад, различные образовательные учреждения, сетевые супермаркеты (Пятёрочка, ВкусВилл) , ПВЗ (Озон, WB), скоро открытие нескольких кафе и ресторанов. В пешей доступности - Люблинский парк, станции метро Перерва, Братиславская и Марьино. Квартира сдается на длительный срок одному 1 человеку от 25 лет без вредных привычек, без детей и животных. Риелтор Жанна Шойбекова Суперагент +7 916 632-93-... Написать 7 часов назад сегодня, 14:30",,https://www.cian.ru/cat.php?deal_type=rent&district%5B0%5D=8&engine_version=2&offer_type=flat&room9=1&type=4&p=2,2026-04-20T19:22:43+00:00
1810,328571046,ЮВАО,https://www.cian.ru/rent/flat/328571046/?context=4.T-i88PfOZMM.jmz0dboV3DSmltVqoDuZC3Oc1kCil2oJXvCl2ScClOPVqQ2WkhsXVxQxfOsBklIdy8nda2qbx-d2iQ&mlSearchSessionGuid=21064e85ed82d0b4a773f97d1c71f86e,1/19,257000,23.6,18,37,,"1/19 Студия, 23,6 м², 18/37 этаж Нижегородская 10 минут пешком Москва , ЮВАО , р-н Нижегородский , м. Нижегородская , Перовское шоссе , 2к2 57 000 ₽/мес. От года, комм. платежи включены (без счётчиков), комиссия 50%, без залога Дoлгоcрочная аренда (договoр нa 11 меcяцeв). Прeдcтaвляeм вaшeму внимaнию пpocторную, уютную студию плoщадью 23,6 кв.м. рacпoложeнную в ЖК Перовское. Бытовая техника: кондиционер, телевизор, хoлoдильник, варочная панель, микроволновая печь, cтиpальная машинa, элeктричecкий чайник, утюг, гладильная доска, сушилка для одежды. Есть все необходимое для комфортного и долгосрочного проживания, в т.ч. посуда. Удобства квартиры: - Вместительные системы хранения; - Обеденная зона с телевизором; - Уютная просторная комната с красивым видом из окна; - Светлая, уютная ванная комната с современной сантехникой. Дом находится в районе с развитой инфраструктурой: в шаговой доступности остановки общественного транспорта, в пешей доступности станция метро Нижегородская. Рядом с домом расположены: продуктовые супермаркеты, пункты выдачи, аптеки, кафе, рестораны. Условия проживания по Тарифу Комфортное проживание: - 50% от арендного платежа при заселении; - Раннее бронирование объекта (за 3 дня до заселения); - Персональный менеджер на всех этапах аренды быстро реагирует на запросы - большинство бытовых вопросов решаем за 48 часов; - Страхование гражданской ответственности до 0,3 млн ₽; - Организация мелкого ремонта. Коммунальные платежи: электроэнергия, хвс\гвс, услуги интернет провайдера, расходы за отопление дома/квартиры оплачивает арендатор. Заселение только при наличии постоянной регистрации РФ. Без животных Агентство недвижимости СМАРЕНТ Документы проверены +7 985 853-93-... Написать четыре дня назад 16 апр, 10:48",,https://www.cian.ru/cat.php?deal_type=rent&district%5B0%5D=8&engine_version=2&offer_type=flat&room9=1&type=4&p=2,2026-04-20T19:22:43+00:00
1793,327344692,ЮВАО,https://www.cian.ru/rent/flat/327344692/?context=4.jaiBZpOZ7gs.OO_jPgSv-zLY4PdJTWY4za_5Yt6fo0UWc99pxTkZ0fDtufwII2TadhTxflLcA1-LqWH-txIktv78XA&mlSearchSessionGuid=21064e85ed82d0b4a773f97d1c71f86e,1/11,258000,20.0,10,24,,"1/11 Дизайнерская квартира-студия Студия, 20 м², 10/24 этаж Текстильщики 18 минут пешком Москва , ЮВАО , р-н Текстильщики , м. Текстильщики , 1-й Грайвороновский проезд , 3Ак2 58 000 ₽/мес. От года, комм. платежи включены (без счётчиков), без комиссии, залог 60 000 ₽ Сдаётся впервые уютная студия в новом доме в районе Текстильщики. Площадь квартиры — 20 кв. м, расположена на 10 этаже 24-этажного дома. До метро Текстильщики можно дойти пешком всего за 18 минут, до метро Новохохловская - 13 минут . В квартире сделан дизайнерский ремонт, который создаёт атмосферу современности и уюта. Обстановка продумана до мелочей: в наличии вся необходимая мебель как на кухне, так и в жилой зоне. Из техники установлены кондиционер, холодильник, духовой шкаф, индукционная варочная панель, микроволновая печь, телевизор и стиральная машина, что позволит вам чувствовать себя комфортно с первых дней проживания. В санузле — душевая кабина. Дом оборудован двумя пассажирскими и одним грузовым лифтом, а на территории имеется наземная и многоуровневая парковка. Район с развитой инфраструктурой: рядом находятся школы, детские сады, клиники и магазины. Это позволит вам решать все бытовые вопросы, не покидая район. Условия аренды: залог Квартира сдаётся на длительный срок. Без животных! Идеально подойдёт для одного человека или пары. Записывайтесь на просмотр, чтобы лично оценить эту замечательную студию! Агентам не беспокоить! Риелтор ID 309175 Документы проверены +7 985 554-52-... Написать 10 часов назад сегодня, 11:40",,https://www.cian.ru/cat.php?deal_type=rent&district%5B0%5D=8&engine_version=2&offer_type=flat&room9=1&type=4&p=2,2026-04-20T19:22:43+00:00
1824,329106757,ЮВАО,https://www.cian.ru/rent/flat/329106757/?context=4.hqqJAdNrSn8.OQRExhX6aXAmM_FGIuTqeam72ERx-BjbjL1PJlnbWg1xinpe6PIdYmoauwQUVlcg_qKzX9k7eWW9WA&mlSearchSessionGuid=20418775b4444e9692a0b9619df37ff6,1/15,260000,23.3,32,33,,"1/15 Студия, 23,3 м², 32/33 этаж Только на Циан Перерва 4 минуты пешком Москва , ЮВАО , р-н Люблино , м. Перерва , Иловайская улица , 2 60 000 ₽/мес. От года, комм. платежи включены (без счётчиков), без комиссии, залог 60 000 ₽ Посредников, агентов и пр. просьба не беспокоить!!!! Впервые сдается стильная студия с дизайнерским ремонтом ОТ СОБСТВЕННИКА в новом доме 2025 года постройки, ЖК Люблинский парк, Иловайская ул., д. 2, район Люблино. Современный дом, закрытый двор, детская площадка, ухоженная территория, на территории охрана и видеонаблюдение. В пешей доступности (500 метров) станция МЦД Перерва, что даёт быстрый выезд в центр и другие районы города. Рядом также метро Марьино и Братиславская (до 20 минут пешком или несколько остановок на транспорте). Около дома проходят автобусные маршруты (в том числе до метро Люблино, Братиславская, Марьино), рядом остановка Автохозяйство в 1-2 минутах ходьбы. В доме и районе есть паркинг, во дворе и поблизости предусмотрены парковочные места. Уютная жилая зона: двуспальная кровать (140х200), комод, встроенные шкафы для удобного хранения. Кухня с необходимой техникой: встроенный холодильник, микроволновая печь, духовой шкаф, индукционная варочная панель, современная обеденная зона. Совмещённый санузел с душевой кабиной и качественной сантехникой, абсолютно новая техника. Собственник ID 140783483 +7 986 314-31-... Написать три дня назад 17 апр, 18:14",,https://www.cian.ru/cat.php?deal_type=rent&district%5B0%5D=8&engine_version=2&offer_type=flat&room9=1&type=4&p=3,2026-04-20T19:22:43+00:00
1771,329145990,ЮВАО,https://www.cian.ru/rent/flat/329145990/?context=4.yIw9ebQttAU.VG8w4zdf-WiZnu9aPxn3Z8iyHlFyZl1lqdySqIQX9JuPUzSxxjE7YAApF2pxTuoVw1L1iTAaggQ-iA&mlSearchSessionGuid=d6016804c573063ab93e478e792a6ce1,1/19 Ещё фото,263000,31.9,12,17,,"1/19 Ещё фото Сдаётся без депозита! Студия, 31,9 м², 12/17 этаж Перерва 4 минуты пешком Москва , ЮВАО , р-н Люблино , м. Перерва , Иловайская улица , 2 63 000 ₽/мес. От года, комм. платежи включены (без счётчиков), комиссия 40%, без залога Сдаётся светлая квартира-студия с евроремонтом и совмещённым санузлом в ЖК Люблинский Парк, без депозита! Её можно посмотреть когда Вам удобно: бронируете время, забираете ключи и спокойно осматриваете. Если всё понравится, договор подпишем онлайн и будем поддерживать Вас на всех этапах аренды. В квартире есть: - Проведён интернет; - Холодильник; - Стиральная машина; - Кухонный гарнитур. Дополнительную мебель/технику можно приобрести в счёт арендной платы. Полы ламинат и плитка. Окна выходят во двор, на восток, есть бесплатная парковка. Собственник готов заселить не более 2 жильцов с детьми и обсудить оформление временной регистрации. С домашним питомцем можно по согласованию. Дом расположен в районе с развитой инфраструктурой, рядом находятся: - Парк имени Артёма Боровика; - Братиславский лесопарк. - ТЦ Люблю Молл; - Парк 850-летия Москвы; - Лес Жары; - Парк Героев Отечественной войны 1812 года. Во дворах обустроены детские площадки, двор без машин. В пешей доступности — школа, детский сад, продуктовые супермаркеты, аптеки, фитнес-клуб, кафе. До МЦД-2 Перерва - 6 минут пешком. Агентство недвижимости ПИК-Аренда Документы проверены Посмотреть все объекты +7 919 999-74-... Написать 4 часа назад сегодня, 17:48",,https://www.cian.ru/cat.php?deal_type=rent&district%5B0%5D=8&engine_version=2&offer_type=flat&room9=1&type=4&p=1,2026-04-20T19:22:43+00:00
1811,329126793,ЮВАО,https://www.cian.ru/rent/flat/329126793/?context=4.4ktmCkoGySA.BMEgANovU1CZvgu_NEwYLeLmMdSUQu_rc4eqqpYNXJqVLLXcei_pc7qIGe--Wqdj8tTreR7KTSCDiA&mlSearchSessionGuid=21064e85ed82d0b4a773f97d1c71f86e,1/21,263000,22.0,18,25,,"1/21 Студия, 22 м², 18/25 этаж Только на Циан Авиамоторная 9 минут пешком Москва , ЮВАО , р-н Лефортово , м. Авиамоторная , Красноказарменная улица , 14Ак2 63 000 ₽/мес. От года, комм. платежи включены (без счётчиков), комиссия 70%, залог 63 000 ₽ Сдается впервые комфортная, теплая и позитивная студия, где Вас ждет новый раскладной диван с новым матрасом, вместительным шкафом в комнате и в коридоре, кондиционером, индукционной панелью с посудой, вытяжкой, отличной встроенной СВЧ, Мегателевизором с подключением к WF,, душевой кабиной с супер лейками и стиральной машиной. Есть балкон, выходящий на северо- восток Москвы во двор ЖК Пётр Первый, где Вы сможете воспользоваться всей инфраструктурой от минимаркетов, озона, множество кафе с разными направлениями в обслуживании, салонов красоты, а если по душе МЕГА маркеты- то все в шаговой доступности до 7-10 минут у разных выходом МЕГА КОМПЛЕКСА РАЗВЯЗОК МЕТРО: м. Авиамоторная ( Калининской линии( 10 минут и в центре на Новокузнецкой), БКЛ, МЦД 3 - значит в любой конец нашего города Вы сможете быстро добраться и экономить время!!!! просьба строго в квартире НЕ КУРИТЬ! депозит можно разбить на два платежа! Риелтор ID 5454 +7 915 297-28-... Написать два дня назад 18 апр, 16:38",,https://www.cian.ru/cat.php?deal_type=rent&district%5B0%5D=8&engine_version=2&offer_type=flat&room9=1&type=4&p=2,2026-04-20T19:22:43+00:00
1839,328380402,ЮВАО,https://www.cian.ru/rent/flat/328380402/?context=4.TFv5lCJE6Vk.kMKpgNzsi159KUvsQPhbSmfVHLmn0Faqq5w_peRuB2Z7t8cg7enhMPMgSJNqPp_vSQncyKltYU1k4w&mlSearchSessionGuid=20418775b4444e9692a0b9619df37ff6,1/17,270000,30.3,7,22,,"1/17 Студия, 30,3 м², 7/22 этаж Только на Циан Площадь Ильича 8 минут пешком Москва , ЮВАО , р-н Лефортово , м. Серп и Молот , улица Крузенштерна , 2 70 000 ₽/мес. От года, комм. платежи включены (без счётчиков), комиссия 50%, залог 75 000 ₽ Сдается в первые квартира- студия редкой планировки 39,3 кв.м. с двумя окнами в доме бизнес- класса . В квартире есть все необходимое для проживания , прекрасный вид из окон , консъерж- сервис , в доме имеется подземный паркинг , территория дома огорожена . На первом этаже имеются оборудованная детская игровая комната , туалетная комната , место для общения. Требования к Арендаторам : без детей и животных, семейная пара либо один человек . ----- Примечание: у собственника могут быть дополнительные пожелания к жильцам - обсудите их в чате или по телефону ID 107146450 Документы проверены +7 985 867-59-... Написать неделю назад 9 апр, 22:23",,https://www.cian.ru/cat.php?deal_type=rent&district%5B0%5D=8&engine_version=2&offer_type=flat&room9=1&type=4&p=3,2026-04-20T19:22:43+00:00
1845,328908588,ЮВАО,https://www.cian.ru/rent/flat/328908588/?context=4.hf08igQThNQ.D7tGKM2WnB-IvVwqX-xBxY2M58DPnKLKnx3A8Rod91YvLFTFxLUeD3J8qL2BDYRx6MZHz2cOKnTi9A&mlSearchSessionGuid=20418775b4444e9692a0b9619df37ff6,1/25,270000,25.0,6,30,,"1/25 Студия, 25 м², 6/30 этаж Только на Циан Угрешская 5 минут пешком Москва , ЮВАО , р-н Южнопортовый , м. Угрешская , Волгоградский проспект , 32/5к2 70 000 ₽/мес. От года, комм. платежи включены (без счётчиков), комиссия 50%, залог 70 000 ₽ Стильная студия с отдельной спальней | Панорамное окно | 5 мин до МЦК Угрешская Если ты ищешь не просто квартиру, а пространство, в которое хочется возвращаться — ты его нашёл. ЖК Метрополия, корпус Афины Главное преимущество — грамотное зонирование: это не студия всё в одном, а полноценный формат: — отдельная зона спальни — кухня-гостиная для жизни и отдыха 25 м², которые ощущаются как больше за счёт: — панорамного окна (много света) — высоких потолков — продуманной планировки Полностью готова к жизни: — кухня с техникой (есть посудомоечная машина — редкость в этом сегменте) — стиральная машина — микроволновка — кондиционер — достаточно мест для хранения — ничего не будет на виду Ванная, а не душ — комфорт на уровне, который обычно встречается в более дорогих вариантах Локация, которая экономит время: — 5 минут до МЦК Угрешская — быстрый доступ до Москва-Сити — удобный выезд в центр Про ЖК: — закрытый двор-парк без машин — стильные входные группы — подземный паркинг — атмосфера современного города Кому подойдет: — одному человеку, который ценит комфорт — паре без детей — тем, кто работает в Сити или в центре Почему стоит написать прямо сейчас: такие квартиры с отдельной спальней в этом бюджете появляются редко и уходят быстро Пишите/звоните — покажу оперативно Предпочтительно рассмотрим без животных КУ оплачиваются отдельно по счетчикам Комиссия 50% Риелтор ID 31619852 Документы проверены +7 985 066-58-... Написать три дня назад 17 апр, 20:23",,https://www.cian.ru/cat.php?deal_type=rent&district%5B0%5D=8&engine_version=2&offer_type=flat&room9=1&type=4&p=3,2026-04-20T19:22:43+00:00
1807,329009883,ЮВАО,https://www.cian.ru/rent/flat/329009883/?context=4.IY2h4I_eT58.DKyq8e55wfT-AWXgg55eoWfg1cdl1dHJAEcdA0cX3otvGwZzhwMkt6MtkIyMjqJSz5QsIjWtYk6WcA&mlSearchSessionGuid=21064e85ed82d0b4a773f97d1c71f86e,1/34,275000,30.1,2,4,,"1/34 Студия, 30,1 м², 2/4 этаж Москва-Товарная 8 минут пешком Москва , ЮВАО , р-н Лефортово , м. Москва-Товарная , шоссе Энтузиастов , 3к2 75 000 ₽/мес. От года, комм. платежи включены (без счётчиков), комиссия 50%, без залога Дoлгocрoчная аренда (договoр нa 11 меcяцев). Kвартиpа cдaeтcя впepвые! Представляeм вашему внимaнию студию площадью 30.1 кв.м. pасполoжeнную в ЖК Символ Квартира укомплектована всем необходимым для комфортного проживания: качественная техника и стильная мебель! Бытовая теxника: cтиральнaя мaшина, xoлодильник, варочная панeль, духовой шкаф, пoсудомоечная машина, электрический чайник, утюг, телевизор, кондиционер. Транспортная доступность: Метро Площадь Ильича - 6-10 мин пешком Метро Римская- 6-10 мин пешком - На территории ЖК открыты лицей при МГТУ им. Баумана, детские сады, физкультурно-оздоровительные комплексы, детская и взрослая поликлиники, кафе, супермаркеты, рестораны и многое другое. - Рядом расположены Лефортовский парк и парк Казачьей Славы и набережная реки Яузы. - Напротив квартала находится крупный торгово-развлекательный центр Город. Условия проживания по Тарифу Комфортное проживание: - 50% от арендного платежа при заселении; - Раннее бронирование объекта (за 3 дня до заселения); - Персональный менеджер на всех этапах аренды быстро реагирует на запросы - большинство бытовых вопросов решаем за 48 часов; - Страхование гражданской ответственности до 300 000 ₽; - Организация мелкого ремонта. Коммунальные платежи: электроэнергия, хвс\гвс, услуги интернет-провайдера, расходы за отопление дома/квартиры оплачивает арендатор. Заселение только при наличии постоянной регистрации РФ. Без животных. Агентство недвижимости СМАРЕНТ Документы проверены +7 985 853-93-... Написать 8 часов назад сегодня, 14:06",,https://www.cian.ru/cat.php?deal_type=rent&district%5B0%5D=8&engine_version=2&offer_type=flat&room9=1&type=4&p=2,2026-04-20T19:22:43+00:00
1784,313752293,ЮВАО,https://www.cian.ru/rent/flat/313752293/?context=4.89wgSfknt5Y.rr8ld1TgcAuFnfnzSS3OZNDi2--L69NAkCTumrdDDTnZUuQtcr5VlXrU0fSQMo1OkCTDcmbV-HlbOQ&mlSearchSessionGuid=d6016804c573063ab93e478e792a6ce1,1/50,296000,43.0,17,17,,"1/50 Просторная студия у МЦК Дубровка Студия, 43 м², 17/17 этаж Проверено в Росреестре Дубровка 7 минут пешком Москва , ЮВАО , р-н Южнопортовый , м. Дубровка , 6-я Кожуховская улица , 15к2 96 000 ₽/мес. От года, комм. платежи включены (без счётчиков), без комиссии, залог 120 000 ₽ На последнем 17 этаже, на южной стороне одноподъездного монолитного дома 2005 года постройки, сдается просторная 43 м. студия с лоджией, полностью оборудованная и укомплектованная всем необходимым. Установлена новая сушильная машина, капсульная Nespresso, индукционная плита, фильтрация питьевой воды с осмосом, бойлер, Oled (именно Олед) телевизор с не замедляемым ютубом, Apple tv 4k с Кинопабом! (Не путать с Кинопоиском и другими бесполезными онлайн кинотеатрами) , колонкой Алисой с элементами умного дома (интерьерное освещение на голосовом управлении), домашним кинотеатром 5.1 B&W мультирум, по необходимости + xbox X. Инверторный кондиционер Fujitsu с ночным режимом 19dB и Конвекционная микроволновая печь Panasonic (оба made in Japan). В наличии хорошая, новая кухонная посуда, приборы Broggi новое белье (икея импорт)) и всё что нужно для жизни, (штопор есть!). Вам, только развесить на 120 вешалках личные вещи, в 2-х шкафах, и в прихожей разместить 27 пар обуви в обувнице. Кровать - 160/200 и доп спальное место из дивана 120/180. Не смотря на то, что дом находится рядом с ТТК, с прекрасной транспортной доступностью, в квартире тихо и можно спать с открытыми окнами. В доме приветливые соседи и круглосуточный консьерж. У дома ВСЕГДА есть бесплатные парковочные места. Рядом, в соседних домах, продуктовые сетевые магазины с алкоголем, работающие до 23:00 и один круглосуточный + большой Магнит Косметик, через дом Яндекс лавка., Аптека и тандыр Пекарня. В трех! минутах ходьбы от дома большой ТРЦ Мозаика, с фудкортом, гипер маркетом, фитнесом (DDX) флагманским Мфц и 2-х минутным переходом на станцию МЦК Дубровка. Метро Кожуховская в 12 минутах ходьбы. Недалеко находится ландшафтный парк Остров Мечты (идеально для велопрогулок) В стоимость аренды включены все платежи кроме электроэнергии. Сдаю без животных, на длительный срок ценящим чистоту, камерность и уют. Если вы хотите жить в современных условиях, но большие ЖК с маленькими деревьями и плохой шумоизоляцией вам не подходят, тогда это предложение может быть вам интересно. ID 47359882 Документы проверены +7 985 002-22-... Написать 10 часов назад сегодня, 12:02",,https://www.cian.ru/cat.php?deal_type=rent&district%5B0%5D=8&engine_version=2&offer_type=flat&room9=1&type=4&p=1,2026-04-20T19:22:43+00:00
1785,328376795,ЮВАО,https://www.cian.ru/rent/flat/328376795/?context=4.BGkPU0g53ME.A1ttvIbQsDy775n-hXEo8-qbKl0TO3GxV1RQ98ZLndW4c7opkkO8jUfdtdqeVbSYPuXiEAvlxlxd8w&mlSearchSessionGuid=d6016804c573063ab93e478e792a6ce1,1/11,334000,12.0,10,15,,"1/11 Студия, 12 м², 10/15 этаж Люблино 15 минут пешком Москва , ЮВАО , р-н Люблино , м. Люблино , Цимлянская улица , 3к3 34 000 ₽/мес. От года, комм. платежи включены (счётчики включены), комиссия 100%, залог 34 000 ₽ Показы 8 апреля СДАМ ДЛЯ ОДНОГО человека на длительный срок квартиру-студию с современным евроремонтом в новом ЖК бизнес-класса ""ВЛюблино"", район Люблино. Депозит возможно разбить на 2 части. Дом 15-этажный монолитный. Этаж 10/15, пластиковые окна, санузел совмещен. Диван двуспальный, микроволновая печь, холодильник, электро-плита, чайник, шкаф, стиральная машина (в коридоре). Инфраструктура развитая, все объекты первой необходимости расположены в пешей доступности: школа, детский сад, супермаркеты и др. Рядом парки. От станции метро Люблино - 9 минут пешком. Автобусные остановки возле дома. Оперативный показ: Москва, Цимлянская 3к3. Агентство недвижимости ЖИЛСЕРВИС Суперагент +7 915 496-36-... Написать 8 часов назад сегодня, 14:22",,https://www.cian.ru/cat.php?deal_type=rent&district%5B0%5D=8&engine_version=2&offer_type=flat&room9=1&type=4&p=1,2026-04-20T19:22:43+00:00
1791,329108174,ЮВАО,https://www.cian.ru/rent/flat/329108174/?context=4.iv2XtVyuh1g.KsyPadVUGNB8T0-Eg4a-VaFpqLqshH1eL9T2zjkGptguSgmtV0oaI_vafX61HqvsXPPZKui_izYTbA&mlSearchSessionGuid=d6016804c573063ab93e478e792a6ce1,1/6,343000,20.0,1,12,,"1/6 Студия, 20 м², 1/12 этаж Только на Циан Марьино 6 минут пешком Москва , ЮВАО , р-н Марьино , м. Марьино , Новомарьинская улица , 3К3 43 000 ₽/мес. От года, комм. платежи включены (без счётчиков), комиссия 70%, залог 43 000 ₽ Арт. 134707748 Сдается студия рядом с метро. Сделан свежий ремонт и установлена новая мебель. Есть балкон. Хорошо подойдет для одного человека. Звоните. Агентство недвижимости Самолет Плюс Документы проверены +7 989 151-24-... Написать 10 минут назад сегодня, 22:10",,https://www.cian.ru/cat.php?deal_type=rent&district%5B0%5D=8&engine_version=2&offer_type=flat&room9=1&type=4&p=1,2026-04-20T19:22:43+00:00
1772,326682210,ЮВАО,https://www.cian.ru/rent/flat/326682210/?context=4.Dtt_vxNG9ac.gdtzftcsr7-jI_WEUWy017sU6Ngi3AHJ4L0MwCjHaD8F4GBP9AvDxy6mOFSI1ufO9X-dg5VCSOhr7A&mlSearchSessionGuid=d6016804c573063ab93e478e792a6ce1,1/14 Ещё фото,347300,21.0,5,19,,"1/14 Ещё фото Пешком до метро, залога нет Студия, 21 м², 5/19 этаж Новохохловская 3 минуты на транспорте Москва , ЮВАО , р-н Текстильщики , м. Текстильщики , 1-й Грайвороновский проезд , 3 47 300 ₽/мес. От года, комм. платежи включены (без счётчиков), комиссия 50%, без залога Сдаётся новая студия с евроремонтом в новом ЖК Волжский парк, без депозита! Её можно посмотреть когда Вам удобно: бронируете время, забираете ключи или встречаетесь с нашим представителем и спокойно осматриваете. Если всё понравится, договор подпишем онлайн и будем поддерживать Вас на всех этапах аренды. В квартире есть: - кухонный гарнитур; - плита; - телевизор; - холодильник; - микроволновка; - утюг; - чайник; - стиральная машина. Можно обсудить приобретение дополнительной мебели/техники в счёт арендной платы. Полы — ламинат и плитка. Интернет проведён, есть роутер. Окна выходят во двор. Собственник готов заселить не более 2 взрослых жильцов с детьми и заключить договор с юридическим лицом. Можно с небольшим домашним питомцем. Дом расположен в районе с развитой инфраструктурой, в пешей доступности находятся: школа, детский сад, медицинский центр, поликлиника, продуктовые магазины, аптеки, салон красоты, кафе. В 17 минутах пешком — м. Текстильщики. Агентство недвижимости ПИК-Аренда Документы проверены Посмотреть все объекты +7 917 566-49-... Написать 4 часа назад сегодня, 17:40",,https://www.cian.ru/cat.php?deal_type=rent&district%5B0%5D=8&engine_version=2&offer_type=flat&room9=1&type=4&p=1,2026-04-20T19:22:43+00:00
1790,316033389,ЮВАО,https://www.cian.ru/rent/flat/316033389/?context=4.bsTts4fjan4.V4diooyhvVz6wM5ONBA4hYEdg2Dca2FJQRjT83LVQxw0E9HuOaZmUXNwDVpbgmyClV3RWClVArEH7g&mlSearchSessionGuid=d6016804c573063ab93e478e792a6ce1,1/15,365000,25.0,6,30,,"1/15 Студия 25 кв.м Апартаменты-студия, 25 м², 6/30 этаж Проверено в Росреестре Волгоградский проспект 7 минут пешком Москва , ЮВАО , р-н Южнопортовый , м. Волгоградский проспект , Волгоградский проспект , 32/5к3 65 000 ₽/мес. От года, комм. платежи включены (без счётчиков), без комиссии, залог 65 000 ₽ Сдается собственником!!! Студия в ЖК Метрополия башня Флоренция у станции метро ""Волгоградский проспект"" - Таганско-Краснопресненская линия метрополитена (фиолетовая ветка на карте Московского метро). Южнопортовый район, Юго-Восточный административный округ столицы. Всего 3 минуты пешком от корпуса Флоренция до станции метро ""Волгоградский проспект"". Район внутри ТТК на границе с ЦАО. Идеальная локация для жизни и работы! Дизайнерский ремонт студии Транспортная доступность: • 15 минут на транспорте до Садового кольца. • Удобные выезды на ТТК, МЦК УГРЕШСКАЯ и в центр Москвы. • Рядом остановки наземного транспорта. Инфраструктура внутри ЖК: • Магазины: ВкусВилл, Клевер, Монголия, Ароматный Мир, Винлаб, Красное&Белое,Барин Дома, Точка Дыма, Деликатеска. • Аптеки Ригла,36,6, Горздрав. • Кафе и рестораны на любой вкус:Sense, Surf Coffe, Здрасте, Дом Winner, French Bakery,Деликатеска и многое другое. • Пункты выдачи заказов в соседнем доме: OZON, Wildberries, Яндекс. • Сервисы: барбершопы, салоны красоты, груминг. Химчистка LEDA. • Круглосуточная доставка всего. Образование рядом: • Школа им. Маяковского. • Частная Ломоносовская гимназия (20 минут пешком). • Вузы: МТУ, МЛГУ, МФЮА, Институт психоанализа, ИПИ НОУ. О доме - корпус Флоренция: • Вход по чип-ключу, круглосуточная охрана и видеонаблюдение на всех этажах. • 3 лифта с WIFI (1 грузовой). • В холле охрана, мягкая мебель для жильцов и гостей, видеонаблюдение. • Лаунж-зона во дворе, двор без машин. В соседнем доме со двора - ПВЗ: WB и OZON. • Подземная парковка (возможна аренда машино-места). • Территория для выгула домашних питомцев в 50 метрах от подъезда. Студия с дизайнерским ремонтом: Высота потолков 280 см • Мебель: двуспальный диван-кровать, функциональная кухня. • Техника: холодильник, индукционная плита, СВЧ, посудомоечная машина, угольная вытяжка, принудительная вентиляция в тч. В ванной - стиральная машина. • Бытовая техника: пылесос, парогенератор, фен, ТВ, Wi-Fi 500 Мбит/сек. • Дополнительно: док-станция JBL (Apple), датчики дыма в прихожей и зале, противопожарная система оповещения - громкоговоритель. Условия проживания: • Курение запрещено в апартаментах и МОП (в том числе электронных сигарет).",,https://www.cian.ru/cat.php?deal_type=rent&district%5B0%5D=8&engine_version=2&offer_type=flat&room9=1&type=4&p=1,2026-04-20T19:22:43+00:00
1828,329106459,ЮВАО,https://www.cian.ru/rent/flat/329106459/?context=4.pH0KDC3bkQs.dz2sZXbw8SiR2hiOWc2NFDClhCoFv44ZHpz18n7mCOWWGfLyfchuczcADHYfw-_vOZfY9KE7S3w9vQ&mlSearchSessionGuid=20418775b4444e9692a0b9619df37ff6,1/8,375000,25.4,4,30,,"1/8 Апартаменты-студия, 25,4 м², 4/30 этаж Только на Циан Волгоградский проспект 7 минут пешком Москва , ЮВАО , р-н Южнопортовый , м. Волгоградский проспект , Волгоградский проспект , 32/5к3 75 000 ₽/мес. От года, комм. платежи включены (без счётчиков), комиссия 50%, залог 70 000 ₽ Код объекта: 2138428. Сдается уютная студия в ЖК бизнес-класса ""Метрополия"". Корпус Амстердам, Волгоградский проспект д.32/5к3. Квартира полностью укомплектована мебелью и бытовой техникой: - стиральная машина с сушкой - микроволновая печь - холодильник - посудомоечная машина - кондиционер - варочная панель - вытяжка - шкаф-купе в прихожей. Закрытая охраняемая территория с ресторанами, супермаркетами, аптеками, бьюти-салонами и т.д. В шаговой доступности метро: 5 минут до МЦК Угрешская, 7 минут от метро Волгоградский проспект. Один собственник. Долгосрочная аренда. Агентство недвижимости Владис Суперагент +7 985 127-80-... Написать вчера вчера, 21:46",,https://www.cian.ru/cat.php?deal_type=rent&district%5B0%5D=8&engine_version=2&offer_type=flat&room9=1&type=4&p=3,2026-04-20T19:22:43+00:00
1777,328267613,ЮВАО,https://www.cian.ru/rent/flat/328267613/?context=4.aciyK8ozJ-Q.v0RKLFXi_ZFOeXZEzaDviOiw_WebJBBHFrqJ0z6RLJGrU070RLob9HEWYy_FODxGx7CJv-Mb2flWVQ&mlSearchSessionGuid=d6016804c573063ab93e478e792a6ce1,1/6 Ещё фото,425000,22.3,2,21,,"1/6 Ещё фото Апартаменты-студия, 22,3 м², 2/21 этаж Только на Циан Калитники 11 минут пешком Москва , ЮВАО , р-н Нижегородский , м. Калитники , Автомобильный проезд , 4 25 000 ₽/мес. От года, комм. платежи включены (без счётчиков), комиссия 50%, залог 25 000 ₽ Id 62122. Апартаменты в ЖК Nice Loft — без отделки, свободное назначение Сдаются апартаменты в ЖК Nice Loft без отделки (бетон). Пространство можно использовать под любые задачи и полностью адаптировать под себя. Подойдёт для: • проживания • склада / хранения • субаренды • реализации собственного проекта Формат без отделки — возможность сделать всё под свои цели или использовать помещение в текущем состоянии. Nice Loft — современный апарт-комплекс с охраной, круглосуточным доступом и удобной логистикой. Готовы рассмотреть разные форматы аренды и условия сотрудничества. Звоните — обсудим детали. Агентство недвижимости EstateLiga Документы проверены Посмотреть все объекты +7 916 863-15-... Написать 10 часов назад сегодня, 11:36",,https://www.cian.ru/cat.php?deal_type=rent&district%5B0%5D=8&engine_version=2&offer_type=flat&room9=1&type=4&p=1,2026-04-20T19:22:43+00:00
1835,329126492,ЮВАО,https://www.cian.ru/rent/flat/329126492/?context=4.wHnzb5ikg3M.hjPILQ1IRoG4IZkCdmK2CLVxrnLNXqiMUG_ow2bnhBzx-kjogQ2_6dlWcM0BpFWYVxYmxvJY8LMmYw&mlSearchSessionGuid=20418775b4444e9692a0b9619df37ff6,1/11,445000,25.6,4,14,,"1/11 Студия, 25,6 м², 4/14 этаж Только на Циан Некрасовка 16 минут пешком Москва , ЮВАО , р-н Некрасовка , м. Некрасовка , улица Маресьева , 7к4 45 000 ₽/мес. От года, комм. платежи включены (без счётчиков), комиссия 50%, залог 45 000 ₽ уютная , светлая,студия. хороший ремонт, светлые тона, новый современный дом 2022 год, с детскими, спортивными площадками. мебель для кухни, холодильник диван удобный, комфортный , ортопедический , фабрика 8 марта, телеыизор прихожая, шкаф, комод, есть все необходимое для комфортной жизни. магазины, кафе , салоны в доме. для 1-2 желающих, просьба без животных рядом магазины, спорт центры до метро 10 минут пешком, до центра 35 минут рассмотрим платежеспособных, скидку рассматриваем Риелтор Татьяна Лапшина Суперагент +7 923 070-47-... Написать 10 часов назад сегодня, 11:50",,https://www.cian.ru/cat.php?deal_type=rent&district%5B0%5D=8&engine_version=2&offer_type=flat&room9=1&type=4&p=3,2026-04-20T19:22:43+00:00
1806,329010592,ЮВАО,https://www.cian.ru/rent/flat/329010592/?context=4.92XeuxMgnU8.A00v8myHvF0YOqtUd1A3AnmgYihO206l7bXX3KUjy4nayQIYKb4EPdI9_1JK1le6wyAD-fa44lXbaQ&mlSearchSessionGuid=21064e85ed82d0b4a773f97d1c71f86e,1/8,450000,20.0,10,17,,"1/8 Студия, 20 м², 10/17 этаж Братиславская 4 минуты на транспорте Москва , ЮВАО , р-н Люблино , м. Перерва , Иловайская улица , 4 50 000 ₽/мес. От года, комм. платежи включены (счётчики включены), без комиссии, залог 50 000 ₽ НЕ АГЕНТСТВО! Сдается уютнaя и свeтлая квapтиpа-студия в ЖК Люблинcкий пapк на длительный сpoк. Зaкpытaя территория у домa, мaгазины, кафе, сaлoны кpасoты, caдик, школa. B 15 минутах ходьбы Aшан, торгoвый центр, парки, пoликлиники, всe неoбходимоe для жизни в пeшей дocтупности. По ЖK ходит aвтобуc, на aвтобуce 15 минут до метрo Братиславская ( 2 КМ ), Марьино ( 2 КМ ) , Люблино ( 4 КМ). В кваpтиpe вce eсть для жизни -мебель, техника, вce новое! Кухонная зoна oбоpудована вcтpоeннoй варочнoй пaнeлью, микpовoлнoвой печью, холодильником, стол,стулья. Есть электрический чайник, минимальный набор посуды и столовых приборов, кастрюля, сковорода. В комнате шкафы для одежды и раскладной диван. В прихожей большой шкаф для одежды и личных вещей, зеркало. В ванной комнате также всё необходимое: раковина стиральная машина, сушилка для белья. В квартиру проведен высокоскоростной интернет. Квартира сдается собственником, без посредников, по договору, без домашних животных. коммунальные платежи ( вода и электроэнергия) , интернет оплачиваются отдельно. Арендная плата 50.000 При заселении оплата за первый и последний месяц. Собственник ID 74842870 +7 915 014-69-... Написать три дня назад 17 апр, 15:17",,https://www.cian.ru/cat.php?deal_type=rent&district%5B0%5D=8&engine_version=2&offer_type=flat&room9=1&type=4&p=2,2026-04-20T19:22:43+00:00
1834,329124791,ЮВАО,https://www.cian.ru/rent/flat/329124791/?context=4.fCTys-VkKoA.SNfTpcNdRM-4ksvHPuG6bWXSpc50ATBSjpBI-ZVnMMM9oVu_4p4i1x9AQaUBpdNY7G0Suwm-7wKGJA&mlSearchSessionGuid=20418775b4444e9692a0b9619df37ff6,1/33,454990,26.0,21,21,,"1/33 Апартаменты-студия, 26 м², 21/21 этаж Калитники 10 минут пешком Москва , ЮВАО , р-н Нижегородский , м. Калитники , Автомобильный проезд , 4 54 990 ₽/мес. На несколько месяцев, комм. платежи включены (без счётчиков), комиссия 50%, залог 27 500 ₽ Предлагаем вашему вниманию стильные апартаменты-студию в живописном районе рядом с метро Калитники. Общая площадь 26 кв. м, жилая площадь 16 кв. м. Апартаменты находятся на 21-м этаже, последний этаж дома, поэтому вам обеспечены прекрасные виды из окон. В квартире сделан дизайнерский ремонт, который создает атмосферу комфорта и уюта. Полностью оборудованная кухня с мебелью и современной техникой: холодильником, телевизором и стиральной машиной. Ванная комната оснащена душевой кабиной, что делает утренние сборы быстрыми и удобными. Дом в хорошем состоянии, с наземной парковкой для вашего автомобиля. Благодаря наличию интернета, вы всегда будете на связи. До метро Калитники всего 10 минут пешком, что позволяет быстро добраться до любой точки города. В шаговой доступности находятся школы, детские сады, клиники и магазины. Это отличный выбор для тех, кто ценит удобство и развитую инфраструктуру. Не упустите возможность снять эти шикарные апартаменты! Записывайтесь на просмотр и убедитесь в их преимуществах лично. Агентство недвижимости Nakvartire Суперагент +7 986 304-13-... Написать два дня назад 18 апр, 13:43",,https://www.cian.ru/cat.php?deal_type=rent&district%5B0%5D=8&engine_version=2&offer_type=flat&room9=1&type=4&p=3,2026-04-20T19:22:43+00:00
1813,328298236,ЮВАО,https://www.cian.ru/rent/flat/328298236/?context=4.LoKWxE4xjmI.OpNn-zYgXDjTEUSTTaHpZAqVfzezg824OIjLzcs0q1Xqnx3o4OS9YktaoTo__g-C-APGt8LHiTEB3Q&mlSearchSessionGuid=21064e85ed82d0b4a773f97d1c71f86e,1/13,455000,17.0,11,17,,"1/13 Студия, 17 м², 11/17 этаж Только на Циан Волгоградский проспект 19 минут пешком Москва , ЮВАО , р-н Нижегородский , м. Калитники , Автомобильный проезд , 4 55 000 ₽/мес. От года, комм. платежи включены (без счётчиков), комиссия 50%, залог 55 000 ₽ Представляю вашему вниманию уникальную квартиру с дизайнерским ремонтом в современном монолитно-кирпичном доме 2025 года постройки. Расположенная в новом спортивном жилом комплексе Найс Лофт, эта квартира находится в пределах Третьего транспортного кольца, предлагая идеальное сочетание спокойной жизни и легкого доступа ко всем преимуществам центра Москвы. Пространство и комфорт: Просторная комната: Идеальное место для отдыха и сна. Удобная кровать и вместительный шкаф для хранения обеспечат максимальный комфорт. Современная кухня: Оснащена стильной мебелью и всей необходимой встроенной бытовой техникой, включая холодильник и микроволновую печь. Здесь вы сможете с удовольствием готовить любимые блюда. Удобства: Квартира оборудована стиральной машиной для вашего удобства. Совмещенный санузел: Выполнен в современном стиле с акцентом на качество. Высококлассная сантехника и просторная душевая кабина создают атмосферу спа-салона. Преимущества дома и ЖК: Высокий этаж: Квартира расположена на11 этаже 24-этажного дома, откуда открывается приятный вид. Современная инфраструктура: В доме функционируют два пассажирских и один грузовой лифт, обеспечивая быстрый и удобный доступ к вашему этажу. Безопасность и удобство: Для жителей комплекса предусмотрена парковка за шлагбаумом во дворе, что гарантирует безопасность ваших автомобилей. Новый спортивный ЖК: Найс Лофт — это современный жилой комплекс, где вы сможете наслаждаться активным образом жизни. Эта квартира — идеальный выбор для тех, кто ценит стиль, комфорт и удобное расположение. Добро пожаловать в ваш новый дом! Номер объекта: #1/536958/24838 Агентство недвижимости City Real Estate Документы проверены +7 916 935-64-... Написать час назад сегодня, 20:38",,https://www.cian.ru/cat.php?deal_type=rent&district%5B0%5D=8&engine_version=2&offer_type=flat&room9=1&type=4&p=2,2026-04-20T19:22:43+00:00
1838,329145983,ЮВАО,https://www.cian.ru/rent/flat/329145983/?context=4.RuXOCH8LAKw.aSZmNISqDFFNvmG__2B-MYNeXN5yv-Yl5KBYUeF6h9j1ezwpM8KVy3VES_BzkXwdBTdt-MLXbGgJIQ&mlSearchSessionGuid=20418775b4444e9692a0b9619df37ff6,1/37,470000,22.2,10,20,,"1/37 Апартаменты-студия, 22,2 м², 10/20 этаж Калитники 10 минут пешком Москва , ЮВАО , р-н Нижегородский , м. Калитники , Автомобильный проезд , 4 70 000 ₽/мес. От года, комм. платежи включены (без счётчиков), без комиссии, залог 70 000 ₽ ЖК Nice Loft. Современный жилой комплекс. С подземным паркингом, закрытым двором без машин и солидной входной группой. Сдается студия с современной комфортабельной продуманной отделкой и меблировкой. Имеется в наличии вся необходимая мебель и бытовая техника кондиционер, посудомоечная машина, стиральная машинка автомат, микроволновая печь, духовой шкаф, проточный водонагреватель на случай отключения горячей воды, аквастопы на случай протечек и так далее. Много мест хранения для одежды, обуви и различных вещей. Санузел совмещенный, установлена просторная душевая кабина с тропическим душем. Много света и различных подсветок. В наличии имеется новое постельное белье, различные элементы кухонной утвари ложки, вилки, ножи, кружки, тарелки и так далее. Заезжай личными вещами и живи остальное всё есть! Риелтор Евгений Чемезов Суперагент +7 916 860-02-... Написать вчера вчера, 19:31",,https://www.cian.ru/cat.php?deal_type=rent&district%5B0%5D=8&engine_version=2&offer_type=flat&room9=1&type=4&p=3,2026-04-20T19:22:43+00:00
1773,324598462,ЮВАО,https://www.cian.ru/rent/flat/324598462/?context=4.k2LJNhoMDx8.Nz__u03TvzxcXX2U7VJxr-V4xFYnKfvmwWfdW0HTZ0g6613xej8x4IN5CDdRSQbjKMyX62JLNC53zg&mlSearchSessionGuid=d6016804c573063ab93e478e792a6ce1,1/9,525000,18.0,1,17,,"1/9 Студия, 18 м², 1/17 этаж Только на Циан Некрасовка 5 минут пешком Москва , ЮВАО , р-н Некрасовка , м. Некрасовка , улица Ухтомского Ополчения , 5 25 000 ₽/мес. От года, комм. платежи включены (без счётчиков), комиссия 50%, залог 25 000 ₽ Для одной девушки или женщины, Другим составам не звонить! Без исключений! Соседки по лестничной клетке также женщины/девушки. На длительный срок. Стиральная машина общая на несколько таких же студий, стоит в тамбуре.( ЗАСЕЛЯЕМ ТОЛЬКО ДЕВУШЕК) СТУДИЯ! Она НЕБОЛЬШАЯ! Но компактная!! Вся техника и мебель новая, дополнительно оплачивается только горячая вода и электричество(в среднем 300 рублей летом и 2тр зимой), Договор на длительный срок. От метро Некрасовка 7 мин/пешк. от ж/д станции Люберцы 5 мин на маршрутке, остановка 3 мин/пешк. Замечательный собственник! Комиссия 50% по факту заселения! Звоните, уважаемые клиенты! Риелтор Юлия Максимюк Документы проверены +7 923 079-41-... Написать два дня назад 18 апр, 14:08",,https://www.cian.ru/cat.php?deal_type=rent&district%5B0%5D=8&engine_version=2&offer_type=flat&room9=1&type=4&p=1,2026-04-20T19:22:43+00:00
1779,328627739,ЮВАО,https://www.cian.ru/rent/flat/328627739/?context=4.VIbwQ3x8i0w.rQglksW1oRKhK_jXjQkg4fHEca13tMMQyyf-gbbmqDlD0yOxYYaZ6H6FV3IAtl7moa3_uuVpYMlBdA&mlSearchSessionGuid=d6016804c573063ab93e478e792a6ce1,1/6,525000,19.0,3,21,,"1/6 Апартаменты-студия, 19 м², 3/21 этаж Только на Циан Калитники 11 минут пешком Москва , ЮВАО , р-н Нижегородский , м. Калитники , Автомобильный проезд , 4к5 25 000 ₽/мес. От года, комм. платежи включены (без счётчиков), без комиссии, залог 25 000 ₽ Сдаётся студия площадью 19 кв. м на третьем этаже современного 21-этажного дома. Высокие потолки 3.1 метра создают ощущение простора. Окна выходят во двор. Квартира сдаётся без ремонта и мебели. под склад,пред чистовая отделка(white-box) Дом оснащён двумя пассажирскими и одним грузовым лифтами, поэтому можно без проблем добраться до квартиры. Имеется подземная парковка для вашего автомобиля. . До ближайшей станции метро можно дойти за 10 минут, что удобно для поездок по городу. Условия аренды обсуждаются индивидуально. Возможна аренда по долгосрочному договору. Квартира сдаётся без комиссии. Звоните и записывайтесь на просмотр, чтобы лично оценить все преимущества этого предложения. Мы будем рады ответить на все ваши вопросы и показать квартиру в удобное для вас время. Есть еще апартамент в 6 корпусе на 11 этаже. Собственник ID 91147563 Документы проверены Назначить просмотр 2 недели назад 6 апр, 18:03",,https://www.cian.ru/cat.php?deal_type=rent&district%5B0%5D=8&engine_version=2&offer_type=flat&room9=1&type=4&p=1,2026-04-20T19:22:43+00:00
1778,327998795,ЮВАО,https://www.cian.ru/rent/flat/327998795/?context=4.lvpFb8edGOY.m5ntmTjl1wTIKA2bNRFIW1Nzyj65zMJKcduEzAvyuXnSXFjcXe7E1eeQlFhkvYHVvbctuo-xsnS2oA&mlSearchSessionGuid=d6016804c573063ab93e478e792a6ce1,1/7 Ещё фото,530000,23.4,11,21,,"1/7 Ещё фото Апартаменты-студия, 23,4 м², 11/21 этаж Калитники 11 минут пешком Москва , ЮВАО , р-н Нижегородский , м. Калитники , Автомобильный проезд , 4к5 30 000 ₽/мес. От года, комм. платежи включены (без счётчиков), комиссия 50%, без залога Id 61883. Апартаменты под склад / субаренду Сдаются апартаменты свободного назначения. Помещение без отделки (бетон), что позволяет использовать его максимально гибко — под склад, хранение или формат субаренды с последующим ремонтом под себя. Идеально подойдёт для: — хранения товаров / оборудования — небольшого склада в черте города — инвестора под субаренду (возможность сделать ремонт и увеличить доходность) Современный комплекс с удобным доступом, охраной и развитой инфраструктурой. Удобная логистика и выезд на основные магистрали. Готовы рассмотреть разные форматы сотрудничества, в том числе долгосрочную аренду. Звоните — организую быстрый показ, обсудим условия. Агентство недвижимости EstateLiga Документы проверены Посмотреть все объекты +7 916 863-15-... Написать 10 часов назад сегодня, 11:36",,https://www.cian.ru/cat.php?deal_type=rent&district%5B0%5D=8&engine_version=2&offer_type=flat&room9=1&type=4&p=1,2026-04-20T19:22:43+00:00
1769,326159535,ЮВАО,https://www.cian.ru/rent/flat/326159535/?context=4.mYbwep9b-iA.OQAFQ5Jn5fVkIyItczzHtxh1CxgKWisrM8sm6_oFRPt_kdj6luuqi7k5dUhDrY0qPTuKC45Rhw5zdA&mlSearchSessionGuid=d6016804c573063ab93e478e792a6ce1,1/14 Ещё фото,644900,19.5,14,25,,"1/14 Ещё фото Пешком до метро! Студия, 19,5 м², 14/25 этаж Перерва 12 минут пешком Москва , ЮВАО , р-н Люблино , м. Перерва , Люблинская улица , 80к6 44 900 ₽/мес. От года, комм. платежи включены (без счётчиков), комиссия 50%, без залога Сдаётся светлая квартира-студия с евроремонтом и совмещённым санузлом в ЖК Люблинский парк! Без депозита! Её можно посмотреть когда Вам удобно: бронируете время, забираете ключи или встречаетесь с нашим представителем и спокойно осматриваете. Если всё понравится, договор подпишем онлайн и будем поддерживать Вас на всех этапах аренды. В квартире есть: - Кухонный гарнитур; - Варочная панель; - Холодильник; - Стиральная машина; - Вытяжка. Полы — ламинат и плитка. Окна выходят во двор, на восток. Во дворах обустроены детские площадки, двор без машин. На территории дома есть бесплатные парковочные места. Собственник готов заселить не более 2 взрослых жильцов с детьми, обсудить оформление временной регистрации, докупить мебель/технику или заключить договор с юридическим лицом. Можно с небольшим домашним питомцем по согласованию. Дом находится в районе с развитой инфраструктурой: в пешей доступности находятся продуктовые супермаркеты, школы, детские сады, медицинские учреждения, салоны красоты. Недалеко — парк Героев Отечественной войны 1812 года. В 18 минутах пешком — станция МЦД-2 Перерва, в 20 минутах — м. Братиславская. Автомобилистам будет удобно выезжать на Люблинскую улицу. Агентство недвижимости ПИК-Аренда Документы проверены Посмотреть все объекты +7 916 760-62-... Написать 5 часов назад сегодня, 16:40",,https://www.cian.ru/cat.php?deal_type=rent&district%5B0%5D=8&engine_version=2&offer_type=flat&room9=1&type=4&p=1,2026-04-20T19:22:43+00:00
1820,329069630,ЮВАО,https://www.cian.ru/rent/flat/329069630/?context=4.8SCghKT0IR0.j-e8DnW4VavhlgLW8oXe9S4f0YkQACEnCLgsUYLPSZ6vQyFvBi9oehB_2nyzo_RDper5p9sF-G8alw&mlSearchSessionGuid=21064e85ed82d0b4a773f97d1c71f86e,3/6,651000,20.0,2,2,,"3/6 Апартаменты-студия, 20 м², 2/2 этаж Только на Циан Текстильщики 13 минут пешком Москва , ЮВАО , р-н Текстильщики , м. Текстильщики , Грайвороновская улица , 4С6 51 000 ₽/мес. От года, комм. платежи включены (без счётчиков), без комиссии, залог 51 000 ₽ Отличная маленькая, тихая, двухуровневая студия для проживания одного человека. Всё необходимое для проживания есть. Предпочтение девушкам и женщинам. Коммунальные платежи оплачивает арендатор полностью. Собственник ID 70587410 +7 916 099-29-... Написать три дня назад 17 апр, 00:02",,https://www.cian.ru/cat.php?deal_type=rent&district%5B0%5D=8&engine_version=2&offer_type=flat&room9=1&type=4&p=2,2026-04-20T19:22:43+00:00
1833,329141466,ЮВАО,https://www.cian.ru/rent/flat/329141466/?context=4.K994a43eRcw.trEllPG3EkMzhLbyDP7Eu7bew-akPnnCpzafdjnGvZmdtpJlYWz2w3YHKd-MxxlEVyVYy5kypSXyhg&mlSearchSessionGuid=20418775b4444e9692a0b9619df37ff6,1/9,680000,46.0,14,27,,"1/9 Студия, 46 м², 14/27 этаж Рязанский проспект 4 минуты пешком Москва , ЮВАО , р-н Рязанский , м. Рязанский проспект , улица Академика Скрябина , 6 80 000 ₽/мес. От года, комм. платежи включены (без счётчиков), без комиссии, залог 80 000 ₽ Сдаётся квартира студия на длительный срок для одного или пары.Очень просторная и красивая,потому что нет узких коридоров,как везде.До Метро 3 мин пешком,ветка идёт через всю Москву.Дом новый,это не старые 5 и 12 этажки со скрипучими лифтами. В этом районе пока только этот дом новый.В квартире есть вся необходимая мебель, посуда, стиральная машина, холодильник. За шторой отдельно выделено спальное место. Перед телевизором раскладной диван.Два спальных места в однушке,большая редкость. За порядком следит консьерж. Рядом есть все магазины,парк. Собственник ID 140129111 +7 985 633-36-... Написать вчера вчера, 14:15",,https://www.cian.ru/cat.php?deal_type=rent&district%5B0%5D=8&engine_version=2&offer_type=flat&room9=1&type=4&p=3,2026-04-20T19:22:43+00:00
1803,312387295,ЮВАО,https://www.cian.ru/rent/flat/312387295/?context=4.1AVlgChqIF4.DQIUQcs4JD2J74sT1BRF7DWJtkq2QWP37N6d0I5UUdDAYFVjfYb5NYKQrMVU83q3aaJyHgi9eeZBFA&mlSearchSessionGuid=21064e85ed82d0b4a773f97d1c71f86e,1/10,745000,19.0,1,5,,"1/10 Апартаменты-студия, 19 м², 1/5 этаж Проверено в Росреестре Лефортово 7 минут пешком Москва , ЮВАО , р-н Лефортово , м. Лефортово , 1-й Краснокурсантский проезд , 5/7 45 000 ₽/мес. От года, комм. платежи включены (без счётчиков), без комиссии, залог 45 000 ₽ Отличный район, 500 метров до метро Лефортово БКЛ. Тихий центр, все рядом и при этом никаких пробок или проблем с парковкой, через дорогу спортгородок МЭИ, рядом парк Лефортово, Екатерининский дворец. Все магазины в пяти шагах, пешком можно дойти до Бауманской, Авиамоторной, площади Ильича. Студия апартаменты, регистрация невозможна, Амина невозможна! Дорогие иностранцы, имейте это в виду! Находится на цокольном этаже. Есть окно, оборудованный санузел - душевая кабина, раковина, унитаз. Только что закончили ремонт. Вход в блок помещений со двора, общие площади отремонтированы. Общая площадь 19 м2, санузел 1,5 м на 1,5 м, основное помещение 2,6 м на 5,5. Есть всё необходимое: диван, стол, посуда, микроволновка, холодильник, стиралка, плита. Идеально для проживания небольшой семьи или одиночки, для рабочего, массажного кабинета, турагентства, детского клуба, кабинета репетитора. Аренда от собственника. Адекватный собственник, в квартиру не приходит, мелочным контролем не донимает. Готов провести видеопоказ, обращайтесь. Я готов сотрудничать с риэлторами и агентами, но никаких ""эксклюзивных"" предложений и ""снимите ненадолго объявление"" не будет, не трудитесь зря. Есть вопросы? Пишите прямо сейчас, ответы на вопросы, видеопоказ, советы бесплатно! Пусть Москва будет добра к вам! Собственник ID 113872797 Документы проверены +7 986 304-28-... Написать два дня назад 18 апр, 01:16",,https://www.cian.ru/cat.php?deal_type=rent&district%5B0%5D=8&engine_version=2&offer_type=flat&room9=1&type=4&p=2,2026-04-20T19:22:43+00:00
1799,324999536,ЮВАО,https://www.cian.ru/rent/flat/324999536/?context=4.lD6r4CiLkGg.9A9a9njUZeoceM-hi66Nq1b61RFhlrdvNNMKpkKN1Ua49Xbcs7V-hmfMw645R9jMF8jg6WoL5I8DlA&mlSearchSessionGuid=21064e85ed82d0b4a773f97d1c71f86e,1/14,767000,30.0,3,24,,"1/14 Апартаменты-студия, 30 м², 3/24 этаж Авиамоторная 16 минут пешком Москва , ЮВАО , р-н Лефортово , м. Авиамоторная , улица Крузенштерна , 7 67 000 ₽/мес. От года, комм. платежи включены (без счётчиков), комиссия 35%, залог 68 000 ₽ Сдается тихая и уютная студия в новом ЖК бизнес клаcса Cимвол. Дом с отдельной огороженной территорией, внутренним двором. В студии выполнен евроремонт, меблирована, встроенный кухонный гарнитур, холодильник, кондиционер. Высокие потолки — 3.1 м. Высокие окна. У дома — своя закрытая благоустроенная территория с Лобби с высокими потолками и зонами отдыха, туалетом. Безопасность — на максимально высоком уровне: 2 контроля на вход — на территорию самого ЖК и в подъезде в зоне Ресепшн. Вход — только для жителей по магнитным пропускам. У дома очень хорошее расположение, свой большой парк Зеленая река — один из самых современных в Москве. В 5 минутах от дома недорогой (от 5000 в месяц) паркинг БЦ Интеграл. Удобная транспортная доступность, рядом ТТК, в 7 минутах пешком — станция метро узловая станция Авиамоторная (метро, Бкл, Мцд и Мцк). Риелтор Наталья Пугачева Суперагент +7 989 114-66-... Написать вчера вчера, 21:41",,https://www.cian.ru/cat.php?deal_type=rent&district%5B0%5D=8&engine_version=2&offer_type=flat&room9=1&type=4&p=2,2026-04-20T19:22:43+00:00
1787,326967848,ЮВАО,https://www.cian.ru/rent/flat/326967848/?context=4.10zYPXwLZ3A.CwLhE0w-D7y-7v043svXN-dTnWPR2MifzPR_vTAljBuo-edWGEeJ6Er9D0KoLM96Cxzj1QGv9MlaKA&mlSearchSessionGuid=d6016804c573063ab93e478e792a6ce1,1/7,770000,30.0,3,24,,"1/7 Квартира без комиссии Апартаменты-студия, 30 м², 3/24 этаж Только на Циан Онлайн-договор Авиамоторная 16 минут пешком Москва , ЮВАО , р-н Лефортово , м. Авиамоторная , улица Крузенштерна , 7 70 000 ₽/мес. От года, комм. платежи включены (без счётчиков), без комиссии, залог 70 000 ₽ Я собственник! ТОРГА НЕТ! Риелторы не тратьте моё время. Сдаётся уютная студия в новом доме, построенном в 2025 году. Общая площадь - 27 кв. м, жилая - 20 кв. м, кухня занимает 3 кв. м. Апартаменты расположены на 3 этаже 24-этажного здания. Высокие потолки 2.7 метра добавляют простора. До станции метро ""Авиамоторная"" всего 16 минут пешком. Квартира выполнена с дизайнерским ремонтом, что создаёт стильную и комфортную обстановку. В студии есть вся необходимая мебель как на кухне, так и в комнате. Для вашего удобства установлены кондиционер, холодильник, телевизор и стиральная машина. Санузел совмещён, оборудован современной душевой кабиной. Дом предлагает подземную парковку, поэтому можно не беспокоиться о месте для автомобиля. В здании функционируют как пассажирский, так и грузовой лифты, поэтому можно легко передвигать крупные вещи. Также есть мусоропровод, что добавляет удобства в быту. Интернет-связь доступна, что особенно важно для работы или учёбы. Рядом с домом находятся школы, детские сады, клиники и магазины, что делает район удобным и комфортным для жизни. Условия аренды прозрачные: без комиссии, от собственника. Подходит для одного человека или пары. Коммунальные платежи оплачиваются отдельно. Залоговая сумма составляет оплату за один месяц. Звоните и записывайтесь, чтобы увидеть квартиру вживую и оценить её преимущества. Собственник ID 13296398 +7 986 323-82-... Написать 25 минут назад сегодня, 21:55",,https://www.cian.ru/cat.php?deal_type=rent&district%5B0%5D=8&engine_version=2&offer_type=flat&room9=1&type=4&p=1,2026-04-20T19:22:43+00:00
1800,329099679,ЮВАО,https://www.cian.ru/rent/flat/329099679/?context=4.b423wc1iatk.UgmWufhfdu4YGvdTlt2RaAJU5IvL9CbDpEGNZL23CXaJwMJxlw1TDmxApItmrlKJcNa2NBM-Dg8zQw&mlSearchSessionGuid=21064e85ed82d0b4a773f97d1c71f86e,1/10,972000,27.0,5,24,,"1/10 Студия, 27 м², 5/24 этаж Только на Циан Авиамоторная 13 минут пешком Москва , ЮВАО , р-н Лефортово , м. Авиамоторная , улица Крузенштерна , 9 72 000 ₽/мес. От года, комм. платежи включены (без счётчиков), без комиссии, залог 75 000 ₽ Сдается на длительный срок студия площадью 27 кв. м на 5 этаже. Квартира расположена в современном жк Символ в пешей доступности от станции метро Авиамоторная — всего 13 минут пешком. В квартире новый ремонт, есть вся необходимая мебель на кухне и в комнате, вместительные шкафы. Из техники в вашем распоряжении: кондиционер, холодильник, микроволновка, варочная панель, посудомоечная и стиральная машина с функцией сушки. В доме консьерж, закрытый двор с детской площадкой, видовая терраса. Вход по магнитному ключу только для жильцов, круглосуточная охрана. Рядом с домом расположены все необходимые объекты инфраструктуры: магазины, кафе, рестораны, салоны красоты. Новый современный парк Зелёная река, а так же множество других парков поблизости. Отличная транспортная доступность позволяет быстро добраться до центра города. Условия аренды: договор напрямую с собственником. Залог 100%, помимо аренды оплачиваются вода, электроэнергия и интернет. Квартира готова принять одного-двух жильцов, без животных! Если не дозвонились, пишите- я обязательно отвечу! Собственник ID 83293129 +7 916 537-46-... Написать вчера вчера, 09:49",,https://www.cian.ru/cat.php?deal_type=rent&district%5B0%5D=8&engine_version=2&offer_type=flat&room9=1&type=4&p=2,2026-04-20T19:22:43+00:00
1843,328667187,ЮВАО,https://www.cian.ru/rent/flat/328667187/?context=4.Mn3tU9RKagY.oLCURe9AZA-hQbGg2EAOhToJAJxX8KfXD4p-LVf5IeuE4NXa4bAquuctYg1UNjWRgN1lkaVO2F1TeA&mlSearchSessionGuid=20418775b4444e9692a0b9619df37ff6,1/21,1057000,30.0,13,31,,"1/21 Студия, 30 м², 13/31 этаж Только на Циан Нижегородская 9 минут пешком Москва , ЮВАО , р-н Нижегородский , м. Нижегородская , Газгольдерная улица , 10 57 000 ₽/мес. От года, комм. платежи включены (без счётчиков), комиссия 50%, залог 57 000 ₽ Квартира в монолитном доме класса комфорт +. Современный ремонт. В квартире есть все необходимое для комфортного проживания: посудомоечная машина, кондиционер, телевизор, пылесос, гладильная сушильная доска и т.д. На длительный срок. Закрытый двор без автомобилей. Метро в шаговой доступности. Оперативный показ и заселение Риелтор Вадим Белов Суперагент +7 988 194-26-... Написать два дня назад 18 апр, 20:02",,https://www.cian.ru/cat.php?deal_type=rent&district%5B0%5D=8&engine_version=2&offer_type=flat&room9=1&type=4&p=3,2026-04-20T19:22:43+00:00
1805,327375667,ЮВАО,https://www.cian.ru/rent/flat/327375667/?context=4.JdE3cra5vhM.wkn9eQBKsbAHNrUKAENBQZ7PsiPgKZYpTWsZScwb10NVtGCekRl-3u5EToLU9UUglRJvALuP2h8omQ&mlSearchSessionGuid=21064e85ed82d0b4a773f97d1c71f86e,1/18,1058000,26.9,9,32,,"1/18 Студия, 26,9 м², 9/32 этаж Нижегородская 8 минут пешком Москва , ЮВАО , р-н Нижегородский , м. Нижегородская , Газгольдерная улица , 10 58 000 ₽/мес. От года, комм. платежи включены (без счётчиков), комиссия 50%, без залога Cдаетcя уютнaя студия ЖK Пpофит новая, свeтлая cтудия с дизaйнepcким pемoнтoм oт кoмпaнии Smarent. Квартира рacполoжeна на 9 этаже . Идeaльная тpaнcпoртнaя доступность - в 5 минутах xодьбы нaходится ст. мeтрo Hижeгорoдcкая, кoтoрая входит в крупнейший в Eвропе тpанспоpтнo-пepесадочный узел. В его составе: две станции метро, станции МЦК, МЦД и Горьковского направления МЖД. До ст. м Таганская можно добраться наземным транспортом за 20 мин, МЦК Москва Сити (Деловой Центр) 30 мин., Нескучный Сад в Парке Горького - 25 минут. Для автомобилистов удобный быстрый выезд на ТТК и Садовое Кольцо. Рядом большой торговый центр ""Город"", Леруа. Закрытый двор с детскими площадками и фитнес-зоной, а также большой подземный паркинг. Машиноместо можно снять по доступной цене. Бытовая техника: стиральная машина, холодильник, варочная панель, СВЧ печь, телевизор, электрический чайник. Есть всё необходимое для жизни УСЛОВИЯ ПРОЖИВАНИЯ: Тариф Комфортное проживание -50% от арендного платежа - Раннее бронирование объекта (за 3 дня до заселения) - Персональный менеджер на всех этапах аренды быстро реагирует на запросы - большинство бытовых вопросов решаем за 48 часов - Страхование гражданской ответственности до 0,3 млн ₽ - Организация мелкого ремонта ! Коммунальные платежи: электроэнергия, хвс\гвс, услуги интернет провайдера, расходы за отопление дома/квартиры оплачивает арендатор. ! Заселение только при наличии постоянной регистрации РФ. Строго без животных. Агентство недвижимости СМАРЕНТ Документы проверены +7 985 853-93-... Написать шесть дней назад 14 апр, 11:49",,https://www.cian.ru/cat.php?deal_type=rent&district%5B0%5D=8&engine_version=2&offer_type=flat&room9=1&type=4&p=2,2026-04-20T19:22:43+00:00
1815,328371177,ЮВАО,https://www.cian.ru/rent/flat/328371177/?context=4.QK37EnWAZSI.6fdOdtQytJC5AXqjFSKms_KCmjZ6VpHupNskpofiG9fI_GjoAnRwAKpnNupwzFewMJ2MEOQM8UYGXQ&mlSearchSessionGuid=21064e85ed82d0b4a773f97d1c71f86e,1/22,1059000,18.23,1,2,,"1/22 Апартаменты-студия, 18,23 м², 1/2 этаж Лефортово 7 минут пешком Москва , ЮВАО , р-н Лефортово , м. Лефортово , Госпитальная площадь , 1/10 59 000 ₽/мес. На несколько месяцев, комм. платежи включены (без счётчиков), комиссия 35%, залог 59 000 ₽ Сдаётся просторный номер в молодёжном коливинге, размещённом в особняке XVIII века у метро Лефортово (5 минут пешком). Идеальное жильё для ценителей атмосферы исторической Москвы и комфорта современного жилья. В номере есть всё необходимое для комфортной жизни: — двуспальная кровать, прикроватный столик и торшер; — большое окно с широким подоконником; — шкаф, комод и зеркало в полный рост; — рабочая зона: стол, барный стул; — базовая техника: микроволновка, чайник; — посуда и предметы быта; — совмещённый санузел; — дизайнерский ремонт; — дверь закрывается на ключ. Общие зоны дома (2 этажа): — просторная кухня на 1 этаже: кухонный гарнитур, 5 плит, посудомоечная машина и 3 общих холодильника (помимо холодильников в номерах); — обеденная зона с барными стойками и большим столом; — холл с лобби-зоной и мини-библиотекой; — переговорная (до 10 человек); — две прачечные с машинами и сушилками; — буфет на 2 этаже с кофемашиной, микроволновкой и кухонным гарнитуром; — ресепшн для жильцов и гостей. Про комьюнити Colife: Colife — это не только жильё, но и дружное сообщество творческих и талантливых молодых людей. Каждую неделю проводим бесплатные мероприятия, которые делают жизнь интереснее: — тренировки по йоге и дыхательные практики; — разговорные клубы в уютной атмосфере; — спортивные соревнования и культурные выезды (музеи, выставки); — вечеринки Colife — от масштабных костюмированных до уютных камерных посиделок; — кинопросмотры, книжный клуб, настолки, спиддейтинги и нетворкинги. Здесь легко завести новые знакомства, найти друзей и окружение, которое вдохновляет. Расположение: До м. Лефортово — 5 минут пешком (680 м), до м. Бауманская — около 20 минут (1,7 км). Дом — объект культурного наследия, полностью восстановленный в современном лофт-стиле. Есть огороженная парковка. В 1 минуте остановка автобуса, рядом продуктовый магазин, кафе и кофейни. Для прогулок — Лефортовский парк (4 минуты пешком) с теннисными кортами, беговой дорожкой, футбольным полем и прудами. Формат аренды Номер в особняке сдаём мы - компания Colife Комфорт. Мы не сторонние агенты или риелторы, вы подписываете договор напрямую с нами, а в стоимость уже включен сервис и поддержка 24/7: например, если что-то сломается мы бесплатно и быстро починим.",,https://www.cian.ru/cat.php?deal_type=rent&district%5B0%5D=8&engine_version=2&offer_type=flat&room9=1&type=4&p=2,2026-04-20T19:22:43+00:00
1840,327867504,ЮВАО,https://www.cian.ru/rent/flat/327867504/?context=4.WNy-j0fXmKA.syJKeVWEUxdccKR0p-5rVb_J2Ud-hmz4aFePsYB2uxtxRM_lxq9eHmczm1pAcsyOmeyQYhI817BrrQ&mlSearchSessionGuid=20418775b4444e9692a0b9619df37ff6,1/8,1060000,33.0,18,32,,"1/8 Студия, 33 м², 18/32 этаж Только на Циан Нижегородская 9 минут пешком Москва , ЮВАО , р-н Нижегородский , м. Нижегородская , Газгольдерная улица , 10 60 000 ₽/мес. От года, комм. платежи включены (без счётчиков), комиссия 50%, залог 60 000 ₽ Эксклюзивное предложение! Сдаётся студия, от метро Нижегородская до 5 минут пешком. В квартире выполнен дизайнерский ремонт. Планировка с зонированием спальни, полноценная кухня и совмещённый санузел. Есть вся необходимая мебель и техника. Наземная парковка за шлагбаумом. При симпатии депозит разбивается. Звоните, оперативно проведём показ! Агентство недвижимости Не для галочки Суперагент +7 916 505-14-... Написать 10 часов назад сегодня, 12:04",,https://www.cian.ru/cat.php?deal_type=rent&district%5B0%5D=8&engine_version=2&offer_type=flat&room9=1&type=4&p=3,2026-04-20T19:22:43+00:00
1768,328371372,ЮВАО,https://www.cian.ru/rent/flat/328371372/?context=4.ZXDbjnKCB8A.f3WrlZfviYqqX75ORecbgiej5OVzqE6QklOvQpDZaVr6Pn_XeFMpfRg6RHvoMa6v3TQlZg5iAMCXKA&mlSearchSessionGuid=d6016804c573063ab93e478e792a6ce1,1/23 Ещё фото,1068000,18.9,1,2,,"1/23 Ещё фото Апартаменты-студия, 18,9 м², 1/2 этаж Только на Циан Лефортово 7 минут пешком Москва , ЮВАО , р-н Лефортово , м. Лефортово , Госпитальная площадь , 1/10 68 000 ₽/мес. На несколько месяцев, комм. платежи включены (без счётчиков), комиссия 35%, залог 68 000 ₽ Сдаётся просторный номер в молодёжном коливинге, размещённом в особняке XVIII века у метро Лефортово (5 минут пешком). Идеальное жильё для ценителей атмосферы исторической Москвы и комфорта современного жилья. В номере есть всё необходимое для комфортной жизни: — двуспальная кровать, прикроватный столик и торшер; — большое окно с широким подоконником; — шкаф, комод и зеркало в полный рост; — рабочая зона: стол, барный стул; — базовая техника: микроволновка, чайник; — посуда и предметы быта; — совмещённый санузел; — дизайнерский ремонт; — дверь закрывается на ключ. Общие зоны дома (2 этажа): — просторная кухня на 1 этаже: кухонный гарнитур, 5 плит, посудомоечная машина и 3 общих холодильника (помимо холодильников в номерах); — обеденная зона с барными стойками и большим столом; — холл с лобби-зоной и мини-библиотекой; — переговорная (до 10 человек); — две прачечные с машинами и сушилками; — буфет на 2 этаже с кофемашиной, микроволновкой и кухонным гарнитуром; — ресепшн для жильцов и гостей. Про комьюнити Colife: Colife — это не только жильё, но и дружное сообщество творческих и талантливых молодых людей. Каждую неделю проводим бесплатные мероприятия, которые делают жизнь интереснее: — тренировки по йоге и дыхательные практики; — разговорные клубы в уютной атмосфере; — спортивные соревнования и культурные выезды (музеи, выставки); — вечеринки Colife — от масштабных костюмированных до уютных камерных посиделок; — кинопросмотры, книжный клуб, настолки, спиддейтинги и нетворкинги. Здесь легко завести новые знакомства, найти друзей и окружение, которое вдохновляет. Расположение: До м. Лефортово — 5 минут пешком (680 м), до м. Бауманская — около 20 минут (1,7 км). Дом — объект культурного наследия, полностью восстановленный в современном лофт-стиле. Есть огороженная парковка. В 1 минуте остановка автобуса, рядом продуктовый магазин, кафе и кофейни. Для прогулок — Лефортовский парк (4 минуты пешком) с теннисными кортами, беговой дорожкой, футбольным полем и прудами. Формат аренды Номер в особняке сдаём мы - компания Colife Комфорт. Мы не сторонние агенты или риелторы, вы подписываете договор напрямую с нами, а в стоимость уже включен сервис и поддержка 24/7: например, если что-то сломается мы бесп",,https://www.cian.ru/cat.php?deal_type=rent&district%5B0%5D=8&engine_version=2&offer_type=flat&room9=1&type=4&p=1,2026-04-20T19:22:43+00:00
1812,329128302,ЮВАО,https://www.cian.ru/rent/flat/329128302/?context=4.N0glsOjV8Gw.rkyRo7WBhg6FQYt6p-SSJJV1dPiZPiHD9L13Y8bmLDi42YiwTZ1Hwm-PGn-waGilgmtp1bWbon9MgQ&mlSearchSessionGuid=21064e85ed82d0b4a773f97d1c71f86e,1/9,1753000,29.0,3,9,,"1/9 Студия, 29 м², 3/9 этаж Только на Циан Люблино 6 минут на транспорте Москва , ЮВАО , р-н Люблино , м. Люблино , улица Головачева , 17 53 000 ₽/мес. От года, комм. платежи включены (счётчики включены), без комиссии, залог 55 000 ₽ Сдаётся уютная и стильная квартира в тихом и зелёном районе Москвы по адресу: улица Головачёва 17. Дом расположен рядом с Кузьминским лесопарком, благодаря чему здесь всегда свежий воздух, тишина и комфортная среда для жизни в окружении природы, при этом в черте города. (в 15 минутах ходьбы красивая усадьба 18 века и пляж) Удобная транспортная доступность: до метро около 10 минут на автобусе, остановка рядом с домом, ходит несколько маршрутов с хорошей регулярностью. Вся необходимая инфраструктура в шаговой доступности — рядом магазины Пятёрочка и Магнит, пункты выдачи Ozon и Wildberries, почта. Буквально в 10 минутах езды - Мега Белая Дача. Квартира с косметическим ремонтом, установлены натяжные потолки. Из техники новый холодильник Haier и телевизор Hisense, есть кондиционер и стиральная машина LG. Спальное место — удобная большая кровать-трансформер, которая убирается в шкаф, что делает пространство более функциональным и современным, еще есть раскладной диван. Большой и просторный шкаф купе. Квартира выглядит стильно и отлично подойдёт для одного человека или пары, ценящих комфорт и современный формат жилья. Сдаётся от собственника, без посредников. Рассматриваются аккуратные жильцы — один человек или пара без детей и животных, с бережным отношением к квартире и стабильной оплатой. Пишите в личные сообщения — отвечу на вопросы и договоримся о просмотре. Собственник ID 140686621 +7 915 386-47-... Написать 9 часов назад сегодня, 12:49",,https://www.cian.ru/cat.php?deal_type=rent&district%5B0%5D=8&engine_version=2&offer_type=flat&room9=1&type=4&p=2,2026-04-20T19:22:43+00:00
1774,328767657,ЮВАО,https://www.cian.ru/rent/flat/328767657/?context=4.d3GWAEmIOXE.J-LzB9yQM5Abjk8NFEMB_a7nZbfSH4G4X8Y7dysfZsHyHlETwQKbrOPoXuktW6HtKUMomztNorgYbg&mlSearchSessionGuid=d6016804c573063ab93e478e792a6ce1,1/5 Ещё фото,2030000,24.0,18,25,,"1/5 Ещё фото Апартаменты-студия, 24 м², 18/25 этаж Только на Циан Волгоградский проспект 3 минуты пешком Москва , ЮВАО , р-н Южнопортовый , м. Волгоградский проспект , Новоостаповская улица , 20 30 000 ₽/мес. От года, комм. платежи включены (без счётчиков), комиссия 50%, залог 30 000 ₽ Id 62577. Представляем к сдаче просторную студию площадью 24 м² в только что построенном монолитном жилом комплексе бизнес-класса. Квартира расположена на 18 этаже 25-этажной башни, что гарантирует вам потрясающие панорамные виды из окон и обилие естественного света. Высокие потолки 3 метра и свободная планировка открывают пространство для реализации самых смелых дизайнерских решений. Объект сдается без отделки — это ваш чистый лист для создания интерьера, который будет отражать ваш вкус и стиль жизни. Локация — одно из ключевых преимуществ. Дом находится на Новоостаповской улице, в пешей доступности (2 минуты) от станции метро ""Дубровка"". Также в шаговой доступности находятся станции ""Кожуховская"" и ""Автозаводская"". Это динамичный и хорошо развитый район с отлаженной транспортной инфраструктурой, что особенно оценит деловой человек. Рядом есть все для комфортной жизни: современные торговые центры, рестораны, фитнес-клубы и парковые зоны для отдыха. Жилой комплекс ""HighWay"" отвечает всем стандартам современного комфорта. В здании установлены два пассажирских и один грузовой лифт. Для вашего автомобиля предусмотрен подземный паркинг. Квартира функциональна: здесь есть совмещенный санузел и большая кухня площадью 15 м², которую можно организовать как полноценную гостиную зону или пространство для работы. Идеально подойдет для молодого специалиста, пары или инвестора, ищущего объект для последующей перепродажи. Свяжитесь с нами прямо сейчас, чтобы назначить просмотр и лично оценить все преимущества этой квартиры. Агентство недвижимости EstateLiga Документы проверены Посмотреть все объекты +7 916 863-15-... Написать 10 часов назад сегодня, 11:36",,https://www.cian.ru/cat.php?deal_type=rent&district%5B0%5D=8&engine_version=2&offer_type=flat&room9=1&type=4&p=1,2026-04-20T19:22:43+00:00
1809,329117063,ЮВАО,https://www.cian.ru/rent/flat/329117063/?context=4.lUVyHxzdwec.BVXQ5OzN3C9TiALB8neMeu2pXsjAgBVkY3RP_Yi05ZUvXKsOJNwLiWG1_NuBD5Dg_Cz68we0fxV6LA&mlSearchSessionGuid=21064e85ed82d0b4a773f97d1c71f86e,1/9,2055000,20.4,20,21,,"1/9 Студия, 20,4 м², 20/21 этаж Волгоградский проспект 3 минуты пешком Москва , ЮВАО , р-н Южнопортовый , м. Волгоградский проспект , Новоостаповская улица , 20 55 000 ₽/мес. От года, комм. платежи включены (без счётчиков), комиссия 50%, залог 55 000 ₽ В аренду предлагается СТУДИЯ в ЖК HighWay. В студии выполнен качественный ремонт в современном стиле. Совмещенный санузел оборудован импортной сантехникой (душевая кабина). Кухонный гарнитур с вытяжкой, варочной панелью и посудомоечной машинкой. 2 встроенных шкафа для одежды. Кровать с подъемным механизмом (без матраса). Кондиционер. Двор без машин. До метро 5 минут пешком от подъезда. Временную регистрацию не делают. Не курящих. Длительный срок аренды. Риелтор Антон Смолев Суперагент +7 915 012-09-... Написать вчера вчера, 10:38",,https://www.cian.ru/cat.php?deal_type=rent&district%5B0%5D=8&engine_version=2&offer_type=flat&room9=1&type=4&p=2,2026-04-20T19:22:43+00:00
1847,328702971,ЮВАО,https://www.cian.ru/rent/flat/328702971/?context=4.sXF9E7zCYgY.ql5UQ2PrNI2F17UAQbyAxWYUb-cmBHLx2rmPUXeGzc7qNGGB4rzzLUT8tcEXX5QRHQg4S0jPbAVZwQ&mlSearchSessionGuid=20418775b4444e9692a0b9619df37ff6,1/7,2055000,30.0,4,14,,"1/7 Апартаменты-студия, 30 м², 4/14 этаж Жулебино 3 минуты пешком Москва , ЮВАО , р-н Выхино-Жулебино , м. Жулебино , улица Генерала Кузнецова , 20 55 000 ₽/мес. От года, комм. платежи включены (без счётчиков), комиссия 50%, залог 55 000 ₽ Ольга. Вашему вниманию предлагаются светлые, уютные ДВУХУРОВНЕВЫЕ апартаменты, первый уровень 20 метров, второй уровень 10 метров, высота потолков 4 метра. В апартаментах выполнен дизайнерский ремонт. В кухонной зоне: кухонный гарнитур, электрическая плита, холодильник, СВЧ. В жилой зоне: двуспальный диван, тумба под телевизор. На втором уровне двуспальная кровать, шкафы. Санузел совмещен, ванна, стиральная машина. В прихожей шкаф, комод. Страховой депозит разбивается на 2 части. Дом расположен в 1 МИНУТЕ ходьбы от метро Жулебино. Развитая инфраструктура, рядом ТЦ Миля, фудмолл Привоз, различные магазины, кафе, аптеки, поликлиники. Можно с маленьким и чистоплотным животным. Риелтор Екатерина Дрозд Суперагент +7 915 113-46-... Написать неделю назад 7 апр, 15:47",,https://www.cian.ru/cat.php?deal_type=rent&district%5B0%5D=8&engine_version=2&offer_type=flat&room9=1&type=4&p=3,2026-04-20T19:22:43+00:00
1826,328729519,ЮВАО,https://www.cian.ru/rent/flat/328729519/?context=4.U676TAUomg8.VLR-ppeIV8B9ZbX0hAdsRQ7TuNQ2rxkMnB0QhjLmVga37CPAn7ZweeBq4vTou9iF27exN3D0eFYdTQ&mlSearchSessionGuid=20418775b4444e9692a0b9619df37ff6,1/8,2058000,22.0,19,23,,"1/8 Апартаменты-студия, 22 м², 19/23 этаж Только на Циан Волгоградский проспект 3 минуты пешком Москва , ЮВАО , р-н Южнопортовый , м. Волгоградский проспект , Новоостаповская улица , 20 58 000 ₽/мес. От года, комм. платежи включены (без счётчиков), комиссия 60%, залог 30 000 ₽ Современная студия 23 м2! 2 минуты от станции метро Волгоградский проспект или 7 минут от метро Угрешская. 10 минут до Кремля, рядом Третье транспортное кольцо, удобно добираться в любую точку города. Максимально комфортное проживание вам обеспечено. Круглосуточная охрана подъезда и территории. Высота потолков под 2,8 метра. Современный дизайн, и мебель. Новая техника (кондиционер, встроенный холодильник, плита, стиральная машина, телевизор, СВЧ). Большая ванна Индивидуальное отопление с возможностью регулировки каждой батареи. Коммунальные платежи по счетчикам. Популярный Жилой комплекс ЖК ""Хайвей"". Расположен в отличном районе города Москвы с сложившейся инфраструктурой района. Недалеко от комплекса: Крупнейший развлекательный комплекс ""Остров мечты"", Коломенский парк, Современная архитектура и авторская отделка корпусов. Благоустроенная и охраняемая территория. Собственный подземный паркинг, оригинальные современные детские площадки. Квартира сдается ВПЕРВЫЕ. Порядочный и доброжелательный собственник. Желаю Удачи! Риелтор Дмитрий Сыромятников Суперагент +7 986 323-66-... два дня назад 18 апр, 20:36",,https://www.cian.ru/cat.php?deal_type=rent&district%5B0%5D=8&engine_version=2&offer_type=flat&room9=1&type=4&p=3,2026-04-20T19:22:43+00:00
1844,329109023,ЮВАО,https://www.cian.ru/rent/flat/329109023/?context=4.Vtksujvfq24.dmaqO4X9EHFjCbTStx0p-1__0u20R2p7Ip_MAObTztwxLb1Kbp-euZ_0oVW7cjv-a_iJGaA9BDZ7nQ&mlSearchSessionGuid=20418775b4444e9692a0b9619df37ff6,1/5,2060000,30.0,7,23,,"1/5 Студия, 30 м², 7/23 этаж Только на Циан Волгоградский проспект 3 минуты пешком Москва , ЮВАО , р-н Южнопортовый , м. Волгоградский проспект , Новоостаповская улица , 20 60 000 ₽/мес. На несколько месяцев, комм. платежи включены (без счётчиков), комиссия 60%, залог 50 000 ₽ Рассматривается временная регистрация для жильцов. Сдаётся светлая и уютная однокомнатная квартира площадью 30 м² в современном жилом комплексе комфорт-класса. Локация Дом расположен в шаговой доступности от метро Волгоградский проспект — до центра города всего 10-15 минут на автомобиле. Удобный выезд на основные магистрали. О квартире — Просторная комната с возможностью зонирования (спальня + гостиная / рабочее место) — Кухня с современной техникой — Совмещённый санузел — Большие окна, много естественного света — Комфортный этаж Квартира полностью готова к проживанию: мебель, бытовая техника, места хранения. О доме и территории — Современная входная группа — Закрытый двор — Подземный паркинг — Кафе, магазины и фитнес на первых этажах — Круглосуточная безопасность Идеально подойдёт для одного человека или пары. Заселение возможно в ближайшее время. Условия аренды обсуждаются индивидуально. Агентство недвижимости ПРЕМИАЛЬНЫЙ УРОВЕНЬ Суперагент +7 915 068-56-... Написать 3 часа назад сегодня, 19:21",,https://www.cian.ru/cat.php?deal_type=rent&district%5B0%5D=8&engine_version=2&offer_type=flat&room9=1&type=4&p=3,2026-04-20T19:22:43+00:00
1842,329032904,ЮВАО,https://www.cian.ru/rent/flat/329032904/?context=4._PhkjaZn5F4.vDUeJoU3xvx6VnZcmsNf1hsLT8rCajRuZL_2eQrH6YaPBT01tc_X9tTt8ZGSpXlICBXXBfnmGeRPsQ&mlSearchSessionGuid=20418775b4444e9692a0b9619df37ff6,1/9,2065000,25.0,3,25,,"1/9 Апартаменты-студия, 25 м², 3/25 этаж Волгоградский проспект 3 минуты пешком Москва , ЮВАО , р-н Южнопортовый , м. Волгоградский проспект , Новоостаповская улица , 20 65 000 ₽/мес. От года, комм. платежи включены (без счётчиков), без комиссии, залог 65 000 ₽ Сдается уютная и комфортная студия 25 кв.м в первый раз, 2 минуты пешком до метро Волгоградский проспект. Новый ремонт, никто не жил. Есть вся необходимая новая техника, кондиционер с функцией обогрева, шторы блек аут, теплый пол. Третий этаж, снизу нет жилых помещений благодаря архитектурному проекту дома. Панорамные окна, шумоизоляция. Территория ЖК огорожена и охраняется. До метро полторы -2 минуты пешком. Во дворе есть детская площадка, двор без машин. Если кому надо, есть подземная парковка за отдельную плату. , без животных. На длительный срок, без комиссии. Звонить с 12 до 21 часа. ----- Примечание: у собственника могут быть дополнительные пожелания к жильцам - обсудите их в чате или по телефону Собственник ID 139256113 Документы проверены +7 916 431-92-... Написать 11 часов назад сегодня, 11:02",,https://www.cian.ru/cat.php?deal_type=rent&district%5B0%5D=8&engine_version=2&offer_type=flat&room9=1&type=4&p=3,2026-04-20T19:22:43+00:00
1783,329016274,ЮВАО,https://www.cian.ru/rent/flat/329016274/?context=4.l1zSK-jFoE8.hfLNdSH_1Gkx6neO3WM_v8_9wekBjfKnkZtp1C1LAZHJrKxjoX3nn_9c0_LAGlYs8McvQfSVslgHzg&mlSearchSessionGuid=d6016804c573063ab93e478e792a6ce1,1/9,2066000,25.0,8,23,,"1/9 Видовая студия у метро Апартаменты-студия, 25 м², 8/23 этаж Волгоградский проспект 3 минуты пешком Москва , ЮВАО , р-н Южнопортовый , м. Волгоградский проспект , Новоостаповская улица , 20 66 000 ₽/мес. От года, комм. платежи включены (без счётчиков), комиссия 50%, залог 66 000 ₽ Предлагается в аренду прекрасная студия в ЖК HighWay. В наличии вся необходимая для комфортного проживания мебель и техника. Просторная кухня-гостиная. Район с развитой инфраструктурой. Просмотры по договорённости. О КВАРТИРЕ: - Квартира полностью укомплектована всем необходимым для комфортного проживания: телевизор, сверхскоростной интернет, посудомоечная машина, стиральная машина, кондиционер, микроволновка, духовой шкаф, варочная панель! - Просторная кухня-гостиная. - Планировка квартиры позволяет комфортно использовать пространство и добавить свои элементы декора или мебели. Транспорт: - Удобная транспортная развязка, в пешей доступности метро - ""Волгоградский проспект""! А так же в транспортной доступности стация ""Угрешская"" и ""Дубровка""! - Удобный выезд на ТТК, Волгоградский проспект, Остаповский проезд и МСД! Парковка: Подземный паркинг. Безопасный двор. Есть охрана. Хороший и адекватный собственник! Оперативный показ! Звоните, с удовольствием отвечу на ваши вопросы! Агентство недвижимости PREMIUM CITY Суперагент +7 917 589-00-... Написать час назад сегодня, 21:06",,https://www.cian.ru/cat.php?deal_type=rent&district%5B0%5D=8&engine_version=2&offer_type=flat&room9=1&type=4&p=1,2026-04-20T19:22:43+00:00
1827,329137680,ЮВАО,https://www.cian.ru/rent/flat/329137680/?context=4.G3huhsK2sMU.q1xveHm9Hjk4xdPQXUxIVUndovrWOrDuH7GEk33W8RHv9JRpLKq1dItPDD-9Nj-M3Y5Es_c3MbnjDQ&mlSearchSessionGuid=20418775b4444e9692a0b9619df37ff6,1/13,2068000,23.0,18,23,,"1/13 Апартаменты-студия, 23 м², 18/23 этаж Волгоградский проспект 3 минуты пешком Москва , ЮВАО , р-н Южнопортовый , м. Волгоградский проспект , Новоостаповская улица , 20 68 000 ₽/мес. От года, комм. платежи включены (без счётчиков), без комиссии, залог 68 000 ₽ Сдаётся впервые отличная студия на прямую от собственника. Выполнен качественный ремонт. Есть все необходимое для комфортной жизни. Удобная транспортная доступность, станция метро в 1 минуте пешком. Закрытая территория, подземный паркинг, развитая инфраструктура района, много магазинов и кафе. АГЕНТАМ ПРОСЬБА НЕ ЗВОНИТЬ, НЕ ТРАТЬТЕ СВОЕ ВРЕМЯ. Собственник ID 10236892 Документы проверены +7 985 302-54-... Написать вчера вчера, 09:03",,https://www.cian.ru/cat.php?deal_type=rent&district%5B0%5D=8&engine_version=2&offer_type=flat&room9=1&type=4&p=3,2026-04-20T19:22:43+00:00
1808,327143324,ЮВАО,https://www.cian.ru/rent/flat/327143324/?context=4.gTzPWfirV14.z3JqZVxK9-dJEjkGbdQCAywuB5zLqRIu92pNJvZdQ_tGd0uh1uvjhEzcQbeHsPyzoUjc8bTq13u7hA&mlSearchSessionGuid=21064e85ed82d0b4a773f97d1c71f86e,1/9,2069880,26.0,22,23,,"1/9 Апартаменты-студия, 26 м², 22/23 этаж Волгоградский проспект 3 минуты пешком Москва , ЮВАО , р-н Южнопортовый , м. Волгоградский проспект , Новоостаповская улица , 20 69 880 ₽/мес. От года, комм. платежи включены (без счётчиков), комиссия 50%, залог 75 000 ₽ Id 60982. Сдается просторная студия в ЖК ""HighWay"" ! Об апартаменте: - Квартира оснащена всей необходимой мебелью и техникой. - Большое панорамное окно. - Дизайнерский ремонт на стадии завершения. - Полностью укомплектована Главные преимущества комплекса Хайвей: - Метро ""Волгоградский проспект"" в 3 минутах ходьбы. - До центра города 10 минут на метро! - На первых этаж уже работает продуктовый магазин ""Дикси"", также в комплексе открыты пункты выдачи ""Ozon"" и ""Wildberries"" - Летом будет открыт фитнес-клуб с бассейном, до которых можно добраться не выходя из подъезда! - Закрытая территория с пропускной системой. - Подземный паркинг. - ЖК находится в активно развивающемся районе Москвы. - Рядом расположен торговый центр ""Дубровка"" известный своими положительными отзывами. Рассмотрим предложения, звоните для записи на показ, отвечаю быстро! Агентство недвижимости EstateLiga Документы проверены +7 916 863-15-... Написать четыре дня назад 16 апр, 14:24",,https://www.cian.ru/cat.php?deal_type=rent&district%5B0%5D=8&engine_version=2&offer_type=flat&room9=1&type=4&p=2,2026-04-20T19:22:43+00:00
1823,328394404,ЮВАО,https://www.cian.ru/rent/flat/328394404/?context=4.5G2qxdEhS5o.qZPCxbcak2r8eAOKNirYLHvVL9l2OooN2ZwS1BnrY-YGB_9_EIwTg6aNH4v9t6b1GlTcQWRl4cWf9A&mlSearchSessionGuid=20418775b4444e9692a0b9619df37ff6,1/20,2070000,21.7,11,23,,"1/20 Апартаменты-студия, 21,7 м², 11/23 этаж Волгоградский проспект 3 минуты пешком Москва , ЮВАО , р-н Южнопортовый , м. Волгоградский проспект , Новоостаповская улица , 20 70 000 ₽/мес. От года, комм. платежи включены (без счётчиков), без комиссии, залог 70 000 ₽ долгосрочная аренда! От года! дизайнерский ремонт. бытовая техника Haier, телевизор яндекс с Алисой , интернет вай фай , фильтра на общую и питьевую воду, система протечки нептун, видео домофон, стиральная машинка с сушкой,утюг, ручной пылесос, чайник, фен все Haier. резервный проточный водонагреватель. инверторный бесшумный кондиционер Haier. мастер выключатель. usb розетки в удобных местах. гладильная доска. очень много места для хранения. все продумано и эргономично, диван раскладывается. обеденный Стол раздвигается . шторы в спальной зоне Блэк аут, по факту 3 спальных места. ремонт сделан из качественных материалов! мебель изготовлена из лдсп egger. сантехника качественная! станция метро прям у подъезда. окна выходят не на дорогу!!! в жк есть фитнес зал, бассейн, магазины, кафе. только после ремонта! звонки бывают не проходят, блокирует спам. так что пишите, отвечу! видеообзор по запросу. возможна временная регистрация. возможна оплата по безналу( условия обсуждаются). Собственник ID 61899843 +7 916 478-51-... Написать два дня назад 18 апр, 11:20",,https://www.cian.ru/cat.php?deal_type=rent&district%5B0%5D=8&engine_version=2&offer_type=flat&room9=1&type=4&p=3,2026-04-20T19:22:43+00:00
1841,327283374,ЮВАО,https://www.cian.ru/rent/flat/327283374/?context=4.mxB42Ug01ho.sHo4l1QPZSGy35XNB9o_c3Bt756xLYXhv_eoCrOvG9XObQS02WBo-KTrjpvRvfxxdateuU6bRz3YRQ&mlSearchSessionGuid=20418775b4444e9692a0b9619df37ff6,1/27,2070000,37.0,6,23,,"1/27 Апартаменты-студия, 37 м², 6/23 этаж Дубровка 15 минут пешком Москва , ЮВАО , р-н Южнопортовый , м. Волгоградский проспект , Новоостаповская улица , 20 70 000 ₽/мес. От года, комм. платежи включены (без счётчиков), комиссия 50%, залог 70 000 ₽ Впервые,любовь с первого взгляда ! Важно!!! Оплата коммунальных услуг полностью оплачивается нанимателем,согласно квитанции,сверху арендной оплаты. Это та самая квартира в которой хочется жить! Она прекрасна! поторопитесь ! Всего в минуте ходьбы от метро,в новом стильном доме HighWay сдается обалденная ,комфортная,просторная студия 37 кв.м,для современных людей. Она просто куколка! Натяжные потолки,теплые полы,выполнен качественный свежий евро ремонт. Техника и мебель дорогая,красивая. Большой,вместительный шкаф ! Установлена шикарная кухня,установлены фильтры для чистки воды. Имеется посуда,встроенная посудомоечная машина! Все абсолютно новое! Уютная атмосфера создана для вашего комфортного проживания. Достойная студия. Собственники замечательные люди. Рассмотрим на длительный срок платежеспособных,аккуратных людей. Риелтор Инна Светлова Суперагент +7 986 304-21-... Написать вчера вчера, 23:31",,https://www.cian.ru/cat.php?deal_type=rent&district%5B0%5D=8&engine_version=2&offer_type=flat&room9=1&type=4&p=3,2026-04-20T19:22:43+00:00
1766,329166437,ЮВАО,https://www.cian.ru/rent/flat/329166437/?context=4.9eFRGuLm_o4.F4xBKGoQgRqAGzXgGBA0wyjLAZRCyc5IY8qy7eAsQ-bET7r3QO4OHHqQANeEJqF3tqe3yOmHdx-whw&mlSearchSessionGuid=d6016804c573063ab93e478e792a6ce1,1/40 Ещё фото,2072999,29.0,15,21,,"1/40 Ещё фото Апартаменты-студия, 29 м², 15/21 этаж Волгоградский проспект 3 минуты пешком Москва , ЮВАО , р-н Южнопортовый , м. Волгоградский проспект , Новоостаповская улица , 20 72 999 ₽/мес. На несколько месяцев, комм. платежи включены (без счётчиков), без комиссии, залог 72 999 ₽ Замечательная студия с дорогим и современным ремонтом. Продуманная до мелочей. Здесь удобно и жить и работать. Большая кухня со всей встроенной техникой: двухкамерный холодильник, посудомоечная машина, микроволновая печь. Вместительная кровать 160 на 200 с ортопедическим матрасом, телевизор с 55 диагональю. Трехзонное освещение позволит настроить комфортный свет в квартире. Теплые полы по всей площади, кондиционер. Удобная ванная комната полностью оборудованная. Отдельная рабочая зона со своим освещением. Адаптированное место для подключения робот-пылесоса. Спешите, это супер отличный и качественный вариант. Оперативные показы с понедельника по пятницу. Риелтор Ильдар Канафеев Суперагент Посмотреть все объекты +7 917 566-42-... Написать 10 часов назад сегодня, 12:21",,https://www.cian.ru/cat.php?deal_type=rent&district%5B0%5D=8&engine_version=2&offer_type=flat&room9=1&type=4&p=1,2026-04-20T19:22:43+00:00
1765,328009833,ЮВАО,https://www.cian.ru/rent/flat/328009833/?context=4.cfuiKBNMgpc.AR-tZVJxC_Nr8nz0lXPTEsTsEr0qr10hd8ndEczglc63UnJ7nYXB6zUh3tQEu6TdIe1kEa59nIDHLQ&mlSearchSessionGuid=d6016804c573063ab93e478e792a6ce1,1/42 Ещё фото,2074999,27.0,7,22,,"1/42 Ещё фото Видовая, можно с мини собакой/кот Апартаменты-студия, 27 м², 7/22 этаж Волгоградский проспект 3 минуты пешком Москва , ЮВАО , р-н Южнопортовый , м. Волгоградский проспект , Новоостаповская улица , 20 74 999 ₽/мес. На несколько месяцев, комм. платежи включены (без счётчиков), без комиссии, залог 74 999 ₽ Замечательная студия с дорогим и современным ремонтом. Продуманная до мелочей. Здесь удобно и жить и работать. Большая кухня со всей встроенной техникой: двухкамерный холодильник, посудомоечная машина, микроволновая печь. Вместительная кровать 160 на 200 с ортопедическим матрасом, телевизор с 55 диагональю. Трехзонное освещение позволит настроить комфортный свет в квартире. Теплые полы по всей площади, кондиционер. Удобная ванная комната полностью оборудованная. Отдельная рабочая зона со своим освещением. Адаптированное место для подключения робот-пылесоса. Спешите, это супер отличный и качественный вариант. Оперативные показы с понедельника по пятницу. Риелтор Ильдар Канафеев Суперагент Посмотреть все объекты +7 917 566-42-... Написать 10 часов назад сегодня, 12:04 Как опередить это объявление?",,https://www.cian.ru/cat.php?deal_type=rent&district%5B0%5D=8&engine_version=2&offer_type=flat&room9=1&type=4&p=1,2026-04-20T19:22:43+00:00
1822,328879254,ЮВАО,https://www.cian.ru/rent/flat/328879254/?context=4.fAoiPY0fBnM.Cuww5yYfNeI4hunYjM6DAgjlZ965J3t7rwEikZBRJyvfjSxHPVlobjODATHCxRtgY1Q5If4gzFs2Jw&mlSearchSessionGuid=20418775b4444e9692a0b9619df37ff6,1/14,2075000,27.5,2,23,,"1/14 Апартаменты-студия, 27,5 м², 2/23 этаж Только на Циан Волгоградский проспект 3 минуты пешком Москва , ЮВАО , р-н Южнопортовый , м. Волгоградский проспект , Новоостаповская улица , 20 75 000 ₽/мес. От года, комм. платежи включены (счётчики включены), без комиссии, залог 70 000 ₽ Сдается на длительный срок студия 27,5 м2 с дизайнерским ремонтом в современном ЖК ХайВэй. Расположение ЖК 1 мин пешком до м. Волгоградский пр-т, 5 мин до м. Дубровка, 10 мин до м.Угрешская, вся необходимая инфраструктура, рядом магазин Дикси и др, закрытая охраняемая территория, благоустроенный двор и подземный паркинг. Ремонт: новый дизайнерский, идеальное состояние. санузел совместный с душевой зоной. Техника в квартире вся стильная и новая: большой холодильник, стиральная машина, микроволновая печь, духовой шкаф, телевизор, кондиционер, стеклокерамическая варочная панель, вытяжка. Мебель: кухня, большой шкаф купе, кровать с ортопедическим матрасом 200*160. полка под телевизор, кухонный стол и стулья. Сдается для одного человека или семейной пары, без детей и без животных. Дополнительно оплачивается стоимость коммунальных услуг ( вода, электричество, отопление) и интернет. Посредников прошу не беспокоить. Собственник ID 90497284 +7 915 243-42-... Написать неделю назад 12 апр, 08:24",,https://www.cian.ru/cat.php?deal_type=rent&district%5B0%5D=8&engine_version=2&offer_type=flat&room9=1&type=4&p=3,2026-04-20T19:22:43+00:00
1831,329142713,ЮВАО,https://www.cian.ru/rent/flat/329142713/?context=4.C3HGsUbDcQk.zxqCj7LidqR9h3Y2dgJBy6iG5rzvnVuzBRCJLjWBhwsiuJShqkFKm_vv3Iy_WWBNMo7_FxRQaqy4Ag&mlSearchSessionGuid=20418775b4444e9692a0b9619df37ff6,1/16,2075000,27.0,16,23,,"1/16 Апартаменты-студия, 27 м², 16/23 этаж Волгоградский проспект 3 минуты пешком Москва , ЮВАО , р-н Южнопортовый , м. Волгоградский проспект , Новоостаповская улица , 20 75 000 ₽/мес. От года, комм. платежи включены (без счётчиков), комиссия 50%, залог 75 000 ₽ Сдается апартаменты-студия площадью 27 кв.м на 16-м этаже 23-этажного дома. В студии выполнен качественный дизайнерский ремонт. Все новое, еще никто не жил. Дополнительно оплачивается свет и вода по счетчикам, интернет. Сдается на длительный срок. Риелтор Виктория Крячкова Суперагент +7 915 243-91-... Написать вчера вчера, 16:07",,https://www.cian.ru/cat.php?deal_type=rent&district%5B0%5D=8&engine_version=2&offer_type=flat&room9=1&type=4&p=3,2026-04-20T19:22:43+00:00
1796,329124020,ЮВАО,https://www.cian.ru/rent/flat/329124020/?context=4.1RhsGBpplv8.uYe_y0th16aHIR_fW0NWowunNFVVNtD5Z5vd7p8QGtzQUrRltHWpxvhESeuhbv9dlpfuRhFy93T7bg&mlSearchSessionGuid=21064e85ed82d0b4a773f97d1c71f86e,1/11,2085000,30.0,18,24,,"1/11 Апартаменты-студия, 30 м², 18/24 этаж Волгоградский проспект 3 минуты пешком Москва , ЮВАО , р-н Южнопортовый , м. Волгоградский проспект , Новоостаповская улица , 20 85 000 ₽/мес. От года, комм. платежи включены (без счётчиков), комиссия 50%, залог 85 000 ₽ Эксклюзивное предложение, сдается впервые! Предлагаю студию в ЖК бизнес-класса HighWay. Минута пешком от метро Волгоградский проспект. В квартире выполнен качественный дизайнерский ремонт. Планировка с зонированием спальни, рабочая зона, полноценная кухня и совмещенный санузел. Вся мебель и техника от именитых производителей. Шумоизоляция на высшем уровне. Закрытый двор, охраняемая территория с видеонаблюдением. Подземный паркинг через домовой чат. Регистрацию предоставляем. При симпатии депозит разбивается. Звоните, оперативно проведём показ! Агентство недвижимости Не для галочки Суперагент +7 916 505-14-... Написать 45 минут назад сегодня, 21:35",,https://www.cian.ru/cat.php?deal_type=rent&district%5B0%5D=8&engine_version=2&offer_type=flat&room9=1&type=4&p=2,2026-04-20T19:22:43+00:00
1798,328873800,ЮВАО,https://www.cian.ru/rent/flat/328873800/?context=4.7ocNPfPqYP0.tNOwhEYNi0j94BX-BQ8MihPtS6ZVWpQCPFgVFdF1LZ1P_sh8JnJonSfLpfzi-AyeFvtszzAsO4d7AA&mlSearchSessionGuid=21064e85ed82d0b4a773f97d1c71f86e,1/20,2085000,30.0,20,23,,"1/20 Апартаменты-студия, 30 м², 20/23 этаж Волгоградский проспект 3 минуты пешком Москва , ЮВАО , р-н Южнопортовый , м. Волгоградский проспект , Новоостаповская улица , 20 85 000 ₽/мес. От года, комм. платежи включены (без счётчиков), без комиссии, залог 85 000 ₽ 3 минуты до метро! Предлагаем в аренду стильные апартаменты-студию . 20-м этаже современного дома. Высота потолков - 2.8 метра, из окон открывается перспектива на Москву.До метро всего 3 минуты пешком, что делает это предложение особенно привлекательным для тех, кто ценит удобное расположение. В квартире выполнен дизайнерский ремонт, все продумано до мелочей,мебель в комнате и на кухне. Оснащена всей необходимой техникой: кондиционер, холодильник, посудомоечная машина, телевизор и стиральная машина. В ванной комнате установлена душевая кабина. Во всей квартире ТЕПЛЫЙ ПОЛ.На время отключения горячей воды есть мощный водонагреватель. Дом оборудован подземной парковкой Вокруг развитая инфраструктура: по близости расположены школы, детские сады, клиники и магазины, поэтому все необходимое будет у вас под рукой. в 15 минутах исторический центр: Крутицкое подворье,Симоновский и Новоспасский монастыри. Договор заключается на удобных условиях. Приглашаем вас на просмотр, чтобы лично оценить все достоинства этих апартаментов. Ждем вашего звонка! Агентство недвижимости PREMIUM CITY Суперагент +7 986 304-29-... Написать 8 часов назад сегодня, 13:42",,https://www.cian.ru/cat.php?deal_type=rent&district%5B0%5D=8&engine_version=2&offer_type=flat&room9=1&type=4&p=2,2026-04-20T19:22:43+00:00
1825,328343074,ЮВАО,https://www.cian.ru/rent/flat/328343074/?context=4.h5rBZc7i87M.BAH7SqMNA27dvPF3hn-uITEwu1FbX2GUCkhqa7xkqpkLN3n9e_E8SAcuvmjfuxUvaTlhQsFWTdS2UQ&mlSearchSessionGuid=20418775b4444e9692a0b9619df37ff6,1/47,2088000,31.0,16,22,,"1/47 Апартаменты-студия, 31 м², 16/22 этаж Волгоградский проспект 3 минуты пешком Москва , ЮВАО , р-н Южнопортовый , м. Волгоградский проспект , Новоостаповская улица , 20 88 000 ₽/мес. От года, комм. платежи включены (без счётчиков), комиссия 50%, залог 88 000 ₽ Впервые сдается светлая, абсолютно тихая студия с продуманным зонированием, в шаговой доступности от метро (160 шагов от выхода из метро до двери квартиры )и в 5 минутах транспортом до центра Москвы. Дизайн проект выполнен студией дизайна НОВА ДОМ, для тех, кто ценит комфорт, стиль и локацию. Панорамные окна, французский балкон и стильный дизайнерский ремонт создают атмосферу уюта и свободы.В студии продумано разделение на зоны. Есть отдельное место для сна, уютная зона отдыха и, что важно, удобное рабочее место для тех, кто работает из дома.Тишина: Сделана качественная полная профессиональная шумоизоляция — внутри вас никто не побеспокоит. Комфортная кухня с посудомоечной машиной, встроенным тихим холодильником FULL No Frost, индукционной плитой и всей необходимой техникой. Смарт-ТВ, кондиционер. Ванная с душевой кабиной, стиральная и сушильная машины (отдельно!), теплый пол, установлены датчики протечки. Сделан мастер выключатель (на отключение при выходе из квартиры всего электричества кроме холодильника и вай фая) , система нептун от протечек воды подключена через вай фай ( есть возможность удаленно контролировать ), видио домофон с возможностью открывания от подъезда и входа в жк , диван раскладывающийся . Закрытая охраняемая территория, консьерж 24/7, видеонаблюдение, подземный паркинг въезд по заявке в приложении .В доме уже работают магазины, Озон и Wildberries. Скоро откроется фитнес-центр с бассейном. Идеально для одного человека или пары, которые ценят порядок, тишину и комфорт. Агентство недвижимости СВМ-Групп Суперагент +7 994 508-11-... Написать вчера вчера, 07:35",,https://www.cian.ru/cat.php?deal_type=rent&district%5B0%5D=8&engine_version=2&offer_type=flat&room9=1&type=4&p=3,2026-04-20T19:22:43+00:00
1837,295985967,ЮВАО,https://www.cian.ru/rent/flat/295985967/?context=4.v0idt6k1lyE.8zq4dGHi4Cw-gwnAyulkRg_DxiIlDauBwVW1y4NuZbXZ8bc1qmljbkHRoAKw5ZS4I8_QB8g9SymtVQ&mlSearchSessionGuid=20418775b4444e9692a0b9619df37ff6,1/17,2548000,13.7,4,4,,"1/17 Апартаменты-студия, 13,7 м², 4/4 этаж Только на Циан Авиамоторная 17 минут пешком Москва , ЮВАО , р-н Нижегородский , м. Авиамоторная , Подъемная улица , 14С25 48 000 ₽/мес. От года, комм. платежи включены (без счётчиков), комиссия 50%, залог 48 000 ₽ Сдается двухуровневая студия после косметического ремонта и клиннинга. Готова к заезду от 11 месяцев. Счетчики включены в стоимость аренды, которая указана в объявлении! В 12 минутах на транспорте от метро площадь Ильича, в 18ти минутах пешком до авиамоторной, в 10 минутах на транспорте мцд катилники. В студии есть все необходимое для проживания: кровать, холодильник, электрическая плита, духовая печь, микроволновая печка, стиральная машина, посудомоечная машина, кондиционер, телевизор, интернет, душевая кабина с санузлом, отопление. В 5 минутах от дома большое количество продуктовых магазинов, в 8 минутах от дома большой трц Город. Все документы в порядке. Без животных. ----- Примечание: у собственника могут быть дополнительные пожелания к жильцам - обсудите их в чате или по телефону Риелтор Максим Афонин Суперагент +7 916 910-49-... Написать пять дней назад 15 апр, 19:20",,https://www.cian.ru/cat.php?deal_type=rent&district%5B0%5D=8&engine_version=2&offer_type=flat&room9=1&type=4&p=3,2026-04-20T19:22:43+00:00
1770,328298801,ЮВАО,https://www.cian.ru/rent/flat/328298801/?context=4.3BhsyHuVQro.gZVQcHJNDZR37iR7ROMxH90CR_PEg8HYl6AgZeXGcMjNZXTuZtyozKps3UDZxEesdGz-Rezannx0vA&mlSearchSessionGuid=d6016804c573063ab93e478e792a6ce1,1/7,2835000,25.0,12,17,,"1/7 Студия, 25 м², 12/17 этаж Только на Циан Некрасовка 10 минут пешком Москва , ЮВАО , р-н Некрасовка , м. Некрасовка , улица Недорубова , 28 35 000 ₽/мес. От года, комм. платежи включены (счётчики включены), комиссия 60%, залог 35 000 ₽ Сдается на длительный период . Качественный рeмoнт, вся мебель и бытовая техника, нeoбходимая для кoмфopтного пpoживaния. Пoлнoстью меблиpoвана мебелью: шкаф,комод, кровать двухспальная , куxонный гарнитур, диван-кресло, барная стойка , высокие стулья . Квартира укомплектована всей бытовой техникой: электрическая плита , холодильник, стиральная машина, микроволновка. Сан узел раздельный, ванна, стиральная машина автомат раздельный в пользовании 3 комнат. Рядом с метро торговые центры, фитнес центр, продуктовые магазины в доме и рядом с домом. Шаговая доступность 7 минут до станции метро Некрасовка. Сдается на длительный период . Рассмотрят платежеспособных жильцов, приоритет для девушки, женщины. Оплата 35000 рублей все платежи включены в стоимость. Депозит 35000 рублей можно разделить на 2 платежа. Комиссия . ID 307387 Документы проверены +7 923 074-33-... Написать неделю назад 7 апр, 13:27",,https://www.cian.ru/cat.php?deal_type=rent&district%5B0%5D=8&engine_version=2&offer_type=flat&room9=1&type=4&p=1,2026-04-20T19:22:43+00:00
1776,327246474,ЮВАО,https://www.cian.ru/rent/flat/327246474/?context=4.8IO1ziK1r58.k8cS6N9PJM9I7jLyYgnwglFbUpRq2v4C6p-9wpsbkTEyt1W8q-euw8Pg7m3Kw6nxQ9sSHfp0dm_scQ&mlSearchSessionGuid=d6016804c573063ab93e478e792a6ce1,1/11,3739000,16.0,5,10,,"1/11 Студия, 16 м², 5/10 этаж Авиамоторная 19 минут пешком Москва , ЮВАО , р-н Нижегородский , м. Авиамоторная , Подъемная улица , 14С37 39 000 ₽/мес. От года, комм. платежи включены (без счётчиков), комиссия 60%, залог 48 000 ₽ Код объекта: 2056548. Семь причин снять эту студию: 1) Вы снимаете не просто метры, а получаете доступ к целой экосистеме. Больше не нужно тратить время и деньги на фитнес-клуб и коворкинг. На первых этажах ЖК к вашим услугам спортзал, бильярд, аэрохоккей, кафе и коворкинг, где можно расслабиться и пообщаться после рабочего дня. Вы освобождаете время на логистику и можете инвестировать его в себя.2) Удивительная локация: три старообрядческих монастыря, прогулки по территории которых — это ментальная перезагрузка. 1 минута пешком от подъезда —и вы получаете атмосферу, за которой люди уезжают за город.3) Студия оборудована всем необходимым, включая кондиционер и посудомоечную машину. Отдельно отмечу большой крепкий диван.4) Комфортно не только вам, но и вашему транспорту. На первом этаже —помещение для хранения велосипедов, самокатов Собственная автомобильная парковка под шлагбаумом. Охрана 24/7.5) Объект куплен как инвестиция для сдачи в аренду на долгий срок. Можете быть уверены — никаких неожиданных выселений.6) Живописные локации рядом сочетаются с доступом к ресурсам большого города. 2 минуты пешком до ТЦ ""Город"". Бутики, рестораны, пункты выдачи заказов, все к вашим услугам.7) Экологичное окружение. Архетип жителя ЖК — это молодые амбициозные люди, работающие в IT-сфере. Драйвовая атмосфера людей, уважающих личные границы и нацеленных на успех. залог можем разбить на 3 месяца. Агентство недвижимости Владис Документы проверены +7 915 207-99-... Написать вчера вчера, 12:10",,https://www.cian.ru/cat.php?deal_type=rent&district%5B0%5D=8&engine_version=2&offer_type=flat&room9=1&type=4&p=1,2026-04-20T19:22:43+00:00
1792,327885696,ЮВАО,https://www.cian.ru/rent/flat/327885696/?context=4.uSDp8zNGUmA.POAIe7JwoHKcaV9AseBljj6GElw3ahH1C82yckTba_pAC0VKtHjwSUEDRMUPthNpltEDusR0VE1bWg&mlSearchSessionGuid=d6016804c573063ab93e478e792a6ce1,3/16,6145000,50.0,16,24,,"3/16 Новая , 5 мин Метро , Маш/место Студия, 50 м², 16/24 этаж Только на Циан Серп и Молот 13 минут пешком Москва , ЮВАО , р-н Лефортово , м. Серп и Молот , улица Крузенштерна , 6 145 000 ₽/мес. От года, комм. платежи включены (без счётчиков), без комиссии, залог 145 000 ₽ Сдаётся новая квартира в ЖК бизнес класса ""Символ "",ул.Крузенштерна.Квартира реальная,показ оперативно,я собственник. Презентабельная входная группа, консьерж.Ещё есть калитки во дворе.В лобби оборудованы комнаты для отдыха,гостевые санузлы. Есть 3 скоростных лифта. Квартира расположена в квартале ""Искренность"",который имеет собственный парк с прогулочной зоной и фонтаном.Дом и его территория закрыты от посторонних и обеспечены круглосуточно охраной.Квартира оборудована всей необходимой мебелью и бытовой техникой, есть кондиционер. Дизайнерский ремонт. В отделке использованы только качественные материалы Стены отделаны венецианской штукатуркой. На кухне встроенный гарнитур под потолок,с варочной панелью,микроволновкой,духовкой,посудомойкой и холодильником.В спальной зоне двух спальная кровать.В гостиной диван для отдыха,два больших шкафа для одежды, большой шкаф-стенка для белья,интернет. Санузел оборудован красивой угловой ванной,а также стиральной машиной. Район с развитой инфраструктурой.В 5-10 мин всевозможные развлекательные кластеры, ТРЦ Город, МТС Live Xолл, рядом Арт-парк ""Символ"",супермаркеты, школы,поликлиники, фитнес центры. Хорошо развита транспортная сеть.В пешей доступности станции Метро Римская и Площадь Ильича, 5-10 мин.Недалеко ТТК, Шоссе Энтузиастов, до Садового кольца 2 км.Рассмотрим жильцов без детей и домашних животных.Для одного или семейной пары. Могу предложить дополнительно машино место в подземном паркинге в этом же доме,с прямым лифтом до квартиры. Для Агентов: Буду рад видеть всех со своими клиентами, другого не предлагать. Собственник ID 48345595 +7 986 414-19-... Написать 5 часов назад сегодня, 17:10",,https://www.cian.ru/cat.php?deal_type=rent&district%5B0%5D=8&engine_version=2&offer_type=flat&room9=1&type=4&p=1,2026-04-20T19:22:43+00:00
1829,327887979,ЮВАО,https://www.cian.ru/rent/flat/327887979/?context=4.Z4-yQrOslF0.EBH0FwtohhJuDpr8GT9CxJiRuHnFF8suweOWgCOyQT4CkihTo6Prpe6joIGclhEw2D-8pWi1pY5O5w&mlSearchSessionGuid=20418775b4444e9692a0b9619df37ff6,1/14,20115000,27.0,14,25,,"1/14 Апартаменты-студия, 27 м², 14/25 этаж Волгоградский проспект 3 минуты пешком Москва , ЮВАО , р-н Южнопортовый , м. Волгоградский проспект , Новоостаповская улица , 20 115 000 ₽/мес. От года, комм. платежи включены (без счётчиков), без комиссии, залог 115 000 ₽ ЖК HighWay Премиальная студия-кинозал : абсолютная тишина, умный дом и экран 110 Сдается дизайнерская студия 27 м² на 14-м этаже в ЖК бизнес-класса HighWay. Всего 2 минуты пешком до метро и 8 минут езды до Китай-города. В квартире решена главная проблема комплекса— сделана профессиональная круговая шумоизоляция (пол, потолок, стены) и заменены окна от застройщика на шумопоглощающие окна Schco. Вы не услышите ни соседей, ни шумного проспекта. Главные преимущества: • Сон уровня 5-звездочного отеля: кровать 160 см с легендарным американским матрасом Serta, премиальное постельное белье , текстиль Frette и 100% пуховое одеяло. Проходные включатели дополняют удобства. • Настоящий домашний кинозал: вместо обычного ТВ установлен проектор с экраном 110 (диагональ 2,8 м) и объемным звуком Dolby. Настроены все онлайн-сервисы. Просто включай и смотри ТВ или свой любимый онлайн кинотеатр. Диван трансформируется в полноценный чилаут-остров. • Дизайн в стиле ваби-саби: натуральные материалы (дерево, камень, травертин, ротанг), мягкий свет и картина Пробуждение света Che масло. • Идеальный порядок: продуманы скрытые системы хранения. Стирально-сушильная машина, холодильник (No frost -авторазморозка), бойлер, 3 х ступенчатая система очистки воды, пылесос и бытовой инвентарь спрятаны за фасадами. Умные шкафы с нажимными ящиками, в том числе в цоколе-используется каждый сантиметр. • Умный дом с Алисой: управление шторами, кондиционером, посудомоечной и стирально-сушильной машинами по сценариям. • Удаленная работа: полноценный рабочий стол из массива, удобное кресло и скрытая организация проводов. Инфраструктура комплекса: Закрытая территория, охрана, консьерж-сервис, подземный паркинг. Удобный и быстрый выезд на ТТК и в центр. Условия аренды: • Стоимость: 115 000 ₽ в месяц. • Залог: 115 000 ₽. • Дополнительно: оплата по счетчикам (свет, вода). Возможна регулярная профессиональная уборка по договоренности. Аренда паркинга. Сдается для одного человека или пары которые ценят тишину, порядок, эстетику и уровень комфорта выше стандартной аренды. Агентство недвижимости Квадраты Москвы Суперагент +7 984 331-30-... Написать два дня назад 18 апр, 15:15",,https://www.cian.ru/cat.php?deal_type=rent&district%5B0%5D=8&engine_version=2&offer_type=flat&room9=1&type=4&p=3,2026-04-20T19:22:43+00:00
