id,listing_id,district,url,title,price_rub,area_m2,floor,total_floors,metro,address,description_snippet,source_page,scraped_at
1420,327015464,ЮВАО,https://www.cian.ru/rent/flat/327015464/?context=3.eTwzGcqohiA.-jklwhjtn7fqX3e0Xjz98o0jeSV2yx2T2F-JKx0yvCMwRKhfM1qT8q49zwZZkLfvYR3QIzBPQi4BRQ&mlSearchSessionGuid=ef44f9bbb2c8726b9f76e7d40cfbf2b2,1/11,55000,25.0,1,8,,"1/11 Студия, 25 м², 1/8 этаж Нижегородская 7 минут пешком Москва , ЮВАО , р-н Нижегородский , м. Нижегородская , Рязанский проспект , 2/1к2В 55 000 ₽/мес. От года, комм. платежи включены (без счётчиков), комиссия 40%, залог 55 000 ₽ Предлагается в аренду на длительный срок современная и уютная студия в ""шаге"" от станции ""Нижегородская"" - большого транспортно-пересадочного узла, который включает в себя БКЛ, МЦК и МЦД-4!!! Студия расположена на высоком первом этаже. Укомплектована необходимой НОВОЙ мебелью и бытовой техникой для комфортного проживания. Окно выходит в закрытый уютный дворик. Ищем порядочных и чистоплотных жильцов, строго без животных. Отдельно оплачиваются коммунальные услуги по счетчикам (электричество, водоснабжение) и интернет. Залог в размере 55 000 руб. возможно разбить на два месяца (два платежа). Жилой комплекс Sreda идеальный выбор для жизни. Закрытая охраняемая территория, подземный паркинг, благоустроенный зеленый двор. Расположен рядом с метро и центром Москвы. Транспортная доступность: в 5 минутах езды на автомобиле проходит ТТК, за 10 минут можно доехать до Садового кольца. Звоните! Приходите на просмотр! Выбирайте наш вариант! Риелтор Ольга Шарыкина Суперагент +7 915 068-87-... Написать 3 недели назад 24 мар, 12:38",,https://www.cian.ru/cat.php?deal_type=rent&district%5B0%5D=8&engine_version=2&offer_type=flat&room9=1&type=4&p=3,2026-04-15T09:52:23+00:00
1350,283229441,ЮВАО,https://www.cian.ru/rent/flat/283229441/?context=3.libltrLDUuA.-SC2ZrXvHfZZdG2qfo-sOGG76z9xhJYkh_SUz_Xwx03RFZ3KxVMY7Nwck9onqokHhPPZR32N2GuPEQ&mlSearchSessionGuid=815eb25aebeda6cd777d0efa0f9fe608,1/5,133000,16.0,1,17,,"1/5 Студия, 16 м², 1/17 этаж Люблино 4 минуты на транспорте Москва , ЮВАО , р-н Марьино , м. Люблино , улица Верхние Поля , 42К1 33 000 ₽/мес. От года, комм. платежи включены (счётчики включены), без комиссии, залог 16 500 ₽ В действующем отели, на длительный срок, сдается студия гостиничного типа, без кухни ! В стоимость все включено, страховой депозит - 50%. Рассматривают 1-2 чел., РФ. В комнате минимум мебели - кровать, стол+ 2 стула, телевизор. Кондиционер. Санузел совмещенный, душ-кабина. Подробности по телефону. Агентство недвижимости Лунный Свет +7 923 078-87-... Написать вчера вчера, 12:32",,https://www.cian.ru/cat.php?deal_type=rent&district%5B0%5D=8&engine_version=2&offer_type=flat&room9=1&type=4&p=1,2026-04-15T09:52:23+00:00
1371,300381793,ЮВАО,https://www.cian.ru/rent/flat/300381793/?context=3.DI0_KKPwudI.nZ9vcbPlEYJEJSOONOFcxkWOCNh-mdjBZwIPhFNMxIqgX8U7KTbizSMllQl5bHGUH44FH2_E3mpeiQ&mlSearchSessionGuid=815eb25aebeda6cd777d0efa0f9fe608,1/6,135000,16.0,1,12,,"1/6 Студия, 16 м², 1/12 этаж Только на Циан Люблино 13 минут пешком Москва , ЮВАО , р-н Люблино , м. Люблино , Тихорецкий бульвар , 4К1 35 000 ₽/мес. От года, комм. платежи включены (без счётчиков), комиссия 100%, залог 35 000 ₽ Залог делится на два месяца. Вашему вниманию предлагается уютная студия. Высокий первый этаж. В студии есть абсолютно все для комфортного проживания: Кухонный гарнитур, холодильник, стиральная машина, стол, 2 стула. Рядом с домом магазины, детские сады, школы. Спокойные соседи, Собственник адекватный. Сдается на длительный срок. Заехать можно сразу Звоните. Показ по договоренности. Риелтор ID 105044327 Документы проверены +7 989 146-61-... Написать четыре дня назад 11 апр, 11:26",,https://www.cian.ru/cat.php?deal_type=rent&district%5B0%5D=8&engine_version=2&offer_type=flat&room9=1&type=4&p=1,2026-04-15T09:52:23+00:00
1389,326294321,ЮВАО,https://www.cian.ru/rent/flat/326294321/?context=3.jv2XiinuF28.MBMTusIEeQgCPB-H13ckwyq7h-ebMBFsXttFBsoxJXOQOgfJyopLvvpdrSwNrLQfuP0nH8pO3yV71w&mlSearchSessionGuid=081a908f5890e7c1b892bc2999c13152,1/15,135000,11.6,2,10,,"1/15 Студия, 11,6 м², 2/10 этаж Только на Циан Юго-Восточная 8 минут пешком Москва , ЮВАО , р-н Выхино-Жулебино , м. Юго-Восточная , Ташкентская улица , 25К1 35 000 ₽/мес. От года, комм. платежи включены (без счётчиков), комиссия 70%, залог 35 000 ₽ Сдается уютная студия площадью 11.6 кв. м. на длительный срок. До метро Юго-Восточная всего 8 минут пешком. В квартире есть все необходимое для комфортного проживания: косметический ремонт, необходимая мебель, холодильник, стиральная машина, микроволновая плита, электрическая поверхность, электрический чайник. Планировка включает совмещенный санузел с душевой кабиной. В вашем распоряжении также интернет, поэтому можно смело работать или учиться онлайн. Лоджия добавляет дополнительное пространство для хранения или отдыха. Дом находится в районе с развитой инфраструктурой. В шаговой доступности расположены школы, детские сады и клиники, поэтому все важные учреждения будут у вас под рукой. Для любителей шопинга и повседневных покупок поблизости есть магазины. Риелтор ID 116658281 +7 985 254-20-... Написать неделю назад 5 апр, 21:12",,https://www.cian.ru/cat.php?deal_type=rent&district%5B0%5D=8&engine_version=2&offer_type=flat&room9=1&type=4&p=2,2026-04-15T09:52:23+00:00
1410,325236844,ЮВАО,https://www.cian.ru/rent/flat/325236844/?context=3.193txnEdWrQ.atJisOCD3r8su7tdVTBcP104vmlkNRBJYW8s4KwP3POT7mqQBC7AufQbMTvq2AN5dROiHWPIfPNrmg&mlSearchSessionGuid=ef44f9bbb2c8726b9f76e7d40cfbf2b2,1/14,145000,15.5,4,5,,"1/14 Апартаменты-студия, 15,5 м², 4/5 этаж Только на Циан Кузьминки 9 минут пешком Москва , ЮВАО , р-н Кузьминки , м. Кузьминки , Жигулевская улица , 4К1 45 000 ₽/мес. От года, комм. платежи включены (без счётчиков), комиссия 50%, залог 45 000 ₽ В хорошем, зеленом районе рядом с метро предлагается в аренду студия. Квартира после продуманного ремонта, полностью оборудована бытовой техникой и всей необходимой мебелью. Кухонный гарнитур, варочная панель, небольшой холодильник, СВЧ. В комнате находится новый двухспальный диван, раскладной стол, шкафы для хранения вещей и одежды. Санузел совмещенный, оборудован новой сантехникой, душем, стиральной машиной-автомат. Окна во двор. Развитая инфраструктура: сетевые продуктовые магазины, много торговых центров, фитнес, парк, драм театр, много учебных заведений, хорошая транспортная доступность. Сдается НА ДЛИТЕЛЬНЫЙ СРОК. Есть ещё несколько вариантов. Оперативный показ! Риелтор Роман Дружинин Суперагент +7 916 009-52-... Написать два дня назад 13 апр, 08:37",,https://www.cian.ru/cat.php?deal_type=rent&district%5B0%5D=8&engine_version=2&offer_type=flat&room9=1&type=4&p=3,2026-04-15T09:52:23+00:00
1367,328869295,ЮВАО,https://www.cian.ru/rent/flat/328869295/?context=3.7FfSKoRWalE.iX8YKmKrMD6iG1yBW87OfEuJSjU74fcKGg5hBGu6Fm84LWQzFXbrAn3SZ9f9cKi3x3DGOOzhgdjjPQ&mlSearchSessionGuid=815eb25aebeda6cd777d0efa0f9fe608,1/10,160000,21.1,1,5,,"1/10 Апартаменты-студия, 21,1 м², 1/5 этаж Только на Циан Лефортово 10 минут пешком Москва , ЮВАО , р-н Лефортово , м. Лефортово , Ухтомская улица , 16К1 60 000 ₽/мес. От года, комм. платежи включены (без счётчиков), без комиссии, залог 60 000 ₽ Предлагаем уютные апартаменты по адресу: ул. Ухтомская, 16, к.1 21,1 м² Почему это идеальный вариант: Дизайнерский ремонт: Свежий, стильный интерьер — здесь приятно находиться. Полная комплектация: Заезжайте с одним чемоданом! Есть вся необходимая техника: стиральная машина, холодильник, СВЧ-печь, варочная панель. Готовность: Квартира полностью меблирована и готова к заселению прямо сейчас. Локация: Отличная транспортная доступность позволит вам легко добираться до любой точки города. Условия аренды: Цена: 60 000 руб./мес. + коммунальные платежи. Агентство недвижимости ONE OSNOVA Документы проверены +7 986 274-23-... Написать час назад сегодня, 11:11",,https://www.cian.ru/cat.php?deal_type=rent&district%5B0%5D=8&engine_version=2&offer_type=flat&room9=1&type=4&p=1,2026-04-15T09:52:23+00:00
1394,328869349,ЮВАО,https://www.cian.ru/rent/flat/328869349/?context=3.0Y32pV58qLs.Fcx3bHOgnzr_pZMFzv9g2qm2dBOfGyIrtyamDanFm9bFYCYUp_MHGzlqw6YL9Z2HZ9YDP-gE7OyWmA&mlSearchSessionGuid=081a908f5890e7c1b892bc2999c13152,1/13,160000,20.9,1,5,,"1/13 Апартаменты-студия, 20,9 м², 1/5 этаж Только на Циан Лефортово 10 минут пешком Москва , ЮВАО , р-н Лефортово , м. Лефортово , Ухтомская улица , 16К1 60 000 ₽/мес. От года, комм. платежи включены (без счётчиков), без комиссии, залог 60 000 ₽ Стильная студия 20,9 м² с новым ремонтом — заезжай и живи! Предлагаем уютные апартаменты по адресу: ул. Ухтомская, 16, к.1 Почему это идеальный вариант: Дизайнерский ремонт: Свежий, стильный интерьер — здесь приятно находиться. Полная комплектация: Заезжайте с одним чемоданом! Есть вся необходимая техника: стиральная машина, холодильник, СВЧ-печь, варочная панель. Готовность: Квартира полностью меблирована и готова к заселению прямо сейчас. Локация: Отличная транспортная доступность позволит вам легко добираться до любой точки города. Условия аренды: Цена: 60 000 руб./мес. + коммунальные платежи Агентство недвижимости ONE OSNOVA Документы проверены +7 986 274-23-... Написать вчера вчера, 11:06",,https://www.cian.ru/cat.php?deal_type=rent&district%5B0%5D=8&engine_version=2&offer_type=flat&room9=1&type=4&p=2,2026-04-15T09:52:23+00:00
1387,328567594,ЮВАО,https://www.cian.ru/rent/flat/328567594/?context=3.8yq4OTy6nko.-_X8TVEZkPPl4W6gyuGRbo8ieyjcFHBNRd82ydZZe6_Kcm7kEZYJ0v0OBNwhJzjS0HeeB2pVf06iuQ&mlSearchSessionGuid=081a908f5890e7c1b892bc2999c13152,1/22,167000,20.7,27,27,,"1/22 Студия, 20,7 м², 27/27 этаж Авиамоторная 11 минут пешком Москва , ЮВАО , р-н Лефортово , м. Авиамоторная , улица Крузенштерна , 10к1 67 000 ₽/мес. От года, комм. платежи включены (без счётчиков), комиссия 50%, без залога Дoлгоcрочная аренда (договoр нa 11 меcяцeв). Прeдcтaвляeм вaшeму внимaнию пpocторную, уютную студию плoщадью 20,7 кв.м. рacпoложeнную в ЖК Символ. Бытовая техника: кондиционер, телевизор, посудомоечная машина, хoлoдильник, варочная панель, микроволновая печь, cтиpальная машинa, элeктричecкий чайник. Есть все необходимое для комфортного и долгосрочного проживания, в т.ч. посуда. Удобства квартиры: - Встроенная посудомоечная машина; - Вместительные системы хранения; - Уютная просторная комната с красивым видом из окна; - Светлая, уютная ванная комната с современной сантехникой. Дом находится в районе с развитой инфраструктурой: в шаговой доступности остановки общественного транспорта, в 10 минутах пешком находится станция метро ""Авиамоторная"", в 15-20 минутах - станция ""Лефортово"". Рядом с домом расположены: продуктовые супермаркеты, пункты выдачи, аптеки и медицинские учреждения, кафе, рестораны. Преимущество ЖК Символ - безопасные дворы без машин с охраняемой территорией. Во дворе обустроены отдельные детские и спортивные площадки, а также экозоны для прогулок и отдыха. Условия проживания по Тарифу Комфортное проживание: - 50% от арендного платежа при заселении; - Раннее бронирование объекта (за 3 дня до заселения); - Персональный менеджер на всех этапах аренды быстро реагирует на запросы - большинство бытовых вопросов решаем за 48 часов; - Страхование гражданской ответственности до 0,3 млн ₽; - Организация мелкого ремонта. Коммунальные платежи: электроэнергия, хвс\гвс, услуги интернет провайдера, расходы за отопление дома/квартиры оплачивает арендатор. Заселение только при наличии постоянной регистрации РФ. Без животных Агентство недвижимости СМАРЕНТ Документы проверены +7 985 853-93-... Написать неделю назад 7 апр, 10:16",,https://www.cian.ru/cat.php?deal_type=rent&district%5B0%5D=8&engine_version=2&offer_type=flat&room9=1&type=4&p=2,2026-04-15T09:52:23+00:00
1360,321344783,ЮВАО,https://www.cian.ru/rent/flat/321344783/?context=3.bPwh74yADhA.I5wAKGqhqvJHFa2fLbMHU3mi6Nx-zeCAQmWZWX8CkU1E1Qbw2PcS4hvcpzUfJa7o4EQKeMmRxj7czw&mlSearchSessionGuid=815eb25aebeda6cd777d0efa0f9fe608,1/22,190000,32.0,5,14,,"1/22 Студия, 32 м², 5/14 этаж Только на Циан Римская 10 минут пешком Москва , ЮВАО , р-н Лефортово , м. Серп и Молот , проезд Шелихова , 1к1 90 000 ₽/мес. От года, комм. платежи включены (без счётчиков), без комиссии, залог 90 000 ₽ Квартира в ЖК Символ, доме бизнес класса. Сдаётся впервые и на длительный срок. Оборудована всем необходимым: телевизор, интернет, на кухне встроенная техника (духовой шкаф, посудомоечная машина, холодильник, морозильная камера). Грамотно продуманная система хранения. Кондиционер, подогрев пола, видео домофон. Грамотно продуманная входная группа в подъезде с зоной коворкинга. Риелтор Ольга Цегельная Суперагент +7 916 043-84-... Написать час назад сегодня, 11:40",,https://www.cian.ru/cat.php?deal_type=rent&district%5B0%5D=8&engine_version=2&offer_type=flat&room9=1&type=4&p=1,2026-04-15T09:52:23+00:00
1364,328221715,ЮВАО,https://www.cian.ru/rent/flat/328221715/?context=3.IAXZ5IQgRX8.6lTQJWXk2Xzvu2w02JL9d01ZniE__v7u9xyUUPiUsFTrNunJVf4FWb7go3BwrLwtk3U-o3b8a6uzvQ&mlSearchSessionGuid=815eb25aebeda6cd777d0efa0f9fe608,1/49,199000,32.0,1,14,,"1/49 Новая дизайнерская квартира Студия, 32 м², 1/14 этаж Римская 10 минут пешком Москва , ЮВАО , р-н Лефортово , м. Серп и Молот , проезд Шелихова , 1к1 99 000 ₽/мес. От года, комм. платежи включены (без счётчиков), без комиссии, залог 99 000 ₽ Предлагаем квартиру в ЖК бизнес-класса ""Символ"" с охраняемой территорий, видеонаблюдением и консьерж-сервисом. Свежий дизайнерский ремонт. Все новое, никто не проживал! Квартира представляет собой идеальный вариант для тех, кто ценит комфорт, современный дизайн и удобное расположение. До метро 7 минут пешком. до центра города 4,5 км ЖК ""Символ"" славится своей развитой инфраструктурой, включающей в себя все необходимое для комфортной жизни: магазины, кафе, фитнес-центры, детские площадки и зоны отдыха. Транспортная доступность комплекса также на высоте, что обеспечивает легкий доступ к любой точке города. Огромная территория-парк Зеленая река между всеми корпусами открыт для прогулок и отдыха жителей всех возрастов. В домах жителям доступны различные общественные пространства: детские и подростковые игровые, коворкинги, фитнес-румы, репетиторские, лаунжи. На крышах некоторых корпусов расположены креативные пространства Условия оплаты: аренда + счетчики (вода, электричество) Прямая сдача. Без комиссии. Риэлторы и агенты, просьба не беспокоить. Сдается платежеспособным и аккуратным арендаторам. Залог обязателен. Подробности и запись на просмотр по телефону. Риелтор Наталия Долгих Документы проверены +7 985 065-28-... Написать час назад сегодня, 11:27",,https://www.cian.ru/cat.php?deal_type=rent&district%5B0%5D=8&engine_version=2&offer_type=flat&room9=1&type=4&p=1,2026-04-15T09:52:23+00:00
1347,328807224,ЮВАО,https://www.cian.ru/rent/flat/328807224/?context=3.fHe81MIyf7Y.goC9jv7-uaow8b2jrG2wZ7Du2bIRqCqNsjGsLu7bl3hL1TZcrvE79akMAAfp05TLp-hQg7cORblL7g&mlSearchSessionGuid=815eb25aebeda6cd777d0efa0f9fe608,1/6,235000,18.0,2,5,,"1/6 Апартаменты-студия, 18 м², 2/5 этаж Только на Циан Текстильщики 12 минут пешком Москва , ЮВАО , р-н Текстильщики , м. Текстильщики , улица Артюхиной , 6К2 35 000 ₽/мес. От года, комм. платежи включены (без счётчиков), комиссия 10%, залог 17 500 ₽ Внимание!! акция - кто проживёт 11 месяцев 12-й в подарок !!! Сдaется уютная студия с cовременным pемoнтом нa длитeльный cpoк. Метро текстильщики 9 минут!Кoммунaльныe уcлуги oплaчивaются арeндaтoром по cчетчикaм. B дoме paбoтаeт конcьеpж, чтo oбеcпечивaет допoлнительный кoмфopт и бeзопaснocть. Вo двoрe зaкрытая территoрия c парковкoй за шлaгбаумoм. Просторная кухня оборудована необходимой техникой, включая холодильник и стиральную машину. В комнате установлены шкафы для хранения вещей. Санузел совместный, оснащен современной сантехникой и душевой кабиной. В студии также имеется удобная рабочая зона с письменным столом и стулом. Цена 34000 + 17.000 1 человек. До 30 лет!! просьба риэлторов не беспокоить!! Риелтор ID 140263101 Документы проверены +7 985 775-24-... Написать вчера 13 апр, 21:12",,https://www.cian.ru/cat.php?deal_type=rent&district%5B0%5D=8&engine_version=2&offer_type=flat&room9=1&type=4&p=1,2026-04-15T09:52:23+00:00
1348,328604135,ЮВАО,https://www.cian.ru/rent/flat/328604135/?context=3.YiG-sBTAIwQ.6VQRft3_LaGZhMjQC6NfSxQALgYmcC956AOli2UQ0Yp7GHQxYv5RtxJbi0yI9noLDkIEqSNOGDtXng&mlSearchSessionGuid=815eb25aebeda6cd777d0efa0f9fe608,1/14 Ещё фото,244500,23.0,9,33,,"1/14 Ещё фото Пешком до МЦД! Студия, 23 м², 9/33 этаж Перерва 4 минуты пешком Москва , ЮВАО , р-н Люблино , м. Перерва , Иловайская улица , 2 44 500 ₽/мес. От года, комм. платежи включены (без счётчиков), комиссия 30%, залог 43 000 ₽ Сдаётся светлая студия с евроремонтом и совмещённым санузлом в ЖК Люблинский Парк! Её можно посмотреть когда Вам удобно: бронируете время, забираете ключи и спокойно осматриваете. Если всё понравится, договор подпишем онлайн и будем поддерживать Вас на всех этапах аренды. В квартире есть: - Кухонный гарнитур; - Холодильник; - Стиральная машина; - Кондиционер; - Интернет проведён. Полы - ламинат и плитка. Окна выходят во двор, есть бесплатная парковка. Собственник готов заселить не более 2 взрослых жильцов с детьми. С домашним питомцем нельзя. Дом находится в районе с развитой инфраструктурой, рядом расположены: - Гипермаркет Ашан и ТЦ Бум; - Парк им. Артёма Боровика и Парк Героев Отечественной войны 1812. В пешей доступности школы и детские сады, салоны красоты и парикмахерские, кафе и закусочные, заправки и автосервисы, колледж, культурный центр, фитнес-клубы, бассейн и кинотеатр. До МЦД-2 Перерва 7 минут пешком, до м. Братиславская 20 минут. Агентство недвижимости ПИК-Аренда Документы проверены Посмотреть все объекты +7 985 687-95-... Написать вчера 13 апр, 18:32",,https://www.cian.ru/cat.php?deal_type=rent&district%5B0%5D=8&engine_version=2&offer_type=flat&room9=1&type=4&p=1,2026-04-15T09:52:23+00:00
1406,324338003,ЮВАО,https://www.cian.ru/rent/flat/324338003/?context=3.FIhUl4fVXk0.N1_49Q5-fuB72BU0YBizk4_6VbxaC0wSm77t9aLYiQfDqtWSSKHrJEIrDTj1AJ72L5Nwni0R5aL2RA&mlSearchSessionGuid=ef44f9bbb2c8726b9f76e7d40cfbf2b2,1/14,245000,20.0,10,17,,"1/14 Студия, 20 м², 10/17 этаж Только на Циан Перерва 4 минуты пешком Москва , ЮВАО , р-н Люблино , м. Перерва , Иловайская улица , 2 45 000 ₽/мес. От года, комм. платежи включены (без счётчиков), комиссия 50%, залог 45 000 ₽ Сдается впервые квартира-студия в новом ЖК Люблинский парк. Район с развитой инфраструктурой, в пешей доступности от станции м. Марьино 15-20 минут, и в 5 минутах от МЦД Перерва, двор без машин, имеет закрытую территорию. В квартире имеется все необходимое для комфортного проживания 1-2 человек, новая техника и мебель, раскладывающийся диван с ортопедическим матрасом Аскона, кондиционер. Замечательный собственник рассмотрит 1 человека или пару, на длительный срок. Оперативно покажу, звоните, состав обсуждаем. У собственника могут быть предпочтения по составу проживающих. Риелтор Александр Кириллов Суперагент +7 910 536-87-... Написать три дня назад 12 апр, 11:02",,https://www.cian.ru/cat.php?deal_type=rent&district%5B0%5D=8&engine_version=2&offer_type=flat&room9=1&type=4&p=3,2026-04-15T09:52:23+00:00
1425,327971019,ЮВАО,https://www.cian.ru/rent/flat/327971019/?context=3.3MkNRx5Pwy4.S5q00pN0C7nwebZF2xcH4EoFJ-SgjFQIQ3x4a1TBUy-83FUEQmTTk30suDht_uLjrfTmQ0jvVnREtw&mlSearchSessionGuid=ef44f9bbb2c8726b9f76e7d40cfbf2b2,1/14,245000,20.0,2,5,,"1/14 Студия, 20 м², 2/5 этаж Только на Циан Текстильщики 12 минут пешком Москва , ЮВАО , р-н Текстильщики , м. Текстильщики , улица Артюхиной , 6К2 45 000 ₽/мес. От года, комм. платежи включены (без счётчиков), комиссия 30%, залог 45 000 ₽ К сдаче предлагается студия в пешей доступности от станций метро Текстильщики. Хороший район с развитой инфраструктурой. Рядом есть сетевые продуктовые магазины, аптеки, кафе, ПВЗ и многое другое. В квартире выполнен качественный ремонт, есть вся необходимая мебель и бытовая техника: плита, микроволновая печь, стиральная машина, шкаф, раскладной диван. Оперативный показ и заселение. Прекрасный собственник. Агентство недвижимости Лига недвижимости Суперагент +7 923 077-93-... Написать вчера вчера, 17:30",,https://www.cian.ru/cat.php?deal_type=rent&district%5B0%5D=8&engine_version=2&offer_type=flat&room9=1&type=4&p=3,2026-04-15T09:52:23+00:00
1383,328051633,ЮВАО,https://www.cian.ru/rent/flat/328051633/?context=3.EycaBGv2XMg.dNTa--mG554S9KQAOpM15CIayZDUJ71x0_5A6lIimhWiiiqRAQq1wQj5mCUvuyh23I8hpMZBNYQh0w&mlSearchSessionGuid=081a908f5890e7c1b892bc2999c13152,1/12,247000,20.0,23,33,,"1/12 Студия, 20 м², 23/33 этаж Только на Циан Перерва 4 минуты пешком Москва , ЮВАО , р-н Люблино , м. Перерва , Иловайская улица , 2 47 000 ₽/мес. От года, комм. платежи включены (без счётчиков), без комиссии, залог 47 000 ₽ Без комиссии! Напрямую от собственника. Сдаем уютную студию площадью 20 кв. м на 23-м этаже нового дома 2025 года постройки. Квартира находится всего в 4 минутах пешком от станции МЦД, что делает ее расположение особенно удобным для тех, кто ценит время. В квартире свежий ремонт, который создает современную и стильную атмосферу. Оборудована всей необходимой техникой: кондиционером, холодильником, посудомоечной и стиральной машинами. Удобная кровать 140*200 с ортопедическим матрасом подарит отличный сон. Комната и кухня полностью меблированы, а в ванной комнате установлена душевая кабина, что делает проживание здесь максимально комфортным. Дом оснащен четырьмя грузовыми лифтами и подземной парковкой, поэтому можно не беспокоиться о парковке вашего автомобиля. Это современное здание с высоким уровнем комфорта и безопасности. Вокруг дома развита инфраструктура. Квартира сдается в аренду от собственника без комиссии! Собственник ID 19467203 Документы проверены Назначить просмотр три дня назад 11 апр, 13:15",,https://www.cian.ru/cat.php?deal_type=rent&district%5B0%5D=8&engine_version=2&offer_type=flat&room9=1&type=4&p=2,2026-04-15T09:52:23+00:00
1388,328008898,ЮВАО,https://www.cian.ru/rent/flat/328008898/?context=3.EL74qfMbQMY.Pyd1LQHyRcoWeY8A9MdD1wsjW6wkN4hwIpkMThlVaDVbYfKGCkOSKFDemVBl2jaDvOIg-AX0YjUjUQ&mlSearchSessionGuid=081a908f5890e7c1b892bc2999c13152,1/24,253000,23.6,26,33,,"1/24 Студия, 23,6 м², 26/33 этаж Окская 10 минут пешком Москва , ЮВАО , р-н Рязанский , м. Окская , улица Михайлова , 30Ак2 53 000 ₽/мес. От года, комм. платежи включены (без счётчиков), комиссия 50%, без залога Дoлгocрoчная аpенда (договoр нa 11 месяцeв). Cтильнaя и cветлaя студия в ЖК Михaйлoвский Пapк, площадь кв.м. 23.6. Meбель: вмeститeльный шкaф, удобный pасклaднoй диван, куxoнный гаpнитуp, обeденная зона, pабoчая зoнa, кoмод. Бытовая техника: Стиральная машина, холодильник, вытяжка, варочная панель, электрический чайник, микроволновая печь. Район обладает развитой инфраструктурой: В пешей доступности детские сады, школы, поликлиники, магазины, фитнес-клуб, ТЦ Рязанский. До большого Кусковского лесопарка со старинной усадьбой Кусково и прудом 20 минут пешком по прямой. 10 мин. ходьбы до метро Окская и в 15 мин. пешком до метро Рязанский проспект Условия проживания по Тарифу Комфортное проживание - комиссия 50% от арендного платежа; - Раннее бронирование объекта (за 3 дней до заселения); - Персональный менеджер на всех этапах аренды быстро реагирует на запросы - большинство бытовых вопросов решаем за 48 часов; - Страхование гражданской ответственности до 300 000 ₽; - Организация мелкого ремонта. - Заселение с детьми (возраст детей от 6 лет). Коммунальные платежи: электроэнергия, хвс\гвс, услуги интернет провайдера, расходы за отопление (при наличии счетчика) дома/квартиры оплачивает арендатор. Заселение только при наличии постоянной регистрации РФ Без животных Агентство недвижимости СМАРЕНТ Документы проверены +7 985 853-93-... Написать шесть дней назад 8 апр, 14:16",,https://www.cian.ru/cat.php?deal_type=rent&district%5B0%5D=8&engine_version=2&offer_type=flat&room9=1&type=4&p=2,2026-04-15T09:52:23+00:00
1352,327434422,ЮВАО,https://www.cian.ru/rent/flat/327434422/?context=3.OjiWhuMzHo8.Gys-jNH-DvHhSWT0zj2mvcDVQT4lCjekEnEAz2A6zgY0YfBJvZC2MO1rsxsmX1cboOaDUhJ4cnSN4Q&mlSearchSessionGuid=815eb25aebeda6cd777d0efa0f9fe608,1/14 Ещё фото,255000,23.2,18,25,,"1/14 Ещё фото Без депозита! Евроремонт! Студия, 23,2 м², 18/25 этаж Депо 18 минут пешком Москва , ЮВАО , р-н Люблино , м. Депо , Люблинская улица , 72Ак2 55 000 ₽/мес. От года, комм. платежи включены (без счётчиков), комиссия 60%, без залога Сдаётся светлая квартира-студия со смежным санузлом в современном ЖК Люблинский Парк, без депозита! Её можно посмотреть когда Вам удобно: бронируете время, забираете ключи и спокойно осматриваете. Если всё понравится, договор подпишем онлайн и будем поддерживать Вас на всех этапах аренды. Квартира оснащена вместительным кухонным гарнитуром, мебелью и бытовой техникой: - Холодильник; - Телевизор; - Микроволновка; - Варочная панель; - Стиральная машина; - Вытяжка; - Робот-пылесос; - Проведён интернет + WI-FI. Полы ламинат и плитка. Окна выходят во двор, на восток, есть бесплатная парковка. Собственник готов заселить не более 2 взрослых жильцов с детьми старше 3 лет и заключить договор с юридическим лицом. Можно с домашним питомцем по согласованию. Недалеко от дома: - Гипермаркет Ашан; - ТЦ Бум; - Парк им. Артёма Боровика; - Парк Героев Отечественной войны 1812 года. В пешей доступности школы и детские сады, салоны красоты, кафе, заправки и автосервисы, колледж, культурный центр, фитнес-клубы, бассейн и кинотеатр. До МЦД-2 Перерва 20 минут пешком, до м. Братиславская 19 минут на общественном транспорте. Агентство недвижимости ПИК-Аренда Документы проверены Посмотреть все объекты +7 915 255-17-... Написать вчера вчера, 15:29",,https://www.cian.ru/cat.php?deal_type=rent&district%5B0%5D=8&engine_version=2&offer_type=flat&room9=1&type=4&p=1,2026-04-15T09:52:23+00:00
1376,323960207,ЮВАО,https://www.cian.ru/rent/flat/323960207/?context=3.FRY7oye6IK4.w9ylRoBEg8cOJ8IGiCvruUYjLTJCqPNjCacn5qL8RNDd_mzELqhb_CoYqsykVi4TDZae1no04Umaew&mlSearchSessionGuid=081a908f5890e7c1b892bc2999c13152,1/26,255000,28.0,21,33,,"1/26 Студия, 28 м², 21/33 этаж Перерва 4 минуты пешком Москва , ЮВАО , р-н Люблино , м. Перерва , Иловайская улица , 2 55 000 ₽/мес. От года, комм. платежи включены (без счётчиков), комиссия 80%, залог 60 000 ₽ Сдается уютная квартира свободной планировки в новом ЖК. В квартире есть всё для комфортного проживания: мебель, бытовая техника телевизор, холодильник, стиральная машина, кондиционер, духовка, электроплита от западных брендов, ортопедическая кровать 160200, продуманы зоны отдыха, сна, хранения и т.д. ЖК находится в окружении развитой социальной и коммерческой инфраструктуры - детский сад, различные образовательные учреждения, сетевые супермаркеты (Пятёрочка, ВкусВилл) , ПВЗ (Озон, WB), скоро открытие нескольких кафе и ресторанов. В пешей доступности - Люблинский парк, станции метро Перерва, Братиславская и Марьино. Квартира сдается на длительный срок одному 1 человеку от 30 лет без вредных привычек, без детей и животных. Риелтор Жанна Шойбекова Суперагент +7 916 632-93-... Написать два дня назад 13 апр, 09:49",,https://www.cian.ru/cat.php?deal_type=rent&district%5B0%5D=8&engine_version=2&offer_type=flat&room9=1&type=4&p=2,2026-04-15T09:52:23+00:00
1404,327867999,ЮВАО,https://www.cian.ru/rent/flat/327867999/?context=3.wgirTlistlU.C_ml9S6aTJZgbV3W5Inpw5dn46lGrcPlYG_nQhGaDtfY1CrHFjuDYRve7jrKdOgEDD9XBbf0_4S2lw&mlSearchSessionGuid=ef44f9bbb2c8726b9f76e7d40cfbf2b2,1/9,257000,22.0,9,25,,"1/9 Студия, 22 м², 9/25 этаж Нижегородская 12 минут пешком Москва , ЮВАО , р-н Нижегородский , м. Нижегородская , Рязанский проспект , 2/2к2 57 000 ₽/мес. От года, комм. платежи включены (без счётчиков), комиссия 50%, залог 25 000 ₽ Новая студия с балконом | 22 м² | 10 мин до транспортного хаба | метро + МЦК + БКЛ + МЦД ЖК Аквилон Beside Параметры квартиры • площадь 22 м² • 9 этаж из 25 • балкон • новый современный дом комфорт-плюс класса • система умный дом • квартира абсолютно новая — никто не жил Светлая студия с современным ремонтом и функциональной мебелью. Продуманная система хранения в прихожей, аккуратный интерьер и рациональная планировка — комфортно для проживания одного человека или пары. Удобная транспортная доступность: 10 минут пешком до крупного транспортного узла Нижегородская (метро, МЦК, БКЛ, МЦД). Рядом также станция Стахановская. Формат — заезжай и живи. Стоимость: 57 000 ₽ / месяц. Риелтор Александр Жабин Суперагент +7 917 580-51-... Написать неделю назад 3 апр, 00:18",,https://www.cian.ru/cat.php?deal_type=rent&district%5B0%5D=8&engine_version=2&offer_type=flat&room9=1&type=4&p=3,2026-04-15T09:52:23+00:00
1373,308207637,ЮВАО,https://www.cian.ru/rent/flat/308207637/?context=3.RTpNhKJy3Og.5PBHwkEY0dNrxWmriX7NXHm_ian6ezrHGpyasQIz24-prVjOnb6QMSyVjmHCHxkt2w6GYJO0P6RnvQ&mlSearchSessionGuid=081a908f5890e7c1b892bc2999c13152,1/16,260000,20.0,30,33,,"1/16 Уютная видовая студия Студия, 20 м², 30/33 этаж Только на Циан Новохохловская 6 минут пешком Москва , ЮВАО , р-н Нижегородский , м. Новохохловская , Новохохловская улица , 15к2 60 000 ₽/мес. От года, комм. платежи включены (без счётчиков), без комиссии, залог 60 000 ₽ Сдаётся уютная студия в ЖК Новохохловская 15. Квартира находится на 30 этаже нового дома (2023 года постройки) и оборудована всем необходимым для комфортного проживания 1-2 человек без животных. Так, квартира оборудована необходимой мебелью и техникой (техника и мебель новая), предлагая все удобства для комфортной жизни. Окна выходят на улицу, замечательный вид. Сдаётся от собственника. Заезд возможен в день показа. Прекрасная транспортная доступность: до станций МЦК и МЦД Новохохловская всего 7 минут пешком. Удобный выезд на ТТК и МСД, садовое кольцо в 5 км. Действительно заинтересованным прошу откликаться на анкету (функция звонков скрыта из-за огромного количества агентов) Собственник ID 102197638 Документы проверены Назначить просмотр вчера вчера, 13:52",,https://www.cian.ru/cat.php?deal_type=rent&district%5B0%5D=8&engine_version=2&offer_type=flat&room9=1&type=4&p=2,2026-04-15T09:52:23+00:00
1380,328932824,ЮВАО,https://www.cian.ru/rent/flat/328932824/?context=3.kFLqB1xF9Mc.EscJ8mnszc4Cn7dxzh-1M3rT87SBOnoBGm9Pzkb0F1bsR0Sp8pFb_KNmqes-3TQhbP8189nIV-sBag&mlSearchSessionGuid=081a908f5890e7c1b892bc2999c13152,1/11,260000,20.0,20,25,,"1/11 Студия, 20 м², 20/25 этаж Ранний доступ Только на Циан Нижегородская 12 минут пешком Москва , ЮВАО , р-н Нижегородский , м. Нижегородская , Рязанский проспект , 2/2к2 60 000 ₽/мес. От года, комм. платежи включены (счётчики включены), без комиссии, залог 50 000 ₽ Сдается уютная квартира-студия в ЖК Аквилон Beside. Новый дом, сдан в 2024 г. Студия сдается впервые. В квартире: свежий ремонт, кухонный гарнитур, варочная панель, микроволновка, холодильник, стиральная машина, душевая кабина, кондиционер, шкафы для хранения, рабочий стол, Wi-Fi. Сдам одному человеку или паре. Собственник ID 70872605 +7 986 264-08-... Написать 2 часа назад сегодня, 10:40",,https://www.cian.ru/cat.php?deal_type=rent&district%5B0%5D=8&engine_version=2&offer_type=flat&room9=1&type=4&p=2,2026-04-15T09:52:23+00:00
1384,328571046,ЮВАО,https://www.cian.ru/rent/flat/328571046/?context=3.OSb5olkJUmE.mayXC2-qhdp8PSn5chBwao7g3IzFLWU-A3hQY96qeA-9GbQVn3syI6VLjOopMU-TyC79rYZFTr0iJw&mlSearchSessionGuid=081a908f5890e7c1b892bc2999c13152,1/19,260000,23.6,18,37,,"1/19 Студия, 23,6 м², 18/37 этаж Нижегородская 10 минут пешком Москва , ЮВАО , р-н Нижегородский , м. Нижегородская , Перовское шоссе , 2к2 60 000 ₽/мес. От года, комм. платежи включены (без счётчиков), комиссия 50%, без залога Дoлгоcрочная аренда (договoр нa 11 меcяцeв). Прeдcтaвляeм вaшeму внимaнию пpocторную, уютную студию плoщадью 23,6 кв.м. рacпoложeнную в ЖК Перовское. Бытовая техника: кондиционер, телевизор, хoлoдильник, варочная панель, микроволновая печь, cтиpальная машинa, элeктричecкий чайник, утюг, гладильная доска, сушилка для одежды. Есть все необходимое для комфортного и долгосрочного проживания, в т.ч. посуда. Удобства квартиры: - Вместительные системы хранения; - Обеденная зона с телевизором; - Уютная просторная комната с красивым видом из окна; - Светлая, уютная ванная комната с современной сантехникой. Дом находится в районе с развитой инфраструктурой: в шаговой доступности остановки общественного транспорта, в пешей доступности станция метро Нижегородская. Рядом с домом расположены: продуктовые супермаркеты, пункты выдачи, аптеки, кафе, рестораны. Условия проживания по Тарифу Комфортное проживание: - 50% от арендного платежа при заселении; - Раннее бронирование объекта (за 3 дня до заселения); - Персональный менеджер на всех этапах аренды быстро реагирует на запросы - большинство бытовых вопросов решаем за 48 часов; - Страхование гражданской ответственности до 0,3 млн ₽; - Организация мелкого ремонта. Коммунальные платежи: электроэнергия, хвс\гвс, услуги интернет провайдера, расходы за отопление дома/квартиры оплачивает арендатор. Заселение только при наличии постоянной регистрации РФ. Без животных Агентство недвижимости СМАРЕНТ Документы проверены +7 985 853-93-... Написать шесть дней назад 8 апр, 13:53",,https://www.cian.ru/cat.php?deal_type=rent&district%5B0%5D=8&engine_version=2&offer_type=flat&room9=1&type=4&p=2,2026-04-15T09:52:23+00:00
1403,328975729,ЮВАО,https://www.cian.ru/rent/flat/328975729/?context=3.g0sfLCMw_8k.ypAOxVElKEUpsI1VxcNaQ3uqB-3ZSwx4vF-rrdBW20RL7j2a82o36u8zisQi7bDiqt2Yaz9G9M5CVg&mlSearchSessionGuid=ef44f9bbb2c8726b9f76e7d40cfbf2b2,1/10,260000,38.0,2,2,,"1/10 Апартаменты-студия, 38 м², 2/2 этаж Текстильщики 13 минут пешком Москва , ЮВАО , р-н Текстильщики , м. Текстильщики , Грайвороновская улица , 4С2 60 000 ₽/мес. От года, комм. платежи включены (без счётчиков), комиссия 60%, залог 60 000 ₽ АПАРТАМЕНТЫ СТУДИЯ — с полноценным вторым уровнем, потолками 6 метров и фитнесом в ЖК Адрес: Грайвороновская улица, 4с2. До метро Текстильщики — 11 минут пешком. Общая площадь с двумя этажами 42 м² => внизу гостиная зона 25м², наверху полноценное спальное место, где можно стоять в полный(!) рост. Потолки 6 метров! Выполнен новый качественный ремонт, вся мебель и техника новые. В апартаментах есть всё необходимое для комфортного проживания: холодильник, телевизор с Алисой, чайник, диван, кровать с новым матрасом, места для хранения. Микроволновая печь приобретена. Красивый вид, охраняемая территория за шлагбаумом, есть собственное парковочное место. СТОИМОСТЬ: 60.000₽ Пишите, договоримся о просмотре! Залог делится, агентская комиссия 60% Риелтор Дария Крылкова Суперагент +7 985 148-24-... Написать вчера вчера, 17:48",,https://www.cian.ru/cat.php?deal_type=rent&district%5B0%5D=8&engine_version=2&offer_type=flat&room9=1&type=4&p=3,2026-04-15T09:52:23+00:00
1418,324359709,ЮВАО,https://www.cian.ru/rent/flat/324359709/?context=3.TUpFeFYJAbo.0w7LnRjHu7xxM7IPCTFIRjCThpU7oNirf4kLU-sUCysayTjDIJLJ9_xbMyVadSZKCf_YZT38MrU9Sw&mlSearchSessionGuid=ef44f9bbb2c8726b9f76e7d40cfbf2b2,1/8,260000,34.0,9,33,,"1/8 Студия, 34 м², 9/33 этаж Перерва 4 минуты пешком Москва , ЮВАО , р-н Люблино , м. Перерва , Иловайская улица , 2 60 000 ₽/мес. От года, комм. платежи включены (без счётчиков), комиссия 50%, залог 60 000 ₽ ==ЛОТ 223269 ==Сдается 1 комн. квартира студия в современном ЖК после ремонта на длительный срок. Предпочтительно семье с ребенком от 4 лет. Квартира укомплектована всей необходимой мебелью и техникой. Тихий, уютный двор. Доброжелательные соседи. Прекрасная инфраструктура: метро, дет. сад, школа, магазины, парки в шаговой доступности. Рассмотрим граждан РФ, не конфликтных и платежеспособных. Все условия прописываются в договоре. Агентство недвижимости Замоскворечье Суперагент +7 923 078-46-... Написать неделю назад 3 апр, 13:25",,https://www.cian.ru/cat.php?deal_type=rent&district%5B0%5D=8&engine_version=2&offer_type=flat&room9=1&type=4&p=3,2026-04-15T09:52:23+00:00
1355,328766577,ЮВАО,https://www.cian.ru/rent/flat/328766577/?context=3.Ney-RzjdllU.MpKPYLcOjvMCdzKchZXSfrxioURSwl1ywuPZjoihUtGzlNqn7Co1TZFtk2L4JAHYBcwcGqqnvQe3fA&mlSearchSessionGuid=815eb25aebeda6cd777d0efa0f9fe608,1/17 Ещё фото,260600,25.0,5,16,,"1/17 Ещё фото Сдаётся без депозита! Студия, 25 м², 5/16 этаж Депо 18 минут пешком Москва , ЮВАО , р-н Люблино , м. Депо , Люблинская улица , 72Ак2 60 600 ₽/мес. От года, комм. платежи включены (без счётчиков), комиссия 60%, без залога Сдаётся светлая квартира-студия с евроремонтом и совмещённым санузлом в ЖК Люблинский Парк, без депозита! Её можно посмотреть когда Вам удобно: бронируете время, забираете ключи и спокойно осматриваете. Если всё понравится, договор подпишем онлайн и будем поддерживать Вас на всех этапах аренды. Квартира оборудована кухонным гарнитуром, мебелью и бытовой техникой: - Телевизор; - Холодильник; - Стиральная машина; - Микроволновая печь; - Варочная панель; - Проведён интернет с Wi-Fi. Полы - ламинат и плитка. Окна выходят во двор, на запад, есть бесплатная парковка. Собственник готов заселить не более 2 взрослых жильцов с детьми и заключить договор с юридическим лицом. С питомцем нельзя. Недалеко от дома: - Гипермаркет Ашан; - ТЦ Бум; - Парк им. Артёма Боровика; - Парк Героев Отечественной войны 1812 года. В пешей доступности школы и детские сады, салоны красоты и парикмахерские, кафе и закусочные, заправки и автосервисы, колледж, культурный центр, фитнес-клубы, бассейн и кинотеатр. До МЦД-2 Перерва 20 минут пешком, до м. Братиславская 20 минут на общественном транспорте. Агентство недвижимости ПИК-Аренда Документы проверены Посмотреть все объекты +7 980 190-84-... Написать вчера вчера, 15:29",,https://www.cian.ru/cat.php?deal_type=rent&district%5B0%5D=8&engine_version=2&offer_type=flat&room9=1&type=4&p=1,2026-04-15T09:52:23+00:00
1356,328931683,ЮВАО,https://www.cian.ru/rent/flat/328931683/?context=3.0nZFvFTdhtQ.2YKaQWWq6k1E2mI9oWqV786Ud7joKdvuC6ElSaHdqNdKnf3Bb7-0P_s-j9B-Cb_fbhjGx6Upy59Gaw&mlSearchSessionGuid=815eb25aebeda6cd777d0efa0f9fe608,1/12,266000,20.1,14,33,,"1/12 Студия, 20,1 м², 14/33 этаж Только на Циан Проверено в Росреестре Новохохловская 6 минут пешком Москва , ЮВАО , р-н Нижегородский , м. Новохохловская , Новохохловская улица , 15к2 66 000 ₽/мес. От года, комм. платежи включены (без счётчиков), без комиссии, залог 66 000 ₽ Я собственник. Сдается уютная светлая студия с дизайнерским ремонтом. Отличный вид из окна на юго-восток. 5-7 минут пешком до станции Новохохловская В квартире есть все необходимое: - Холодильник - Стиральная машина - ТВ и интернет - Плита и чайник, микроволновка - Раскладной диван с ортопедическим основанием - Оборудована душевая кабина - Шкафы и ящики для хранения Дом свежий, сдан в конце 2023 года, в ЖК есть магазины, пвз, салоны, кофейня. Ищу добропорядочных арендаторов, квартира походит для одного человека или пары. Оплата - ежемесячный платеж+депозит в размере 100% Не всегда могу ответить на звонок, если не беру трубку - пишите, обязательно отвечу. ----- Примечание: у собственника могут быть дополнительные пожелания к жильцам - обсудите их в чате или по телефону Собственник ID 115866818 +7 986 364-25-... Написать вчера вчера, 11:43",,https://www.cian.ru/cat.php?deal_type=rent&district%5B0%5D=8&engine_version=2&offer_type=flat&room9=1&type=4&p=1,2026-04-15T09:52:23+00:00
1426,327066332,ЮВАО,https://www.cian.ru/rent/flat/327066332/?context=3.1xneHMw2I2I.ppd3sKHBA0JyB-pG_-1pBIuTrnSovTfMYqfTftJUTYzlPeoa8eWmeLi4DS_feL4AHfSmzuoQ5bCPRg&mlSearchSessionGuid=ef44f9bbb2c8726b9f76e7d40cfbf2b2,1/21,275000,25.0,4,20,,"1/21 Студия, 25 м², 4/20 этаж Авиамоторная 14 минут пешком Москва , ЮВАО , р-н Лефортово , м. Авиамоторная , проезд Невельского , 1к2 75 000 ₽/мес. От года, комм. платежи включены (без счётчиков), без комиссии, залог 75 000 ₽ Здравствуйте! Предлагаем вашему вниманию стильную студию в аренду, расположенную в современном доме, построенном в 2021 году. Квартира находится на 4 этаже 20-этажного здания. Общая площадь студии составляет 25 кв. м, из которых 20 кв. м — жилая зона и 5 кв. м — кухня. Высокие потолки (3.1 метра) и окна, выходящие во двор, создают ощущение простора и уюта. В квартире выполнен дизайнерский ремонт, что придаёт особый шарм и стиль. Удобная и функциональная планировка студии позволяет рационально использовать пространство. В комнате и на кухне есть вся необходимая мебель. Из техники в вашем распоряжении: кондиционер, холодильник, посудомоечная и стиральная машины, а также телевизор. Ванная комната оборудована просторной душевой кабиной, что делает её использование комфортным. Дом оснащён подземной парковкой, поэтому можно не беспокоиться о месте для автомобиля. В здании работают один пассажирский и два грузовых лифта, что удобно для жильцов. Также предусмотрен пандус для удобного доступа. Дом находится в хорошем состоянии, так как был построен совсем недавно. Рядом с домом вы найдёте всё необходимое для комфортной жизни: школы, детские сады, клиники и магазины. До станции метро Авиамоторная можно дойти пешком за 14 минут, что делает транспортную доступность довольно удобной. выезд на 3-кольцо в 5 минутах. прямой выезд на ш. Энтузиастов в сторону центра. Условия аренды: договор аренды, залог по договорённости. Квартира подходит для проживания одного-двух человек без домашних животных. Приглашаем вас записаться на просмотр, чтобы оценить все преимущества этой уютной студии. Не упустите возможность арендовать современное жильё в новом доме. Ждём вашего звонка! Риелтор Дарья Егорова Суперагент +7 989 107-87-... Написать неделю назад 3 апр, 17:36",,https://www.cian.ru/cat.php?deal_type=rent&district%5B0%5D=8&engine_version=2&offer_type=flat&room9=1&type=4&p=3,2026-04-15T09:52:23+00:00
1366,313752293,ЮВАО,https://www.cian.ru/rent/flat/313752293/?context=3.8wOknoNKWoY.MMJTJFBqqc2XnKtoNhj_3gaSsQMOff889FAFhA9-nzB9fbS0eiFaoN7PO_EsEvKYvBHAm2FVMl9OoQ&mlSearchSessionGuid=815eb25aebeda6cd777d0efa0f9fe608,1/50,297500,43.0,17,17,,"1/50 Просторная студия у МЦК Дубровка Студия, 43 м², 17/17 этаж Проверено в Росреестре Дубровка 7 минут пешком Москва , ЮВАО , р-н Южнопортовый , м. Дубровка , 6-я Кожуховская улица , 15к2 97 500 ₽/мес. От года, комм. платежи включены (без счётчиков), без комиссии, залог 120 000 ₽ На последнем 17 этаже, на южной стороне одноподъездного монолитного дома 2005 года постройки, сдается просторная 43 м. студия с лоджией, полностью оборудованная и укомплектованная всем необходимым. Установлена новая сушильная машина, капсульная Nespresso, индукционная плита, фильтрация питьевой воды с осмосом, бойлер, Oled (именно Олед) телевизор с не замедляемым ютубом, Apple tv 4k с Кинопабом! (Не путать с Кинопоиском и другими бесполезными онлайн кинотеатрами) , колонкой Алисой с элементами умного дома (интерьерное освещение на голосовом управлении), домашним кинотеатром 5.1 B&W мультирум, по необходимости + xbox X. Инверторный кондиционер Fujitsu с ночным режимом 19dB и Конвекционная микроволновая печь Panasonic (оба made in Japan). В наличии хорошая, новая кухонная посуда, приборы Broggi новое белье (икея импорт)) и всё что нужно для жизни, (штопор есть!). Вам, только развесить на 120 вешалках личные вещи, в 2-х шкафах, и в прихожей разместить 27 пар обуви в обувнице. Кровать - 160/200 и доп спальное место из дивана 120/180. Не смотря на то, что дом находится рядом с ТТК, с прекрасной транспортной доступностью, в квартире тихо и можно спать с открытыми окнами. В доме приветливые соседи и круглосуточный консьерж. У дома ВСЕГДА есть бесплатные парковочные места. Рядом, в соседних домах, продуктовые сетевые магазины с алкоголем, работающие до 23:00 и один круглосуточный + большой Магнит Косметик, через дом Яндекс лавка., Аптека и тандыр Пекарня. В трех! минутах ходьбы от дома большой ТРЦ Мозаика, с фудкортом, гипер маркетом, фитнесом (DDX) флагманским Мфц и 2-х минутным переходом на станцию МЦК Дубровка. Метро Кожуховская в 12 минутах ходьбы. Недалеко находится ландшафтный парк Остров Мечты (идеально для велопрогулок) В стоимость аренды включены все платежи кроме электроэнергии. Сдаю без животных, на длительный срок ценящим чистоту, камерность и уют. Если вы хотите жить в современных условиях, но большие ЖК с маленькими деревьями и плохой шумоизоляцией вам не подходят, тогда это предложение может быть вам интересно. ID 47359882 Документы проверены +7 985 002-22-... Написать час назад сегодня, 11:31",,https://www.cian.ru/cat.php?deal_type=rent&district%5B0%5D=8&engine_version=2&offer_type=flat&room9=1&type=4&p=1,2026-04-15T09:52:23+00:00
1368,328376795,ЮВАО,https://www.cian.ru/rent/flat/328376795/?context=3.9V0NPUp-Csk.jtxRz9A3XAtz4GjSBfSubNLRhym8YPYEZjvRJVML_Hlq6yGyNjVIttoyBuENeIkCXgumzQj0f9SmmA&mlSearchSessionGuid=815eb25aebeda6cd777d0efa0f9fe608,1/11,336000,12.0,10,15,,"1/11 Студия, 12 м², 10/15 этаж Люблино 15 минут пешком Москва , ЮВАО , р-н Люблино , м. Люблино , Цимлянская улица , 3к3 36 000 ₽/мес. От года, комм. платежи включены (счётчики включены), комиссия 100%, залог 36 000 ₽ Показы 8 апреля СДАМ ДЛЯ ОДНОГО человека на длительный срок квартиру-студию с современным евроремонтом в новом ЖК бизнес-класса ""ВЛюблино"", район Люблино. Депозит возможно разбить на 2 части. Дом 15-этажный монолитный. Этаж 10/15, пластиковые окна, санузел совмещен. Диван двуспальный, микроволновая печь, холодильник, электро-плита, чайник, шкаф, стиральная машина (в коридоре). Инфраструктура развитая, все объекты первой необходимости расположены в пешей доступности: школа, детский сад, супермаркеты и др. Рядом парки. От станции метро Люблино - 9 минут пешком. Автобусные остановки возле дома. Оперативный показ: Москва, Цимлянская 3к3. Агентство недвижимости ЖИЛСЕРВИС Суперагент +7 915 496-36-... Написать два дня назад 12 апр, 21:31",,https://www.cian.ru/cat.php?deal_type=rent&district%5B0%5D=8&engine_version=2&offer_type=flat&room9=1&type=4&p=1,2026-04-15T09:52:23+00:00
1416,323118683,ЮВАО,https://www.cian.ru/rent/flat/323118683/?context=3.J1dpGVi55HY.aZubcnv9to4fCAvgGVMPrtBQgyQyqKcQ4OfG_37kYLPPjhtfNvXVlddtm2mL16r5taY3Jv_9I_B47w&mlSearchSessionGuid=ef44f9bbb2c8726b9f76e7d40cfbf2b2,1/11,338000,15.0,4,5,,"1/11 Студия, 15 м², 4/5 этаж Только на Циан Окская 14 минут пешком Москва , ЮВАО , р-н Кузьминки , м. Окская , Окская улица , 28К3 38 000 ₽/мес. От года, комм. платежи включены (без счётчиков), комиссия 50%, залог 38 000 ₽ Вам к нам! Только если: вы любите качество, по адекватной цене! Наша квартира для тех ,кто хочет жить каждое мгновение жизни, а не только приезжать ночевать в арендную квартиру. Уютная квартира. Спокойная атмосфера. Отличная локация. Адекватный собственник!! Тут можно жить и работать не выходя из дома!!! Рассмотрим все ваши предложения, учитывая пожелания от собственника. Звоните, уважаемые клиенты и коллеги!!! P.S. Если не отвечаю на звонок, то напишите SMS с названием улицы, когда я освобожусь, то обязательно перезвоню. Заселение с 1 мая, просмотры по договоренности. Плюс квитанция жкх 3000. Агентство недвижимости ПАРТНЕР Документы проверены +7 980 154-12-... Написать вчера вчера, 16:54",,https://www.cian.ru/cat.php?deal_type=rent&district%5B0%5D=8&engine_version=2&offer_type=flat&room9=1&type=4&p=3,2026-04-15T09:52:23+00:00
1386,328043825,ЮВАО,https://www.cian.ru/rent/flat/328043825/?context=3._EJl39hwTBg.Ql9PKU0stu3NjHLfUr6jMA5cRDnldOGPcCE0ed4BZenG7GLAmE1xhBMXsBpJ4toCjDgGIG5J3ePQbw&mlSearchSessionGuid=081a908f5890e7c1b892bc2999c13152,1/6,343000,20.0,1,12,,"1/6 Студия, 20 м², 1/12 этаж Марьино 6 минут пешком Москва , ЮВАО , р-н Марьино , м. Марьино , Новомарьинская улица , 3К3 43 000 ₽/мес. От года, комм. платежи включены (без счётчиков), комиссия 70%, залог 43 000 ₽ Арт. 133103315 Сдается студия рядом с метро. Сделан свежий ремонт и установлена новая мебель. Есть балкон. Хорошо подойдет для одного человека. Звоните. Агентство недвижимости Самолет Плюс Документы проверены +7 989 151-24-... Написать вчера вчера, 16:25",,https://www.cian.ru/cat.php?deal_type=rent&district%5B0%5D=8&engine_version=2&offer_type=flat&room9=1&type=4&p=2,2026-04-15T09:52:23+00:00
1354,324788407,ЮВАО,https://www.cian.ru/rent/flat/324788407/?context=3.pPi_ckq6caM.I8qcbNvuP8a_5_1FK1kq4NbeFvsF_hxM7r3ArHfUJJ3-TY_xX3MemQSHoursauSXBrzgupqT4CoPIg&mlSearchSessionGuid=815eb25aebeda6cd777d0efa0f9fe608,1/18 Ещё фото,349500,27.0,19,25,,"1/18 Ещё фото Пешком до метро! Студия, 27 м², 19/25 этаж Перерва 4 минуты на транспорте Москва , ЮВАО , р-н Люблино , м. Перерва , Люблинская улица , 74к3 49 500 ₽/мес. От года, комм. платежи включены (без счётчиков), комиссия 50%, залог 49 500 ₽ Сдаётся уютная 1-комнатная квартира с хорошим ремонтом и совмещённым санузлом в ЖК Люблинский Парк. Её можно посмотреть когда Вам удобно: бронируете время, забираете ключи и спокойно осматриваете. Если всё понравится, договор подпишем онлайн и будем поддерживать Вас на всех этапах аренды. Квартира оборудована всей необходимой для проживания мебелью и техникой, имеются: - Кухонный гарнитур; - Плита; - Стиральная машина; - Холодильник; - Интернет. Можно обсудить покупки дополнительной мебели/техники в счёт арендной платы. Полы - плитка и ламинат. Окна выходят во двор, на запад. Есть бесплатная парковка. Собственник готов заселить не более 2 взрослых жильцов с детьми. Можно с питомцем. Дом находится в районе с развитой инфраструктурой, рядом: - ТЦ Люблю Молл; - Парк Героев Отечественной войны 1812 года. Также в пешей доступности находятся продуктовые супермаркеты, школы, детские сады, медицинские учреждения, аптеки, кафе, салоны красоты. До МЦД-2 Перерва - 17 минут пешком. Агентство недвижимости ПИК-Аренда Документы проверены Посмотреть все объекты +7 916 573-01-... Написать вчера вчера, 15:29",,https://www.cian.ru/cat.php?deal_type=rent&district%5B0%5D=8&engine_version=2&offer_type=flat&room9=1&type=4&p=1,2026-04-15T09:52:23+00:00
1417,309140389,ЮВАО,https://www.cian.ru/rent/flat/309140389/?context=3.1z4svlt4kAM.0LLygTBFiMsnXaIl0MLk5MoREmDTeMtQ-nl4dekjv2AyPsUcx9UhZWiwhS3KrGr1vT9GmNLLaPzIKw&mlSearchSessionGuid=ef44f9bbb2c8726b9f76e7d40cfbf2b2,1/5,354000,30.0,23,24,,"1/5 Студия, 30 м², 23/24 этаж Только на Циан Текстильщики 19 минут пешком Москва , ЮВАО , р-н Текстильщики , м. Текстильщики , 1-й Грайвороновский проезд , 3 54 000 ₽/мес. От года, комм. платежи включены (без счётчиков), комиссия 50%, залог 54 000 ₽ Сдаётся на длительный срок просторная светлая Студия с двумя окнами, в новом доме. Состояние отличное. Имеется вся необходимая мебель и техника для комфортного проживания. Закрытая территория. Арендная оплата+ счётчики.Депозит разбивается на два платежа. Рассматриваем граждан Европы, Азии, добропорядочных и платежеспособных жильцов. Можно с ребёнком, животное обговаривается. Риелтор Алексей Дементьев Суперагент +7 916 242-41-... Написать 2 часа назад сегодня, 10:44",,https://www.cian.ru/cat.php?deal_type=rent&district%5B0%5D=8&engine_version=2&offer_type=flat&room9=1&type=4&p=3,2026-04-15T09:52:23+00:00
1419,304010604,ЮВАО,https://www.cian.ru/rent/flat/304010604/?context=3.Toggv84zwNQ.7xgORnzzzBuNzqYrmrGak0-sNWNXOWcuD4BUvgLDWP7JDOyw76OJko-QRAjgimVMKFDRB9oqULhHdQ&mlSearchSessionGuid=ef44f9bbb2c8726b9f76e7d40cfbf2b2,1/24,354000,20.0,19,23,,"1/24 Студия, 20 м², 19/23 этаж Новохохловская 12 минут пешком Москва , ЮВАО , р-н Текстильщики , м. Новохохловская , 1-й Грайвороновский проезд , 13к3 54 000 ₽/мес. От года, комм. платежи включены (счётчики включены), комиссия 50%, залог 54 000 ₽ Заселение с 21 апреля, возможен показ 18-19 апреля. Сдается светлая студия. Есть всё необходимое для проживания: кухня, большой холодильник, шторы blackout, микроволновая печь, стиральная машина, кофемашина, раскладной диван (спальное место 140*200). Установлен кондиционер с возможностью удалённого включения через приложение (на охлаждение и на обогрев) и большой 50 дюймовый android TV 4K.Также имеются два больших шкафа. Риелтор Аркадий Николаевич Алексеев Суперагент +7 967 848-19-... Написать вчера вчера, 17:38",,https://www.cian.ru/cat.php?deal_type=rent&district%5B0%5D=8&engine_version=2&offer_type=flat&room9=1&type=4&p=3,2026-04-15T09:52:23+00:00
1401,327917884,ЮВАО,https://www.cian.ru/rent/flat/327917884/?context=3.HUNy6_T4gaQ.WO1CvieSkboeRGtSImmTl32WM5b2a8Cs9kQtxt2tHORUBJe4xRJAoCx-CV7CxUQi2trNh3xWuG_qOQ&mlSearchSessionGuid=ef44f9bbb2c8726b9f76e7d40cfbf2b2,1/9,362000,23.0,7,24,,"1/9 Студия, 23 м², 7/24 этаж Волгоградский проспект 7 минут пешком Москва , ЮВАО , р-н Южнопортовый , м. Волгоградский проспект , Волгоградский проспект , 32/5к3 62 000 ₽/мес. От года, комм. платежи включены (без счётчиков), комиссия 50%, залог 62 000 ₽ Звоните, рассмотрим всех приличных. Сдаётся современная и уютная квартира-студия в новом Жилом комплексе Метрополия. Есть место в подземном паркинге. Башня Флоренция. Это полностью готовая для жизни квартира с уютным ремонтом. Всё необходимое для комфорта уже есть: вся техника (холодильник, плита, стиральная машина, телевизор), мебель и Wi-Fi. Расположение удобное. Пешая доступность до метро Волгоградский проспект и станции Угрешская. Квартира рассчитана на 1-2 человек. Идеально подойдёт для пары, девушки или мужчины. Без вредных привычек, аккуратных и платёжеспособных. Тихие соседи. Агентство недвижимости Престиж Суперагент +7 923 072-52-... Написать неделю назад 2 апр, 13:55",,https://www.cian.ru/cat.php?deal_type=rent&district%5B0%5D=8&engine_version=2&offer_type=flat&room9=1&type=4&p=3,2026-04-15T09:52:23+00:00
1411,324833178,ЮВАО,https://www.cian.ru/rent/flat/324833178/?context=3.oQmsKseMweY.RwDHGKnZMDBn3zI7m7ROWpSPv_shZXIE2s_rIr6k5epAlhz5yP_yFJRDsJmP_KTk5eGtleQjffA2Lw&mlSearchSessionGuid=ef44f9bbb2c8726b9f76e7d40cfbf2b2,1/9,372000,23.0,2,8,,"1/9 Студия, 23 м², 2/8 этаж Только на Циан Волгоградский проспект 7 минут пешком Москва , ЮВАО , р-н Южнопортовый , м. Волгоградский проспект , Волгоградский проспект , 32/5к3 72 000 ₽/мес. От года, комм. платежи включены (без счётчиков), комиссия 40%, залог 72 000 ₽ Предлагается в аренду отличная студия в современном ЖК ""Метрополия"". Квартира полностью укомплектована всей необходимой для проживания мебелью и техникой (стиральная машина, духовой шкаф, варочная панель, вытяжка, телевизор, кондиционер, диван-кровать, места для хранения одежды). В доме есть подземный паркинг. В подъезде дежурит охрана. Квартира соответствует фотографиям Просмотры по договоренности. HP-3 Агентство недвижимости Хэдж Проперти Суперагент +7 915 042-58-... Написать вчера 13 апр, 15:24",,https://www.cian.ru/cat.php?deal_type=rent&district%5B0%5D=8&engine_version=2&offer_type=flat&room9=1&type=4&p=3,2026-04-15T09:52:23+00:00
1357,321407694,ЮВАО,https://www.cian.ru/rent/flat/321407694/?context=3.1wZZdXvEYig._c2e39wast9XQRmzBavXBrs-g129PDOdAv8a2sYbQ2Zf86fodCBGLvOYPdmFErD2YNEEAVU4YBu24g&mlSearchSessionGuid=815eb25aebeda6cd777d0efa0f9fe608,1/15 Ещё фото,375000,30.0,20,23,,"1/15 Ещё фото Студия рядом с метро Студия, 30 м², 20/23 этаж Только на Циан Стахановская 1 минута пешком Москва , ЮВАО , р-н Рязанский , м. Стахановская , 2-й Грайвороновский проезд , 44к3 75 000 ₽/мес. От года, комм. платежи включены (без счётчиков), без комиссии, залог 75 000 ₽ Собственник предлагает аккуратным и порядочным людям студию с оптимальным метражем для аренды на длительный срок. 2 минуты пешком до м. Стахановская. Квартира находится в новом ЖК с развитой инфраструктурой- кафе, рестораны, студии фитнеса и йоги, салоны красоты, массажа, барбершопы, химчистки, пункты выдачи маркетплейсов, разнообразные продуктовые магазины и т.д. Охраняемая закрытая территория, вдоль ЖК расположен пешеходный бульвар с открытыми спортивными площадками, футбольным полем, скейт парком. Удобное транспортное расположение. Квартира с интересными интерьерными решениями , качественной отделкой, сантехникой и мебелью. В квартире предусмотрено всё для Вашего комфортного проживания: посудомоечная машина, микроволновая печь, духовой шкаф, индукционная плита, фильтр для воды,электрический чайник, холодильник, стиральная и сушильная машина, водонагреватель, smart TV, продумано много мест для хранения. Оплата: за первый месяц плюс обеспечительный платеж (стоимость аренды за месяц), который возвращается после выселения из квартиры. отдельно оплачивается интернет+коммунальные платежи по счётчикам. Собственник ID 99121972 Документы проверены Посмотреть все объекты +7 916 536-94-... Написать вчера вчера, 12:40",,https://www.cian.ru/cat.php?deal_type=rent&district%5B0%5D=8&engine_version=2&offer_type=flat&room9=1&type=4&p=1,2026-04-15T09:52:23+00:00
1362,328204522,ЮВАО,https://www.cian.ru/rent/flat/328204522/?context=3.ResrXs4Fq7A.3iwJdx9F_OJ4zbDpTKr5arccuxbF24c2Uu399xLjiQ8U0L3yKURh5DNzv9ZntQx_HNHUeJU-RbhTwg&mlSearchSessionGuid=815eb25aebeda6cd777d0efa0f9fe608,1/11,420000,18.0,1,22,,"1/11 Апартаменты-студия, 18 м², 1/22 этаж Только на Циан Волгоградский проспект 5 минут на транспорте Москва , ЮВАО , р-н Нижегородский , м. Калитники , Автомобильный проезд , 4 20 000 ₽/мес. От года, комм. платежи включены (без счётчиков), комиссия 60%, без залога ВАШЕМУ ВНИМАНИЮ! Описание обязательно к прочтению! Сдаются апартаменты в ЧЕРНОВОЙ отделке, как под проживание так и под свободное назначение! Ограничений к составу проживающих нет. Все разводки под коммуникации присутствуют (туалета и ванной нет!), а именно: Отопление есть Гор\хол вода есть Труба под водоотвод есть. Фото нет, есть только видео, могу выслать в личные сообщения в мессенджер. Студия теплая, если требуется лёгкий ремонт, можете сделать под себя, либо же арендовать под склад, рабочее помещение и любые другие задачи. Помещение высокое, рассчитано под двухэтажный проект. Улучшение условий проживания за счёт наймодателя не рассматриваем! В наличии есть несколько объектов схожей планировки и квадратуры в собственности, поэтому предложение всегда актуально. Показ и заселение возможно в любой день! Оперативный просмотр! Агентство недвижимости PREMIUM CITY Суперагент +7 923 077-63-... Написать 2 недели назад 26 мар, 12:17",,https://www.cian.ru/cat.php?deal_type=rent&district%5B0%5D=8&engine_version=2&offer_type=flat&room9=1&type=4&p=1,2026-04-15T09:52:23+00:00
1353,328751223,ЮВАО,https://www.cian.ru/rent/flat/328751223/?context=3.7nrNxr7qP3Y.Cua0N1XKRzAAoHMQCOiwsCZVisyAxuRc9HfqWUYJ2rdR79CjXi0IiQyuy4v77Q2Ciko1pDsRFKCn2A&mlSearchSessionGuid=815eb25aebeda6cd777d0efa0f9fe608,1/6,425000,17.5,11,21,,"1/6 Апартаменты-студия, 17,5 м², 11/21 этаж Только на Циан Волгоградский проспект 5 минут на транспорте Москва , ЮВАО , р-н Нижегородский , м. Калитники , Автомобильный проезд , 4 25 000 ₽/мес. От года, комм. платежи включены (без счётчиков), без комиссии, без залога Сдам на длительный срок. Если не ответил.пишите. я перезвоню. Собственник ID 130770500 +7 985 558-57-... Написать шесть дней назад 8 апр, 14:38",,https://www.cian.ru/cat.php?deal_type=rent&district%5B0%5D=8&engine_version=2&offer_type=flat&room9=1&type=4&p=1,2026-04-15T09:52:23+00:00
1421,328035351,ЮВАО,https://www.cian.ru/rent/flat/328035351/?context=3.WdtoUF0yGdw.b4RJnKSJs9ATxYuuvVS5a2KbvXmPyWo91lbhVmRJdKHhBVsuk8FCN7VNtCnHNn0UHY1XvIH33Zk30A&mlSearchSessionGuid=ef44f9bbb2c8726b9f76e7d40cfbf2b2,1/17,448000,17.8,16,21,,"1/17 Апартаменты-студия, 17,8 м², 16/21 этаж Калитники 10 минут пешком Москва , ЮВАО , р-н Нижегородский , м. Калитники , Автомобильный проезд , 4 48 000 ₽/мес. От года, комм. платежи включены (без счётчиков), комиссия 42%, залог 30 000 ₽ Новая студия со свежим ремонтом и мебелью в ЖК Бизнес-класса N'ICE LOFT! Свежий ремонт. Сдается впервые после ремонта и обустройства. Все готово к вашему комфортному проживанию. Кондиционер, холодильник, стиральная машина, раскладной диван для сохранения пространства, вместительные шкафы, много места для хранения, новый комплект посуды, постельного белья и спальных принадлежностей. Удобная транспортная доступность: - Станция Калитники в 10-ти минутах пешком; - до Волгоградского проспекта 11 минут; - остановка общественного транспорта в 5-ти минутах пешком; - удобный выезд на Третье транспортное кольцо; - до Кремля 5 км. Условия аренды: От 4 месяцев или на длительной срок Плата за месяц -48.000 руб. (плюс оплата по счетчикам) Залог - 30.000 руб. Комиссия - 20.000 руб. Подробности по телефону. НЕ ОТКЛАДЫВАЙТЕ звонок на завтра, завтра могут сказать что ""квартира уже сдана""! Риелтор Кадрия Котова Суперагент +7 923 078-61-... Написать три дня назад 11 апр, 19:31",,https://www.cian.ru/cat.php?deal_type=rent&district%5B0%5D=8&engine_version=2&offer_type=flat&room9=1&type=4&p=3,2026-04-15T09:52:23+00:00
1412,326768340,ЮВАО,https://www.cian.ru/rent/flat/326768340/?context=3.ODXGzcfQrCk.JE5mBHFeXJJMEivE0cVk77-nVAq4LUR98w_x4scVNMMYTt1GV8IzHpFpjrTf75x53eXlN51xdwzt-w&mlSearchSessionGuid=ef44f9bbb2c8726b9f76e7d40cfbf2b2,1/20,454990,10.0,2,21,,"1/20 Студия, 10 м², 2/21 этаж Только на Циан Калитники 10 минут пешком Москва , ЮВАО , р-н Нижегородский , м. Калитники , Автомобильный проезд , 4 54 990 ₽/мес. На несколько месяцев, комм. платежи включены (без счётчиков), без комиссии, залог 10 000 ₽ КЛИНИНГ ВКЛЮЧЕН В СТОИМОСТЬ. СРЕДНЕСРОЧНАЯ АРЕНДА на 1-6-12 мес. ЖК Nice Loft | Студия с кондиционером рядом с метро | Постельное белье и полотенца | Кондиционер | Двуспальная кровать | Smart TV | Высокоскоростной Wi-Fi | Полный пакет отчетных документов с чеками | Высокий Рейтинг | _ _ _ Дизайнерская Студия в ЖК Nice Loft. Чистая, уютная и новая студия, откуда не хочется уезжать. Интерьер продуман до мелочей. Заходи и Живи! Метро Калитники D2 (10 минут пешком) В квартире есть все необходимое для проживания 2-х человек: — двуспальная кровать; — кондиционер; — Wi-Fi, Smart-TV; — гладильная доска, утюг, сушилка; — постельное белье, комплект полотенец. Кухня: — плита, вытяжка, микроволновая печь, холодильник, чайник; — набор посуды и вся необходимая утварь; — чай, кофе, соль, сахар. Ванная комната: — душевая, фен; — стиральная машина, сушильная машина (в прихожей); — косметические принадлежности (шампунь, гель для душа, мыло). _ _ _ Инфраструктура: — метро Калитники D2 (10 минут пешком); — Калитниковский пруд (7 минут пешком); — Московский кёрлинг-клуб (15 минут пешком) — Международный университет психолого-педагогических инноваций (15 минут пешком); — Первый Московский кадетский корпус, Таганская кадетская школа (15 минут пешком); — Высшая школа телевидения Останкино (3 минут на авто); — Московский дайвинг (5 минут на авто); — квесты ""Клаустрофобия"" и ""Quest Stars"" (7 минут на авто); — Московский финансово-юридический университет (10 минут на авто); — Театр на Мельникова (10 минут на авто); — Товарищество артистов МХАТ (10 минут на авто); — завод ЦНИИТМАШ (12 минут на авто); — спортивный комплекс ""Центральный"" (13 минут на авто) _ _ _ Правила проживания: — от 18 лет при наличии паспорта; — проживание с детьми разрешено; — курение и шумные мероприятия в квартире не допускаются; При бронировании вносится предоплата за 1 месяц проживания 50 000 рублей Залог - 10 000 рублей. Коммунальные услуги не включены в стоимость - 5000 руб. Будем рады встретить Вас у нас в гостях! Забронируйте прямо сейчас! Ждем наших дорогих гостей! Агентство недвижимости ФУЛЛ ХАУС Суперагент +7 933 938-47-... Написать 2 недели назад 25 мар, 18:05",,https://www.cian.ru/cat.php?deal_type=rent&district%5B0%5D=8&engine_version=2&offer_type=flat&room9=1&type=4&p=3,2026-04-15T09:52:23+00:00
1427,328371174,ЮВАО,https://www.cian.ru/rent/flat/328371174/?context=3.3olxe2X2gAg.lUYX1oF41ODmN5NCgnGyOf7VIruM7f30dM-QK4NMzIBl2aXvYK5_TF1NHGD07_gR_V6X-hbWZzDs8g&mlSearchSessionGuid=ef44f9bbb2c8726b9f76e7d40cfbf2b2,1/20,455000,20.0,14,25,,"1/20 Апартаменты-студия, 20 м², 14/25 этаж Калитники 10 минут пешком Москва , ЮВАО , р-н Нижегородский , м. Калитники , Автомобильный проезд , 4 55 000 ₽/мес. От года, комм. платежи включены (без счётчиков), комиссия 50%, залог 60 000 ₽ Сдаётся новая студия с дизайнерским ремонтом — никто не жил в ЖК NICE LOFT. Вся мебель и техника — премиумкласса, всё новое. О квартире: • Современный дизайн, продуманный до мелочей • Комфортная планировка • Встроенная кухня со всей техникой • Качественная сантехника и освещение • Готова к заселению — заезжай и живи! • Современный проектор Инфраструктура и расположение: Район с развитой инфраструктурой: магазины, кафе, фитнес, аптеки, салоны, зоны отдыха и спорта. Рядом остановки общественного транспорта и станции метро — удобно добираться в любую точку города. До МЦД Калитники — 8 минут пешком, до метро Волгоградский проспект — всего 10 минут на транспорте. Центр Москвы — 7 минут на машине. Безопасность и комфорт: • Видеонаблюдение, круглосуточный консьерж • Охраняемый подземный паркинг • Беговая дорожка внутри квартала — круглый год Студия идеально подойдёт для тех, кто ценит комфорт, стиль и безопасность. Звоните — квартира свободна. Риелтор Евгения Баландина Суперагент +7 923 077-19-... Написать два дня назад 13 апр, 09:53",,https://www.cian.ru/cat.php?deal_type=rent&district%5B0%5D=8&engine_version=2&offer_type=flat&room9=1&type=4&p=3,2026-04-15T09:52:23+00:00
1369,328650937,ЮВАО,https://www.cian.ru/rent/flat/328650937/?context=3.HOCuUe8Otao.VZDBKHRHnuPqEThE_-zFx6WNo2b_C7foNCMTnfG-k29r4CPxU2XCLloJ9V_xFUBS6iN6e-v_b5yFbw&mlSearchSessionGuid=815eb25aebeda6cd777d0efa0f9fe608,1/16,460000,19.8,15,17,,"1/16 Студия, 19,8 м², 15/17 этаж Ранний доступ Текстильщики 10 минут на транспорте Москва , ЮВАО , р-н Текстильщики , м. Новохохловская , 1-й Грайвороновский проезд , 3Ак4 60 000 ₽/мес. На несколько месяцев, комм. платежи включены (без счётчиков), без комиссии, залог 60 000 ₽ Предлагается студия в современном жилом комплексе. Квартира никогда не сдавалась и не использовалась для аренды — вы станете первыми жильцами. В квартире выполнен ремонт ""под ключ"" с продуманной эргономикой и качественными материалами. Идеально подойдет для аккуратного человека или семейной пары. Квартира с окнами во двор. Планировка и мебель: Установлена кровать с орто-основанием и подъемным механизмом. Под матрасом — глубокий короб для хранения. Обеденная зона с раздвижным столом. Большой распашной шкаф для одежды и обуви. Письменный стол с удобным креслом. Техника и оснащение: — индукционная варочная панель (2 конфорки, быстрый нагрев); — посудомоечная машина; — вытяжка, микроволновая печь, чайник, холодильник no frost; — кондиционер; — фильтр для воды под мойкой (питьевая вода без бутылок и кулеров); — в ванной: стиральная машина с функцией сушки, шкаф и тумба для хранения; — несколько сценариев освещения. Ecть всe нeoбxодимoe для комфopтного прoживания, в т.ч нaбoр посуды для пригoтовлeния, нaбор столoвoй поcуды и cтоловыx прибoров, разделочная доска. Подушки, одеяло, гладильная доска. Инфраструктура и расположение: Дом находится в районе с полностью сформированной инфраструктурой ""в шаге от дома"". В пешей доступности : — детский сад и общеобразовательная школа; — городская поликлиника и частный медицинский центр; — продуктовые супермаркеты и круглосуточные аптеки; — кофейни, кафе для завтраков, салоны красоты и барбершопы. Условия: — Аренда долгосрочная, договор на 11 месяцев. Если съезжаете ранее чем через 6 месяцев, депозит не возвращается) — Залог 100% — Коммунальные платежи в стоимость не входят, оплачиваются дополнительно — Без домашних животных (индивидуально обговаривается маленькая собака) — В квартире нельзя курить (стоят датчики дыма). Собственник ID 39546126 +7 985 627-68-... Написать 5 часов назад сегодня, 07:42",,https://www.cian.ru/cat.php?deal_type=rent&district%5B0%5D=8&engine_version=2&offer_type=flat&room9=1&type=4&p=1,2026-04-15T09:52:23+00:00
1393,328298236,ЮВАО,https://www.cian.ru/rent/flat/328298236/?context=3.VMgZUsPQcE8.UdCeUM62OZNyb-mzzpRCACpzdnMHKG8H8ZL5fM5FRYmeiaJA3ZaYbztvPvgSityu7-zRQvFE7wVUfg&mlSearchSessionGuid=081a908f5890e7c1b892bc2999c13152,1/13,460000,17.0,11,17,,"1/13 Студия, 17 м², 11/17 этаж Только на Циан Волгоградский проспект 19 минут пешком Москва , ЮВАО , р-н Нижегородский , м. Калитники , Автомобильный проезд , 4 60 000 ₽/мес. От года, комм. платежи включены (без счётчиков), комиссия 50%, залог 60 000 ₽ Представляю вашему вниманию уникальную квартиру с дизайнерским ремонтом в современном монолитно-кирпичном доме 2025 года постройки. Расположенная в новом спортивном жилом комплексе Найс Лофт, эта квартира находится в пределах Третьего транспортного кольца, предлагая идеальное сочетание спокойной жизни и легкого доступа ко всем преимуществам центра Москвы. Пространство и комфорт: Просторная комната: Идеальное место для отдыха и сна. Удобная кровать и вместительный шкаф для хранения обеспечат максимальный комфорт. Современная кухня: Оснащена стильной мебелью и всей необходимой встроенной бытовой техникой, включая холодильник и микроволновую печь. Здесь вы сможете с удовольствием готовить любимые блюда. Удобства: Квартира оборудована стиральной машиной для вашего удобства. Совмещенный санузел: Выполнен в современном стиле с акцентом на качество. Высококлассная сантехника и просторная душевая кабина создают атмосферу спа-салона. Преимущества дома и ЖК: Высокий этаж: Квартира расположена на11 этаже 24-этажного дома, откуда открывается приятный вид. Современная инфраструктура: В доме функционируют два пассажирских и один грузовой лифт, обеспечивая быстрый и удобный доступ к вашему этажу. Безопасность и удобство: Для жителей комплекса предусмотрена парковка за шлагбаумом во дворе, что гарантирует безопасность ваших автомобилей. Новый спортивный ЖК: Найс Лофт — это современный жилой комплекс, где вы сможете наслаждаться активным образом жизни. Эта квартира — идеальный выбор для тех, кто ценит стиль, комфорт и удобное расположение. Добро пожаловать в ваш новый дом! Номер объекта: #1/536958/24838 Агентство недвижимости City Real Estate Документы проверены +7 916 935-64-... Написать вчера вчера, 16:20",,https://www.cian.ru/cat.php?deal_type=rent&district%5B0%5D=8&engine_version=2&offer_type=flat&room9=1&type=4&p=2,2026-04-15T09:52:23+00:00
1402,328043091,ЮВАО,https://www.cian.ru/rent/flat/328043091/?context=3.oIruVTkBfoY.FXVpQNW5XGQnDyKMY7nvwy4iFzRdV_RJO9Z_Wc1ourXY9nhYawzOUvlG8LXk23adAs7slI2O7o9jVw&mlSearchSessionGuid=ef44f9bbb2c8726b9f76e7d40cfbf2b2,1/37,460000,24.0,10,32,,"1/37 Студия, 24 м², 10/32 этаж Только на Циан Угрешская 6 минут пешком Москва , ЮВАО , р-н Южнопортовый , м. Угрешская , Волгоградский проспект , 32/5к4 60 000 ₽/мес. От года, комм. платежи включены (без счётчиков), комиссия 50%, залог 60 000 ₽ ПОД АВАНСОМ ДО 15 АПРЕЛЯ. Юлия, Москва, ЖК ""МЕТРОПОЛИЯ"", корпус ""Владивосток"", Волгоградский проспект 32/5 к4 -5 мин. пешком от метро Волгоградский проспект. СДАЁТСЯ ВПЕРВЫЕ ВЕЛИКОЛЕПНАЯ, СТИЛЬНАЯ, УЮТНАЯ, НОВАЯ СОВРЕМЕННАЯ КВАРТИРА-СТУДИЯ С ДИЗАЙНЕРСКИМ ЕВРОРЕМОНТОМ, выполненным из качественных и дорогих материалов - грамотно-продуманное решение пространства, использован каждый сантиметр! Большое количество встроенных шкафов позволит вам комфортно разместить все вещи и гардероб. Встроенная евро-кухня под единой столешницей с абсолютно всей новой бытовой техникой: варочная поверхность, духовой шкаф, вытяжка, СВЧ, двухкамерный холодильник, ПОСУДОМОЕЧНАЯ МАШИНА. Диван-аккордеон легко превращается в комфортную двуспальную кровать с независимыми пружинами. ЖК ТВ. Санузел евростандарт совмещенный С ВАННОЙ! Стиральная машина-автомат. СУШИЛЬНАЯ МАШИНА. КОНДИЦИОНЕР. Панорамный вид из окна на солнечную внешнюю сторону. ПОЛНОСТЬЮ ГОТОВА К ЗАСЕЛЕНИЮ! Показ оперативно - по договорённости, КЛЮЧИ НА РУКАХ! На длительный срок. Оплата+счётчики. Риелтор Юлия Шарапова Суперагент +7 985 102-75-... Написать два дня назад 13 апр, 00:28",,https://www.cian.ru/cat.php?deal_type=rent&district%5B0%5D=8&engine_version=2&offer_type=flat&room9=1&type=4&p=3,2026-04-15T09:52:23+00:00
1378,328893764,ЮВАО,https://www.cian.ru/rent/flat/328893764/?context=3.Vio8RcRSsRg.1x3RAWngm0AM8cP_DNYQMHjpqr_OxkFVEoMQSIx2o3hGZMu0Oqwo537rpXJ6FM5LbAp6HfixDaRoZA&mlSearchSessionGuid=081a908f5890e7c1b892bc2999c13152,1/36,462000,22.0,13,17,,"1/36 Студия, 22 м², 13/17 этаж Только на Циан Текстильщики 10 минут на транспорте Москва , ЮВАО , р-н Текстильщики , м. Новохохловская , 1-й Грайвороновский проезд , 3Ак4 62 000 ₽/мес. От года, комм. платежи включены (без счётчиков), без комиссии, залог 65 000 ₽ Я собственник, звоните! Впервые после ремонта сдается стильная дизайнерская студия без комиссии. Продуманное пространство, новая мебель и техника, качественные материалы и ощущение абсолютно нового жилья, в которое приятно заехать сразу. В студии есть все для комфортной жизни: полноценный раскладной двухместный диван-кровать с ортопедическим матрасом, посудомоечная машина, духовой шкаф, вместительный холодильник, микроволновая печь, бесшумная стиральная машина с сушкой, удобные системы хранения. На период отключения горячей воды установлен бойлер. Также предусмотрены фильтры для очистки воды до питьевого уровня. Интерьер выполнен со вкусом, без случайных решений и эргономически - аккуратно, современно и удобно для ежедневной жизни. Рассмотрим 1-2 человек. Студия готова к заселению. Звоните и приезжайте на просмотр! Риелтор Александр Максимов Суперагент +7 923 072-32-... Написать 15 минут назад сегодня, 12:38",,https://www.cian.ru/cat.php?deal_type=rent&district%5B0%5D=8&engine_version=2&offer_type=flat&room9=1&type=4&p=2,2026-04-15T09:52:23+00:00
1374,328627739,ЮВАО,https://www.cian.ru/rent/flat/328627739/?context=3.c--ch6fW6Zs.aX4tTPVIhy3D2_pbSOlQM7B0LBbluaCWB_lNiSrfyFZSTnbZOR1Awnp5ltxMm6SBvLw6rZBFOL9a3w&mlSearchSessionGuid=081a908f5890e7c1b892bc2999c13152,1/6,525000,19.0,3,21,,"1/6 Апартаменты-студия, 19 м², 3/21 этаж Только на Циан Калитники 11 минут пешком Москва , ЮВАО , р-н Нижегородский , м. Калитники , Автомобильный проезд , 4к5 25 000 ₽/мес. От года, комм. платежи включены (без счётчиков), без комиссии, залог 25 000 ₽ Сдаётся студия площадью 19 кв. м на третьем этаже современного 21-этажного дома. Высокие потолки 3.1 метра создают ощущение простора. Окна выходят во двор. Квартира сдаётся без ремонта и мебели. под склад,пред чистовая отделка(white-box) Дом оснащён двумя пассажирскими и одним грузовым лифтами, поэтому можно без проблем добраться до квартиры. Имеется подземная парковка для вашего автомобиля. . До ближайшей станции метро можно дойти за 10 минут, что удобно для поездок по городу. Условия аренды обсуждаются индивидуально. Возможна аренда по долгосрочному договору. Квартира сдаётся без комиссии. Звоните и записывайтесь на просмотр, чтобы лично оценить все преимущества этого предложения. Мы будем рады ответить на все ваши вопросы и показать квартиру в удобное для вас время. Есть еще апартамент в 6 корпусе на 11 этаже. Собственник ID 91147563 Документы проверены Назначить просмотр неделю назад 6 апр, 18:03",,https://www.cian.ru/cat.php?deal_type=rent&district%5B0%5D=8&engine_version=2&offer_type=flat&room9=1&type=4&p=2,2026-04-15T09:52:23+00:00
1405,328544382,ЮВАО,https://www.cian.ru/rent/flat/328544382/?context=3.hxbjSxitrI0.wETjN5oEJCEuKLnnYB8NDFSAjqmVVlSOMVeFXh8Sqkq6ZHjxdfF4rbWz7TtiA9bUnv6gxaA85KYm-g&mlSearchSessionGuid=ef44f9bbb2c8726b9f76e7d40cfbf2b2,1/11,555000,21.5,11,16,,"1/11 Студия, 21,5 м², 11/16 этаж Авиамоторная 12 минут пешком Москва , ЮВАО , р-н Лефортово , м. Авиамоторная , Красноказарменная улица , 14Ак5 55 000 ₽/мес. От года, комм. платежи включены (без счётчиков), комиссия 60%, залог 55 000 ₽ Сдается отличная , уютная , теплая студия на 11 этаже с прекрасным панорамой. квартире все имеется для комфортного проживания. квартира находится пеший доступности от метро , прекрасном районе . Имеется шикарный двор без машин. оперативный показ и заселение . счетчики и интернет оплачивает наниматель. Квартира под авансов до 25.04.2026 до 19-00. показа пока не будет . Риелтор Алия Анашкина Суперагент +7 915 190-89-... Написать вчера вчера, 20:45",,https://www.cian.ru/cat.php?deal_type=rent&district%5B0%5D=8&engine_version=2&offer_type=flat&room9=1&type=4&p=3,2026-04-15T09:52:23+00:00
1407,328641785,ЮВАО,https://www.cian.ru/rent/flat/328641785/?context=3.ePerNTW0U0I.xDRr5E6DruWIGM8_HAV7LMn_wRKZKrxEnN312yFO_65RDbnSgrLUUeKmLG-pYtFXDgqdxCBfrUlL6w&mlSearchSessionGuid=ef44f9bbb2c8726b9f76e7d40cfbf2b2,1/12,575000,23.0,4,17,,"1/12 Студия, 23 м², 4/17 этаж Только на Циан Калитники 10 минут пешком Москва , ЮВАО , р-н Нижегородский , м. Калитники , Автомобильный проезд , 4АС5 75 000 ₽/мес. На несколько месяцев, комм. платежи включены (без счётчиков), комиссия 50%, залог 75 000 ₽ Сдается впервые уютная студия в ЖК Nice Loft Общая площадь - 23 кв.м. Несмотря на компактный формат, пространство продумано до мелочей: каждый сантиметр используется максимально эффективно. В квартире: много мест для хранения вся необходимая бытовая техника кровать с подъемным механизмом шторы blackout для комфортного сна полноценное рабочее место Санузел компактный, но с полноценной ванной - редкость для студий такого формата. Идеальный вариант для одного человека или пары, ценящих комфорт и функциональность. Риелтор Светлана Савосткина Суперагент +7 915 397-79-... Написать неделю назад 6 апр, 12:18",,https://www.cian.ru/cat.php?deal_type=rent&district%5B0%5D=8&engine_version=2&offer_type=flat&room9=1&type=4&p=3,2026-04-15T09:52:23+00:00
1395,328929919,ЮВАО,https://www.cian.ru/rent/flat/328929919/?context=3.RxYJPyG9y1s.UUWvgYwKoEHT7ZfbvpfBr1sI65I-htnS5SpjDmchRslAAzmQcQdfN5u2GdQ6qMZNF6tmbFb1_S5ViA&mlSearchSessionGuid=081a908f5890e7c1b892bc2999c13152,1/11,646000,20.0,23,26,,"1/11 Студия, 20 м², 23/26 этаж Только на Циан Проверено в Росреестре Братиславская 20 минут пешком Москва , ЮВАО , р-н Люблино , м. Перерва , Люблинская улица , 80к6 46 000 ₽/мес. От года, комм. платежи включены (без счётчиков), без комиссии, залог 40 000 ₽ Предлагается уютная студия от собственника с современным евроремонтом. Квартира полностью готова к проживанию: вся необходимая мебель и техника в наличии, включая кабельное телевидение. Особое внимание стоит уделить кондиционеру, который станет вашим спасением в жаркие летние дни. Сдается строго одному арендатору, без детей и домашних животных. Агентствам и риелторам просьба не беспокоить. Собственник ID 139284860 +7 915 462-25-... Написать вчера 13 апр, 17:15",,https://www.cian.ru/cat.php?deal_type=rent&district%5B0%5D=8&engine_version=2&offer_type=flat&room9=1&type=4&p=2,2026-04-15T09:52:23+00:00
1351,326159535,ЮВАО,https://www.cian.ru/rent/flat/326159535/?context=3.G9OAQJA7XmE.DxPeoi1ycqDU6chfZiR7AqhVAfnS061to6-pKt7sy4aCCZilSIUawvwD-Rd5hwjrnNUlI0h2Q46BHw&mlSearchSessionGuid=815eb25aebeda6cd777d0efa0f9fe608,1/14 Ещё фото,647000,19.5,14,25,,"1/14 Ещё фото Пешком до метро! Студия, 19,5 м², 14/25 этаж Перерва 12 минут пешком Москва , ЮВАО , р-н Люблино , м. Перерва , Люблинская улица , 80к6 47 000 ₽/мес. От года, комм. платежи включены (без счётчиков), комиссия 60%, без залога Сдаётся светлая квартира-студия с евроремонтом и совмещённым санузлом в ЖК Люблинский парк! Без депозита! Её можно посмотреть когда Вам удобно: бронируете время, забираете ключи или встречаетесь с нашим представителем и спокойно осматриваете. Если всё понравится, договор подпишем онлайн и будем поддерживать Вас на всех этапах аренды. В квартире есть: - Кухонный гарнитур; - Варочная панель; - Холодильник; - Стиральная машина; - Вытяжка. Полы — ламинат и плитка. Окна выходят во двор, на восток. Во дворах обустроены детские площадки, двор без машин. На территории дома есть бесплатные парковочные места. Собственник готов заселить не более 2 взрослых жильцов с детьми, обсудить оформление временной регистрации, докупить мебель/технику или заключить договор с юридическим лицом. Можно с небольшим домашним питомцем по согласованию. Дом находится в районе с развитой инфраструктурой: в пешей доступности находятся продуктовые супермаркеты, школы, детские сады, медицинские учреждения, салоны красоты. Недалеко — парк Героев Отечественной войны 1812 года. В 18 минутах пешком — станция МЦД-2 Перерва, в 20 минутах — м. Братиславская. Автомобилистам будет удобно выезжать на Люблинскую улицу. Агентство недвижимости ПИК-Аренда Документы проверены Посмотреть все объекты +7 916 760-62-... Написать вчера вчера, 15:55",,https://www.cian.ru/cat.php?deal_type=rent&district%5B0%5D=8&engine_version=2&offer_type=flat&room9=1&type=4&p=1,2026-04-15T09:52:23+00:00
1428,328203460,ЮВАО,https://www.cian.ru/rent/flat/328203460/?context=3.iSrLjc22LXo.hm1cGBKfrz9x6JBew_qmj1IXFn6jGEOiScggaYq3YZ8VFSnky-439kNfVTZ5kDAfkT3eIlqSchtfew&mlSearchSessionGuid=ef44f9bbb2c8726b9f76e7d40cfbf2b2,1/10,655000,20.0,13,25,,"1/10 Студия, 20 м², 13/25 этаж Братиславская 20 минут пешком Москва , ЮВАО , р-н Люблино , м. Перерва , Люблинская улица , 80к6 55 000 ₽/мес. От года, комм. платежи включены (без счётчиков), комиссия 60%, залог 55 000 ₽ ==ЛОТ 223271 ==Сдается студия в новом современном жк на длительный срок. В шаговой доступности от м, Братиславская, В квартире есть все необходимое для проживания: холодильник, стиральная машинка, вытяжка. Прекрасная инфраструктура: дет. сад, школа, магазины, парк и пр. в шаговой доступности. Консьерж в подъезде. Рассмотрим не конфликтных и платежеспособных. Все условия прописываются в договоре. Агентство недвижимости Замоскворечье Суперагент +7 923 078-46-... Написать вчера вчера, 15:25",,https://www.cian.ru/cat.php?deal_type=rent&district%5B0%5D=8&engine_version=2&offer_type=flat&room9=1&type=4&p=3,2026-04-15T09:52:23+00:00
1372,327807212,ЮВАО,https://www.cian.ru/rent/flat/327807212/?context=3.hZ_-9ZPrUBU.xa04deUSozNbOjjerPMgX9VQN_ojNNWJ2esy3-1RXKcRox5TjAbadgY6YQKpQ5bmcIq_CgqGfp1dPQ&mlSearchSessionGuid=815eb25aebeda6cd777d0efa0f9fe608,1/24,670000,21.0,1,2,,"1/24 Апартаменты-студия, 21 м², 1/2 этаж Только на Циан Текстильщики 13 минут пешком Москва , ЮВАО , р-н Текстильщики , м. Текстильщики , Грайвороновская улица , 4С6 70 000 ₽/мес. От года, комм. платежи включены (счётчики включены), без комиссии, залог 70 000 ₽ Фото и видео реальные! Собственник! БЕЗ КОМИССИИ! Агентов просьба не беспокоить) На длительный срок сдаются уникальные двухуровневые апартаменты с отдельным входом - единственные в своем роде в Москве! Комплекс повышенного комфорта с СПОРТЗАЛОМ для жильцов. Интерьер как с Pinterest - заходишь и влюбляешься! Живите как в своем ОТДЕЛЬНОМ доме рядом с центром. Полная приватность, современный стиль и продуманный дизайн до мелочей. Всего 8 таких объектов во всем ЖК. Для тех, кто знает, чего хочет, и получает это. Двухуровневая студия с высокими потолками - светлая, уютная, с воздухом и пространством, где хочется жить и работать. В шаговой доступности: кафе, кофейни, магазины, аптеки, службы доставки. До центра Москвы - 12 минут на авто, 4 станции до Китай-города, 20 минут до Кремля. До метро Текстильщики - 10 минут пешком или 2 остановки на общественном транспорте (остановка прямо у выхода с территории, интервал движения 3 минуты). Всё для комфортной жизни: парки, спортивные и культурные объекты рядом. Новый современный апарт-комплекс с охраняемой 24/7 территорией. Бесплатная большая парковка, всегда есть место. Тихий, закрытый двор, спокойные соседи, без детских площадок. Для жильцов - бесплатный спортивный зал с современным оборудованием. На территории - пункт выдачи Ozon. Вся квартира укомплектована техникой и мебелью на заказ: Холодильник, кондиционер, посудомоечная машина. стиральная машина, микроволновка, варочная панель, телевизор, чайник, пылесос. Раскладывающийся диван (полноценное двуспальное место). Большая двуспальная кровать с новым матрасом 160 на 200, безопасная лестница, вместительные шкафы. Набор кухонной и столовой посуды для комфортного проживания. Идеально для жизни и работы, приватности и комфорта. =) Аренда - 70 000 ₽/мес. Квартплата оплачивается отдельно. Pet-friendly: можно с животными (обсуждается отдельно). Звоните отвечу на любые вопросы! Собственник ID 78088840 Документы проверены +7 989 595-43-... Написать вчера вчера, 18:25",,https://www.cian.ru/cat.php?deal_type=rent&district%5B0%5D=8&engine_version=2&offer_type=flat&room9=1&type=4&p=1,2026-04-15T09:52:23+00:00
1358,328976686,ЮВАО,https://www.cian.ru/rent/flat/328976686/?context=3.0ZvBhfXh2Is.Rw-EwM5afh0PCn2_2zRLvuBidbBmnVX4I4gGu7_1-CuLhmN4lgdWWsFs-GtZm-MuQDKuJyqiYLnp3g&mlSearchSessionGuid=815eb25aebeda6cd777d0efa0f9fe608,1/9,765000,24.0,5,30,,"1/9 Студия, 24 м², 5/30 этаж Волгоградский проспект 8 минут пешком Москва , ЮВАО , р-н Южнопортовый , м. Угрешская , Волгоградский проспект , 32/3к7 65 000 ₽/мес. От года, комм. платежи включены (без счётчиков), комиссия 80%, залог 65 000 ₽ Квартира студия в ЖК Бизнес-класса. Современный ремонт. Полный комплект техники (посудомоечная машина, стиральная машина с сушкой, микроволновая печь, телевизор, кондиционер). Безопасная территория (закрытый двор, охрана, консьерж). Рядом торговый центр и современная школа. Оснащение квартиры: Теплый пол в ванной Бойлер (независимость от отключения воды). Посудомоечная машина. Стиральная машина с функцией сушки. Кровать с ортопедическим матрасом Агентство недвижимости PREMIUM CITY Суперагент +7 916 394-64-... Написать вчера вчера, 18:26",,https://www.cian.ru/cat.php?deal_type=rent&district%5B0%5D=8&engine_version=2&offer_type=flat&room9=1&type=4&p=1,2026-04-15T09:52:23+00:00
1422,328745018,ЮВАО,https://www.cian.ru/rent/flat/328745018/?context=3.a9kb67Tg0Zg.bBSljHtqw6bt2ayki8vb80sXG32Sl03GsAnEWp7XdocYFSSk6ljsbZf7lrKyct2VllWG2jyZRCydNg&mlSearchSessionGuid=ef44f9bbb2c8726b9f76e7d40cfbf2b2,1/18,875000,26.5,8,10,,"1/18 Апартаменты-студия, 26,5 м², 8/10 этаж Только на Циан Серп и Молот 9 минут пешком Москва , ЮВАО , р-н Лефортово , м. Серп и Молот , улица Золоторожский Вал , 8 75 000 ₽/мес. От года, комм. платежи включены (без счётчиков), без комиссии, залог 75 000 ₽ Сдаётся впервые! Стильная студия в современном ЖК Золоторожский, рядом метро Площадь Ильича / Римская, ж/д станция Серп и Молот. В нашем предложении есть всё необходимое для вашего комфортного проживания! Кухонная зона со встроенным холодильником, посудомоечной машиной, духовым шкафом и микроволновой печью, удобная обеденная зона. Качественный новый диван— вам будет комфортно отдыхать ночью. В прихожей размещён вместительный шкаф. Установлены кондиционер и бойлер на время отключения горячей воды, очень хорошая шумоизоляция. В апартаментах сделан стильный дизайнерский ремонт из качественных материалов. Дополнительная необходимая техника и мебель обсуждаются. Дом бизнес-класса с огороженной территорией, охраной, системой видеонаблюдения, консьерж-службой, подземным и наземным охраняемым паркингом. В пешей доступности рестораны, кофейни, магазины на любой вкус, пункты выдачи маркетплейсов, уютные прогулочные зоны. Остались вопросы? Звоните! Оксана Риелтор Оксана Оксименко Суперагент +7 915 297-85-... вчера вчера, 17:08",,https://www.cian.ru/cat.php?deal_type=rent&district%5B0%5D=8&engine_version=2&offer_type=flat&room9=1&type=4&p=3,2026-04-15T09:52:23+00:00
1413,328942495,ЮВАО,https://www.cian.ru/rent/flat/328942495/?context=3.RckyC-FFZng.zKcEwQMgAS5SLOZb3cUAozeIjp5zmw06R1lL-IINQcLw3WkujbRXxzcAfxzwfxp46I3Qg26zo8KfBQ&mlSearchSessionGuid=ef44f9bbb2c8726b9f76e7d40cfbf2b2,1/10,1056000,24.0,16,32,,"1/10 Студия, 24 м², 16/32 этаж Только на Циан Нижегородская 9 минут пешком Москва , ЮВАО , р-н Нижегородский , м. Нижегородская , Газгольдерная улица , 10 56 000 ₽/мес. От года, комм. платежи включены (без счётчиков), комиссия 55%, залог 56 000 ₽ ЖК Профит новый жилой квартал комфорт класса.Сдается квартира-студия на длительный срок, до метро Нижегородская (БКЛ, МЦК, МЦД-4, Некрасовская линия) 5 минут пешком. Все новое, техника ( телевизор, холодильник, микроволно вая печь, стиральная машина, пылесос, утюг) и мебель. Огороженная территория, двор без машин, охрана, подземный паркинг. Рядом ТЦ АШАН, ЛЕМАНА ПРО , прогулочная зона, сетевые магазины, аптеки, кафе и т.д. (ЗАЛОГ МОЖНО РАЗБИТЬ) Есть кладовка 3.5 метра ,на минус 1 этаже ( за дополнительную плату) Риелтор Андрей Колошеин Суперагент +7 986 323-85-... Написать вчера 13 апр, 23:25",,https://www.cian.ru/cat.php?deal_type=rent&district%5B0%5D=8&engine_version=2&offer_type=flat&room9=1&type=4&p=3,2026-04-15T09:52:23+00:00
1385,327375667,ЮВАО,https://www.cian.ru/rent/flat/327375667/?context=3.R29TybfbUMY.Yxd7RDFiisnYpAdWjvlX3TQJdiixaSZRdT27lgBhCyISQxcVc6S-cNQmxgMy1kOTLzcx74rND0pMvQ&mlSearchSessionGuid=081a908f5890e7c1b892bc2999c13152,1/18,1058000,26.9,9,32,,"1/18 Студия, 26,9 м², 9/32 этаж Нижегородская 8 минут пешком Москва , ЮВАО , р-н Нижегородский , м. Нижегородская , Газгольдерная улица , 10 58 000 ₽/мес. От года, комм. платежи включены (без счётчиков), комиссия 50%, без залога Cдаетcя уютнaя студия ЖK Пpофит новая, свeтлая cтудия с дизaйнepcким pемoнтoм oт кoмпaнии Smarent. Квартира рacполoжeна на 9 этаже . Идeaльная тpaнcпoртнaя доступность - в 5 минутах xодьбы нaходится ст. мeтрo Hижeгорoдcкая, кoтoрая входит в крупнейший в Eвропе тpанспоpтнo-пepесадочный узел. В его составе: две станции метро, станции МЦК, МЦД и Горьковского направления МЖД. До ст. м Таганская можно добраться наземным транспортом за 20 мин, МЦК Москва Сити (Деловой Центр) 30 мин., Нескучный Сад в Парке Горького - 25 минут. Для автомобилистов удобный быстрый выезд на ТТК и Садовое Кольцо. Рядом большой торговый центр ""Город"", Леруа. Закрытый двор с детскими площадками и фитнес-зоной, а также большой подземный паркинг. Машиноместо можно снять по доступной цене. Бытовая техника: стиральная машина, холодильник, варочная панель, СВЧ печь, телевизор, электрический чайник. Есть всё необходимое для жизни УСЛОВИЯ ПРОЖИВАНИЯ: Тариф Комфортное проживание -50% от арендного платежа - Раннее бронирование объекта (за 3 дня до заселения) - Персональный менеджер на всех этапах аренды быстро реагирует на запросы - большинство бытовых вопросов решаем за 48 часов - Страхование гражданской ответственности до 0,3 млн ₽ - Организация мелкого ремонта ! Коммунальные платежи: электроэнергия, хвс\гвс, услуги интернет провайдера, расходы за отопление дома/квартиры оплачивает арендатор. ! Заселение только при наличии постоянной регистрации РФ. Строго без животных. Агентство недвижимости СМАРЕНТ Документы проверены +7 985 853-93-... Написать вчера вчера, 11:49",,https://www.cian.ru/cat.php?deal_type=rent&district%5B0%5D=8&engine_version=2&offer_type=flat&room9=1&type=4&p=2,2026-04-15T09:52:23+00:00
1375,327867504,ЮВАО,https://www.cian.ru/rent/flat/327867504/?context=3.pb_1Ltq4-p0.O5jcJK9dZVke8skF7gMFQNaGtQTsugHamCJZmHvGvfx4xOfo7FF-nUJargHo98luGp0WOePbPwaoKw&mlSearchSessionGuid=081a908f5890e7c1b892bc2999c13152,1/8,1060000,33.0,18,32,,"1/8 Студия, 33 м², 18/32 этаж Только на Циан Нижегородская 9 минут пешком Москва , ЮВАО , р-н Нижегородский , м. Нижегородская , Газгольдерная улица , 10 60 000 ₽/мес. От года, комм. платежи включены (без счётчиков), комиссия 50%, залог 60 000 ₽ Эксклюзивное предложение! Сдаётся студия, от метро Нижегородская до 5 минут пешком. В квартире выполнен дизайнерский ремонт. Планировка с зонированием спальни, полноценная кухня и совмещённый санузел. Есть вся необходимая мебель и техника. Наземная парковка за шлагбаумом. При симпатии депозит разбивается. Звоните, оперативно проведём показ! Агентство недвижимости Не для галочки Суперагент +7 916 505-14-... Написать вчера вчера, 21:23",,https://www.cian.ru/cat.php?deal_type=rent&district%5B0%5D=8&engine_version=2&offer_type=flat&room9=1&type=4&p=2,2026-04-15T09:52:23+00:00
1390,326408440,ЮВАО,https://www.cian.ru/rent/flat/326408440/?context=3.GYDg9LFqwR8.3vFXvBIkFCkAJuRnf_Pk9LElYlDqun4X6bmqasp7z7oXXsXDIztZMOIlcWlgEui8J4SVcj9y_QlmqQ&mlSearchSessionGuid=081a908f5890e7c1b892bc2999c13152,1/13,1065000,29.0,27,32,,"1/13 Студия, 29 м², 27/32 этаж Нижегородская 9 минут пешком Москва , ЮВАО , р-н Нижегородский , м. Нижегородская , Газгольдерная улица , 10 65 000 ₽/мес. От года, комм. платежи включены (счётчики включены), без комиссии, залог 50 000 ₽ От собственника. Если необходимо что то докупить в квартиру для комфортного проживания, обсудим, договоримся. Условия аренды: квартира сдаётся в аренду на длительный срок. Залог обсуждаются индивидуально. В квартире могут проживать один или два человека. Возможно с животными. Рассмотрю договор субаренды. Возможен аргументированный торг. ID 26355829 +7 986 304-22-... Написать вчера вчера, 15:31",,https://www.cian.ru/cat.php?deal_type=rent&district%5B0%5D=8&engine_version=2&offer_type=flat&room9=1&type=4&p=2,2026-04-15T09:52:23+00:00
1361,325424262,ЮВАО,https://www.cian.ru/rent/flat/325424262/?context=3._omoKTFxf_g.Uhh6spegGmgTgVbbs3MT6qmRrL6Bok4MtwSRg9fd7cQPFiJ9AiCPvuUnhRlBJMYV9VmGXKDjbdL0lg&mlSearchSessionGuid=815eb25aebeda6cd777d0efa0f9fe608,1/14,1070000,25.6,9,31,,"1/14 Сдается впервые помле ремонта Студия, 25,6 м², 9/31 этаж Только на Циан Нижегородская 9 минут пешком Москва , ЮВАО , р-н Нижегородский , м. Нижегородская , Газгольдерная улица , 10 70 000 ₽/мес. От года, комм. платежи включены (без счётчиков), без комиссии, залог 75 000 ₽ Сдается новая стильная уютная квартира-студия общей площадью 25,6 кв м. Располагается на 12 этаже. Окна выходят на улицу. Техника в квартире: стиральная машина, индукционная варочная панель с 2 конфорками, полноразмерный холодильник, духовой шкаф с функцией микроволновки, вытяжка, кондиционер, проточный водонагреватель, электрочайник, беспроводной пылесос, утюг. Квартира обставлена удобной мебелью: полноразмерная кровать шириной 160 см с подъемным механизмом, анатомический матрас Askona (высота 17 см), прикроватная тумбочка, стеллаж, комод, большой шкаф для одежды, обеденный стол с 2 стульями, пуфик, зеркало. Также есть стремянка и гладильная доска. Санузел с ванной (170 см) площадью 3,2 кв м. Кроме того имеется набор посуды: кастрюли, сковорода, чашки, тарелки, салатники, столовые приборы. Квартира сдается впервые после ремонта. Договор найма заключается на 11 месяцев Коммунальные платежи: электроэнергия, ХВС, ГВС, отопление, интернет оплачиваются арендатором. Риелтор Марианна Маринычева Суперагент +7 915 267-45-... Написать вчера вчера, 16:25",,https://www.cian.ru/cat.php?deal_type=rent&district%5B0%5D=8&engine_version=2&offer_type=flat&room9=1&type=4&p=1,2026-04-15T09:52:23+00:00
1414,298608752,ЮВАО,https://www.cian.ru/rent/flat/298608752/?context=3.I7XanMr-nMM.jamatI4u1s2x6U-HPiGJAjDRZcj2vrB_n1Vp94TptpubBylHj48f3BD2ovptfPWwnYft-nwMxQy9LA&mlSearchSessionGuid=ef44f9bbb2c8726b9f76e7d40cfbf2b2,1/11,1250000,19.0,10,16,,"1/11 Студия, 19 м², 10/16 этаж Только на Циан Серп и Молот 7 минут пешком Москва , ЮВАО , р-н Лефортово , м. Серп и Молот , Таможенный проезд , 12 50 000 ₽/мес. От года, комм. платежи включены (без счётчиков), комиссия 50%, залог 50 000 ₽ Сдается с 03.02 на длительный срок уютная студия с косметическим ремонтом и всей необходимой мебелью и техникой в 8 минутах пешком от м. Площадь Ильича или Римская или в 6 минутах пешком от станции МЦД Серп и Молот. Угловой диван раскладывается. Можно с небольшими воспитанными животными. Оперативный показ и заселение! Звоните, уважаемые клиенты и коллеги! Риелтор Юрий Старшинов Суперагент +7 994 785-89-... Написать вчера вчера, 15:14",,https://www.cian.ru/cat.php?deal_type=rent&district%5B0%5D=8&engine_version=2&offer_type=flat&room9=1&type=4&p=3,2026-04-15T09:52:23+00:00
1346,328627345,ЮВАО,https://www.cian.ru/rent/flat/328627345/?context=3.sqJNSOnXfiY.nI7TRoCW9vvTPHQwsAz6iZ2cspFpxnM4fTLmvSOd-wcD2TTZINDst_k5h007M-mNKo-o3CR6E0oaTg&mlSearchSessionGuid=815eb25aebeda6cd777d0efa0f9fe608,1/13 Ещё фото,1950000,20.0,1,5,,"1/13 Ещё фото Апартаменты-студия, 20 м², 1/5 этаж Только на Циан Сортировочная 9 минут пешком Москва , ЮВАО , р-н Лефортово , м. Сортировочная , Ухтомская улица , 19 50 000 ₽/мес. От года, комм. платежи включены (без счётчиков), комиссия 50%, залог 55 000 ₽ Сдаю на длительный срок стильную квартиру. Высота потолков 3,1 м, что дает простор в помещении. Квартира сдается впервые после качественного ремонта, есть все необходимое для жизни. Оперативный показ Риелтор Екатерина Рычкова Суперагент Посмотреть все объекты +7 936 706-91-... Написать 3 часа назад сегодня, 09:22",,https://www.cian.ru/cat.php?deal_type=rent&district%5B0%5D=8&engine_version=2&offer_type=flat&room9=1&type=4&p=1,2026-04-15T09:52:23+00:00
1392,327917847,ЮВАО,https://www.cian.ru/rent/flat/327917847/?context=3.9LIqy81Bl5E.Rdf7ybrJVR1csLpRca8UD13d1gZ-i9rKIKuPrpTVQJiAAB5DxHam_f9F5oLBjr9zJjlyjF58qxGGGQ&mlSearchSessionGuid=081a908f5890e7c1b892bc2999c13152,1/14,2027000,29.2,5,23,,"1/14 Апартаменты-студия, 29,2 м², 5/23 этаж Только на Циан Волгоградский проспект 2 минуты пешком Москва , ЮВАО , р-н Южнопортовый , м. Волгоградский проспект , Новоостаповская улица , 20 27 000 ₽/мес. От года, комм. платежи включены (без счётчиков), без комиссии, залог 25 000 ₽ Арт. 129551791 На длительный срок сдаётся студия в ЖК HighWay 29.2 метра, строго под склад. 1 минута до метро Волгоградский проспект, 15 минут до станции МЦК Угрешская и до станции метро Дубровка. Агентство недвижимости Мечты в квадрате Суперагент +7 986 263-98-... Написать вчера вчера, 17:40",,https://www.cian.ru/cat.php?deal_type=rent&district%5B0%5D=8&engine_version=2&offer_type=flat&room9=1&type=4&p=2,2026-04-15T09:52:23+00:00
1363,328323673,ЮВАО,https://www.cian.ru/rent/flat/328323673/?context=3.U2Zl9byFTgI.MVlrE1LiEJqno9aM1vGZRmv2W-by8_uhg1sffqUAB20LMUu3gj8EYXHGNjfCLzz5PZpABoFAULfsLQ&mlSearchSessionGuid=815eb25aebeda6cd777d0efa0f9fe608,1/15,2057500,23.0,16,25,,"1/15 Комиссия 0% + Самая низкая цена! Апартаменты-студия, 23 м², 16/25 этаж Только на Циан Волгоградский проспект 3 минуты пешком Москва , ЮВАО , р-н Южнопортовый , м. Волгоградский проспект , Новоостаповская улица , 20 57 500 ₽/мес. От года, комм. платежи включены (без счётчиков), без комиссии, залог 57 500 ₽ УНИКАЛЬНОЕ ПРЕДЛОЖЕНИЕ: 1) Без комиссии для арендатора ! 2) Самая низкая цена за дизайнерскую студию в ЖК бизнес-класса в пределах ТТК ! 3) До метро 1 мин пешком ! Сдается на длительный срок стильная студия 23 кв.м. с дизайнерским ремонтом в современном ЖК бизнес-класса ХайВэй. АДРЕС: г. Москва, ул. Новоостаповская, д. 20. ЭТАЖ: 16 из 25. ПЛОЩАДЬ: 23 кв.м. (комната 18 кв.м., кухня-гостиная 5 кв.м.). РЕМОНТ: Объект в идеальном состоянии, дизайнерский ремонт. ОТДЕЛКА САНУЗЛА: Совмещенный санузел с душевой кабиной. ПОЛНОЕ ОСНАЩЕНИЕ МЕБЕЛЬЮ И ТЕХНИКОЙ: • Кондиционер. • Большой холодильник. • Стиральная машина. • Стеклокерамическая варочная панель. • Вытяжной шкаф. • Микроволновая печь. • ! 3 ОГРОМНЫХ ГАРДЕРОБНЫХ ШКАФА ! ЛОКАЦИЯ И ТРАНСПОРТ: • 1 минута пешком до м. Волгоградский проспект. • 10 минут пешком до м. Дубровка. • 12 минут пешком до м. Угрешская. • 10 минут на автомобиле до Садового кольца. • 10 минут до центра Москвы на метро. ИНФРАСТРУКТУРА ЖК ХАЙВЭЙ: • Комплекс бизнес-класса с подземным паркингом. • Вся необходимая инфраструктура. •Прямо в доме продуктовый супермаркет Дикси. • Скоро в ЖК будет открыт собственный фитнес-центр с бассейном World Class. • Закрытая охраняемая территория с видеонаблюдением. • Благоустроенный двор. ФИНАНСОВЫЕ И ОРГАНИЗАЦИОННЫЕ УСЛОВИЯ: • Собственник действует как ИП. Аренда возможна как для физических лиц, так и для юридических лиц (для проживания конкретного сотрудника, указываемого в договоре). • ВСЯ ОПЛАТА СТРОГО ПО БЕЗНАЛИЧНОМУ РАСЧЕТУ. • ДЛЯ ПРОЖИВАНИЯ 1 ЧЕЛОВЕКА ИЛИ СЕМЕЙНОЙ ПАРЫ БЕЗ ДЕТЕЙ! • ПРОЖИВАНИЕ С ЖИВОТНЫМИ НЕ ДОПУСКАЕТСЯ. • В стоимость аренды включены коммунальные платежи. Дополнительно оплачиваются: электроэнергия, вода по счетчикам, интернет. Риелтор ID 123676766 Документы проверены +7 985 041-16-... Написать неделю назад 3 апр, 18:26",,https://www.cian.ru/cat.php?deal_type=rent&district%5B0%5D=8&engine_version=2&offer_type=flat&room9=1&type=4&p=1,2026-04-15T09:52:23+00:00
1345,328729519,ЮВАО,https://www.cian.ru/rent/flat/328729519/?context=3.GhYYnbgZ8AA.ShQWlWKffov28S1Sx4f4-kBnx3cwj6DZSBzB0z3e-H9_DmDnQlUoAzUnFfDKvqyLqmZ_KfRM_CCuVw&mlSearchSessionGuid=815eb25aebeda6cd777d0efa0f9fe608,1/8 Ещё фото,2058000,23.5,21,23,,"1/8 Ещё фото Возможно снять и на короткий срок Апартаменты-студия, 23,5 м², 21/23 этаж Только на Циан Волгоградский проспект 3 минуты пешком Москва , ЮВАО , р-н Южнопортовый , м. Волгоградский проспект , Новоостаповская улица , 20 58 000 ₽/мес. От года, комм. платежи включены (без счётчиков), комиссия 60%, залог 30 000 ₽ Современная студия 23 м2! 2 минуты от станции метро Волгоградский проспект или 7 минут от метро Угрешская. 10 минут до Кремля, рядом Третье транспортное кольцо, удобно добираться в любую точку города. Максимально комфортное проживание вам обеспечено. Круглосуточная охрана подъезда и территории. Высота потолков под 2,8 метра. Современный дизайн, и мебель. Новая техника (кондиционер, встроенный холодильник, плита, стиральная машина, телевизор, СВЧ). Большая ванна Индивидуальное отопление с возможностью регулировки каждой батареи. Коммунальные платежи по счетчикам. Популярный Жилой комплекс ЖК ""Хайвей"". Расположен в отличном районе города Москвы с сложившейся инфраструктурой района. Недалеко от комплекса: Крупнейший развлекательный комплекс ""Остров мечты"", Коломенский парк, Современная архитектура и авторская отделка корпусов. Благоустроенная и охраняемая территория. Собственный подземный паркинг, оригинальные современные детские площадки. Квартира сдается ВПЕРВЫЕ. Порядочный и доброжелательный собственник. Желаю Удачи! Риелтор Дмитрий Сыромятников Суперагент Посмотреть все объекты +7 986 323-66-... 30 минут назад сегодня, 12:09 Как опередить это объявление?",,https://www.cian.ru/cat.php?deal_type=rent&district%5B0%5D=8&engine_version=2&offer_type=flat&room9=1&type=4&p=1,2026-04-15T09:52:23+00:00
1408,328057567,ЮВАО,https://www.cian.ru/rent/flat/328057567/?context=3.0gEmR8NN1Ko.aK4lVFBkh0qvxEsYISXsauPVtiiybXhLlbAOrRrlhpOIf4xzYpYAXpQKvoHb8bhekCniVYvRjR1baQ&mlSearchSessionGuid=ef44f9bbb2c8726b9f76e7d40cfbf2b2,1/10,2060000,23.0,3,23,,"1/10 Апартаменты-студия, 23 м², 3/23 этаж Только на Циан Волгоградский проспект 3 минуты пешком Москва , ЮВАО , р-н Южнопортовый , м. Волгоградский проспект , Новоостаповская улица , 20 60 000 ₽/мес. От года, комм. платежи включены (без счётчиков), комиссия 50%, залог 60 000 ₽ К Вашему вниманию предлагается: Новые Светлые апартаменты с удобным месторасположением, с качественной современной отделкой, разные вариации освещения, мягкий диван- кровать на два спальных места, сделанная на заказ кухня со встроенной техникой и большим количеством места под хранения вещей, смесители из латуни. Весь комплект посуды и кухонной утвари для комфортного проживания есть, ничего с собой привозить нет необходимости. Туалетная комната оснащена стиральной- сушильной машиной, огромной столешницей с раковиной из искусственного камня, большое зеркало с подсветкой, душевая кабина с тропическим душем, шкафы для хранения. В прихожей огромный шкаф- гардеробная для хранения одежды. Наполнение апартаментов: пылесос, кондиционер, холодильник, посудомоечная машина, стирально-сушильная машина, телевизор, доп кровать, 3 комплекта постельного белья, полотенца, чистящие средства. Расположение рядом с метро и центром Москвы, светлые комфортабельные апартаменты, закрытая охраняемая территория, собственный двухэтажный фитнес-клуб с бассейном, подземный паркинг, благоустроенный закрытый двор с ландшафтным озеленением и детскими площадками, модные кафе, магазины, салоны красоты, высокий уровень сервиса. Риелтор Людмила Сухорукова Суперагент +7 986 807-79-... Написать два дня назад 13 апр, 08:39",,https://www.cian.ru/cat.php?deal_type=rent&district%5B0%5D=8&engine_version=2&offer_type=flat&room9=1&type=4&p=3,2026-04-15T09:52:23+00:00
1349,328255372,ЮВАО,https://www.cian.ru/rent/flat/328255372/?context=3.1yQXjcQiDGM.9-W1aYADu_n_nNxgtm3WjRAOO0zNxpfx-BFn3083lnvh2duc04pOu0ez7nZfCSy262GExAjUgC0uMQ&mlSearchSessionGuid=815eb25aebeda6cd777d0efa0f9fe608,1/18 Ещё фото,2067000,27.0,11,23,,"1/18 Ещё фото Апартаменты-студия, 27 м², 11/23 этаж Волгоградский проспект 3 минуты пешком Москва , ЮВАО , р-н Южнопортовый , м. Волгоградский проспект , Новоостаповская улица , 20 67 000 ₽/мес. От года, комм. платежи включены (без счётчиков), комиссия 60%, залог 67 000 ₽ ВАШЕМУ ВНИМАНИЮ! м.Волгоградский проспект - 2 минуты пешком! Предлагается, светлая, уютная квартира. Квартира в отличном состоянии, после ремонта. Полностью укомплектована всей необходимой мебелью и техникой для комфортного проживания. В шаговой доступности магазины одежды и обуви, салоны красоты, бытовые услуги, спортклуб, продуктовые магазины. Заселение день в день. Оперативный показ. По всем вопросам звонить 24/7. Агентство недвижимости PREMIUM CITY Документы проверены Посмотреть все объекты +7 985 586-44-... Написать вчера вчера, 16:42",,https://www.cian.ru/cat.php?deal_type=rent&district%5B0%5D=8&engine_version=2&offer_type=flat&room9=1&type=4&p=1,2026-04-15T09:52:23+00:00
1400,328676245,ЮВАО,https://www.cian.ru/rent/flat/328676245/?context=3.V5oT9bx1Wa0.6OI1kUqjWVwoE_ar4MTAXhslr7k6Ew9Ok0ScQAvJ8fhsNx7-fUnbak4fUZ1RqvZa6MOJCxWtbE4DSQ&mlSearchSessionGuid=081a908f5890e7c1b892bc2999c13152,1/11,2069000,27.5,10,23,,"1/11 Апартаменты-студия, 27,5 м², 10/23 этаж Волгоградский проспект 3 минуты пешком Москва , ЮВАО , р-н Южнопортовый , м. Волгоградский проспект , Новоостаповская улица , 20 69 000 ₽/мес. От года, комм. платежи включены (без счётчиков), без комиссии, залог 40 000 ₽ Сдаётся уютная студия с дизайнерским ремонтом в шаговой доступности от метро Волгоградский проспект — всего 2 минуты пешком. Квартира расположена на 10 этаже 23-этажного дома, общая площадь — 27.5 кв. м, высота потолков — 2.7 метра. В квартире никто не жил. Мебель и техника новое. В студии есть всё необходимое для комфортного проживания: кондиционер, холодильник, телевизор и стиральная машина. Совмещённый санузел оборудован современной душевой кабиной. Стильный интерьер и продуманная планировка создают атмосферу уюта и удобства. Дом находится в ЖК Хайвей, имеется подземная парковка, три пассажирских и один грузовой лифт, а также стабильный доступ в интернет. Все условия для комфортной жизни. Район предлагает развитую инфраструктуру: рядом находятся школы, детские сады, клиники и магазины, поэтому можно быстро добраться до всего необходимого. Условия аренды: договор аренды, обсуждаемый срок проживания, депозит. Квартира сдаётся без комиссии. Приезжайте на просмотр, чтобы оценить все преимущества этой студии. Запись на просмотр по телефону. Собственник ID 105019842 +7 916 467-10-... Написать вчера вчера, 13:58",,https://www.cian.ru/cat.php?deal_type=rent&district%5B0%5D=8&engine_version=2&offer_type=flat&room9=1&type=4&p=2,2026-04-15T09:52:23+00:00
1391,327143324,ЮВАО,https://www.cian.ru/rent/flat/327143324/?context=3.Sl8PjOQ61Gs.CFg2X5OfzkQkfpEcWWmnQ30PbDNNe65myWKrlqqg2EKAdDi_98P-CPysJo0-TvE61bm7nYDiTZRsLQ&mlSearchSessionGuid=081a908f5890e7c1b892bc2999c13152,1/9,2069900,26.0,22,23,,"1/9 Апартаменты-студия, 26 м², 22/23 этаж Волгоградский проспект 3 минуты пешком Москва , ЮВАО , р-н Южнопортовый , м. Волгоградский проспект , Новоостаповская улица , 20 69 900 ₽/мес. От года, комм. платежи включены (без счётчиков), комиссия 50%, залог 75 000 ₽ Id 60982. Сдается просторная студия в ЖК ""HighWay"" ! Об апартаменте: - Квартира оснащена всей необходимой мебелью и техникой. - Большое панорамное окно. - Дизайнерский ремонт на стадии завершения. - Полностью укомплектована Главные преимущества комплекса Хайвей: - Метро ""Волгоградский проспект"" в 3 минутах ходьбы. - До центра города 10 минут на метро! - На первых этаж уже работает продуктовый магазин ""Дикси"", также в комплексе открыты пункты выдачи ""Ozon"" и ""Wildberries"" - Летом будет открыт фитнес-клуб с бассейном, до которых можно добраться не выходя из подъезда! - Закрытая территория с пропускной системой. - Подземный паркинг. - ЖК находится в активно развивающемся районе Москвы. - Рядом расположен торговый центр ""Дубровка"" известный своими положительными отзывами. Рассмотрим предложения, звоните для записи на показ, отвечаю быстро! Агентство недвижимости EstateLiga Документы проверены +7 916 863-15-... Написать 2 часа назад сегодня, 10:22",,https://www.cian.ru/cat.php?deal_type=rent&district%5B0%5D=8&engine_version=2&offer_type=flat&room9=1&type=4&p=2,2026-04-15T09:52:23+00:00
1397,327359127,ЮВАО,https://www.cian.ru/rent/flat/327359127/?context=3.CsiyuUCSVCY.B6KN-3XGJRbrnnZHQ8pwQXmlCioQTWRazL_naWoFiFIe5h9ASnZbEk0TCUk9xdQH-JeEtiYIeigBCA&mlSearchSessionGuid=081a908f5890e7c1b892bc2999c13152,1/20,2069999,35.0,8,23,,"1/20 Апартаменты-студия, 35 м², 8/23 этаж Ранний доступ Волгоградский проспект 3 минуты пешком Москва , ЮВАО , р-н Южнопортовый , м. Волгоградский проспект , Новоостаповская улица , 20 69 999 ₽/мес. На несколько месяцев, комм. платежи включены (без счётчиков), без комиссии, залог 70 000 ₽ СДАЕТСЯ комфортная, просторная, видовая студия 35 м2 в новом ЖК HighWay, всего в минуте (реально!) пешком от станции метро Волгоградский проспект (дом сдан в 2025 году). До центра города 10 минут на метро! Современный монолитный дом, комфортный 8 этаж. Окна во двор. Закрытая охраняемая территория, круглосуточная охрана, видеонаблюдение, двор без машин. Сделан абсолютно новый качественный ремонт, современная отделка, натяжные потолки (комфортное освещение), теплые полы. Первые жильцы! В квартире есть всё необходимое для комфортного проживания, вся бытовая техника и мебель в наличии в отличном состоянии: - Шикарный кухонный гарнитур со встроенной техникой. Есть холодильник, капсульная кофеварка, микроволновка, чайник, имеется вся необходимая посуда. - Совмещённый санузел. Есть стиральная машина с сушкой, электрический водонагреватель (на случай профилактического отключения воды), электрический полотенцесушитель. - Кровать 160*200 с матрасом средней и высокой жесткости, прикроватные тумбочки. Удобный диван для отдыха, с мягкими декоративными подушками, торшер. - Удобные места хранения: вместительный 4-х створчатый шкаф с зеркалами, и просторный 2-х створчатый шкаф в прихожей. - Smart TV, кондиционер, пылесос. Квартира в которой хочется жить! Инфраструктура ЖК: - Скоростные лифты, подземный паркинг. - Дворы с озеленением, лаунж-зонами, детскими площадками. Спортивные тренажеры для взрослых - Летом на территории комплекса будет открыт фитнес-клуб с бассейном. - ЖК находится в активно развивающемся районе Москвы. Удобная транспортная развязка позволяет быстро добраться до центра города и других районов, обеспечивая комфортную жизнь без лишних хлопот. - Рядом магазины, кафе, поликлиники. На первых этаж уже работает продуктовый магазин ""Дикси"", также в комплексе открыты пункты выдачи ""Ozon"" и ""Wildberries"" Условия аренды: - Цена: 69999 (ЖКУ включено в аренду) - Дополнительно: оплата по счетчикам (свет, вода, тепло) - Оплата: первый + последний месяц при заселении. Без комиссии агента! - Долгосрочная аренда (от 6 месяцев); - Только для некурящих; Отличный вариант для супружеской пары. Рассмотрим приличных и платёжеспособных, аккуратных людей. Квартира готова к заселению. Собственн",,https://www.cian.ru/cat.php?deal_type=rent&district%5B0%5D=8&engine_version=2&offer_type=flat&room9=1&type=4&p=2,2026-04-15T09:52:23+00:00
1379,327283374,ЮВАО,https://www.cian.ru/rent/flat/327283374/?context=3.02ktQxcf838.jlaFIu-AQ0nRsFOmONa4mguX8IOWxvfVfO1ke57McxQBiBi7fgSjMTL8MWD5t30jnRXhLlt7_I-vPA&mlSearchSessionGuid=081a908f5890e7c1b892bc2999c13152,1/27,2070000,37.0,6,23,,"1/27 Апартаменты-студия, 37 м², 6/23 этаж Дубровка 15 минут пешком Москва , ЮВАО , р-н Южнопортовый , м. Волгоградский проспект , Новоостаповская улица , 20 70 000 ₽/мес. От года, комм. платежи включены (без счётчиков), комиссия 70%, залог 70 000 ₽ Впервые,любовь с первого взгляда ! Это та самая квартира в которой хочется жить! Она прекрасна! поторопитесь ! Всего в минуте ходьбы от метро,в новом стильном доме HighWay сдается обалденная ,комфортная,просторная студия 37 кв.м,для современных людей. Она просто куколка! Натяжные потолки,теплые полы,выполнен качественный свежий евро ремонт. Техника и мебель дорогая,красивая. Большой,вместительный шкаф ! Установлена шикарная кухня,установлены фильтры для чистки воды. Имеется посуда,встроенная посудомоечная машина! Все абсолютно новое! Уютная атмосфера создана для вашего комфортного проживания. Оплата коммунальных услуг полностью оплачивается нанимателем,согласно квитанции,сверху арендной оплаты. Достойная студия. Собственники замечательные люди. Рассмотрим на длительный срок платежеспособных,аккуратных людей. Риелтор Инна Светлова Суперагент +7 986 304-21-... Написать вчера 13 апр, 18:37",,https://www.cian.ru/cat.php?deal_type=rent&district%5B0%5D=8&engine_version=2&offer_type=flat&room9=1&type=4&p=2,2026-04-15T09:52:23+00:00
1382,327843023,ЮВАО,https://www.cian.ru/rent/flat/327843023/?context=3.oGWOABH5qCs.5Q_WbSXkiFG4ZT52olcoSuHtvPl8ywoExfeevdulu4WWOF_93qUgO3NoZqo-dWAvZStiHRX5vVCpig&mlSearchSessionGuid=081a908f5890e7c1b892bc2999c13152,1/13,2070000,36.0,10,23,,"1/13 Апартаменты-студия, 36 м², 10/23 этаж Волгоградский проспект 3 минуты пешком Москва , ЮВАО , р-н Южнопортовый , м. Волгоградский проспект , Новоостаповская улица , 20 70 000 ₽/мес. От года, комм. платежи включены (без счётчиков), комиссия 40%, залог 70 000 ₽ Великолепная студия с только что завершенным евро ремонтом в Жк бизнес класса Хай Вэй. Комплекс расположен в непосредственной близости от метро Волгоградский проспект. В доме первые этажи нежилые, тут будет расположена вся инфраструктура (магазины, салоны, кафе, пвз) Закрытая и охраняемая придомовая территория, двор без машин, есть подземный паркинг. Студия очень просторная - 36 квадратных метров. Предусмотрено много мест для хранения. Для вашего комфорта установлена откидная кровать, которая убирается легким движением и на спальном месте остается уютный диван. В комнате большой шкаф и шкаф-купе на входе для верхней одежды. Кухня укомплектована всей встроенной техникой. Сплит система. Панорамное окно в пол выходящее на юго-западную сторону, квартира очень светлая и просторная. Приобреталась исключительно для сдачи в аренду, сдаётся на длительный срок. Риелтор Анна Шутова Суперагент +7 910 536-92-... Написать вчера вчера, 21:30",,https://www.cian.ru/cat.php?deal_type=rent&district%5B0%5D=8&engine_version=2&offer_type=flat&room9=1&type=4&p=2,2026-04-15T09:52:23+00:00
1424,327199828,ЮВАО,https://www.cian.ru/rent/flat/327199828/?context=3.RCiP_zeSvmo.E1zbB63_WU-xlIey8asVaKZ1yU7MiATB6AqVfVp5CR5GudXzWgrcDX2Vycu0wMO8d5XwiAkTcveDPg&mlSearchSessionGuid=ef44f9bbb2c8726b9f76e7d40cfbf2b2,1/17,2070000,25.0,13,23,,"1/17 Апартаменты-студия, 25 м², 13/23 этаж Только на Циан Волгоградский проспект 3 минуты пешком Москва , ЮВАО , р-н Южнопортовый , м. Волгоградский проспект , Новоостаповская улица , 20 70 000 ₽/мес. От года, комм. платежи включены (без счётчиков), комиссия 40%, залог 70 000 ₽ Сдаётся новая квартира-студия 25 м.кв. Апартаменты расположены в пешей доступности от метро ""Волгоградский проспект"" — 2 минуты пешком. Квартира с отличным ремонтом, полностью меблирована: в комнате и на кухне есть вся необходимая мебель (после ремонта никто не жил). В наличии современная техника: кондиционер, холодильник, телевизор и стиральная машина. В шаговой доступности находятся школы, детские сады, клиники и магазины. Оперативный показ. Риелтор Наталья Балескова Суперагент +7 989 403-12-... Написать 2 недели назад 27 мар, 08:13",,https://www.cian.ru/cat.php?deal_type=rent&district%5B0%5D=8&engine_version=2&offer_type=flat&room9=1&type=4&p=3,2026-04-15T09:52:23+00:00
1370,328983765,ЮВАО,https://www.cian.ru/rent/flat/328983765/?context=3.9AU67fBKYuk.3aLtWHpdE2aY-SUa645gJQFyl9kMk17Kq2UizjegTHoO2sJruuvsdlY6K2-fh4um-TtPVbwOMb59SQ&mlSearchSessionGuid=815eb25aebeda6cd777d0efa0f9fe608,1/26,2074000,27.0,14,20,,"1/26 рядом с центром | 1 мин метро Апартаменты-студия, 27 м², 14/20 этаж Волгоградский проспект 3 минуты пешком Москва , ЮВАО , р-н Южнопортовый , м. Волгоградский проспект , Новоостаповская улица , 20 74 000 ₽/мес. От года, комм. платежи включены (без счётчиков), без комиссии, залог 74 000 ₽ Москва, м. Волгоградский проспект — 1 минута пешком Прямая ветка до центра: всего 9 минут до Китай-города Сдаётся на длительный срок (от 11 месяцев) новая дизайнерская студия в современном ЖК бизнес-класса. О квартире — Панорамные окна с видом на тихую Новоостаповскую улицу — Новый дизайнерский ремонт — Полностью готова к проживанию — заезжай и живи Зона спальни — Удобная кровать с ортопедическим матрасом — Продуманное освещение — Розетки у кровати — Система хранения Гостиная зона — Диван-кровать — Smart TV — Вместительный шкаф с антресолью — Обеденный стол Рабочее место — Стол и удобный стул — Освещение — Розетки Кухня — Встроенный холодильник — Духовой шкаф и варочная панель — Продуманная подсветка Санузел — Душевая — Стиральная машина — Полотенцесушитель — Места для хранения Прихожая — Вместительный шкаф Техника и удобства Wi-Fi, телевизор, стиральная машина, холодильник, духовка, варочная панель, пылесос — всё в наличии О доме и комплексе — Новый дом (сдан в 2025 году, возможны ремонтные работы) — ЖК бизнес-класса — Закрытая территория и охрана — Ресепшен — Скай-патио на крыше для жителей — Подземный паркинг — Магазины и фитнес-клуб с бассейном на первом этаже Инфраструктура Рядом: Дубровка, Угрешинская, МЦК В пешей доступности вузы и учебные заведения Условия аренды — От 11 месяцев — Без комиссии (от собственника) — Залог 100% — 74 000 ₽/мес + счётчики — Без торга Собственник ID 64003529 +7 916 590-90-... Написать вчера вчера, 21:23",,https://www.cian.ru/cat.php?deal_type=rent&district%5B0%5D=8&engine_version=2&offer_type=flat&room9=1&type=4&p=1,2026-04-15T09:52:23+00:00
1396,328879254,ЮВАО,https://www.cian.ru/rent/flat/328879254/?context=3.QlhEzOUVMrc.8ZWDA5_t-YPXb-DHifM1fnpvu6Vy4uXbLzaFBrjQ83R8ST3XFQVENIpBAsLAb7gw2cA7x2OOqZj_1g&mlSearchSessionGuid=081a908f5890e7c1b892bc2999c13152,1/14,2075000,27.5,2,23,,"1/14 Апартаменты-студия, 27,5 м², 2/23 этаж Только на Циан Волгоградский проспект 3 минуты пешком Москва , ЮВАО , р-н Южнопортовый , м. Волгоградский проспект , Новоостаповская улица , 20 75 000 ₽/мес. От года, комм. платежи включены (счётчики включены), без комиссии, залог 70 000 ₽ Сдается на длительный срок студия 27,5 м2 с дизайнерским ремонтом в современном ЖК ХайВэй. Расположение ЖК 1 мин пешком до м. Волгоградский пр-т, 5 мин до м. Дубровка, 10 мин до м.Угрешская, вся необходимая инфраструктура, рядом магазин Дикси и др, закрытая охраняемая территория, благоустроенный двор и подземный паркинг. Ремонт: новый дизайнерский, идеальное состояние. санузел совместный с душевой зоной. Техника в квартире вся стильная и новая: большой холодильник, стиральная машина, микроволновая печь, духовой шкаф, телевизор, кондиционер, стеклокерамическая варочная панель, вытяжка. Мебель: кухня, большой шкаф купе, кровать с ортопедическим матрасом 200*160. полка под телевизор, кухонный стол и стулья. Сдается для одного человека или семейной пары, без детей и без животных. Дополнительно оплачивается стоимость коммунальных услуг ( вода, электричество, отопление) и интернет. Посредников прошу не беспокоить. Собственник ID 90497284 +7 915 243-42-... Написать три дня назад 12 апр, 08:24",,https://www.cian.ru/cat.php?deal_type=rent&district%5B0%5D=8&engine_version=2&offer_type=flat&room9=1&type=4&p=2,2026-04-15T09:52:23+00:00
1398,328909487,ЮВАО,https://www.cian.ru/rent/flat/328909487/?context=3.hFcGFwU5LYQ.lMjCLtrMqorK_m_MkzcIwThrliakJnlMiLDp2vSZ9WTKgeYCivscgO_BC3I1DBIhsPEjmyfSLSnaVQ&mlSearchSessionGuid=081a908f5890e7c1b892bc2999c13152,1/38,2080000,29.0,7,23,,"1/38 Студия, 29 м², 7/23 этаж Проверено в Росреестре Волгоградский проспект 3 минуты пешком Москва , ЮВАО , р-н Южнопортовый , м. Волгоградский проспект , Новоостаповская улица , 20 80 000 ₽/мес. От года, комм. платежи включены (без счётчиков), без комиссии, залог 80 000 ₽ Собственник! Ремонт только что окончен! Впервые сдаётся уютная, солнечная видовая квартира! Ремонт выполнен из дорогих отделочных материалов, итальянская плитка, качественная немецкая сантехника, фреска с эксклюзивным изображением. Индивидуальное проектирование квартиры с выделенной гардеробной! Предусмотрено удобное зонирование для мест отдыха, работы и большого количества места для хранения. Корпусная мебель выполнена на заказ, ортопедический матрац на кровати с подъёмным механизмом, полное оснащение всей необходимой техникой, включая пылесос, утюг, проточный водонагреватель, стиральная машина 2в1 с функцией сушки, посудомоечная машина, кондиционер и тд. Квартира наполнена авторским декором, который создаёт ощущение уюта и полного комфорта. Уникальное расположение дома и 7 этаж даёт прекрасные видовые характеристики и возможность каждый день провожать закаты любуясь высоткой на Котельнической набережной. Закрытая территория двора, подземный паркинг, видеонаблюдение, круглосуточная охрана и ресепшн создаёт приватность проживания. Только для проживающих жк есть лаундж на крыше! Развитая инфраструктура: до метро Волгоградский проспект 2 минуты пешком- 10 минут на метро или 15 минут на машине и вы в центре, множество пунктов выдачи, магазинов, в скором времени в самом доме откроют спорт зал с бассейном, премиум кальянную, кафе, рестораны. Рассмотрю приличных, платежеспособных и чистоплотных арендаторов. Строго без животных! 80 000+ счётчики света, воды. Депозит можно разделить на две выплаты. Собственник ID 128838278 Документы проверены +7 985 889-41-... Написать вчера 13 апр, 13:10",,https://www.cian.ru/cat.php?deal_type=rent&district%5B0%5D=8&engine_version=2&offer_type=flat&room9=1&type=4&p=2,2026-04-15T09:52:23+00:00
1381,328873800,ЮВАО,https://www.cian.ru/rent/flat/328873800/?context=3.4yDOpRWzqPw.BN2UBiFwN0oP2YriGEMMqcAIFIW2v6v0QQbxvVWzoMv0gDypbY5ISt-5eNvQGEYWlFDNpd3Udjo5sA&mlSearchSessionGuid=081a908f5890e7c1b892bc2999c13152,1/20,2085000,30.0,20,23,,"1/20 Апартаменты-студия, 30 м², 20/23 этаж Только на Циан Волгоградский проспект 3 минуты пешком Москва , ЮВАО , р-н Южнопортовый , м. Волгоградский проспект , Новоостаповская улица , 20 85 000 ₽/мес. От года, комм. платежи включены (без счётчиков), комиссия 50%, залог 85 000 ₽ 3 минуты до метро! Предлагаем в аренду стильные апартаменты-студию . 20-м этаже современного дома. Высота потолков - 2.8 метра, из окон открывается перспектива на Москву.До метро всего 3 минуты пешком, что делает это предложение особенно привлекательным для тех, кто ценит удобное расположение. В квартире выполнен дизайнерский ремонт, все продумано до мелочей,мебель в комнате и на кухне. Оснащена всей необходимой техникой: кондиционер, холодильник, посудомоечная машина, телевизор и стиральная машина. В ванной комнате установлена душевая кабина. Во всей квартире ТЕПЛЫЙ ПОЛ.На время отключения горячей воды есть мощный водонагреватель. Дом оборудован подземной парковкой Вокруг развитая инфраструктура: по близости расположены школы, детские сады, клиники и магазины, поэтому все необходимое будет у вас под рукой. в 15 минутах исторический центр: Крутицкое подворье,Симоновский и Новоспасский монастыри. Договор заключается на удобных условиях. Приглашаем вас на просмотр, чтобы лично оценить все достоинства этих апартаментов. Ждем вашего звонка! Агентство недвижимости PREMIUM CITY Суперагент +7 986 304-29-... Написать два дня назад 13 апр, 12:34",,https://www.cian.ru/cat.php?deal_type=rent&district%5B0%5D=8&engine_version=2&offer_type=flat&room9=1&type=4&p=2,2026-04-15T09:52:23+00:00
1409,328343074,ЮВАО,https://www.cian.ru/rent/flat/328343074/?context=3.1rMcA6Saogc.AhT61LowtZcHlKW6Q6c7RAkuA-RgVfQmBJ49Pu3VHhJTAjWflcl_0DqxKGeWUSwrPClsflQV4cuesw&mlSearchSessionGuid=ef44f9bbb2c8726b9f76e7d40cfbf2b2,1/47,2088000,31.0,16,22,,"1/47 Апартаменты-студия, 31 м², 16/22 этаж Волгоградский проспект 3 минуты пешком Москва , ЮВАО , р-н Южнопортовый , м. Волгоградский проспект , Новоостаповская улица , 20 88 000 ₽/мес. От года, комм. платежи включены (без счётчиков), комиссия 50%, залог 88 000 ₽ Впервые сдается светлая, абсолютно тихая студия с продуманным зонированием, в шаговой доступности от метро (160 шагов от выхода из метро до двери квартиры )и в 5 минутах транспортом до центра Москвы. Дизайн проект выполнен студией дизайна НОВА ДОМ, для тех, кто ценит комфорт, стиль и локацию. Панорамные окна, французский балкон и стильный дизайнерский ремонт создают атмосферу уюта и свободы.В студии продумано разделение на зоны. Есть отдельное место для сна, уютная зона отдыха и, что важно, удобное рабочее место для тех, кто работает из дома.Тишина: Сделана качественная полная профессиональная шумоизоляция — внутри вас никто не побеспокоит. Комфортная кухня с посудомоечной машиной, встроенным тихим холодильником FULL No Frost, индукционной плитой и всей необходимой техникой. Смарт-ТВ, кондиционер. Ванная с душевой кабиной, стиральная и сушильная машины (отдельно!), теплый пол, установлены датчики протечки. Сделан мастер выключатель (на отключение при выходе из квартиры всего электричества кроме холодильника и вай фая) , система нептун от протечек воды подключена через вай фай ( есть возможность удаленно контролировать ), видио домофон с возможностью открывания от подъезда и входа в жк , диван раскладывающийся . Закрытая охраняемая территория, консьерж 24/7, видеонаблюдение, подземный паркинг въезд по заявке в приложении .В доме уже работают магазины, Озон и Wildberries. Скоро откроется фитнес-центр с бассейном. Идеально для одного человека или пары, которые ценят порядок, тишину и комфорт. Агентство недвижимости СВМ-Групп Суперагент +7 994 508-11-... Написать 10 минут назад сегодня, 12:40",,https://www.cian.ru/cat.php?deal_type=rent&district%5B0%5D=8&engine_version=2&offer_type=flat&room9=1&type=4&p=3,2026-04-15T09:52:23+00:00
1415,295985967,ЮВАО,https://www.cian.ru/rent/flat/295985967/?context=3.LemT_emYlHs.DB4qopR_j7leSKNkDKx2EKy4etvFKsZWwZpr2Wjy6kj2_sf4U1sKDJIU4kM47UZIJ2dsDFhm6PILiw&mlSearchSessionGuid=ef44f9bbb2c8726b9f76e7d40cfbf2b2,1/17,2550000,13.7,4,4,,"1/17 Апартаменты-студия, 13,7 м², 4/4 этаж Только на Циан Авиамоторная 17 минут пешком Москва , ЮВАО , р-н Нижегородский , м. Авиамоторная , Подъемная улица , 14С25 50 000 ₽/мес. От года, комм. платежи включены (без счётчиков), комиссия 50%, залог 50 000 ₽ Сдается двухуровневая студия после косметического ремонта и клиннинга. Готова к заезду от 11 месяцев. Счетчики включены в стоимость аренды, которая указана в объявлении! В 12 минутах на транспорте от метро площадь Ильича, в 18ти минутах пешком до авиамоторной, в 10 минутах на транспорте мцд катилники. В студии есть все необходимое для проживания: кровать, холодильник, электрическая плита, духовая печь, микроволновая печка, стиральная машина, посудомоечная машина, кондиционер, телевизор, интернет, душевая кабина с санузлом, отопление. В 5 минутах от дома большое количество продуктовых магазинов, в 8 минутах от дома большой трц Город. Все документы в порядке. Без животных. ----- Примечание: у собственника могут быть дополнительные пожелания к жильцам - обсудите их в чате или по телефону Риелтор Максим Афонин Суперагент +7 916 910-49-... Написать 2 недели назад 26 мар, 04:47",,https://www.cian.ru/cat.php?deal_type=rent&district%5B0%5D=8&engine_version=2&offer_type=flat&room9=1&type=4&p=3,2026-04-15T09:52:23+00:00
1359,328298801,ЮВАО,https://www.cian.ru/rent/flat/328298801/?context=3.zkPasemDHA4.1nYd5tLazmholvEspMH0Z_3pBE92QsBEh39mJVKeSQSZsY422yGd_4bTaAvv0TaTCvtMT3ixXvgleQ&mlSearchSessionGuid=815eb25aebeda6cd777d0efa0f9fe608,1/7,2835000,25.0,12,17,,"1/7 Студия, 25 м², 12/17 этаж Только на Циан Некрасовка 10 минут пешком Москва , ЮВАО , р-н Некрасовка , м. Некрасовка , улица Недорубова , 28 35 000 ₽/мес. От года, комм. платежи включены (счётчики включены), комиссия 60%, залог 35 000 ₽ Сдается на длительный период . Качественный рeмoнт, вся мебель и бытовая техника, нeoбходимая для кoмфopтного пpoживaния. Пoлнoстью меблиpoвана мебелью: шкаф,комод, кровать двухспальная , куxонный гарнитур, диван-кресло, барная стойка , высокие стулья . Квартира укомплектована всей бытовой техникой: электрическая плита , холодильник, стиральная машина, микроволновка. Сан узел раздельный, ванна, стиральная машина автомат раздельный в пользовании 3 комнат. Рядом с метро торговые центры, фитнес центр, продуктовые магазины в доме и рядом с домом. Шаговая доступность 7 минут до станции метро Некрасовка. Сдается на длительный период . Рассмотрят платежеспособных жильцов, приоритет для девушки, женщины. Оплата 35000 рублей все платежи включены в стоимость. Депозит 35000 рублей можно разделить на 2 платежа. Комиссия . ID 307387 Документы проверены +7 923 074-33-... Написать неделю назад 7 апр, 13:27",,https://www.cian.ru/cat.php?deal_type=rent&district%5B0%5D=8&engine_version=2&offer_type=flat&room9=1&type=4&p=1,2026-04-15T09:52:23+00:00
1377,316900047,ЮВАО,https://www.cian.ru/rent/flat/316900047/?context=3.KbqPVchMm4I.c460zRqIi_euNOKY64oMIOAE8fi2g0WeoYtYn7kc7FVG28gzSatyJF_kid4oWBmJc-40FTh5mBZ0WQ&mlSearchSessionGuid=081a908f5890e7c1b892bc2999c13152,1/14,3340000,19.0,20,25,,"1/14 Студия, 19 м², 20/25 этаж Только на Циан Некрасовка 1 минута пешком Москва , ЮВАО , р-н Некрасовка , м. Некрасовка , Рождественская улица , 33 40 000 ₽/мес. От года, комм. платежи включены (без счётчиков), без комиссии, залог 40 000 ₽ Сдается уютная студия около метро, в одной минуте от метро Некрасовка утепленный балкон с теплым полом. все необходимое есть для проживания. новый диван аскона, полноценное спальное место. строго без животных. Агентство недвижимости Ваш Ключ Суперагент +7 915 338-35-... Написать вчера 13 апр, 20:19",,https://www.cian.ru/cat.php?deal_type=rent&district%5B0%5D=8&engine_version=2&offer_type=flat&room9=1&type=4&p=2,2026-04-15T09:52:23+00:00
1399,317366974,ЮВАО,https://www.cian.ru/rent/flat/317366974/?context=3.ltTz99aW-E8.Lv94ZpDGwKupjzQVsbtcyZ-9qJpBXlNDAtYqOvw58EQeHBucShNJJUcYRHUI_2awnASrOi3jBxGcWQ&mlSearchSessionGuid=081a908f5890e7c1b892bc2999c13152,1/33,3758000,24.3,9,10,,"1/33 Апартаменты-студия, 24,3 м², 9/10 этаж Только на Циан Проверено в Росреестре Авиамоторная 19 минут пешком Москва , ЮВАО , р-н Нижегородский , м. Авиамоторная , Подъемная улица , 14С37 58 000 ₽/мес. От года, комм. платежи включены (счётчики включены), без комиссии, залог 50 000 ₽ Сдаётся уютная студия в современном апарт-комплексе на Подъёмной улице, 14с37. Апартаменты площадью 24,3 кв. м расположены на 9 этаже 10-этажного дома, окна выходят во двор, что создаёт атмосферу уюта и тишины. В студии выполнен евроремонт. В наличии вся необходимая мебель и бытовая техника: телевизор, холодильник, чайник, варочная поверхность, система очистки воды. Санузел совмещённый и оборудован душевой кабиной и гигиеническим душем. Дом оснащён тремя грузовыми лифтами и наземной охраняемой парковкой. Для жители лофта бесплатно могут пользоваться прачечной, спротзалом и игровой зоной (бильярд, настольный тенис, аэрохокоей), также есть места для размещения велосипедов и самокатов. Условия аренды: без комиссии. Заключение договора напрямую с собственником. Цена 58 000 + оплата по счетчикам, залог 50 000. Агентствам и реэлторам не беспокоить!!! Собственник ID 108850785 Документы проверены +7 985 569-46-... Написать вчера 13 апр, 20:04",,https://www.cian.ru/cat.php?deal_type=rent&district%5B0%5D=8&engine_version=2&offer_type=flat&room9=1&type=4&p=2,2026-04-15T09:52:23+00:00
1365,328835465,ЮВАО,https://www.cian.ru/rent/flat/328835465/?context=3.V7sIl_qiquE.K2zmLVJa3jHALV4Y599YUOnGkQL4svXE6xcGam8zJoruqZ9E0L_f9gv5JqbwaAeAN6RV1JKp2OK5DQ&mlSearchSessionGuid=815eb25aebeda6cd777d0efa0f9fe608,1/8,4540000,18.0,3,8,,"1/8 Апартаменты-студия, 18 м², 3/8 этаж Только на Циан Текстильщики 11 минут пешком Москва , ЮВАО , р-н Печатники , м. Текстильщики , Волгоградский проспект , 45 40 000 ₽/мес. На несколько месяцев, комм. платежи включены (без счётчиков), без комиссии, залог 40 000 ₽ Студия рядом с метро и БКЛ Текстильщики(6-9 минут )в здании магазин, недорогая уютная столовая , проходная система . Без комиссии .от 5 месяцев. плюс к/у Собственник ID 51522630 Документы проверены +7 985 289-26-... Написать вчера 13 апр, 22:08",,https://www.cian.ru/cat.php?deal_type=rent&district%5B0%5D=8&engine_version=2&offer_type=flat&room9=1&type=4&p=1,2026-04-15T09:52:23+00:00
1423,327887979,ЮВАО,https://www.cian.ru/rent/flat/327887979/?context=3.FeM2VArmrkE.ks7L_mWAdl5aUlKJxV60_ydghOecGct0RCHbq15_WDD-I_LfVyuM81mJuyMlf-nU9EiI5Yre3ODVrw&mlSearchSessionGuid=ef44f9bbb2c8726b9f76e7d40cfbf2b2,1/14,20129000,27.0,14,25,,"1/14 Апартаменты-студия, 27 м², 14/25 этаж Волгоградский проспект 3 минуты пешком Москва , ЮВАО , р-н Южнопортовый , м. Волгоградский проспект , Новоостаповская улица , 20 129 000 ₽/мес. От года, комм. платежи включены (без счётчиков), без комиссии, залог 129 000 ₽ Бутик-студия с личным кинотеатром и сервисом 5 Премиальная видовая студия в новом апарт-комплексе HighWay (1 минута пешком от м. Волгоградский проспект) 8 минут до Китай города. Пространство создано по стандартам люксового бутик-отеля: здесь нет базовых решений от застройщика, каждый метр спроектирован для вашего безупречного комфорта. Уникальные особенности (почему эта студия особенная): Премиальный сон: Полноценная кровать с матрасом Serta Perfect Sleeper, элитный текстиль бренда Frette и воздушное одеяло (белый лебяжий пух). Элитные окна Schco и профессиональная шумоизоляция гарантируют абсолютную тишину для идеального отдыха. Личный кинозал: Огромный выдвижной экран (110 дюймов) с профессиональным проектором и стерео звуком. Смотрите фильмы с эффектом полного погружения. Умный дом и техника: Система Умный дом с Алисой. Встроенная кухня оснащена всей необходимой техникой, включая современный холодильник No Frost и микроволновую печь. Трехуровневая система водоочистки. Эстетика и материалы: Интерьер выполнен в природных оттенках. Фактурное дерево, дизайнерский свет из травертина и ротанга и подлинная картина художника Che маслом создают атмосферу дорогого приватного пространства. Грамотное зонирование: Приватная спальня, деликатно отделенная декоративными деревянными рейками. Уютная гостиная зона с раскладным диваном, рабочим и обеденным столиком из массива дерева у окна с панорамным видом. Просторный и глубокий встроенный гардероб с множеством ящиков и штанг для хранения вещей. Отельный сервис: В стоимость аренды уже включена профессиональная уборка 2 раза в месяц — живите в чистоте и комфорте, не тратя время на быт. О доме и локации Современный апарткомплекс бизнескласса у метро, закрытая территория, консьерж/охрана, теплый паркинг (аренда возможна за дополнительную плату) До ст. м. Волгоградский проспект 13 минуты пешком, до Китайгорода 8 минут по прямой ветке без пересадок. Рядом магазины, кафе, фитнес, быстрый выезд на ТТК и в центр; удобное расположение для тех, кто ценит время и не хочет жить на окраине. Условия аренды: Ставка: 129 000 ₽ / месяц. Коммунальные платежи: вода, электричество и интернет оплачиваются отдельно. Залог: 100% . Срок: от 11 месяцев. Идеально подойдет для одного че",,https://www.cian.ru/cat.php?deal_type=rent&district%5B0%5D=8&engine_version=2&offer_type=flat&room9=1&type=4&p=3,2026-04-15T09:52:23+00:00
