id,listing_id,district,url,title,price_rub,area_m2,floor,total_floors,metro,address,description_snippet,source_page,scraped_at
1737,329145183,ЮВАО,https://www.cian.ru/rent/flat/329145183/?context=4.7FENmvtdgzo.A3osPY9F2-1Hb6YpV0OeAHcVKotX32bPyjz3slffczAWph40OnEM7AEk9iAYhHAldIeoLIt4VvT4ag&mlSearchSessionGuid=456234b3fd18bc6079f40b816d5e9cf3,1/9,70000,36.7,14,24,,"1/9 Студия, 36,7 м², 14/24 этаж Проверено в Росреестре Люблино 5 минут пешком Москва , ЮВАО , р-н Люблино , м. Люблино , Совхозная улица , 10Б 70 000 ₽/мес. От года, комм. платежи включены (без счётчиков), без комиссии, залог 70 000 ₽ Сдается стильная студия на длительный срок в монолитном доме 2021 года постройки в 5-ти минутах от метро Люблино. Просторная комната с дизайнерским ремонтом, очень светлая и уютная. В квартире есть все необходимое для комфортного проживания: холодильник, духовая печь, СВЧ, стиральная машина с функцией сушки, вайфай, кондиционер, увлажнитель воздуха, возможна установка посудомоечной машины. Кухня оборудована современной техникой и обеденной зоной. Есть необходимая посуда и электрический чайник. Двуспальная кровать с ортопедическим матрасом. Санузел совмещенный, выполнен в современном стиле. В доме имеются колясочная, два грузовых и один пассажирский лифт, а также наземная и подземная парковки. Во дворе обустроена детская площадка. Квартира находится в районе с развитой инфраструктурой, рядом находятся магазины и остановки общественного транспорта. Большой фитнес клуб с бассейном. Сквер. Курение запрещено, можно проживание с детьми. Собственник ID 140823083 Документы проверены Назначить просмотр вчера вчера, 19:02",,https://www.cian.ru/cat.php?deal_type=rent&district%5B0%5D=8&engine_version=2&offer_type=flat&room9=1&type=4&p=3,2026-04-20T16:34:16+00:00
1730,328835097,ЮВАО,https://www.cian.ru/rent/flat/328835097/?context=4.hxOsB0CvSM4.h0I6xPIRXuxLVZgc3NdI821wKZJHm-hpblehqewZghePRFpl_zdMQPZHdc86oCJZ_EEV5LELm40Bhw&mlSearchSessionGuid=cd537a878a89964058c0fbc774e0c3f3,1/15,78000,27.0,13,27,,"1/15 Студия, 27 м², 13/27 этаж Только на Циан Авиамоторная 13 минут пешком Москва , ЮВАО , р-н Лефортово , м. Авиамоторная , Символ ЖК , Независимость кв-л 78 000 ₽/мес. От года, комм. платежи включены (без счётчиков), комиссия 30%, залог 78 000 ₽ Ждем вас на просмотр! Сдаётся просторная и светлая студия с абсолютно новым ремонтом, мебелью и техникой в ЖК бизнес-класса Символ. Отличная локация за счет своей транспортной и пешей доступности. Станции метро Площадь Ильича, Авиамоторная и Римская в 10-15 минутах пешей доступности. Быстрый выезд на ТТК и комфортная развязка к центру города. В квартире выполнен дизайнерский ремонт, присутствует все необходимое для жизни. Если мы посмотрим из окна, то насладимся спокойным видом на двор, ухоженной придомовой территорией с детской площадкой. Установлена система охраны и видеонаблюдения. На территории комплекса находится охраняемый наземный и подземный паркинг. Закрытая территория. В самом ЖК большое количество ресторанов и кафе. Закрытые дворы без машин с современными детскими площадками и прогулочными зонами. Данная локация славится своей развитой инфраструктурой. Рядом находится ТРЦ Город с невероятным количеством различных магазинов, заведений и развлечений, а также банки, аптеки и пункты выдачи. Через дорогу от дома всеми известный фитнесс клуб World Class. В пешей доступности находятся школы, детские сады. Парк Зеленая река - станет незаменимым местом для прогулок. Большое количество очистных пространств рядом с ЖК. Квартира сдаётся на длительный срок. Звоните, прямо сейчас, чтобы договориться о просмотре. Буду рада ответить на все интересующие вопросы! Номер объекта: #1/537035/24838 Агентство недвижимости Moscow Sales Department Документы проверены +7 916 612-48-... Написать 30 минут назад сегодня, 19:02",,https://www.cian.ru/cat.php?deal_type=rent&district%5B0%5D=8&engine_version=2&offer_type=flat&room9=1&type=4&p=2,2026-04-20T16:34:16+00:00
1755,320691127,ЮВАО,https://www.cian.ru/rent/flat/320691127/?context=4.qKRHt4Q3lnM.c_Ey3q_7DOsjc9H_FD7J0hq-JmdtuXzipOLMObR0zUnXZwDRBuNuvZ8jsrcecwrb9Wx85TOcIp5Wgg&mlSearchSessionGuid=456234b3fd18bc6079f40b816d5e9cf3,1/11,143000,17.0,2,3,,"1/11 Апартаменты-студия, 17 м², 2/3 этаж Только на Циан Депо 1 минута пешком Москва , ЮВАО , р-н Люблино , м. Депо , Егорьевский проезд , 3АС1 43 000 ₽/мес. От года, комм. платежи включены (без счётчиков), без комиссии, залог 43 000 ₽ Сдается в аренду потрясающий апартамент со свежим ремонтом. БЕЗ КОМИСИИ! 15 пешком от м . Люблино или 6 мин от м. Депо. Вся необходимая мебель и техника присутствует, все в отличном состоянии . Апартамент 2х этажный. Первый этаж- кухня гостиная, второй этаж спальня. Без детей и животных. Соседи хорошие. Первый этаж, под ним цоколь, тоже жилой. Сдается с 6 АПРЕЛЯ. Риелтор ID 191762 Документы проверены +7 910 013-48-... вчера вчера, 14:50",,https://www.cian.ru/cat.php?deal_type=rent&district%5B0%5D=8&engine_version=2&offer_type=flat&room9=1&type=4&p=3,2026-04-20T16:34:16+00:00
1708,329126008,ЮВАО,https://www.cian.ru/rent/flat/329126008/?context=4.von--09l8WA.YlomV9M5VnMuC2QSeFzJep9I9iyRXRMgEhNrN7NT2X4kJ0Q9es7rHPcrCJvJToeeBmJeenXybuHEwg&mlSearchSessionGuid=de846aa55fa63dc31acd30e749129936,1/19,145000,20.0,4,20,,"1/19 Студия, 20 м², 4/20 этаж Люблино 4 минуты на транспорте Москва , ЮВАО , р-н Люблино , м. Депо , Люблинская улица , 72Ак1 45 000 ₽/мес. От года, комм. платежи включены (без счётчиков), комиссия 65%, залог 45 000 ₽ Сдаётся уютная студия в современном жк. В квартире никто не жил, сдается впервые!! В квартире сделан качественный евроремонт, что создаёт современную и комфортную обстановку. Пространство продумано до мелочей: функциональная кухня площадью 10 кв. м оборудована необходимой мебелью и техникой, включая холодильник и стиральную машину. В комнате также есть вся нужная мебель для вашего удобства. Совмещённый санузел оснащён душевой кабиной, что особенно удобно для небольшой площади. Дом обладает всеми необходимыми удобствами: здесь есть наземная парковка и три лифта — два пассажирских и один грузовой. В доме проведён интернет, поэтому можно сразу подключаться к сети и наслаждаться всеми преимуществами жизни в современном здании. Район предлагает развитую инфраструктуру: рядом находятся школы, детские сады и магазины, что делает это место особенно удобным для семей. Условия аренды: квартира сдаётся на длительный срок. Подходит для проживания одного-двух человек. Не упустите возможность снять уютную и современную студию! Звоните и записывайтесь на просмотр, будем рады вам её показать. Агентство недвижимости Space Realty +7 916 465-01-... Написать вчера вчера, 20:28",,https://www.cian.ru/cat.php?deal_type=rent&district%5B0%5D=8&engine_version=2&offer_type=flat&room9=1&type=4&p=1,2026-04-20T16:34:16+00:00
1713,328985601,ЮВАО,https://www.cian.ru/rent/flat/328985601/?context=4.KBfq47la0lo.WjtIjtDjKFAA14tZana79gmH1DGjdcBiE2zgP4R2fFyydneYUJSmpJoP7JIdNv5askIZnJ1Lanxrfw&mlSearchSessionGuid=cd537a878a89964058c0fbc774e0c3f3,1/10,148000,15.0,1,9,,"1/10 Студия, 15 м², 1/9 этаж Только на Циан Кожуховская 5 минут пешком Москва , ЮВАО , р-н Южнопортовый , м. Кожуховская , 5-я Кожуховская улица , 34К1 48 000 ₽/мес. От года, комм. платежи включены (без счётчиков), без комиссии, залог 63 000 ₽ БЕЗ КОМИССИИ, Я СОБСТВЕННИК. Студия. Свежий ремонт. Очень обжитой район со всей необходимой инфраструктурой, до метро Кожуховская 3 минуты пешком. Сдаю по договору строго для одного человека. Коммунальные услуги оплачиваются отдельно по счетчикам. Собственник ID 35549711 Документы проверены +7 916 220-78-... Написать пять дней назад 14 апр, 22:37",,https://www.cian.ru/cat.php?deal_type=rent&district%5B0%5D=8&engine_version=2&offer_type=flat&room9=1&type=4&p=2,2026-04-20T16:34:16+00:00
1705,329009950,ЮВАО,https://www.cian.ru/rent/flat/329009950/?context=4.o_tkGu-C13U.YQu4wOyaKe-NokpSouWOUH433QM2M9MXM3pyAY8SYdezV2vMjXTFb1DTP2j1iG6yXQZtI-QtKqF_YQ&mlSearchSessionGuid=de846aa55fa63dc31acd30e749129936,1/31,153000,19.7,20,22,,"1/31 Студия, 19,7 м², 20/22 этаж Текстильщики 20 минут пешком Москва , ЮВАО , р-н Текстильщики , м. Новохохловская , 1-й Грайвороновский проезд , 7Ак1 53 000 ₽/мес. От года, комм. платежи включены (без счётчиков), комиссия 50%, без залога Долгoсpoчнaя аpенда (договoр нa 11 меcяцев). Предcтaвляeм вашeму внимaнию cтильную cтудию 19,7 кв.м. в ЖK Волжский паpк. Бытовая тeхникa: cтиpaльнaя мaшинa, xoлoдильник, вытяжка, варoчнaя панeль, тeлeвизор, электpический чайник, микрoволнoвая пeчь. Район oблaдаeт нaсыщенной и рaзвитoй инфраcтруктуpой: - в 15 минутax пешком oт метро Текстильщики - подземные и наземные паркинги, дворы-парки - поликлиники, магазины и фитнес-клубы. - в окружении находятся ТЦ Город, Леруа Мерлен, кинотеатр Олимпик Синема и стадион Москвич. Поблизости благоустроенные зелёные зоны: Волжский бульвар, большой Кузьминский лесопарк, пруд Садки и музей-усадьба Кусково. УСЛОВИЯ ПРОЖИВАНИЯ: не более 2-х чел - Комиссия 50% от арендного платежа; - Раннее бронирование объекта (за 3 дня до заселения); - Персональный менеджер на всех этапах аренды быстро реагирует на запросы - большинство бытовых вопросов решаем за 48 часов; - Страхование гражданской ответственности до 0,3 млн ₽; - Организация мелкого ремонта. Коммунальные платежи: электроэнергия, хвс\гвс, услуги интернет провайдера, расходы за отопление дома/квартиры оплачивает арендатор. Заселение только при наличии постоянной регистрации РФ. БЕЗ ЖИВОТНЫХ! Агентство недвижимости СМАРЕНТ Документы проверены +7 985 853-93-... Написать два дня назад 18 апр, 17:40",,https://www.cian.ru/cat.php?deal_type=rent&district%5B0%5D=8&engine_version=2&offer_type=flat&room9=1&type=4&p=1,2026-04-20T16:34:16+00:00
1686,327641627,ЮВАО,https://www.cian.ru/rent/flat/327641627/?context=4.qyrSyKjxSB8.Yvj6Ni8Dydr_6TcAc2oLbY3071ZsQ4rmTq0JtXRAULlIp6XYhs9-Ot2DqNu3dKKwNmU9lJIYEa8pzA&mlSearchSessionGuid=de846aa55fa63dc31acd30e749129936,1/12 Ещё фото,160000,20.0,34,38,,"1/12 Ещё фото Уютная, стильная ! Студия, 20 м², 34/38 этаж Только на Циан Волгоградский проспект 6 минут пешком Москва , ЮВАО , р-н Южнопортовый , м. Волгоградский проспект , Новоостаповская улица , 7к1 60 000 ₽/мес. От года, комм. платежи включены (без счётчиков), комиссия 30%, залог 50 000 ₽ Впервые сдается уютная , видовая студия. Супер укомплектована всем необходимым для комфортной жизни. Много мест хранения. Свободная. Депозит делим . Видео по запросу. звоните ID 47664046 Документы проверены Посмотреть все объекты +7 923 076-18-... Написать 10 часов назад сегодня, 08:47",,https://www.cian.ru/cat.php?deal_type=rent&district%5B0%5D=8&engine_version=2&offer_type=flat&room9=1&type=4&p=1,2026-04-20T16:34:16+00:00
1695,328869295,ЮВАО,https://www.cian.ru/rent/flat/328869295/?context=4.HRPi_RTI_CA.__cUfzFa0V2knKf_SKgyHVX5_176sc0733ZELcrveOWsVode-2z7diZNOF8FozDGcQ6YRozyN3-1xQ&mlSearchSessionGuid=de846aa55fa63dc31acd30e749129936,1/10,160000,21.1,1,5,,"1/10 Апартаменты-студия, 21,1 м², 1/5 этаж Только на Циан Лефортово 10 минут пешком Москва , ЮВАО , р-н Лефортово , м. Лефортово , Ухтомская улица , 16К1 60 000 ₽/мес. От года, комм. платежи включены (без счётчиков), без комиссии, залог 60 000 ₽ Предлагаем уютные апартаменты по адресу: ул. Ухтомская, 16, к.1 21,1 м² Почему это идеальный вариант: Дизайнерский ремонт: Свежий, стильный интерьер — здесь приятно находиться. Полная комплектация: Заезжайте с одним чемоданом! Есть вся необходимая техника: стиральная машина, холодильник, СВЧ-печь, варочная панель. Готовность: Квартира полностью меблирована и готова к заселению прямо сейчас. Локация: Отличная транспортная доступность позволит вам легко добираться до любой точки города. Условия аренды: Цена: 60 000 руб./мес. + коммунальные платежи. Агентство недвижимости ONE OSNOVA Документы проверены +7 986 274-23-... Написать 7 часов назад сегодня, 12:25",,https://www.cian.ru/cat.php?deal_type=rent&district%5B0%5D=8&engine_version=2&offer_type=flat&room9=1&type=4&p=1,2026-04-20T16:34:16+00:00
1707,328869349,ЮВАО,https://www.cian.ru/rent/flat/328869349/?context=4.xHF9JZNiNlc.GIXmEHPVSyTmhpBEo93LOH8M5wX2eyZeuBcLJK4_VCzixNdSKDFwvz7THTGAP-5aXjxgwGb2j13Y_A&mlSearchSessionGuid=de846aa55fa63dc31acd30e749129936,1/13,160000,20.9,1,5,,"1/13 Апартаменты-студия, 20,9 м², 1/5 этаж Только на Циан Лефортово 10 минут пешком Москва , ЮВАО , р-н Лефортово , м. Лефортово , Ухтомская улица , 16К1 60 000 ₽/мес. От года, комм. платежи включены (без счётчиков), без комиссии, залог 60 000 ₽ Стильная студия 20,9 м² с новым ремонтом — заезжай и живи! Предлагаем уютные апартаменты по адресу: ул. Ухтомская, 16, к.1 Почему это идеальный вариант: Дизайнерский ремонт: Свежий, стильный интерьер — здесь приятно находиться. Полная комплектация: Заезжайте с одним чемоданом! Есть вся необходимая техника: стиральная машина, холодильник, СВЧ-печь, варочная панель. Готовность: Квартира полностью меблирована и готова к заселению прямо сейчас. Локация: Отличная транспортная доступность позволит вам легко добираться до любой точки города. Условия аренды: Цена: 60 000 руб./мес. + коммунальные платежи Агентство недвижимости ONE OSNOVA Документы проверены +7 986 274-23-... Написать шесть дней назад 14 апр, 11:06",,https://www.cian.ru/cat.php?deal_type=rent&district%5B0%5D=8&engine_version=2&offer_type=flat&room9=1&type=4&p=1,2026-04-20T16:34:16+00:00
1734,328697997,ЮВАО,https://www.cian.ru/rent/flat/328697997/?context=4.PoSg2Rj-EHI.Ofqq0h50vsfNQhDKBpPUozg3CFGjksR_RkQKsrnP2U6sEAhVkKxSSrWNASdGM5G233PPpRvZg0DRZg&mlSearchSessionGuid=cd537a878a89964058c0fbc774e0c3f3,1/21,160000,26.0,2,30,,"1/21 Студия, 26 м², 2/30 этаж Только на Циан Волгоградский проспект 12 минут пешком Москва , ЮВАО , р-н Южнопортовый , м. Угрешская , Волгоградский проспект , 32/5к1 60 000 ₽/мес. От года, комм. платежи включены (без счётчиков), комиссия 60%, залог 60 000 ₽ Арт. 134155294 Сдается студия 26 м² в ЖК ""Метрополия"" (корпус Стокгольм) на длительный срок. В шаговой доступности метро и МЦК: до станции МЦК ""Угрешская"" 45 минут пешком, до метро ""Волгоградский проспект"" 710 минут. Прямой выезд с территории на Волгоградский проспект и ТТК. ЖК комфорт-класса: презентабельный подъезд, вход по смарт-картам, круглосуточная охрана и видеонаблюдение, консьерж в каждом корпусе. Закрытая благоустроенная территория, двор без машин, подземный паркинг, детские и спортивные площадки. Внутри двора и в пешей доступности всё необходимое для жизни: продуктовые магазины, кафе, пункты выдачи заказов (Ozon, Wildberries и другие). Выходить за пределы ЖК не нужно, чтобы забрать посылку или купить продукты. Сама студия светлая, окна выходят во двор тихо. Дизайн минималистичный, всё аккуратно и без лишнего. В квартире уже есть всё необходимое: кровать, кухня с техникой, стол, стулья. Коммунальные платежи по счётчикам. Сдаю на длительный срок. Имеется видеообзор — пришлю ссылкой по запросу. Звоните, пишите, приезжайте смотреть. Агентство недвижимости FOX ESTATE Документы проверены +7 989 564-10-... Написать час назад сегодня, 18:20",,https://www.cian.ru/cat.php?deal_type=rent&district%5B0%5D=8&engine_version=2&offer_type=flat&room9=1&type=4&p=2,2026-04-20T16:34:16+00:00
1762,329143503,ЮВАО,https://www.cian.ru/rent/flat/329143503/?context=4.D0VGPodLx-s.nF_Hwt9-aX91IH9K6GU0kf0KOgiY4W_y3-FznJ5n1m8JvRWfnfPdBmXg6ZPBCkAIsW_iJ-12ro-mIw&mlSearchSessionGuid=456234b3fd18bc6079f40b816d5e9cf3,1/15,160000,38.5,8,14,,"1/15 Студия, 38,5 м², 8/14 этаж Кузьминки 11 минут пешком Москва , ЮВАО , р-н Кузьминки , м. Кузьминки , Есенинский бульвар , 14К1 60 000 ₽/мес. От года, комм. платежи включены (без счётчиков), комиссия 60%, залог 60 000 ₽ Сдаётся уютная большая квартира- студия, в 10 минутах пешком от метро Кузьминки. Высокие потолки (2,8 м) и окна, выходящие на бульвар, создают атмосферу простора и уюта. Квартира с евроремонтом, полностью меблирована. В комнате и кухне есть вся необходимая мебель и техника для комфортной жизни. На лоджии оборудован кабинет или зона для отдыха. Ухоженный подъезд, консьерж, презентабельные соседи. Район развит и удобен для жизни: рядом расположены школы, детские сады, клиники и магазины, все необходимое для комфортной жизни находится в шаговой доступности. Квартира идеально подходит для одного человека или пары. Риелтор Наталья Педан Суперагент +7 916 875-33-... Написать вчера вчера, 16:43",,https://www.cian.ru/cat.php?deal_type=rent&district%5B0%5D=8&engine_version=2&offer_type=flat&room9=1&type=4&p=3,2026-04-20T16:34:16+00:00
1692,329042874,ЮВАО,https://www.cian.ru/rent/flat/329042874/?context=4.qGTKhrWT4zw.40ZM9k4JCgff3xhoeHpC9YIojkzhng-I5UGvdEPKjp0nRMUgbEgbqldUR3V9jiG__nogni_efrkoIw&mlSearchSessionGuid=de846aa55fa63dc31acd30e749129936,1/25 Ещё фото,165000,25.0,11,33,,"1/25 Ещё фото БЕЗ комиссии студия с 2 окнами Студия, 25 м², 11/33 этаж Проверено в Росреестре Нижегородская 7 минут пешком Москва , ЮВАО , р-н Нижегородский , м. Нижегородская , Перовское шоссе , 2к1 65 000 ₽/мес. От года, комм. платежи включены (без счётчиков), без комиссии, залог 65 000 ₽ Здравствуйте! от собственника БЕЗ КОМИССИИ сдается большая студия с 2 окнами, 25м2. Расположение: 5 мин до м.Нижегородская, самый близкий дом к метро. О квартире : все фото реальные, есть все- кондиционер, посудомоечная машина, полноценная духовка (!!), микроволновка, интернет, телевизор смарт тв, стиральная машина, вертикальный пылесос, двуспальная кровать 1600*2000мм, мини-диван, столовые приборы и посуда, огромный шкаф, плечики для одежды и гладильная доска. Инфраструктура : есть все-магазины, кафе, пекарни ,пункты выдачи всех маркетплейсов, аптеки, салоны красоты. Во дворе спортивные площадки, прогулочные и лаундж зоны с шезлонгами. Парковка во дворе и многоуровневый паркинг. Есть служба охраны,видеонаблюдение, 4 лифта в подъезде. При заключении договора необходим депозит за сохранность имущества в размере стоимости одного месяца аренды 65000 рублей. Депозит возвращается при передаче квартиры по окончанию срока проживания, при условии, что в квартире не повреждено имущество, это все также указывается в договоре. Квартира сдается официально , по договору, напрямую от собственника, все документы на собственность предоставим. Оплата : 65000+ вода,свет, отопление. Интернет и тв входит в стоимость. Квартира готова к заселению. Рассмотрю вариант субаренды. Собственник ID 100610673 Документы проверены Посмотреть все объекты +7 985 758-48-... Написать 6 часов назад сегодня, 13:05",,https://www.cian.ru/cat.php?deal_type=rent&district%5B0%5D=8&engine_version=2&offer_type=flat&room9=1&type=4&p=1,2026-04-20T16:34:16+00:00
1706,328567594,ЮВАО,https://www.cian.ru/rent/flat/328567594/?context=4.AZLLdfZcmyI.VNrftfX6bEYpD4wfEw-4TRz_MO74UtdKNNfQPeTih3aVYO4R4JQz8DDRjq0VXMCnYpQilsIpSTTJQQ&mlSearchSessionGuid=de846aa55fa63dc31acd30e749129936,1/22,165000,20.7,27,27,,"1/22 Студия, 20,7 м², 27/27 этаж Авиамоторная 11 минут пешком Москва , ЮВАО , р-н Лефортово , м. Авиамоторная , улица Крузенштерна , 10к1 65 000 ₽/мес. От года, комм. платежи включены (без счётчиков), комиссия 50%, без залога Дoлгоcрочная аренда (договoр нa 11 меcяцeв). Прeдcтaвляeм вaшeму внимaнию пpocторную, уютную студию плoщадью 20,7 кв.м. рacпoложeнную в ЖК Символ. Бытовая техника: кондиционер, телевизор, посудомоечная машина, хoлoдильник, варочная панель, микроволновая печь, cтиpальная машинa, элeктричecкий чайник. Есть все необходимое для комфортного и долгосрочного проживания, в т.ч. посуда. Удобства квартиры: - Встроенная посудомоечная машина; - Вместительные системы хранения; - Уютная просторная комната с красивым видом из окна; - Светлая, уютная ванная комната с современной сантехникой. Дом находится в районе с развитой инфраструктурой: в шаговой доступности остановки общественного транспорта, в 10 минутах пешком находится станция метро ""Авиамоторная"", в 15-20 минутах - станция ""Лефортово"". Рядом с домом расположены: продуктовые супермаркеты, пункты выдачи, аптеки и медицинские учреждения, кафе, рестораны. Преимущество ЖК Символ - безопасные дворы без машин с охраняемой территорией. Во дворе обустроены отдельные детские и спортивные площадки, а также экозоны для прогулок и отдыха. Условия проживания по Тарифу Комфортное проживание: - 50% от арендного платежа при заселении; - Раннее бронирование объекта (за 3 дня до заселения); - Персональный менеджер на всех этапах аренды быстро реагирует на запросы - большинство бытовых вопросов решаем за 48 часов; - Страхование гражданской ответственности до 0,3 млн ₽; - Организация мелкого ремонта. Коммунальные платежи: электроэнергия, хвс\гвс, услуги интернет провайдера, расходы за отопление дома/квартиры оплачивает арендатор. Заселение только при наличии постоянной регистрации РФ. Без животных Агентство недвижимости СМАРЕНТ Документы проверены +7 985 853-93-... Написать четыре дня назад 16 апр, 13:30",,https://www.cian.ru/cat.php?deal_type=rent&district%5B0%5D=8&engine_version=2&offer_type=flat&room9=1&type=4&p=1,2026-04-20T16:34:16+00:00
1699,313435761,ЮВАО,https://www.cian.ru/rent/flat/313435761/?context=4.ifH6qgvA_zY.qLMU44NZ6VY-wxWIZdYRQSDKJkTkfDkkPBblDIjzjkmGROdz8A3x5yEJOLt6ltm-EWfBRO_hkdTe4w&mlSearchSessionGuid=de846aa55fa63dc31acd30e749129936,1/11,170000,26.0,2,8,,"1/11 Студия, 26 м², 2/8 этаж Только на Циан Угрешская 5 минут пешком Москва , ЮВАО , р-н Южнопортовый , м. Угрешская , Волгоградский проспект , 32/5к1 70 000 ₽/мес. От года, комм. платежи включены (без счётчиков), без комиссии, без залога Сдаётся на долгий срок новая уютная квартира-студия. С дизайнерским ремонтом, выполненным из качественных материалов. В жилом комплексе бизнес - класса Метрополия. В прихожей большой шкаф купе в потолок на несколько секций. Удобная кровать с хорошим матрасом для комфортного сна. Дом оборудован индивидуальной входной группой со своим консьержем. В шаговой доступности находятся кафе, салоны красоты, магазины, аптеки, все что необходимо для комфортной жизни. ЖК находится в 8-ми минутах от станции метро Волгоградский проспект, в двух минутах МЦК Угрешская. Собственник ID 123287814 +7 989 561-77-... Написать 30 минут назад сегодня, 18:55",,https://www.cian.ru/cat.php?deal_type=rent&district%5B0%5D=8&engine_version=2&offer_type=flat&room9=1&type=4&p=1,2026-04-20T16:34:16+00:00
1729,323420031,ЮВАО,https://www.cian.ru/rent/flat/323420031/?context=4.Efajv21LTxs.CzW7CQY0fVsken6nCxvvfUQGcNIhMD0Xxt8Tv1p0MkKv0UmnRxlz8u2GkOQ2XGFUVVwzCy3exMwBSQ&mlSearchSessionGuid=cd537a878a89964058c0fbc774e0c3f3,1/16,170000,20.0,25,32,,"1/16 Студия, 20 м², 25/32 этаж Только на Циан Волгоградский проспект 6 минут пешком Москва , ЮВАО , р-н Южнопортовый , м. Волгоградский проспект , Новоостаповская улица , 7к1 70 000 ₽/мес. От года, комм. платежи включены (без счётчиков), комиссия 50%, залог 70 000 ₽ Представляю вашему вниманию стильную видовую квартиру-студия на 25-м этаже в новом жилом комплексе Первый Дубровский. Идеально подойдет одному человеку или паре! В квартире выполнена меблировка по дизайнерскому проекту в скандинавском стиле. Получилась очень уютная, светлая, просторная и максимально практичная квартира для комфортного длительного проживания. Преимущества данной квартиры: Мебель. Кухня-гостиная: классный стильный продуманный кухонный уголок со всей необходимой техникой, обеденным столом, стульями, большим телевизором. Спальня зона: шикарная уютная двуспальная кровать с ортопедическим матрасом и подъемным механизмом, большой шкаф для одежды с зеркалами, шторы блэкаут. Прихожая: большой шкаф для одежды, консоль, пуф. Санузел: оборудован душевой кабинкой, большим зеркалом с ящиком, стиральной машинкой, полотенцесушителем, шкафчиком для принадлежностей. Много мест хранения: кровать с подъемным механизмом, 2 шкафа с выдвижными системами и штангой. Кресла-стулья с поворотным механизмом. Бытовая техника: стиральная машинка, холодильник no frost, варочная панель, духовой шкаф, посудомоечная машина, вытяжка, телевизор, СВЧ, электрический чайник, кондиционер, интернет. Район обладает развитой инфраструктурой, в шаговой доступности детские сады, школы, игровые площадки, все необходимые магазины, аптеки, кафе, бары, пункты выдачи OZON, WB и многое другое. Удобная транспортная доступность: до метро Волгоградский проспект - 5 мин пешком, до ТТК - 5 мин на авто, до центра - 15 мин на авто. Условия проживания: - долгосрочная аренда - договор на 11 мес., с последующей пролонгацией - коммунальные платежи включены (без счетчиков и интернета) - коммунальные платежи по счетчикам: электроэнергия, горячая/холодная, услуги интернета оплачивает арендатор. - заселение только при наличии постоянной или временной регистрации РФ. - без животных - стоимость аренды: 70 000 руб Риелтор ID 21527139 Документы проверены +7 989 593-09-... Написать вчера 18 апр, 20:13",,https://www.cian.ru/cat.php?deal_type=rent&district%5B0%5D=8&engine_version=2&offer_type=flat&room9=1&type=4&p=2,2026-04-20T16:34:16+00:00
1694,321344783,ЮВАО,https://www.cian.ru/rent/flat/321344783/?context=4.2FTHcovrLdQ.nMURoY-GD-wmcV6uyzXAKZQv0Z6ewTP60D4tRdR2Wh8CiGhd0zTiG4BH69lDL7h0X3Q3GCXqxYw6nA&mlSearchSessionGuid=de846aa55fa63dc31acd30e749129936,1/22,190000,32.0,5,14,,"1/22 Студия, 32 м², 5/14 этаж Только на Циан Римская 10 минут пешком Москва , ЮВАО , р-н Лефортово , м. Серп и Молот , проезд Шелихова , 1к1 90 000 ₽/мес. От года, комм. платежи включены (без счётчиков), без комиссии, залог 90 000 ₽ Квартира в ЖК Символ, доме бизнес класса. Сдаётся впервые и на длительный срок. Оборудована всем необходимым: телевизор, интернет, на кухне встроенная техника (духовой шкаф, посудомоечная машина, холодильник, морозильная камера). Грамотно продуманная система хранения. Кондиционер, подогрев пола, видео домофон. Грамотно продуманная входная группа в подъезде с зоной коворкинга. Риелтор Ольга Цегельная Суперагент +7 916 043-84-... Написать 6 часов назад сегодня, 12:55",,https://www.cian.ru/cat.php?deal_type=rent&district%5B0%5D=8&engine_version=2&offer_type=flat&room9=1&type=4&p=1,2026-04-20T16:34:16+00:00
1710,329143582,ЮВАО,https://www.cian.ru/rent/flat/329143582/?context=4.6CzmAqf5c_s.SO-3wwyt6CSvoS9ijvoNWae-e6bGPbIU6ydhOIaybJD9gclzMccwTGnN8RlmxnQYvzTBlT2ITC2V2A&mlSearchSessionGuid=cd537a878a89964058c0fbc774e0c3f3,1/21,232000,24.0,2,19,,"1/21 Студия, 24 м², 2/19 этаж Некрасовка 18 минут пешком Москва , ЮВАО , р-н Некрасовка , м. Некрасовка , улица Лавриненко , 13к2 32 000 ₽/мес. От года, комм. платежи включены (без счётчиков), комиссия 100%, залог 32 000 ₽ Сдаётся уютная студия по адресу: Москва, ул. Лавриненко, д. 13, корп. 2. Общая площадь — 24 кв.м. Квартира идеально подойдёт для одного человека или пары, которые ценят комфорт и функциональность. Студия полностью укомплектована всем необходимым для жизни: удобная мебель, кухня с техникой, санузел в хорошем состоянии — можно заехать и жить без дополнительных вложений. Квартира сдаётся на длительный срок. Стоимость аренды — 32 000 рублей в месяц. Залог — 32 000 рублей. Коммунальные платежи — в среднем 2 0002 500 рублей. Комиссия агентства — 100%. Район Некрасовка — современный и активно развивающийся, с хорошей инфраструктурой: рядом магазины, супермаркеты, аптеки, кафе и всё необходимое для комфортной жизни. Спокойная и удобная локация для проживания. До метро Некрасовка — всего 15 минут пешком, что делает передвижение по городу быстрым и удобным. Отличный вариант для тех, кто ищет комфортное и доступное жильё в Москве на длительный срок. Риелтор Сергей Чернавин Суперагент +7 910 443-11-... Написать 2 часа назад сегодня, 16:49",,https://www.cian.ru/cat.php?deal_type=rent&district%5B0%5D=8&engine_version=2&offer_type=flat&room9=1&type=4&p=2,2026-04-20T16:34:16+00:00
1748,326403023,ЮВАО,https://www.cian.ru/rent/flat/326403023/?context=4.jIiz5jzNWHI.FqEZotiC-5fJy6wgGR4XGaTUeRVCScV2s6PAkei-Tm6sQDyV_9COgcQjWPqPl5KYBkl4QDfYNWb8PA&mlSearchSessionGuid=456234b3fd18bc6079f40b816d5e9cf3,1/11,241000,17.0,3,5,,"1/11 Студия, 17 м², 3/5 этаж Только на Циан Кузьминки 9 минут пешком Москва , ЮВАО , р-н Кузьминки , м. Кузьминки , Жигулевская улица , 4К2 41 000 ₽/мес. От года, комм. платежи включены (без счётчиков), комиссия 50%, залог 41 000 ₽ Сдаётся студия 17 м² в новом ЖК Нью Форм Сдаётся впервые уютная студия площадью 17 м², расположенная на 3 этаже нового жилого комплекса Нью Форм. Квартира полностью укомплектована для комфортного проживания: двуспальный диван шкаф для хранения вещей кухонный гарнитур с техникой: холодильник, плита, СВЧ ванная комната полностью оборудована: стиральная машина, душ, полотенцесушитель Новая квартира, никто не проживал. Подходит для одного человека или семейной пары. Инфраструктура и транспорт: рядом большое количество магазинов до метро — 7 минут пешком возле метро расположен крупный торгово-развлекательный центр Отличный вариант для комфортной жизни в новом доме. Звоните / пишите для просмотра. Агентство недвижимости АРТИН Суперагент +7 915 234-34-... неделю назад 8 апр, 08:31",,https://www.cian.ru/cat.php?deal_type=rent&district%5B0%5D=8&engine_version=2&offer_type=flat&room9=1&type=4&p=3,2026-04-20T16:34:16+00:00
1740,328604135,ЮВАО,https://www.cian.ru/rent/flat/328604135/?context=4.QquNw-2A_jg.ZusiIiU5XAb0W35YLen-EOqHIp7dn4B-24UUJSUWjflOeljmFnjy_9neJTrdmg6Jb_QFMhQunCjg1g&mlSearchSessionGuid=456234b3fd18bc6079f40b816d5e9cf3,1/14,244500,23.0,9,33,,"1/14 Студия, 23 м², 9/33 этаж Перерва 4 минуты пешком Москва , ЮВАО , р-н Люблино , м. Перерва , Иловайская улица , 2 44 500 ₽/мес. От года, комм. платежи включены (без счётчиков), комиссия 30%, залог 43 000 ₽ Сдаётся светлая студия с евроремонтом и совмещённым санузлом в ЖК Люблинский Парк! Её можно посмотреть когда Вам удобно: бронируете время, забираете ключи и спокойно осматриваете. Если всё понравится, договор подпишем онлайн и будем поддерживать Вас на всех этапах аренды. В квартире есть: - Кухонный гарнитур; - Холодильник; - Стиральная машина; - Кондиционер; - Интернет проведён. Полы - ламинат и плитка. Окна выходят во двор, есть бесплатная парковка. Собственник готов заселить не более 2 взрослых жильцов с детьми. С домашним питомцем нельзя. Дом находится в районе с развитой инфраструктурой, рядом расположены: - Гипермаркет Ашан и ТЦ Бум; - Парк им. Артёма Боровика и Парк Героев Отечественной войны 1812. В пешей доступности школы и детские сады, салоны красоты и парикмахерские, кафе и закусочные, заправки и автосервисы, колледж, культурный центр, фитнес-клубы, бассейн и кинотеатр. До МЦД-2 Перерва 7 минут пешком, до м. Братиславская 20 минут. Агентство недвижимости ПИК-Аренда Документы проверены +7 985 687-95-... Написать час назад сегодня, 18:21",,https://www.cian.ru/cat.php?deal_type=rent&district%5B0%5D=8&engine_version=2&offer_type=flat&room9=1&type=4&p=3,2026-04-20T16:34:16+00:00
1752,328436182,ЮВАО,https://www.cian.ru/rent/flat/328436182/?context=4.Zt7ryIOyCfo.-5b990DaamKlQDdSGNLm1ONUtQm_1eYTZ0OOiZfTf7yU4JbhakgGrZfEY-3Sc1zsSnsbVxXJw243Xw&mlSearchSessionGuid=456234b3fd18bc6079f40b816d5e9cf3,1/7,245000,19.0,2,5,,"1/7 Студия, 19 м², 2/5 этаж Только на Циан Проверено в Росреестре Текстильщики 12 минут пешком Москва , ЮВАО , р-н Текстильщики , м. Текстильщики , улица Артюхиной , 6К2 45 000 ₽/мес. От года, комм. платежи включены (без счётчиков), без комиссии, залог 45 000 ₽ Сдаётся СОБСТВЕННИКОМ, БЕЗ КОМИССИИ, уютная студия в пешей доступности до метро Текстильщики и Культурного центра Москвич, справа через забор школа, слева Московский институт экономики. Имеется вся необходимая мебель, техника, предметы быта, проведен скоростной интернет, по периметру неоновая подсветка, работающая в различных режимах. Сдаётся на длительный срок для 1-2 человек, имеющих регистрацию. Закрытый двор, парковочное место, видеонаблюдение, консьерж. Депозит можно разбить на 2 платежа: первый месяц 25 000 руб., второй месяц 20 000 руб. Студия сдаётся от собственника, поэтому без комиссии. Ежемесячная оплата квартиры: 45 000р. + счетчики Собственник ID 117482035 Документы проверены +7 985 012-40-... Написать четыре дня назад 16 апр, 12:58",,https://www.cian.ru/cat.php?deal_type=rent&district%5B0%5D=8&engine_version=2&offer_type=flat&room9=1&type=4&p=3,2026-04-20T16:34:16+00:00
1732,328008898,ЮВАО,https://www.cian.ru/rent/flat/328008898/?context=4.oe2DlkCZvJU.HDmAW8zsw7gy4eFHWix6gvLqvUTxi0v1qKG1iQdH_u7bSs98ZhNQFxHX26ushzTkxlbYwi3Hz5Yphw&mlSearchSessionGuid=cd537a878a89964058c0fbc774e0c3f3,1/24,250000,23.6,26,33,,"1/24 Студия, 23,6 м², 26/33 этаж Окская 10 минут пешком Москва , ЮВАО , р-н Рязанский , м. Окская , улица Михайлова , 30Ак2 50 000 ₽/мес. От года, комм. платежи включены (без счётчиков), комиссия 50%, без залога Дoлгocрoчная аpенда (договoр нa 11 месяцeв). Cтильнaя и cветлaя студия в ЖК Михaйлoвский Пapк, площадь кв.м. 23.6. Meбель: вмeститeльный шкaф, удобный pасклaднoй диван, куxoнный гаpнитуp, обeденная зона, pабoчая зoнa, кoмод. Бытовая техника: Стиральная машина, холодильник, вытяжка, варочная панель, электрический чайник, микроволновая печь. Район обладает развитой инфраструктурой: В пешей доступности детские сады, школы, поликлиники, магазины, фитнес-клуб, ТЦ Рязанский. До большого Кусковского лесопарка со старинной усадьбой Кусково и прудом 20 минут пешком по прямой. 10 мин. ходьбы до метро Окская и в 15 мин. пешком до метро Рязанский проспект Условия проживания по Тарифу Комфортное проживание - комиссия 50% от арендного платежа; - Раннее бронирование объекта (за 3 дней до заселения); - Персональный менеджер на всех этапах аренды быстро реагирует на запросы - большинство бытовых вопросов решаем за 48 часов; - Страхование гражданской ответственности до 300 000 ₽; - Организация мелкого ремонта. - Заселение с детьми (возраст детей от 6 лет). Коммунальные платежи: электроэнергия, хвс\гвс, услуги интернет провайдера, расходы за отопление (при наличии счетчика) дома/квартиры оплачивает арендатор. Заселение только при наличии постоянной регистрации РФ Без животных Агентство недвижимости СМАРЕНТ Документы проверены +7 985 853-93-... Написать 2 часа назад сегодня, 17:21",,https://www.cian.ru/cat.php?deal_type=rent&district%5B0%5D=8&engine_version=2&offer_type=flat&room9=1&type=4&p=2,2026-04-20T16:34:16+00:00
1702,323960207,ЮВАО,https://www.cian.ru/rent/flat/323960207/?context=4.7jNcwJJLypM.aNdPcCvtUXNX_Hm-OcLjchSvSjsZnx2bHD3taoh4bayTPAoFb6ANZJ-nYLOYzYTVMcx0yov4xtQtjQ&mlSearchSessionGuid=de846aa55fa63dc31acd30e749129936,1/26,255000,28.0,21,33,,"1/26 Студия, 28 м², 21/33 этаж Перерва 4 минуты пешком Москва , ЮВАО , р-н Люблино , м. Перерва , Иловайская улица , 2 55 000 ₽/мес. От года, комм. платежи включены (без счётчиков), комиссия 80%, залог 60 000 ₽ Сдается уютная квартира свободной планировки в новом ЖК. В квартире есть всё для комфортного проживания: мебель, бытовая техника телевизор, холодильник, стиральная машина, кондиционер, духовка, электроплита от западных брендов, ортопедическая кровать 160200, продуманы зоны отдыха, сна, хранения и т.д. ЖК находится в окружении развитой социальной и коммерческой инфраструктуры - детский сад, различные образовательные учреждения, сетевые супермаркеты (Пятёрочка, ВкусВилл) , ПВЗ (Озон, WB), скоро открытие нескольких кафе и ресторанов. В пешей доступности - Люблинский парк, станции метро Перерва, Братиславская и Марьино. Квартира сдается на длительный срок одному 1 человеку от 25 лет без вредных привычек, без детей и животных. Риелтор Жанна Шойбекова Суперагент +7 916 632-93-... Написать 5 часов назад сегодня, 14:30",,https://www.cian.ru/cat.php?deal_type=rent&district%5B0%5D=8&engine_version=2&offer_type=flat&room9=1&type=4&p=1,2026-04-20T16:34:16+00:00
1726,328571046,ЮВАО,https://www.cian.ru/rent/flat/328571046/?context=4.XKsBNF-yAxw.943NVVds0aWugGp2AD5KTzDHuRxXGDcLFW_SzZNH05aeukQkXE7NMkdmOWAotEcezg_5q9fveiQDmQ&mlSearchSessionGuid=cd537a878a89964058c0fbc774e0c3f3,1/19,257000,23.6,18,37,,"1/19 Студия, 23,6 м², 18/37 этаж Нижегородская 10 минут пешком Москва , ЮВАО , р-н Нижегородский , м. Нижегородская , Перовское шоссе , 2к2 57 000 ₽/мес. От года, комм. платежи включены (без счётчиков), комиссия 50%, без залога Дoлгоcрочная аренда (договoр нa 11 меcяцeв). Прeдcтaвляeм вaшeму внимaнию пpocторную, уютную студию плoщадью 23,6 кв.м. рacпoложeнную в ЖК Перовское. Бытовая техника: кондиционер, телевизор, хoлoдильник, варочная панель, микроволновая печь, cтиpальная машинa, элeктричecкий чайник, утюг, гладильная доска, сушилка для одежды. Есть все необходимое для комфортного и долгосрочного проживания, в т.ч. посуда. Удобства квартиры: - Вместительные системы хранения; - Обеденная зона с телевизором; - Уютная просторная комната с красивым видом из окна; - Светлая, уютная ванная комната с современной сантехникой. Дом находится в районе с развитой инфраструктурой: в шаговой доступности остановки общественного транспорта, в пешей доступности станция метро Нижегородская. Рядом с домом расположены: продуктовые супермаркеты, пункты выдачи, аптеки, кафе, рестораны. Условия проживания по Тарифу Комфортное проживание: - 50% от арендного платежа при заселении; - Раннее бронирование объекта (за 3 дня до заселения); - Персональный менеджер на всех этапах аренды быстро реагирует на запросы - большинство бытовых вопросов решаем за 48 часов; - Страхование гражданской ответственности до 0,3 млн ₽; - Организация мелкого ремонта. Коммунальные платежи: электроэнергия, хвс\гвс, услуги интернет провайдера, расходы за отопление дома/квартиры оплачивает арендатор. Заселение только при наличии постоянной регистрации РФ. Без животных Агентство недвижимости СМАРЕНТ Документы проверены +7 985 853-93-... Написать четыре дня назад 16 апр, 10:48",,https://www.cian.ru/cat.php?deal_type=rent&district%5B0%5D=8&engine_version=2&offer_type=flat&room9=1&type=4&p=2,2026-04-20T16:34:16+00:00
1698,327344692,ЮВАО,https://www.cian.ru/rent/flat/327344692/?context=4.Xt-4e6HSU_M.qXqgHDstZkuhUeC34T-kQOBWw6XwQPV6A5lt_VGHhgBW_Rja6x89fKL_0YXfX93fRDJcbiZD2BJiVA&mlSearchSessionGuid=de846aa55fa63dc31acd30e749129936,1/11,258000,20.0,10,24,,"1/11 Дизайнерская квартира-студия Студия, 20 м², 10/24 этаж Текстильщики 18 минут пешком Москва , ЮВАО , р-н Текстильщики , м. Текстильщики , 1-й Грайвороновский проезд , 3Ак2 58 000 ₽/мес. От года, комм. платежи включены (без счётчиков), без комиссии, залог 60 000 ₽ Сдаётся впервые уютная студия в новом доме в районе Текстильщики. Площадь квартиры — 20 кв. м, расположена на 10 этаже 24-этажного дома. До метро Текстильщики можно дойти пешком всего за 18 минут, до метро Новохохловская - 13 минут . В квартире сделан дизайнерский ремонт, который создаёт атмосферу современности и уюта. Обстановка продумана до мелочей: в наличии вся необходимая мебель как на кухне, так и в жилой зоне. Из техники установлены кондиционер, холодильник, духовой шкаф, индукционная варочная панель, микроволновая печь, телевизор и стиральная машина, что позволит вам чувствовать себя комфортно с первых дней проживания. В санузле — душевая кабина. Дом оборудован двумя пассажирскими и одним грузовым лифтом, а на территории имеется наземная и многоуровневая парковка. Район с развитой инфраструктурой: рядом находятся школы, детские сады, клиники и магазины. Это позволит вам решать все бытовые вопросы, не покидая район. Условия аренды: залог Квартира сдаётся на длительный срок. Без животных! Идеально подойдёт для одного человека или пары. Записывайтесь на просмотр, чтобы лично оценить эту замечательную студию! Агентам не беспокоить! Риелтор ID 309175 Документы проверены +7 985 554-52-... Написать 7 часов назад сегодня, 11:40",,https://www.cian.ru/cat.php?deal_type=rent&district%5B0%5D=8&engine_version=2&offer_type=flat&room9=1&type=4&p=1,2026-04-20T16:34:16+00:00
1743,329106757,ЮВАО,https://www.cian.ru/rent/flat/329106757/?context=4.s2oiQyo9m-8.CCUhRwxMMsYSVBuVcLUa9VgB4VGiaeFoI5NpQl8K742z38PCwydwXw8jUUZzdX9vhYlYvbqi0eRtCA&mlSearchSessionGuid=456234b3fd18bc6079f40b816d5e9cf3,1/15,260000,23.3,32,33,,"1/15 Студия, 23,3 м², 32/33 этаж Только на Циан Перерва 4 минуты пешком Москва , ЮВАО , р-н Люблино , м. Перерва , Иловайская улица , 2 60 000 ₽/мес. От года, комм. платежи включены (без счётчиков), без комиссии, залог 60 000 ₽ Посредников, агентов и пр. просьба не беспокоить!!!! Впервые сдается стильная студия с дизайнерским ремонтом ОТ СОБСТВЕННИКА в новом доме 2025 года постройки, ЖК Люблинский парк, Иловайская ул., д. 2, район Люблино. Современный дом, закрытый двор, детская площадка, ухоженная территория, на территории охрана и видеонаблюдение. В пешей доступности (500 метров) станция МЦД Перерва, что даёт быстрый выезд в центр и другие районы города. Рядом также метро Марьино и Братиславская (до 20 минут пешком или несколько остановок на транспорте). Около дома проходят автобусные маршруты (в том числе до метро Люблино, Братиславская, Марьино), рядом остановка Автохозяйство в 1-2 минутах ходьбы. В доме и районе есть паркинг, во дворе и поблизости предусмотрены парковочные места. Уютная жилая зона: двуспальная кровать (140х200), комод, встроенные шкафы для удобного хранения. Кухня с необходимой техникой: встроенный холодильник, микроволновая печь, духовой шкаф, индукционная варочная панель, современная обеденная зона. Совмещённый санузел с душевой кабиной и качественной сантехникой, абсолютно новая техника. Собственник ID 140783483 +7 986 314-31-... Написать три дня назад 17 апр, 18:14",,https://www.cian.ru/cat.php?deal_type=rent&district%5B0%5D=8&engine_version=2&offer_type=flat&room9=1&type=4&p=3,2026-04-20T16:34:16+00:00
1687,329145990,ЮВАО,https://www.cian.ru/rent/flat/329145990/?context=4.n7YdBEM140I.FUgHmR-Ej-6YrLsVUd9MC_Fp92bhVhxSzVFvrLHPRP0Jed1GmWE56gKGZfeI2jOsNCFyV3WvGla9Pw&mlSearchSessionGuid=de846aa55fa63dc31acd30e749129936,1/19 Ещё фото,263000,31.9,12,17,,"1/19 Ещё фото Сдаётся без депозита! Студия, 31,9 м², 12/17 этаж Перерва 4 минуты пешком Москва , ЮВАО , р-н Люблино , м. Перерва , Иловайская улица , 2 63 000 ₽/мес. От года, комм. платежи включены (без счётчиков), комиссия 40%, без залога Сдаётся светлая квартира-студия с евроремонтом и совмещённым санузлом в ЖК Люблинский Парк, без депозита! Её можно посмотреть когда Вам удобно: бронируете время, забираете ключи и спокойно осматриваете. Если всё понравится, договор подпишем онлайн и будем поддерживать Вас на всех этапах аренды. В квартире есть: - Проведён интернет; - Холодильник; - Стиральная машина; - Кухонный гарнитур. Дополнительную мебель/технику можно приобрести в счёт арендной платы. Полы ламинат и плитка. Окна выходят во двор, на восток, есть бесплатная парковка. Собственник готов заселить не более 2 жильцов с детьми и обсудить оформление временной регистрации. С домашним питомцем можно по согласованию. Дом расположен в районе с развитой инфраструктурой, рядом находятся: - Парк имени Артёма Боровика; - Братиславский лесопарк. - ТЦ Люблю Молл; - Парк 850-летия Москвы; - Лес Жары; - Парк Героев Отечественной войны 1812 года. Во дворах обустроены детские площадки, двор без машин. В пешей доступности — школа, детский сад, продуктовые супермаркеты, аптеки, фитнес-клуб, кафе. До МЦД-2 Перерва - 6 минут пешком. Агентство недвижимости ПИК-Аренда Документы проверены Посмотреть все объекты +7 919 999-74-... Написать час назад сегодня, 17:48",,https://www.cian.ru/cat.php?deal_type=rent&district%5B0%5D=8&engine_version=2&offer_type=flat&room9=1&type=4&p=1,2026-04-20T16:34:16+00:00
1727,329126793,ЮВАО,https://www.cian.ru/rent/flat/329126793/?context=4.C6KV-UgqDPs.HboXHCHwo6YZx72kQXKmOLWaHYkyMXLhEUmzCcgBKoDJvOHuFSPEORFNU4-rN0Uf3GeUttjkm6k_KA&mlSearchSessionGuid=cd537a878a89964058c0fbc774e0c3f3,1/21,263000,22.0,18,25,,"1/21 Студия, 22 м², 18/25 этаж Только на Циан Авиамоторная 9 минут пешком Москва , ЮВАО , р-н Лефортово , м. Авиамоторная , Красноказарменная улица , 14Ак2 63 000 ₽/мес. От года, комм. платежи включены (без счётчиков), комиссия 70%, залог 63 000 ₽ Сдается впервые комфортная, теплая и позитивная студия, где Вас ждет новый раскладной диван с новым матрасом, вместительным шкафом в комнате и в коридоре, кондиционером, индукционной панелью с посудой, вытяжкой, отличной встроенной СВЧ, Мегателевизором с подключением к WF,, душевой кабиной с супер лейками и стиральной машиной. Есть балкон, выходящий на северо- восток Москвы во двор ЖК Пётр Первый, где Вы сможете воспользоваться всей инфраструктурой от минимаркетов, озона, множество кафе с разными направлениями в обслуживании, салонов красоты, а если по душе МЕГА маркеты- то все в шаговой доступности до 7-10 минут у разных выходом МЕГА КОМПЛЕКСА РАЗВЯЗОК МЕТРО: м. Авиамоторная ( Калининской линии( 10 минут и в центре на Новокузнецкой), БКЛ, МЦД 3 - значит в любой конец нашего города Вы сможете быстро добраться и экономить время!!!! просьба строго в квартире НЕ КУРИТЬ! депозит можно разбить на два платежа! Риелтор ID 5454 +7 915 297-28-... Написать два дня назад 18 апр, 16:38",,https://www.cian.ru/cat.php?deal_type=rent&district%5B0%5D=8&engine_version=2&offer_type=flat&room9=1&type=4&p=2,2026-04-20T16:34:16+00:00
1736,328938822,ЮВАО,https://www.cian.ru/rent/flat/328938822/?context=4.Ek4YGmbrBeE.uHrfF_W3qffRVbK0v_X_SjkBxULN4lcNyfJvYN36CGtzDhv5QXIDausSycS3-I03QRXz2lKOoBMiXQ&mlSearchSessionGuid=cd537a878a89964058c0fbc774e0c3f3,1/21,268000,23.0,20,24,,"1/21 Студия, 23 м², 20/24 этаж Только на Циан Нижегородская 12 минут пешком Москва , ЮВАО , р-н Нижегородский , м. Нижегородская , Рязанский проспект , 2/2к2 68 000 ₽/мес. От года, комм. платежи включены (без счётчиков), без комиссии, залог 70 000 ₽ Собственник, сдаю прекрасную студию, м. Нижегородская, на долгий срок 10 мин до м. Нижегородская (там же БКЛ, МЦК, МЦД-4) Новостройка, 20-й этаж, 23 м², белые стены, лоджия с теплым полом. Качественная отделка под себя. Помимо стандартного набора: - измельчитель отходов в раковине - стиралка со встроенной сушкой - кондиционер - отпариватель - кровать с ортопедическим матрасом - умный чайник - качественные выключатели и сантехника (Schneider, hansgroge, grohe, ravak) Для водителей: простой выезд на ТТК и МСД, круглосуточная недорогая парковка в соседнем ТЦ. Рядом лавка с фермерскими овощами и фруктами, вкусвилл, пятерочка, аптеки, кофейни, ПВЗ (желтый, синий, розовый), фитнес. 15 мин пешком до Ашана и Лемана Про, там же большой МФЦ. Условия: Курение запрещено Без комиссии Залог (1 месяц) можно разбить на 2 месяца. Квартира готова к показу и заселению Собственник ID 67814503 Документы проверены +7 919 765-60-... Написать три дня назад 17 апр, 09:12",,https://www.cian.ru/cat.php?deal_type=rent&district%5B0%5D=8&engine_version=2&offer_type=flat&room9=1&type=4&p=2,2026-04-20T16:34:16+00:00
1758,328380402,ЮВАО,https://www.cian.ru/rent/flat/328380402/?context=4.VOd_XuKIFtY.KkHDlyiUPZip9l1on27lDGF2xSMXskMS3aulL1B3xXrEPITQsdkCQG5iHkf2lRPwTsIEeBL8cMUSog&mlSearchSessionGuid=456234b3fd18bc6079f40b816d5e9cf3,1/17,270000,30.3,7,22,,"1/17 Студия, 30,3 м², 7/22 этаж Только на Циан Площадь Ильича 8 минут пешком Москва , ЮВАО , р-н Лефортово , м. Серп и Молот , улица Крузенштерна , 2 70 000 ₽/мес. От года, комм. платежи включены (без счётчиков), комиссия 50%, залог 75 000 ₽ Сдается в первые квартира- студия редкой планировки 39,3 кв.м. с двумя окнами в доме бизнес- класса . В квартире есть все необходимое для проживания , прекрасный вид из окон , консъерж- сервис , в доме имеется подземный паркинг , территория дома огорожена . На первом этаже имеются оборудованная детская игровая комната , туалетная комната , место для общения. Требования к Арендаторам : без детей и животных, семейная пара либо один человек . ----- Примечание: у собственника могут быть дополнительные пожелания к жильцам - обсудите их в чате или по телефону ID 107146450 Документы проверены +7 985 867-59-... Написать неделю назад 9 апр, 22:23",,https://www.cian.ru/cat.php?deal_type=rent&district%5B0%5D=8&engine_version=2&offer_type=flat&room9=1&type=4&p=3,2026-04-20T16:34:16+00:00
1761,328908588,ЮВАО,https://www.cian.ru/rent/flat/328908588/?context=4.GRBTyDOQarY.TJBXFi4BO2eEwEzjT6mSscz9xzwtPIk0DTUYAECJrtqF4UHViFYN9E5RJ5hTUuXO89uP2Jiq4Cl7nQ&mlSearchSessionGuid=456234b3fd18bc6079f40b816d5e9cf3,1/25,270000,25.0,6,30,,"1/25 Студия, 25 м², 6/30 этаж Только на Циан Угрешская 5 минут пешком Москва , ЮВАО , р-н Южнопортовый , м. Угрешская , Волгоградский проспект , 32/5к2 70 000 ₽/мес. От года, комм. платежи включены (без счётчиков), комиссия 50%, залог 70 000 ₽ Стильная студия с отдельной спальней | Панорамное окно | 5 мин до МЦК Угрешская Если ты ищешь не просто квартиру, а пространство, в которое хочется возвращаться — ты его нашёл. ЖК Метрополия, корпус Афины Главное преимущество — грамотное зонирование: это не студия всё в одном, а полноценный формат: — отдельная зона спальни — кухня-гостиная для жизни и отдыха 25 м², которые ощущаются как больше за счёт: — панорамного окна (много света) — высоких потолков — продуманной планировки Полностью готова к жизни: — кухня с техникой (есть посудомоечная машина — редкость в этом сегменте) — стиральная машина — микроволновка — кондиционер — достаточно мест для хранения — ничего не будет на виду Ванная, а не душ — комфорт на уровне, который обычно встречается в более дорогих вариантах Локация, которая экономит время: — 5 минут до МЦК Угрешская — быстрый доступ до Москва-Сити — удобный выезд в центр Про ЖК: — закрытый двор-парк без машин — стильные входные группы — подземный паркинг — атмосфера современного города Кому подойдет: — одному человеку, который ценит комфорт — паре без детей — тем, кто работает в Сити или в центре Почему стоит написать прямо сейчас: такие квартиры с отдельной спальней в этом бюджете появляются редко и уходят быстро Пишите/звоните — покажу оперативно Предпочтительно рассмотрим без животных КУ оплачиваются отдельно по счетчикам Комиссия 50% Риелтор ID 31619852 Документы проверены +7 985 066-58-... Написать два дня назад 17 апр, 20:23",,https://www.cian.ru/cat.php?deal_type=rent&district%5B0%5D=8&engine_version=2&offer_type=flat&room9=1&type=4&p=3,2026-04-20T16:34:16+00:00
1723,329009883,ЮВАО,https://www.cian.ru/rent/flat/329009883/?context=4.exQbFEP9WWU.qYZCOBI3qj1Uij2Xt0sH4Fd42hd0i12d9p5on_3xDtaJ53vFJA-BQx9-zz6djFyHYwUf_CFckm7owg&mlSearchSessionGuid=cd537a878a89964058c0fbc774e0c3f3,1/34,275000,30.1,2,4,,"1/34 Студия, 30,1 м², 2/4 этаж Москва-Товарная 8 минут пешком Москва , ЮВАО , р-н Лефортово , м. Москва-Товарная , шоссе Энтузиастов , 3к2 75 000 ₽/мес. От года, комм. платежи включены (без счётчиков), комиссия 50%, без залога Дoлгocрoчная аренда (договoр нa 11 меcяцев). Kвартиpа cдaeтcя впepвые! Представляeм вашему внимaнию студию площадью 30.1 кв.м. pасполoжeнную в ЖК Символ Квартира укомплектована всем необходимым для комфортного проживания: качественная техника и стильная мебель! Бытовая теxника: cтиральнaя мaшина, xoлодильник, варочная панeль, духовой шкаф, пoсудомоечная машина, электрический чайник, утюг, телевизор, кондиционер. Транспортная доступность: Метро Площадь Ильича - 6-10 мин пешком Метро Римская- 6-10 мин пешком - На территории ЖК открыты лицей при МГТУ им. Баумана, детские сады, физкультурно-оздоровительные комплексы, детская и взрослая поликлиники, кафе, супермаркеты, рестораны и многое другое. - Рядом расположены Лефортовский парк и парк Казачьей Славы и набережная реки Яузы. - Напротив квартала находится крупный торгово-развлекательный центр Город. Условия проживания по Тарифу Комфортное проживание: - 50% от арендного платежа при заселении; - Раннее бронирование объекта (за 3 дня до заселения); - Персональный менеджер на всех этапах аренды быстро реагирует на запросы - большинство бытовых вопросов решаем за 48 часов; - Страхование гражданской ответственности до 300 000 ₽; - Организация мелкого ремонта. Коммунальные платежи: электроэнергия, хвс\гвс, услуги интернет-провайдера, расходы за отопление дома/квартиры оплачивает арендатор. Заселение только при наличии постоянной регистрации РФ. Без животных. Агентство недвижимости СМАРЕНТ Документы проверены +7 985 853-93-... Написать 5 часов назад сегодня, 14:06",,https://www.cian.ru/cat.php?deal_type=rent&district%5B0%5D=8&engine_version=2&offer_type=flat&room9=1&type=4&p=2,2026-04-20T16:34:16+00:00
1696,313752293,ЮВАО,https://www.cian.ru/rent/flat/313752293/?context=4.sOoP64EwWws.4kApUiPJueWf9DAmoOQ1_kIjxkNMHEXU0BDsNOTReLF_eAwEpB2QP_I1QCr-oXXLx_qj5W2laN9hbw&mlSearchSessionGuid=de846aa55fa63dc31acd30e749129936,1/50,296000,43.0,17,17,,"1/50 Просторная студия у МЦК Дубровка Студия, 43 м², 17/17 этаж Проверено в Росреестре Дубровка 7 минут пешком Москва , ЮВАО , р-н Южнопортовый , м. Дубровка , 6-я Кожуховская улица , 15к2 96 000 ₽/мес. От года, комм. платежи включены (без счётчиков), без комиссии, залог 120 000 ₽ На последнем 17 этаже, на южной стороне одноподъездного монолитного дома 2005 года постройки, сдается просторная 43 м. студия с лоджией, полностью оборудованная и укомплектованная всем необходимым. Установлена новая сушильная машина, капсульная Nespresso, индукционная плита, фильтрация питьевой воды с осмосом, бойлер, Oled (именно Олед) телевизор с не замедляемым ютубом, Apple tv 4k с Кинопабом! (Не путать с Кинопоиском и другими бесполезными онлайн кинотеатрами) , колонкой Алисой с элементами умного дома (интерьерное освещение на голосовом управлении), домашним кинотеатром 5.1 B&W мультирум, по необходимости + xbox X. Инверторный кондиционер Fujitsu с ночным режимом 19dB и Конвекционная микроволновая печь Panasonic (оба made in Japan). В наличии хорошая, новая кухонная посуда, приборы Broggi новое белье (икея импорт)) и всё что нужно для жизни, (штопор есть!). Вам, только развесить на 120 вешалках личные вещи, в 2-х шкафах, и в прихожей разместить 27 пар обуви в обувнице. Кровать - 160/200 и доп спальное место из дивана 120/180. Не смотря на то, что дом находится рядом с ТТК, с прекрасной транспортной доступностью, в квартире тихо и можно спать с открытыми окнами. В доме приветливые соседи и круглосуточный консьерж. У дома ВСЕГДА есть бесплатные парковочные места. Рядом, в соседних домах, продуктовые сетевые магазины с алкоголем, работающие до 23:00 и один круглосуточный + большой Магнит Косметик, через дом Яндекс лавка., Аптека и тандыр Пекарня. В трех! минутах ходьбы от дома большой ТРЦ Мозаика, с фудкортом, гипер маркетом, фитнесом (DDX) флагманским Мфц и 2-х минутным переходом на станцию МЦК Дубровка. Метро Кожуховская в 12 минутах ходьбы. Недалеко находится ландшафтный парк Остров Мечты (идеально для велопрогулок) В стоимость аренды включены все платежи кроме электроэнергии. Сдаю без животных, на длительный срок ценящим чистоту, камерность и уют. Если вы хотите жить в современных условиях, но большие ЖК с маленькими деревьями и плохой шумоизоляцией вам не подходят, тогда это предложение может быть вам интересно. ID 47359882 Документы проверены +7 985 002-22-... Написать 7 часов назад сегодня, 12:02",,https://www.cian.ru/cat.php?deal_type=rent&district%5B0%5D=8&engine_version=2&offer_type=flat&room9=1&type=4&p=1,2026-04-20T16:34:16+00:00
1688,326682210,ЮВАО,https://www.cian.ru/rent/flat/326682210/?context=4.Vgh47RuK0CM.ycpkFWQFvgveGHpDXaeGI2bW3W6MiPv2Po2GvoTnttrDIaoCt5a0wolE2jBXX8MZyX0eBYZdciBnnA&mlSearchSessionGuid=de846aa55fa63dc31acd30e749129936,1/14 Ещё фото,347300,21.0,5,19,,"1/14 Ещё фото Пешком до метро, залога нет Студия, 21 м², 5/19 этаж Новохохловская 3 минуты на транспорте Москва , ЮВАО , р-н Текстильщики , м. Текстильщики , 1-й Грайвороновский проезд , 3 47 300 ₽/мес. От года, комм. платежи включены (без счётчиков), комиссия 50%, без залога Сдаётся новая студия с евроремонтом в новом ЖК Волжский парк, без депозита! Её можно посмотреть когда Вам удобно: бронируете время, забираете ключи или встречаетесь с нашим представителем и спокойно осматриваете. Если всё понравится, договор подпишем онлайн и будем поддерживать Вас на всех этапах аренды. В квартире есть: - кухонный гарнитур; - плита; - телевизор; - холодильник; - микроволновка; - утюг; - чайник; - стиральная машина. Можно обсудить приобретение дополнительной мебели/техники в счёт арендной платы. Полы — ламинат и плитка. Интернет проведён, есть роутер. Окна выходят во двор. Собственник готов заселить не более 2 взрослых жильцов с детьми и заключить договор с юридическим лицом. Можно с небольшим домашним питомцем. Дом расположен в районе с развитой инфраструктурой, в пешей доступности находятся: школа, детский сад, медицинский центр, поликлиника, продуктовые магазины, аптеки, салон красоты, кафе. В 17 минутах пешком — м. Текстильщики. Агентство недвижимости ПИК-Аренда Документы проверены Посмотреть все объекты +7 917 566-49-... Написать час назад сегодня, 17:40",,https://www.cian.ru/cat.php?deal_type=rent&district%5B0%5D=8&engine_version=2&offer_type=flat&room9=1&type=4&p=1,2026-04-20T16:34:16+00:00
1700,316033389,ЮВАО,https://www.cian.ru/rent/flat/316033389/?context=4.wqFkx4I_TJc.Uyw1bT_4xcsJfDpupGb_0mWH0yUDvLZbLCUMmUK0SnT83BmiBiWnKLRndgQf7p5Q6haenHHD8YM4Lg&mlSearchSessionGuid=de846aa55fa63dc31acd30e749129936,1/15,365000,25.0,6,30,,"1/15 Студия 25 кв.м Апартаменты-студия, 25 м², 6/30 этаж Проверено в Росреестре Волгоградский проспект 7 минут пешком Москва , ЮВАО , р-н Южнопортовый , м. Волгоградский проспект , Волгоградский проспект , 32/5к3 65 000 ₽/мес. От года, комм. платежи включены (без счётчиков), без комиссии, залог 65 000 ₽ Сдается собственником!!! Студия в ЖК Метрополия башня Флоренция у станции метро ""Волгоградский проспект"" - Таганско-Краснопресненская линия метрополитена (фиолетовая ветка на карте Московского метро). Южнопортовый район, Юго-Восточный административный округ столицы. Всего 3 минуты пешком от корпуса Флоренция до станции метро ""Волгоградский проспект"". Район внутри ТТК на границе с ЦАО. Идеальная локация для жизни и работы! Дизайнерский ремонт студии Транспортная доступность: • 15 минут на транспорте до Садового кольца. • Удобные выезды на ТТК, МЦК УГРЕШСКАЯ и в центр Москвы. • Рядом остановки наземного транспорта. Инфраструктура внутри ЖК: • Магазины: ВкусВилл, Клевер, Монголия, Ароматный Мир, Винлаб, Красное&Белое,Барин Дома, Точка Дыма, Деликатеска. • Аптеки Ригла,36,6, Горздрав. • Кафе и рестораны на любой вкус:Sense, Surf Coffe, Здрасте, Дом Winner, French Bakery,Деликатеска и многое другое. • Пункты выдачи заказов в соседнем доме: OZON, Wildberries, Яндекс. • Сервисы: барбершопы, салоны красоты, груминг. Химчистка LEDA. • Круглосуточная доставка всего. Образование рядом: • Школа им. Маяковского. • Частная Ломоносовская гимназия (20 минут пешком). • Вузы: МТУ, МЛГУ, МФЮА, Институт психоанализа, ИПИ НОУ. О доме - корпус Флоренция: • Вход по чип-ключу, круглосуточная охрана и видеонаблюдение на всех этажах. • 3 лифта с WIFI (1 грузовой). • В холле охрана, мягкая мебель для жильцов и гостей, видеонаблюдение. • Лаунж-зона во дворе, двор без машин. В соседнем доме со двора - ПВЗ: WB и OZON. • Подземная парковка (возможна аренда машино-места). • Территория для выгула домашних питомцев в 50 метрах от подъезда. Студия с дизайнерским ремонтом: Высота потолков 280 см • Мебель: двуспальный диван-кровать, функциональная кухня. • Техника: холодильник, индукционная плита, СВЧ, посудомоечная машина, угольная вытяжка, принудительная вентиляция в тч. В ванной - стиральная машина. • Бытовая техника: пылесос, парогенератор, фен, ТВ, Wi-Fi 500 Мбит/сек. • Дополнительно: док-станция JBL (Apple), датчики дыма в прихожей и зале, противопожарная система оповещения - громкоговоритель. Условия проживания: • Курение запрещено в апартаментах и МОП (в том числе электронных сигарет).",,https://www.cian.ru/cat.php?deal_type=rent&district%5B0%5D=8&engine_version=2&offer_type=flat&room9=1&type=4&p=1,2026-04-20T16:34:16+00:00
1742,329106459,ЮВАО,https://www.cian.ru/rent/flat/329106459/?context=4.w8zMq3wMsRo.K-JfbFrnzGPA4Y1dija5fgexTU0Vi_vD3yeAd2BrX-zr2E9Pejou9wgqGWpySTHMoqc1Goaonwq2FA&mlSearchSessionGuid=456234b3fd18bc6079f40b816d5e9cf3,1/8,375000,25.4,4,30,,"1/8 Апартаменты-студия, 25,4 м², 4/30 этаж Только на Циан Волгоградский проспект 7 минут пешком Москва , ЮВАО , р-н Южнопортовый , м. Волгоградский проспект , Волгоградский проспект , 32/5к3 75 000 ₽/мес. От года, комм. платежи включены (без счётчиков), комиссия 50%, залог 70 000 ₽ Код объекта: 2138428. Сдается уютная студия в ЖК бизнес-класса ""Метрополия"". Корпус Амстердам, Волгоградский проспект д.32/5к3. Квартира полностью укомплектована мебелью и бытовой техникой: - стиральная машина с сушкой - микроволновая печь - холодильник - посудомоечная машина - кондиционер - варочная панель - вытяжка - шкаф-купе в прихожей. Закрытая охраняемая территория с ресторанами, супермаркетами, аптеками, бьюти-салонами и т.д. В шаговой доступности метро: 5 минут до МЦК Угрешская, 7 минут от метро Волгоградский проспект. Один собственник. Долгосрочная аренда. Агентство недвижимости Владис Суперагент +7 985 127-80-... Написать вчера вчера, 21:46",,https://www.cian.ru/cat.php?deal_type=rent&district%5B0%5D=8&engine_version=2&offer_type=flat&room9=1&type=4&p=3,2026-04-20T16:34:16+00:00
1690,328267613,ЮВАО,https://www.cian.ru/rent/flat/328267613/?context=4.Pyw4TEohSFY.MBJuDZELyt5heeD3yGXVeIFyRsPFy97-gjFytu9H7q_JBsYhXJRljshx24EkRSimfNWve2ZC39px7w&mlSearchSessionGuid=de846aa55fa63dc31acd30e749129936,1/6 Ещё фото,425000,22.3,2,21,,"1/6 Ещё фото Апартаменты-студия, 22,3 м², 2/21 этаж Только на Циан Калитники 11 минут пешком Москва , ЮВАО , р-н Нижегородский , м. Калитники , Автомобильный проезд , 4 25 000 ₽/мес. От года, комм. платежи включены (без счётчиков), комиссия 50%, залог 25 000 ₽ Id 62122. Апартаменты в ЖК Nice Loft — без отделки, свободное назначение Сдаются апартаменты в ЖК Nice Loft без отделки (бетон). Пространство можно использовать под любые задачи и полностью адаптировать под себя. Подойдёт для: • проживания • склада / хранения • субаренды • реализации собственного проекта Формат без отделки — возможность сделать всё под свои цели или использовать помещение в текущем состоянии. Nice Loft — современный апарт-комплекс с охраной, круглосуточным доступом и удобной логистикой. Готовы рассмотреть разные форматы аренды и условия сотрудничества. Звоните — обсудим детали. Агентство недвижимости EstateLiga Документы проверены Посмотреть все объекты +7 916 863-15-... Написать 7 часов назад сегодня, 11:36",,https://www.cian.ru/cat.php?deal_type=rent&district%5B0%5D=8&engine_version=2&offer_type=flat&room9=1&type=4&p=1,2026-04-20T16:34:16+00:00
1754,329126492,ЮВАО,https://www.cian.ru/rent/flat/329126492/?context=4.1MQjCtBMpPI.hPEkQX63VtcTGVJ_sd2giRV2AWwMDaCMV-qHhhbSVxJ0QLpZGX82SqQP3lHTAZKEvyzoVFEy8DSfWw&mlSearchSessionGuid=456234b3fd18bc6079f40b816d5e9cf3,1/11,445000,25.6,4,14,,"1/11 Студия, 25,6 м², 4/14 этаж Только на Циан Некрасовка 16 минут пешком Москва , ЮВАО , р-н Некрасовка , м. Некрасовка , улица Маресьева , 7к4 45 000 ₽/мес. От года, комм. платежи включены (без счётчиков), комиссия 50%, залог 45 000 ₽ уютная , светлая,студия. хороший ремонт, светлые тона, новый современный дом 2022 год, с детскими, спортивными площадками. мебель для кухни, холодильник диван удобный, комфортный , ортопедический , фабрика 8 марта, телеыизор прихожая, шкаф, комод, есть все необходимое для комфортной жизни. магазины, кафе , салоны в доме. для 1-2 желающих, просьба без животных рядом магазины, спорт центры до метро 10 минут пешком, до центра 35 минут рассмотрим платежеспособных, скидку рассматриваем Риелтор Татьяна Лапшина Суперагент +7 923 070-47-... Написать 7 часов назад сегодня, 11:50",,https://www.cian.ru/cat.php?deal_type=rent&district%5B0%5D=8&engine_version=2&offer_type=flat&room9=1&type=4&p=3,2026-04-20T16:34:16+00:00
1722,329010592,ЮВАО,https://www.cian.ru/rent/flat/329010592/?context=4.ztO-hoKOFEc.EXAO-V3KnJrGhfJC4gFKVtx7HhrzFIxZoAa6Beqc2kH8he7PDwCnoCQmx3RqfzhamQRFpn9vWnlTOA&mlSearchSessionGuid=cd537a878a89964058c0fbc774e0c3f3,1/8,450000,20.0,10,17,,"1/8 Студия, 20 м², 10/17 этаж Братиславская 4 минуты на транспорте Москва , ЮВАО , р-н Люблино , м. Перерва , Иловайская улица , 4 50 000 ₽/мес. От года, комм. платежи включены (счётчики включены), без комиссии, залог 50 000 ₽ НЕ АГЕНТСТВО! Сдается уютнaя и свeтлая квapтиpа-студия в ЖК Люблинcкий пapк на длительный сpoк. Зaкpытaя территория у домa, мaгазины, кафе, сaлoны кpасoты, caдик, школa. B 15 минутах ходьбы Aшан, торгoвый центр, парки, пoликлиники, всe неoбходимоe для жизни в пeшей дocтупности. По ЖK ходит aвтобуc, на aвтобуce 15 минут до метрo Братиславская ( 2 КМ ), Марьино ( 2 КМ ) , Люблино ( 4 КМ). В кваpтиpe вce eсть для жизни -мебель, техника, вce новое! Кухонная зoна oбоpудована вcтpоeннoй варочнoй пaнeлью, микpовoлнoвой печью, холодильником, стол,стулья. Есть электрический чайник, минимальный набор посуды и столовых приборов, кастрюля, сковорода. В комнате шкафы для одежды и раскладной диван. В прихожей большой шкаф для одежды и личных вещей, зеркало. В ванной комнате также всё необходимое: раковина стиральная машина, сушилка для белья. В квартиру проведен высокоскоростной интернет. Квартира сдается собственником, без посредников, по договору, без домашних животных. коммунальные платежи ( вода и электроэнергия) , интернет оплачиваются отдельно. Арендная плата 50.000 При заселении оплата за первый и последний месяц. Собственник ID 74842870 +7 915 014-69-... Написать три дня назад 17 апр, 15:17",,https://www.cian.ru/cat.php?deal_type=rent&district%5B0%5D=8&engine_version=2&offer_type=flat&room9=1&type=4&p=2,2026-04-20T16:34:16+00:00
1750,329124791,ЮВАО,https://www.cian.ru/rent/flat/329124791/?context=4.2LfnX_a9s8Y.bYu2zAHAo0F4Ng0JcnXue4he-drJSwI-EiebkzmuY54RqnCPMnE1_cg5hLMFnhtM4yhIA46AOs5Mjg&mlSearchSessionGuid=456234b3fd18bc6079f40b816d5e9cf3,1/33,454990,26.0,21,21,,"1/33 Апартаменты-студия, 26 м², 21/21 этаж Калитники 10 минут пешком Москва , ЮВАО , р-н Нижегородский , м. Калитники , Автомобильный проезд , 4 54 990 ₽/мес. На несколько месяцев, комм. платежи включены (без счётчиков), комиссия 50%, залог 27 500 ₽ Предлагаем вашему вниманию стильные апартаменты-студию в живописном районе рядом с метро Калитники. Общая площадь 26 кв. м, жилая площадь 16 кв. м. Апартаменты находятся на 21-м этаже, последний этаж дома, поэтому вам обеспечены прекрасные виды из окон. В квартире сделан дизайнерский ремонт, который создает атмосферу комфорта и уюта. Полностью оборудованная кухня с мебелью и современной техникой: холодильником, телевизором и стиральной машиной. Ванная комната оснащена душевой кабиной, что делает утренние сборы быстрыми и удобными. Дом в хорошем состоянии, с наземной парковкой для вашего автомобиля. Благодаря наличию интернета, вы всегда будете на связи. До метро Калитники всего 10 минут пешком, что позволяет быстро добраться до любой точки города. В шаговой доступности находятся школы, детские сады, клиники и магазины. Это отличный выбор для тех, кто ценит удобство и развитую инфраструктуру. Не упустите возможность снять эти шикарные апартаменты! Записывайтесь на просмотр и убедитесь в их преимуществах лично. Агентство недвижимости Nakvartire Суперагент +7 986 304-13-... Написать два дня назад 18 апр, 13:43",,https://www.cian.ru/cat.php?deal_type=rent&district%5B0%5D=8&engine_version=2&offer_type=flat&room9=1&type=4&p=3,2026-04-20T16:34:16+00:00
1693,328893764,ЮВАО,https://www.cian.ru/rent/flat/328893764/?context=4.57xIiPk0-Xw.gWgkGOQ4LiCjmWX6_4zHv42-y1DEyTYYmXjQwtZRpBD9qEpYq1wLPNka1GEBBPbvPJNkbpBQMnC1mQ&mlSearchSessionGuid=de846aa55fa63dc31acd30e749129936,1/37,460000,22.0,13,17,,"1/37 Сдается впервые!Показы во вторник Студия, 22 м², 13/17 этаж Только на Циан Текстильщики 10 минут на транспорте Москва , ЮВАО , р-н Текстильщики , м. Новохохловская , 1-й Грайвороновский проезд , 3Ак4 60 000 ₽/мес. От года, комм. платежи включены (без счётчиков), без комиссии, залог 50 000 ₽ Я собственник, звоните! Впервые после ремонта сдается стильная дизайнерская студия БЕЗ КОМИССИИ. В студии есть все для комфортной жизни: - • •Полноценный раскладной двухместный диван-кровать с ортопедическим матрасом, •Посудомоечная машина, •Духовой шкаф, •Вместительный холодильник, •Микроволновая печь, •Бесшумная стиральная машина с сушкой, •Кондиционер, •Удобные системы хранения, •Регулируемые сценарии освещения с пультом. На период отключения горячей воды установлен бойлер. Также предусмотрены фильтры для очистки воды до питьевого уровня. Интерьер выполнен эргономически и со вкусом, аккуратно, современно и удобно! Рассмотрим 1-2 человек. Студия готова к заселению. Звоните уважаемые арендаторы и приезжайте на просмотр! Риелтор Александр Максимов Суперагент +7 923 072-32-... Написать 2 часа назад сегодня, 16:40",,https://www.cian.ru/cat.php?deal_type=rent&district%5B0%5D=8&engine_version=2&offer_type=flat&room9=1&type=4&p=1,2026-04-20T16:34:16+00:00
1753,329145983,ЮВАО,https://www.cian.ru/rent/flat/329145983/?context=4.kiwXdn2LUKU.z0EZAecsRvQagFnTrFB1Yub95AZmd9pWep_rq4HM18LhWmQBmAh2KoyB0EwgWRM_mqUnoSYMHivwBQ&mlSearchSessionGuid=456234b3fd18bc6079f40b816d5e9cf3,1/37,470000,22.2,10,20,,"1/37 Апартаменты-студия, 22,2 м², 10/20 этаж Калитники 10 минут пешком Москва , ЮВАО , р-н Нижегородский , м. Калитники , Автомобильный проезд , 4 70 000 ₽/мес. От года, комм. платежи включены (без счётчиков), без комиссии, залог 70 000 ₽ ЖК Nice Loft. Современный жилой комплекс. С подземным паркингом, закрытым двором без машин и солидной входной группой. Сдается студия с современной комфортабельной продуманной отделкой и меблировкой. Имеется в наличии вся необходимая мебель и бытовая техника кондиционер, посудомоечная машина, стиральная машинка автомат, микроволновая печь, духовой шкаф, проточный водонагреватель на случай отключения горячей воды, аквастопы на случай протечек и так далее. Много мест хранения для одежды, обуви и различных вещей. Санузел совмещенный, установлена просторная душевая кабина с тропическим душем. Много света и различных подсветок. В наличии имеется новое постельное белье, различные элементы кухонной утвари ложки, вилки, ножи, кружки, тарелки и так далее. Заезжай личными вещами и живи остальное всё есть! Риелтор Евгений Чемезов Суперагент +7 916 860-02-... Написать вчера вчера, 19:31",,https://www.cian.ru/cat.php?deal_type=rent&district%5B0%5D=8&engine_version=2&offer_type=flat&room9=1&type=4&p=3,2026-04-20T16:34:16+00:00
1691,327998795,ЮВАО,https://www.cian.ru/rent/flat/327998795/?context=4.TEIJ42dwBjU.JOB9L4oWs9vsFPIfpITZwETfPL_S5O7ErQQMnTxEeP1-zbNkjALbmAUy4AMkjloiOwLtviOtFgyx1A&mlSearchSessionGuid=de846aa55fa63dc31acd30e749129936,1/7 Ещё фото,530000,23.4,11,21,,"1/7 Ещё фото Апартаменты-студия, 23,4 м², 11/21 этаж Калитники 11 минут пешком Москва , ЮВАО , р-н Нижегородский , м. Калитники , Автомобильный проезд , 4к5 30 000 ₽/мес. От года, комм. платежи включены (без счётчиков), комиссия 50%, без залога Id 61883. Апартаменты под склад / субаренду Сдаются апартаменты свободного назначения. Помещение без отделки (бетон), что позволяет использовать его максимально гибко — под склад, хранение или формат субаренды с последующим ремонтом под себя. Идеально подойдёт для: — хранения товаров / оборудования — небольшого склада в черте города — инвестора под субаренду (возможность сделать ремонт и увеличить доходность) Современный комплекс с удобным доступом, охраной и развитой инфраструктурой. Удобная логистика и выезд на основные магистрали. Готовы рассмотреть разные форматы сотрудничества, в том числе долгосрочную аренду. Звоните — организую быстрый показ, обсудим условия. Агентство недвижимости EstateLiga Документы проверены Посмотреть все объекты +7 916 863-15-... Написать 7 часов назад сегодня, 11:36",,https://www.cian.ru/cat.php?deal_type=rent&district%5B0%5D=8&engine_version=2&offer_type=flat&room9=1&type=4&p=1,2026-04-20T16:34:16+00:00
1685,326159535,ЮВАО,https://www.cian.ru/rent/flat/326159535/?context=4.QXYNkglYVnA.qraz0L5_lfXfTXJxqXjjEZ5_Gkv6d3JR3-13Tji8XsZGBiw2lBCBfRtVwrZ_8LnYbmoWAuHaAO-k3w&mlSearchSessionGuid=de846aa55fa63dc31acd30e749129936,1/14 Ещё фото,644900,19.5,14,25,,"1/14 Ещё фото Пешком до метро! Студия, 19,5 м², 14/25 этаж Перерва 12 минут пешком Москва , ЮВАО , р-н Люблино , м. Перерва , Люблинская улица , 80к6 44 900 ₽/мес. От года, комм. платежи включены (без счётчиков), комиссия 50%, без залога Сдаётся светлая квартира-студия с евроремонтом и совмещённым санузлом в ЖК Люблинский парк! Без депозита! Её можно посмотреть когда Вам удобно: бронируете время, забираете ключи или встречаетесь с нашим представителем и спокойно осматриваете. Если всё понравится, договор подпишем онлайн и будем поддерживать Вас на всех этапах аренды. В квартире есть: - Кухонный гарнитур; - Варочная панель; - Холодильник; - Стиральная машина; - Вытяжка. Полы — ламинат и плитка. Окна выходят во двор, на восток. Во дворах обустроены детские площадки, двор без машин. На территории дома есть бесплатные парковочные места. Собственник готов заселить не более 2 взрослых жильцов с детьми, обсудить оформление временной регистрации, докупить мебель/технику или заключить договор с юридическим лицом. Можно с небольшим домашним питомцем по согласованию. Дом находится в районе с развитой инфраструктурой: в пешей доступности находятся продуктовые супермаркеты, школы, детские сады, медицинские учреждения, салоны красоты. Недалеко — парк Героев Отечественной войны 1812 года. В 18 минутах пешком — станция МЦД-2 Перерва, в 20 минутах — м. Братиславская. Автомобилистам будет удобно выезжать на Люблинскую улицу. Агентство недвижимости ПИК-Аренда Документы проверены Посмотреть все объекты +7 916 760-62-... Написать 2 часа назад сегодня, 16:40",,https://www.cian.ru/cat.php?deal_type=rent&district%5B0%5D=8&engine_version=2&offer_type=flat&room9=1&type=4&p=1,2026-04-20T16:34:16+00:00
1735,329069630,ЮВАО,https://www.cian.ru/rent/flat/329069630/?context=4.k53oNJbzo78.Zc1Dvkxv76kHmXIoAVHv8Ts64l46pen-_7Ffg-SJpZtWdiK4tp2gsJAiKIXhioAfdTy1w6LtzXYBxQ&mlSearchSessionGuid=cd537a878a89964058c0fbc774e0c3f3,1/6,651000,20.0,2,2,,"1/6 Апартаменты-студия, 20 м², 2/2 этаж Только на Циан Текстильщики 13 минут пешком Москва , ЮВАО , р-н Текстильщики , м. Текстильщики , Грайвороновская улица , 4С6 51 000 ₽/мес. От года, комм. платежи включены (без счётчиков), без комиссии, залог 51 000 ₽ Отличная маленькая, тихая, двухуровневая студия для проживания одного человека. Всё необходимое для проживания есть. Предпочтение девушкам и женщинам. Коммунальные платежи оплачивает арендатор полностью. Собственник ID 70587410 +7 916 099-29-... Написать три дня назад 17 апр, 00:02",,https://www.cian.ru/cat.php?deal_type=rent&district%5B0%5D=8&engine_version=2&offer_type=flat&room9=1&type=4&p=2,2026-04-20T16:34:16+00:00
1749,329141466,ЮВАО,https://www.cian.ru/rent/flat/329141466/?context=4.3yMJdxmA1fM.e-WXP8qTQL-KpsK07uubHZIMzcLOyY77M691IOKp_V2euU2hKlmh--8q3I9UY9RkYFVl5L-Y-SE_nA&mlSearchSessionGuid=456234b3fd18bc6079f40b816d5e9cf3,1/9,680000,46.0,14,27,,"1/9 Студия, 46 м², 14/27 этаж Рязанский проспект 4 минуты пешком Москва , ЮВАО , р-н Рязанский , м. Рязанский проспект , улица Академика Скрябина , 6 80 000 ₽/мес. От года, комм. платежи включены (без счётчиков), без комиссии, залог 80 000 ₽ Сдаётся квартира студия на длительный срок для одного или пары.Очень просторная и красивая,потому что нет узких коридоров,как везде.До Метро 3 мин пешком,ветка идёт через всю Москву.Дом новый,это не старые 5 и 12 этажки со скрипучими лифтами. В этом районе пока только этот дом новый.В квартире есть вся необходимая мебель, посуда, стиральная машина, холодильник. За шторой отдельно выделено спальное место. Перед телевизором раскладной диван.Два спальных места в однушке,большая редкость. За порядком следит консьерж. Рядом есть все магазины,парк. Собственник ID 140129111 +7 985 633-36-... Написать вчера вчера, 14:15",,https://www.cian.ru/cat.php?deal_type=rent&district%5B0%5D=8&engine_version=2&offer_type=flat&room9=1&type=4&p=3,2026-04-20T16:34:16+00:00
1716,312387295,ЮВАО,https://www.cian.ru/rent/flat/312387295/?context=4.83CG155MakQ.r_Bpm6nkB1_NxCB-i8FVXdbM3oRiIhJtr2B9ydTlMqRRfFh8FgsM67xmOrf4EyoDQl6kLzz97a-MUQ&mlSearchSessionGuid=cd537a878a89964058c0fbc774e0c3f3,1/10,745000,19.0,1,5,,"1/10 Апартаменты-студия, 19 м², 1/5 этаж Проверено в Росреестре Лефортово 7 минут пешком Москва , ЮВАО , р-н Лефортово , м. Лефортово , 1-й Краснокурсантский проезд , 5/7 45 000 ₽/мес. От года, комм. платежи включены (без счётчиков), без комиссии, залог 45 000 ₽ Отличный район, 500 метров до метро Лефортово БКЛ. Тихий центр, все рядом и при этом никаких пробок или проблем с парковкой, через дорогу спортгородок МЭИ, рядом парк Лефортово, Екатерининский дворец. Все магазины в пяти шагах, пешком можно дойти до Бауманской, Авиамоторной, площади Ильича. Студия апартаменты, регистрация невозможна, Амина невозможна! Дорогие иностранцы, имейте это в виду! Находится на цокольном этаже. Есть окно, оборудованный санузел - душевая кабина, раковина, унитаз. Только что закончили ремонт. Вход в блок помещений со двора, общие площади отремонтированы. Общая площадь 19 м2, санузел 1,5 м на 1,5 м, основное помещение 2,6 м на 5,5. Есть всё необходимое: диван, стол, посуда, микроволновка, холодильник, стиралка, плита. Идеально для проживания небольшой семьи или одиночки, для рабочего, массажного кабинета, турагентства, детского клуба, кабинета репетитора. Аренда от собственника. Адекватный собственник, в квартиру не приходит, мелочным контролем не донимает. Готов провести видеопоказ, обращайтесь. Я готов сотрудничать с риэлторами и агентами, но никаких ""эксклюзивных"" предложений и ""снимите ненадолго объявление"" не будет, не трудитесь зря. Есть вопросы? Пишите прямо сейчас, ответы на вопросы, видеопоказ, советы бесплатно! Пусть Москва будет добра к вам! Собственник ID 113872797 Документы проверены +7 986 304-28-... Написать два дня назад 18 апр, 01:16",,https://www.cian.ru/cat.php?deal_type=rent&district%5B0%5D=8&engine_version=2&offer_type=flat&room9=1&type=4&p=2,2026-04-20T16:34:16+00:00
1704,324999536,ЮВАО,https://www.cian.ru/rent/flat/324999536/?context=4.Do4egCkIIMQ.cg5-5__iHSN6FdVXPUIG9LK9ipAlMVgcF8lEB6bRCJwFZ7da66h1djV4YwBCxVvh_aQYMj37mw6kFQ&mlSearchSessionGuid=de846aa55fa63dc31acd30e749129936,1/14,767000,30.0,3,24,,"1/14 Апартаменты-студия, 30 м², 3/24 этаж Авиамоторная 16 минут пешком Москва , ЮВАО , р-н Лефортово , м. Авиамоторная , улица Крузенштерна , 7 67 000 ₽/мес. От года, комм. платежи включены (без счётчиков), комиссия 35%, залог 68 000 ₽ Сдается тихая и уютная студия в новом ЖК бизнес клаcса Cимвол. Дом с отдельной огороженной территорией, внутренним двором. В студии выполнен евроремонт, меблирована, встроенный кухонный гарнитур, холодильник, кондиционер. Высокие потолки — 3.1 м. Высокие окна. У дома — своя закрытая благоустроенная территория с Лобби с высокими потолками и зонами отдыха, туалетом. Безопасность — на максимально высоком уровне: 2 контроля на вход — на территорию самого ЖК и в подъезде в зоне Ресепшн. Вход — только для жителей по магнитным пропускам. У дома очень хорошее расположение, свой большой парк Зеленая река — один из самых современных в Москве. В 5 минутах от дома недорогой (от 5000 в месяц) паркинг БЦ Интеграл. Удобная транспортная доступность, рядом ТТК, в 7 минутах пешком — станция метро узловая станция Авиамоторная (метро, Бкл, Мцд и Мцк). Риелтор Наталья Пугачева Суперагент +7 989 114-66-... Написать вчера вчера, 21:41",,https://www.cian.ru/cat.php?deal_type=rent&district%5B0%5D=8&engine_version=2&offer_type=flat&room9=1&type=4&p=1,2026-04-20T16:34:16+00:00
1697,326967848,ЮВАО,https://www.cian.ru/rent/flat/326967848/?context=4.d8kR3jB7wvk.sZIk8sZQbjXfJ_GjF926hq1FoMoK3i4h9SYmVFMW4tVT1DRVCgk55WpwBr3JVCgj7h4vsIZ6uXn62g&mlSearchSessionGuid=de846aa55fa63dc31acd30e749129936,1/7,770000,30.0,3,24,,"1/7 Квартира без комиссии Апартаменты-студия, 30 м², 3/24 этаж Только на Циан Онлайн-договор Авиамоторная 16 минут пешком Москва , ЮВАО , р-н Лефортово , м. Авиамоторная , улица Крузенштерна , 7 70 000 ₽/мес. От года, комм. платежи включены (без счётчиков), без комиссии, залог 70 000 ₽ Я собственник! ТОРГА НЕТ! Риелторы не тратьте моё время. Сдаётся уютная студия в новом доме, построенном в 2025 году. Общая площадь - 27 кв. м, жилая - 20 кв. м, кухня занимает 3 кв. м. Апартаменты расположены на 3 этаже 24-этажного здания. Высокие потолки 2.7 метра добавляют простора. До станции метро ""Авиамоторная"" всего 16 минут пешком. Квартира выполнена с дизайнерским ремонтом, что создаёт стильную и комфортную обстановку. В студии есть вся необходимая мебель как на кухне, так и в комнате. Для вашего удобства установлены кондиционер, холодильник, телевизор и стиральная машина. Санузел совмещён, оборудован современной душевой кабиной. Дом предлагает подземную парковку, поэтому можно не беспокоиться о месте для автомобиля. В здании функционируют как пассажирский, так и грузовой лифты, поэтому можно легко передвигать крупные вещи. Также есть мусоропровод, что добавляет удобства в быту. Интернет-связь доступна, что особенно важно для работы или учёбы. Рядом с домом находятся школы, детские сады, клиники и магазины, что делает район удобным и комфортным для жизни. Условия аренды прозрачные: без комиссии, от собственника. Подходит для одного человека или пары. Коммунальные платежи оплачиваются отдельно. Залоговая сумма составляет оплату за один месяц. Звоните и записывайтесь, чтобы увидеть квартиру вживую и оценить её преимущества. Собственник ID 13296398 +7 986 323-82-... Написать вчера вчера, 21:40",,https://www.cian.ru/cat.php?deal_type=rent&district%5B0%5D=8&engine_version=2&offer_type=flat&room9=1&type=4&p=1,2026-04-20T16:34:16+00:00
1719,329099679,ЮВАО,https://www.cian.ru/rent/flat/329099679/?context=4.8MzH-2oiemU.iANEp5yOC2Jfj1T_b_1716nDmiDL3nnSWKDGq1a0Bx7-lnDGpQ-ouykcJJg7aoeqcZuYjHFsntRHkg&mlSearchSessionGuid=cd537a878a89964058c0fbc774e0c3f3,1/10,972000,27.0,5,24,,"1/10 Студия, 27 м², 5/24 этаж Только на Циан Авиамоторная 13 минут пешком Москва , ЮВАО , р-н Лефортово , м. Авиамоторная , улица Крузенштерна , 9 72 000 ₽/мес. От года, комм. платежи включены (без счётчиков), без комиссии, залог 75 000 ₽ Сдается на длительный срок студия площадью 27 кв. м на 5 этаже. Квартира расположена в современном жк Символ в пешей доступности от станции метро Авиамоторная — всего 13 минут пешком. В квартире новый ремонт, есть вся необходимая мебель на кухне и в комнате, вместительные шкафы. Из техники в вашем распоряжении: кондиционер, холодильник, микроволновка, варочная панель, посудомоечная и стиральная машина с функцией сушки. В доме консьерж, закрытый двор с детской площадкой, видовая терраса. Вход по магнитному ключу только для жильцов, круглосуточная охрана. Рядом с домом расположены все необходимые объекты инфраструктуры: магазины, кафе, рестораны, салоны красоты. Новый современный парк Зелёная река, а так же множество других парков поблизости. Отличная транспортная доступность позволяет быстро добраться до центра города. Условия аренды: договор напрямую с собственником. Залог 100%, помимо аренды оплачиваются вода, электроэнергия и интернет. Квартира готова принять одного-двух жильцов, без животных! Если не дозвонились, пишите- я обязательно отвечу! Собственник ID 83293129 +7 916 537-46-... Написать вчера вчера, 09:49",,https://www.cian.ru/cat.php?deal_type=rent&district%5B0%5D=8&engine_version=2&offer_type=flat&room9=1&type=4&p=2,2026-04-20T16:34:16+00:00
1759,328667187,ЮВАО,https://www.cian.ru/rent/flat/328667187/?context=4.lo-8JLwhNW4.Vp-2O-2oscMZKB0vJGmGiuDvGHreQ-OkBW-3c_6KT8TlSLGvBwikrJ1AQhWdjIpa3FhbnRG5AYiSfQ&mlSearchSessionGuid=456234b3fd18bc6079f40b816d5e9cf3,1/21,1057000,30.0,13,31,,"1/21 Студия, 30 м², 13/31 этаж Только на Циан Нижегородская 9 минут пешком Москва , ЮВАО , р-н Нижегородский , м. Нижегородская , Газгольдерная улица , 10 57 000 ₽/мес. От года, комм. платежи включены (без счётчиков), комиссия 50%, залог 57 000 ₽ Квартира в монолитном доме класса комфорт +. Современный ремонт. В квартире есть все необходимое для комфортного проживания: посудомоечная машина, кондиционер, телевизор, пылесос, гладильная сушильная доска и т.д. На длительный срок. Закрытый двор без автомобилей. Метро в шаговой доступности. Оперативный показ и заселение Риелтор Вадим Белов Суперагент +7 988 194-26-... Написать вчера 18 апр, 20:02",,https://www.cian.ru/cat.php?deal_type=rent&district%5B0%5D=8&engine_version=2&offer_type=flat&room9=1&type=4&p=3,2026-04-20T16:34:16+00:00
1721,327375667,ЮВАО,https://www.cian.ru/rent/flat/327375667/?context=4.B6uKe8KErC8.JyzJLZhGklljFuq2VIaS_HbeRUD0L_KnX6IDbdqB0wVHUjJK-ttn256kDZ6Scnfy4KhZflEG-gnNLA&mlSearchSessionGuid=cd537a878a89964058c0fbc774e0c3f3,1/18,1058000,26.9,9,32,,"1/18 Студия, 26,9 м², 9/32 этаж Нижегородская 8 минут пешком Москва , ЮВАО , р-н Нижегородский , м. Нижегородская , Газгольдерная улица , 10 58 000 ₽/мес. От года, комм. платежи включены (без счётчиков), комиссия 50%, без залога Cдаетcя уютнaя студия ЖK Пpофит новая, свeтлая cтудия с дизaйнepcким pемoнтoм oт кoмпaнии Smarent. Квартира рacполoжeна на 9 этаже . Идeaльная тpaнcпoртнaя доступность - в 5 минутах xодьбы нaходится ст. мeтрo Hижeгорoдcкая, кoтoрая входит в крупнейший в Eвропе тpанспоpтнo-пepесадочный узел. В его составе: две станции метро, станции МЦК, МЦД и Горьковского направления МЖД. До ст. м Таганская можно добраться наземным транспортом за 20 мин, МЦК Москва Сити (Деловой Центр) 30 мин., Нескучный Сад в Парке Горького - 25 минут. Для автомобилистов удобный быстрый выезд на ТТК и Садовое Кольцо. Рядом большой торговый центр ""Город"", Леруа. Закрытый двор с детскими площадками и фитнес-зоной, а также большой подземный паркинг. Машиноместо можно снять по доступной цене. Бытовая техника: стиральная машина, холодильник, варочная панель, СВЧ печь, телевизор, электрический чайник. Есть всё необходимое для жизни УСЛОВИЯ ПРОЖИВАНИЯ: Тариф Комфортное проживание -50% от арендного платежа - Раннее бронирование объекта (за 3 дня до заселения) - Персональный менеджер на всех этапах аренды быстро реагирует на запросы - большинство бытовых вопросов решаем за 48 часов - Страхование гражданской ответственности до 0,3 млн ₽ - Организация мелкого ремонта ! Коммунальные платежи: электроэнергия, хвс\гвс, услуги интернет провайдера, расходы за отопление дома/квартиры оплачивает арендатор. ! Заселение только при наличии постоянной регистрации РФ. Строго без животных. Агентство недвижимости СМАРЕНТ Документы проверены +7 985 853-93-... Написать шесть дней назад 14 апр, 11:49",,https://www.cian.ru/cat.php?deal_type=rent&district%5B0%5D=8&engine_version=2&offer_type=flat&room9=1&type=4&p=2,2026-04-20T16:34:16+00:00
1731,328371177,ЮВАО,https://www.cian.ru/rent/flat/328371177/?context=4.b5M5R7dTln4.kTc1qwCm4-mWKHFe7j876Mv_nGch7Fc0K5DDQ-h8O8TPOghCK_ypnGQpw9Pie6zeTyHPqwNPGZQJIg&mlSearchSessionGuid=cd537a878a89964058c0fbc774e0c3f3,1/22,1059000,18.23,1,2,,"1/22 Апартаменты-студия, 18,23 м², 1/2 этаж Лефортово 7 минут пешком Москва , ЮВАО , р-н Лефортово , м. Лефортово , Госпитальная площадь , 1/10 59 000 ₽/мес. На несколько месяцев, комм. платежи включены (без счётчиков), комиссия 35%, залог 59 000 ₽ Сдаётся просторный номер в молодёжном коливинге, размещённом в особняке XVIII века у метро Лефортово (5 минут пешком). Идеальное жильё для ценителей атмосферы исторической Москвы и комфорта современного жилья. В номере есть всё необходимое для комфортной жизни: — двуспальная кровать, прикроватный столик и торшер; — большое окно с широким подоконником; — шкаф, комод и зеркало в полный рост; — рабочая зона: стол, барный стул; — базовая техника: микроволновка, чайник; — посуда и предметы быта; — совмещённый санузел; — дизайнерский ремонт; — дверь закрывается на ключ. Общие зоны дома (2 этажа): — просторная кухня на 1 этаже: кухонный гарнитур, 5 плит, посудомоечная машина и 3 общих холодильника (помимо холодильников в номерах); — обеденная зона с барными стойками и большим столом; — холл с лобби-зоной и мини-библиотекой; — переговорная (до 10 человек); — две прачечные с машинами и сушилками; — буфет на 2 этаже с кофемашиной, микроволновкой и кухонным гарнитуром; — ресепшн для жильцов и гостей. Про комьюнити Colife: Colife — это не только жильё, но и дружное сообщество творческих и талантливых молодых людей. Каждую неделю проводим бесплатные мероприятия, которые делают жизнь интереснее: — тренировки по йоге и дыхательные практики; — разговорные клубы в уютной атмосфере; — спортивные соревнования и культурные выезды (музеи, выставки); — вечеринки Colife — от масштабных костюмированных до уютных камерных посиделок; — кинопросмотры, книжный клуб, настолки, спиддейтинги и нетворкинги. Здесь легко завести новые знакомства, найти друзей и окружение, которое вдохновляет. Расположение: До м. Лефортово — 5 минут пешком (680 м), до м. Бауманская — около 20 минут (1,7 км). Дом — объект культурного наследия, полностью восстановленный в современном лофт-стиле. Есть огороженная парковка. В 1 минуте остановка автобуса, рядом продуктовый магазин, кафе и кофейни. Для прогулок — Лефортовский парк (4 минуты пешком) с теннисными кортами, беговой дорожкой, футбольным полем и прудами. Формат аренды Номер в особняке сдаём мы - компания Colife Комфорт. Мы не сторонние агенты или риелторы, вы подписываете договор напрямую с нами, а в стоимость уже включен сервис и поддержка 24/7: например, если что-то сломается мы бесплатно и быстро починим.",,https://www.cian.ru/cat.php?deal_type=rent&district%5B0%5D=8&engine_version=2&offer_type=flat&room9=1&type=4&p=2,2026-04-20T16:34:16+00:00
1756,327867504,ЮВАО,https://www.cian.ru/rent/flat/327867504/?context=4.UDS_rzUTUEU.5YKifX7Ofzijx6_D7u379iCK82Sw91M39T1xWrGdlkVx3vpIiwnaBDfa0fsdfJMhCfsjtrHxJ-JYLQ&mlSearchSessionGuid=456234b3fd18bc6079f40b816d5e9cf3,1/8,1060000,33.0,18,32,,"1/8 Студия, 33 м², 18/32 этаж Только на Циан Нижегородская 9 минут пешком Москва , ЮВАО , р-н Нижегородский , м. Нижегородская , Газгольдерная улица , 10 60 000 ₽/мес. От года, комм. платежи включены (без счётчиков), комиссия 50%, залог 60 000 ₽ Эксклюзивное предложение! Сдаётся студия, от метро Нижегородская до 5 минут пешком. В квартире выполнен дизайнерский ремонт. Планировка с зонированием спальни, полноценная кухня и совмещённый санузел. Есть вся необходимая мебель и техника. Наземная парковка за шлагбаумом. При симпатии депозит разбивается. Звоните, оперативно проведём показ! Агентство недвижимости Не для галочки Суперагент +7 916 505-14-... Написать 7 часов назад сегодня, 12:04",,https://www.cian.ru/cat.php?deal_type=rent&district%5B0%5D=8&engine_version=2&offer_type=flat&room9=1&type=4&p=3,2026-04-20T16:34:16+00:00
1684,328371372,ЮВАО,https://www.cian.ru/rent/flat/328371372/?context=4.t_-Mt9i9Bgc.M5iQwP7ia-yi-zdpeuyV4ExTUv5Hm788C8qZ4744Gx-iCE9VapKl-Uyz3g5gaZO0Tvyiyx0oiPEVBQ&mlSearchSessionGuid=de846aa55fa63dc31acd30e749129936,1/23 Ещё фото,1068000,18.9,1,2,,"1/23 Ещё фото Апартаменты-студия, 18,9 м², 1/2 этаж Только на Циан Лефортово 7 минут пешком Москва , ЮВАО , р-н Лефортово , м. Лефортово , Госпитальная площадь , 1/10 68 000 ₽/мес. На несколько месяцев, комм. платежи включены (без счётчиков), комиссия 35%, залог 68 000 ₽ Сдаётся просторный номер в молодёжном коливинге, размещённом в особняке XVIII века у метро Лефортово (5 минут пешком). Идеальное жильё для ценителей атмосферы исторической Москвы и комфорта современного жилья. В номере есть всё необходимое для комфортной жизни: — двуспальная кровать, прикроватный столик и торшер; — большое окно с широким подоконником; — шкаф, комод и зеркало в полный рост; — рабочая зона: стол, барный стул; — базовая техника: микроволновка, чайник; — посуда и предметы быта; — совмещённый санузел; — дизайнерский ремонт; — дверь закрывается на ключ. Общие зоны дома (2 этажа): — просторная кухня на 1 этаже: кухонный гарнитур, 5 плит, посудомоечная машина и 3 общих холодильника (помимо холодильников в номерах); — обеденная зона с барными стойками и большим столом; — холл с лобби-зоной и мини-библиотекой; — переговорная (до 10 человек); — две прачечные с машинами и сушилками; — буфет на 2 этаже с кофемашиной, микроволновкой и кухонным гарнитуром; — ресепшн для жильцов и гостей. Про комьюнити Colife: Colife — это не только жильё, но и дружное сообщество творческих и талантливых молодых людей. Каждую неделю проводим бесплатные мероприятия, которые делают жизнь интереснее: — тренировки по йоге и дыхательные практики; — разговорные клубы в уютной атмосфере; — спортивные соревнования и культурные выезды (музеи, выставки); — вечеринки Colife — от масштабных костюмированных до уютных камерных посиделок; — кинопросмотры, книжный клуб, настолки, спиддейтинги и нетворкинги. Здесь легко завести новые знакомства, найти друзей и окружение, которое вдохновляет. Расположение: До м. Лефортово — 5 минут пешком (680 м), до м. Бауманская — около 20 минут (1,7 км). Дом — объект культурного наследия, полностью восстановленный в современном лофт-стиле. Есть огороженная парковка. В 1 минуте остановка автобуса, рядом продуктовый магазин, кафе и кофейни. Для прогулок — Лефортовский парк (4 минуты пешком) с теннисными кортами, беговой дорожкой, футбольным полем и прудами. Формат аренды Номер в особняке сдаём мы - компания Colife Комфорт. Мы не сторонние агенты или риелторы, вы подписываете договор напрямую с нами, а в стоимость уже включен сервис и поддержка 24/7: например, если что-то сломается мы бесп",,https://www.cian.ru/cat.php?deal_type=rent&district%5B0%5D=8&engine_version=2&offer_type=flat&room9=1&type=4&p=1,2026-04-20T16:34:16+00:00
1728,329128302,ЮВАО,https://www.cian.ru/rent/flat/329128302/?context=4.L1ApsznK5Iw.ogHUuhvNVzseujR-TpRTJbkdCk2OfjRD3SvXnJvgN0Enskstg53FrtffK7DZGOw5bLx9bM3dZsZUNQ&mlSearchSessionGuid=cd537a878a89964058c0fbc774e0c3f3,1/9,1753000,29.0,3,9,,"1/9 Студия, 29 м², 3/9 этаж Только на Циан Люблино 6 минут на транспорте Москва , ЮВАО , р-н Люблино , м. Люблино , улица Головачева , 17 53 000 ₽/мес. От года, комм. платежи включены (счётчики включены), без комиссии, залог 55 000 ₽ Сдаётся уютная и стильная квартира в тихом и зелёном районе Москвы по адресу: улица Головачёва 17. Дом расположен рядом с Кузьминским лесопарком, благодаря чему здесь всегда свежий воздух, тишина и комфортная среда для жизни в окружении природы, при этом в черте города. (в 15 минутах ходьбы красивая усадьба 18 века и пляж) Удобная транспортная доступность: до метро около 10 минут на автобусе, остановка рядом с домом, ходит несколько маршрутов с хорошей регулярностью. Вся необходимая инфраструктура в шаговой доступности — рядом магазины Пятёрочка и Магнит, пункты выдачи Ozon и Wildberries, почта. Буквально в 10 минутах езды - Мега Белая Дача. Квартира с косметическим ремонтом, установлены натяжные потолки. Из техники новый холодильник Haier и телевизор Hisense, есть кондиционер и стиральная машина LG. Спальное место — удобная большая кровать-трансформер, которая убирается в шкаф, что делает пространство более функциональным и современным, еще есть раскладной диван. Большой и просторный шкаф купе. Квартира выглядит стильно и отлично подойдёт для одного человека или пары, ценящих комфорт и современный формат жилья. Сдаётся от собственника, без посредников. Рассматриваются аккуратные жильцы — один человек или пара без детей и животных, с бережным отношением к квартире и стабильной оплатой. Пишите в личные сообщения — отвечу на вопросы и договоримся о просмотре. Собственник ID 140686621 +7 915 386-47-... Написать 6 часов назад сегодня, 12:49",,https://www.cian.ru/cat.php?deal_type=rent&district%5B0%5D=8&engine_version=2&offer_type=flat&room9=1&type=4&p=2,2026-04-20T16:34:16+00:00
1689,328767657,ЮВАО,https://www.cian.ru/rent/flat/328767657/?context=4.CGbUmxJCyRM.wLmYydF3DryXG33DCrLlenLEUOwcPZTk3mO36cmAVWls7pcUb7XKq85_Wl0UZBnMtzLr0ET8KactNQ&mlSearchSessionGuid=de846aa55fa63dc31acd30e749129936,1/5 Ещё фото,2030000,24.0,18,25,,"1/5 Ещё фото Апартаменты-студия, 24 м², 18/25 этаж Только на Циан Волгоградский проспект 3 минуты пешком Москва , ЮВАО , р-н Южнопортовый , м. Волгоградский проспект , Новоостаповская улица , 20 30 000 ₽/мес. От года, комм. платежи включены (без счётчиков), комиссия 50%, залог 30 000 ₽ Id 62577. Представляем к сдаче просторную студию площадью 24 м² в только что построенном монолитном жилом комплексе бизнес-класса. Квартира расположена на 18 этаже 25-этажной башни, что гарантирует вам потрясающие панорамные виды из окон и обилие естественного света. Высокие потолки 3 метра и свободная планировка открывают пространство для реализации самых смелых дизайнерских решений. Объект сдается без отделки — это ваш чистый лист для создания интерьера, который будет отражать ваш вкус и стиль жизни. Локация — одно из ключевых преимуществ. Дом находится на Новоостаповской улице, в пешей доступности (2 минуты) от станции метро ""Дубровка"". Также в шаговой доступности находятся станции ""Кожуховская"" и ""Автозаводская"". Это динамичный и хорошо развитый район с отлаженной транспортной инфраструктурой, что особенно оценит деловой человек. Рядом есть все для комфортной жизни: современные торговые центры, рестораны, фитнес-клубы и парковые зоны для отдыха. Жилой комплекс ""HighWay"" отвечает всем стандартам современного комфорта. В здании установлены два пассажирских и один грузовой лифт. Для вашего автомобиля предусмотрен подземный паркинг. Квартира функциональна: здесь есть совмещенный санузел и большая кухня площадью 15 м², которую можно организовать как полноценную гостиную зону или пространство для работы. Идеально подойдет для молодого специалиста, пары или инвестора, ищущего объект для последующей перепродажи. Свяжитесь с нами прямо сейчас, чтобы назначить просмотр и лично оценить все преимущества этой квартиры. Агентство недвижимости EstateLiga Документы проверены Посмотреть все объекты +7 916 863-15-... Написать 7 часов назад сегодня, 11:36",,https://www.cian.ru/cat.php?deal_type=rent&district%5B0%5D=8&engine_version=2&offer_type=flat&room9=1&type=4&p=1,2026-04-20T16:34:16+00:00
1725,329117063,ЮВАО,https://www.cian.ru/rent/flat/329117063/?context=4.NISH-dC1a1U.ZJz5aIwO2TDMM-P48OQ9LcpItcWmBwkp6JkhPjHyUJceM7lPkL_sG3HHukJaoYf87Z3e6uy90vMsIA&mlSearchSessionGuid=cd537a878a89964058c0fbc774e0c3f3,1/9,2055000,20.4,20,21,,"1/9 Студия, 20,4 м², 20/21 этаж Волгоградский проспект 3 минуты пешком Москва , ЮВАО , р-н Южнопортовый , м. Волгоградский проспект , Новоостаповская улица , 20 55 000 ₽/мес. От года, комм. платежи включены (без счётчиков), комиссия 50%, залог 55 000 ₽ В аренду предлагается СТУДИЯ в ЖК HighWay. В студии выполнен качественный ремонт в современном стиле. Совмещенный санузел оборудован импортной сантехникой (душевая кабина). Кухонный гарнитур с вытяжкой, варочной панелью и посудомоечной машинкой. 2 встроенных шкафа для одежды. Кровать с подъемным механизмом (без матраса). Кондиционер. Двор без машин. До метро 5 минут пешком от подъезда. Временную регистрацию не делают. Не курящих. Длительный срок аренды. Риелтор Антон Смолев Суперагент +7 915 012-09-... Написать вчера вчера, 10:38",,https://www.cian.ru/cat.php?deal_type=rent&district%5B0%5D=8&engine_version=2&offer_type=flat&room9=1&type=4&p=2,2026-04-20T16:34:16+00:00
1744,328729519,ЮВАО,https://www.cian.ru/rent/flat/328729519/?context=4.O0Jgzvtyrjs.oJhYqLkgXmX3ay2McbIkSyjNs4fp8vBrwvbZ5El1Hpli4XiR95qoC4n2iU1bAHWlFbrrV6izxrjrLw&mlSearchSessionGuid=456234b3fd18bc6079f40b816d5e9cf3,1/8,2058000,22.0,19,23,,"1/8 Апартаменты-студия, 22 м², 19/23 этаж Только на Циан Волгоградский проспект 3 минуты пешком Москва , ЮВАО , р-н Южнопортовый , м. Волгоградский проспект , Новоостаповская улица , 20 58 000 ₽/мес. От года, комм. платежи включены (без счётчиков), комиссия 60%, залог 30 000 ₽ Современная студия 23 м2! 2 минуты от станции метро Волгоградский проспект или 7 минут от метро Угрешская. 10 минут до Кремля, рядом Третье транспортное кольцо, удобно добираться в любую точку города. Максимально комфортное проживание вам обеспечено. Круглосуточная охрана подъезда и территории. Высота потолков под 2,8 метра. Современный дизайн, и мебель. Новая техника (кондиционер, встроенный холодильник, плита, стиральная машина, телевизор, СВЧ). Большая ванна Индивидуальное отопление с возможностью регулировки каждой батареи. Коммунальные платежи по счетчикам. Популярный Жилой комплекс ЖК ""Хайвей"". Расположен в отличном районе города Москвы с сложившейся инфраструктурой района. Недалеко от комплекса: Крупнейший развлекательный комплекс ""Остров мечты"", Коломенский парк, Современная архитектура и авторская отделка корпусов. Благоустроенная и охраняемая территория. Собственный подземный паркинг, оригинальные современные детские площадки. Квартира сдается ВПЕРВЫЕ. Порядочный и доброжелательный собственник. Желаю Удачи! Риелтор Дмитрий Сыромятников Суперагент +7 986 323-66-... вчера 18 апр, 20:36",,https://www.cian.ru/cat.php?deal_type=rent&district%5B0%5D=8&engine_version=2&offer_type=flat&room9=1&type=4&p=3,2026-04-20T16:34:16+00:00
1760,329109023,ЮВАО,https://www.cian.ru/rent/flat/329109023/?context=4.tDrMpE5-jHU.7ypGlr_YEYKMTCFfo7QwTI3QNgZsz7PgyjyBq-HbLzuhiYN6q4CVYDeaZRhbbDq8HcedhLOh_bo4gQ&mlSearchSessionGuid=456234b3fd18bc6079f40b816d5e9cf3,1/5,2060000,30.0,7,23,,"1/5 Студия, 30 м², 7/23 этаж Только на Циан Волгоградский проспект 3 минуты пешком Москва , ЮВАО , р-н Южнопортовый , м. Волгоградский проспект , Новоостаповская улица , 20 60 000 ₽/мес. На несколько месяцев, комм. платежи включены (без счётчиков), комиссия 60%, залог 50 000 ₽ Рассматривается временная регистрация для жильцов. Сдаётся светлая и уютная однокомнатная квартира площадью 30 м² в современном жилом комплексе комфорт-класса. Локация Дом расположен в шаговой доступности от метро Волгоградский проспект — до центра города всего 10-15 минут на автомобиле. Удобный выезд на основные магистрали. О квартире — Просторная комната с возможностью зонирования (спальня + гостиная / рабочее место) — Кухня с современной техникой — Совмещённый санузел — Большие окна, много естественного света — Комфортный этаж Квартира полностью готова к проживанию: мебель, бытовая техника, места хранения. О доме и территории — Современная входная группа — Закрытый двор — Подземный паркинг — Кафе, магазины и фитнес на первых этажах — Круглосуточная безопасность Идеально подойдёт для одного человека или пары. Заселение возможно в ближайшее время. Условия аренды обсуждаются индивидуально. Агентство недвижимости ПРЕМИАЛЬНЫЙ УРОВЕНЬ Суперагент +7 915 068-56-... Написать 10 минут назад сегодня, 19:21",,https://www.cian.ru/cat.php?deal_type=rent&district%5B0%5D=8&engine_version=2&offer_type=flat&room9=1&type=4&p=3,2026-04-20T16:34:16+00:00
1746,329137680,ЮВАО,https://www.cian.ru/rent/flat/329137680/?context=4.M8xh_nwnp3I.EXHweJzw-b-mx_hzRz1Aij9yXcWa8d-l8djmCtkUTrnnA-m1Zh4U30o0m65WJgp1KWryFdc6V0XWfg&mlSearchSessionGuid=456234b3fd18bc6079f40b816d5e9cf3,1/13,2068000,23.0,18,23,,"1/13 Апартаменты-студия, 23 м², 18/23 этаж Волгоградский проспект 3 минуты пешком Москва , ЮВАО , р-н Южнопортовый , м. Волгоградский проспект , Новоостаповская улица , 20 68 000 ₽/мес. От года, комм. платежи включены (без счётчиков), без комиссии, залог 68 000 ₽ Сдаётся впервые отличная студия на прямую от собственника. Выполнен качественный ремонт. Есть все необходимое для комфортной жизни. Удобная транспортная доступность, станция метро в 1 минуте пешком. Закрытая территория, подземный паркинг, развитая инфраструктура района, много магазинов и кафе. АГЕНТАМ ПРОСЬБА НЕ ЗВОНИТЬ, НЕ ТРАТЬТЕ СВОЕ ВРЕМЯ. Собственник ID 10236892 Документы проверены +7 985 302-54-... Написать вчера вчера, 09:03",,https://www.cian.ru/cat.php?deal_type=rent&district%5B0%5D=8&engine_version=2&offer_type=flat&room9=1&type=4&p=3,2026-04-20T16:34:16+00:00
1724,327143324,ЮВАО,https://www.cian.ru/rent/flat/327143324/?context=4.i1NQyZX7Wrs.ZfLN1f9htv82WWRgGOK-GpVeqq46cZLqKrIy8E6tQKNsN4KYkEBmo_Icx1SEfBu1PVm6UkTuJ5A2QA&mlSearchSessionGuid=cd537a878a89964058c0fbc774e0c3f3,1/9,2069880,26.0,22,23,,"1/9 Апартаменты-студия, 26 м², 22/23 этаж Волгоградский проспект 3 минуты пешком Москва , ЮВАО , р-н Южнопортовый , м. Волгоградский проспект , Новоостаповская улица , 20 69 880 ₽/мес. От года, комм. платежи включены (без счётчиков), комиссия 50%, залог 75 000 ₽ Id 60982. Сдается просторная студия в ЖК ""HighWay"" ! Об апартаменте: - Квартира оснащена всей необходимой мебелью и техникой. - Большое панорамное окно. - Дизайнерский ремонт на стадии завершения. - Полностью укомплектована Главные преимущества комплекса Хайвей: - Метро ""Волгоградский проспект"" в 3 минутах ходьбы. - До центра города 10 минут на метро! - На первых этаж уже работает продуктовый магазин ""Дикси"", также в комплексе открыты пункты выдачи ""Ozon"" и ""Wildberries"" - Летом будет открыт фитнес-клуб с бассейном, до которых можно добраться не выходя из подъезда! - Закрытая территория с пропускной системой. - Подземный паркинг. - ЖК находится в активно развивающемся районе Москвы. - Рядом расположен торговый центр ""Дубровка"" известный своими положительными отзывами. Рассмотрим предложения, звоните для записи на показ, отвечаю быстро! Агентство недвижимости EstateLiga Документы проверены +7 916 863-15-... Написать четыре дня назад 16 апр, 14:24",,https://www.cian.ru/cat.php?deal_type=rent&district%5B0%5D=8&engine_version=2&offer_type=flat&room9=1&type=4&p=2,2026-04-20T16:34:16+00:00
1741,328394404,ЮВАО,https://www.cian.ru/rent/flat/328394404/?context=4.Ji0Mi72Dg_w.eIRcXWheQrpPGaSvXpx4j8HFqkcqf751gzuhqnUipuO1Sn2ynMj5IvZv13YjX5T3E5qYRpsGRTRPkA&mlSearchSessionGuid=456234b3fd18bc6079f40b816d5e9cf3,1/20,2070000,21.7,11,23,,"1/20 Апартаменты-студия, 21,7 м², 11/23 этаж Волгоградский проспект 3 минуты пешком Москва , ЮВАО , р-н Южнопортовый , м. Волгоградский проспект , Новоостаповская улица , 20 70 000 ₽/мес. От года, комм. платежи включены (без счётчиков), без комиссии, залог 70 000 ₽ долгосрочная аренда! От года! дизайнерский ремонт. бытовая техника Haier, телевизор яндекс с Алисой , интернет вай фай , фильтра на общую и питьевую воду, система протечки нептун, видео домофон, стиральная машинка с сушкой,утюг, ручной пылесос, чайник, фен все Haier. резервный проточный водонагреватель. инверторный бесшумный кондиционер Haier. мастер выключатель. usb розетки в удобных местах. гладильная доска. очень много места для хранения. все продумано и эргономично, диван раскладывается. обеденный Стол раздвигается . шторы в спальной зоне Блэк аут, по факту 3 спальных места. ремонт сделан из качественных материалов! мебель изготовлена из лдсп egger. сантехника качественная! станция метро прям у подъезда. окна выходят не на дорогу!!! в жк есть фитнес зал, бассейн, магазины, кафе. только после ремонта! звонки бывают не проходят, блокирует спам. так что пишите, отвечу! видеообзор по запросу. возможна временная регистрация. возможна оплата по безналу( условия обсуждаются). Собственник ID 61899843 +7 916 478-51-... Написать два дня назад 18 апр, 11:20",,https://www.cian.ru/cat.php?deal_type=rent&district%5B0%5D=8&engine_version=2&offer_type=flat&room9=1&type=4&p=3,2026-04-20T16:34:16+00:00
1757,327283374,ЮВАО,https://www.cian.ru/rent/flat/327283374/?context=4.I9dbX5N7_9o.D4AQdIwLYblY0jlDHw5hOaXy-WEPM2MfcpimJSr1JtUGXXlqPMTYYxA-QvVQ5Is1G2SS0lgLc-s6yw&mlSearchSessionGuid=456234b3fd18bc6079f40b816d5e9cf3,1/27,2070000,37.0,6,23,,"1/27 Апартаменты-студия, 37 м², 6/23 этаж Дубровка 15 минут пешком Москва , ЮВАО , р-н Южнопортовый , м. Волгоградский проспект , Новоостаповская улица , 20 70 000 ₽/мес. От года, комм. платежи включены (без счётчиков), комиссия 50%, залог 70 000 ₽ Впервые,любовь с первого взгляда ! Важно!!! Оплата коммунальных услуг полностью оплачивается нанимателем,согласно квитанции,сверху арендной оплаты. Это та самая квартира в которой хочется жить! Она прекрасна! поторопитесь ! Всего в минуте ходьбы от метро,в новом стильном доме HighWay сдается обалденная ,комфортная,просторная студия 37 кв.м,для современных людей. Она просто куколка! Натяжные потолки,теплые полы,выполнен качественный свежий евро ремонт. Техника и мебель дорогая,красивая. Большой,вместительный шкаф ! Установлена шикарная кухня,установлены фильтры для чистки воды. Имеется посуда,встроенная посудомоечная машина! Все абсолютно новое! Уютная атмосфера создана для вашего комфортного проживания. Достойная студия. Собственники замечательные люди. Рассмотрим на длительный срок платежеспособных,аккуратных людей. Риелтор Инна Светлова Суперагент +7 986 304-21-... Написать вчера вчера, 23:31",,https://www.cian.ru/cat.php?deal_type=rent&district%5B0%5D=8&engine_version=2&offer_type=flat&room9=1&type=4&p=3,2026-04-20T16:34:16+00:00
1764,329043022,ЮВАО,https://www.cian.ru/rent/flat/329043022/?context=4.4xLjKQ1I7Es.sXziMK5TQ0YixSV2RZ0PTZyPxDJrhtxH6hWz4c1A9OWxkutMeloYMzgl9HbW26RnqtM3tKey-nLekg&mlSearchSessionGuid=456234b3fd18bc6079f40b816d5e9cf3,1/18,2070000,24.0,10,24,,"1/18 Апартаменты-студия, 24 м², 10/24 этаж Только на Циан Проверено в Росреестре Волгоградский проспект 3 минуты пешком Москва , ЮВАО , р-н Южнопортовый , м. Волгоградский проспект , Новоостаповская улица , 20 70 000 ₽/мес. От года, комм. платежи включены (без счётчиков), без комиссии, залог 70 000 ₽ Собственник. Без комиссии. Без агентов работаю. На телефон отвечаю с 12 до 22 часов. Аренда - долгосрочная (от 6-11 месяцев). Можно заезжать на ранее 27 апреля (доделывается ремонт). Условия аренды: договор аренды, оплата вперед ежемесячно, дополнительно разово вносится залог в размере месячной ставки аренды. О месторасположении. До метро пешком 2 минуты! (м. Волгоградский проспект). До центра на метро - 9 минут (м Китай-Город)!! Кузнецкий мост, Пушкинская - 11 минут (места: Кремль, парк Зарядье, Тверская, Большой театр, Лубянка, Никольская). До парка Горького на метро 13 минут (м Октябрьская). До Москва-Сити 28 минут на метро или 24 минуты на МЦК от станции Угрешская (10 минут пешком до станции). О доме. Дом 2025 года постройки (апартаменты). В доме есть: Дикси (продуктовый магазин), Ozon, Wildberries, летом планируется открытие Фитнес клуба с бассейном. Огороженная охраняемая территория с пропускным режимом, подземный паркинг. Три быстрых лифта на подъезд. Об апартаменте. Студия с евроремонтом (новая, никто не жил) Площадь 24 м. кв., 10 этаж (всего 24 этажа). Есть все необходимое для комфортного проживания. Кухонный гарнитур (СВЧ, духовка), холодильник, кондиционер, стиральная машина, ТВ, интернет роутер, проточный нагреватель, утюг; большой шкаф, двуспальная кровать с пружинным матрасом, тумбочка, комод, письменный и обеденные столы. Санузел совмещённый (душевая кабина). Окна на улицу во двор (нет дороги). На фото еще нет, но все это будет к 27 апреля: Телевизор 55 дюймов, тумбочка прикроватная, шкаф-пенал в ванной, крючки для полотенец. Собственник ID 135355765 Документы проверены +7 989 607-24-... Написать три дня назад 17 апр, 02:17",,https://www.cian.ru/cat.php?deal_type=rent&district%5B0%5D=8&engine_version=2&offer_type=flat&room9=1&type=4&p=3,2026-04-20T16:34:16+00:00
1763,329128719,ЮВАО,https://www.cian.ru/rent/flat/329128719/?context=4.U4F_cC4Jcos.WL1dQfQ-esB_a5Bu0BfhiUW_QuTSodI9eb-VSwNZcW0PPlc1wM_sspV3WWoi2yjbqabL5Oex9aUBgg&mlSearchSessionGuid=456234b3fd18bc6079f40b816d5e9cf3,1/17,2072000,26.2,16,23,,"1/17 Апартаменты-студия, 26,2 м², 16/23 этаж Только на Циан Волгоградский проспект 3 минуты пешком Москва , ЮВАО , р-н Южнопортовый , м. Волгоградский проспект , Новоостаповская улица , 20 72 000 ₽/мес. От года, комм. платежи включены (без счётчиков), комиссия 50%, залог 72 000 ₽ Вашему вниманию предлагается ДИЗАЙНЕРСКАЯ СТУДИЯ в ЖК HighWay в 3 МИНУТАХ от метро Волгоградский проспект. Предлагаю сразу ознакомиться с ВИДЕО и записываться на показ. Квартира оборудована необходимой техникой и мебелью для комфортного проживания: Заезжай и живи! Наполнение продумано собственником до МЕЛОЧЕЙ! Полностью меблированная квартира! Кухня оборудована техникой, а именно: варочная панель, вытяжка, духовой шкаф, СВЧ, посудомоечная машина, чайник, вместительный холодильник. Имеется двуспальная кровать и раскладной диван. Много места для хранения ваших вещей. Совмещенный санузел со стиральной и сушильной машинами. Очень приятный и отзывчивый собственник. Развитая инфраструктура: супермаркет, аптека, ПВ3, кафе, рестораны и торговые центры в шаговой доступности от дома. УДОБНАЯ транспортная доступность: 3 минуты пешком до метро Волгоградский проспект. Рассмотрим семейную пару или одного проживающего. Без детей. Без животных. Если будут вопросы, обращайтесь по телефону или в чате. С уважением, Ольга Риелтор Ольга Мешкова Суперагент +7 916 532-83-... Написать два дня назад 18 апр, 19:13",,https://www.cian.ru/cat.php?deal_type=rent&district%5B0%5D=8&engine_version=2&offer_type=flat&room9=1&type=4&p=3,2026-04-20T16:34:16+00:00
1683,329166437,ЮВАО,https://www.cian.ru/rent/flat/329166437/?context=4.KgRu0PVcrjM.hogjBJGaA441ORjAdDKBFq5enx4JU0MA3SoJaTgwA_axEULXH5ccCl3PUj-ZcSe2zyjuDz2q0GcJ3Q&mlSearchSessionGuid=de846aa55fa63dc31acd30e749129936,1/40 Ещё фото,2072999,29.0,15,21,,"1/40 Ещё фото Апартаменты-студия, 29 м², 15/21 этаж Волгоградский проспект 3 минуты пешком Москва , ЮВАО , р-н Южнопортовый , м. Волгоградский проспект , Новоостаповская улица , 20 72 999 ₽/мес. На несколько месяцев, комм. платежи включены (без счётчиков), без комиссии, залог 72 999 ₽ Замечательная студия с дорогим и современным ремонтом. Продуманная до мелочей. Здесь удобно и жить и работать. Большая кухня со всей встроенной техникой: двухкамерный холодильник, посудомоечная машина, микроволновая печь. Вместительная кровать 160 на 200 с ортопедическим матрасом, телевизор с 55 диагональю. Трехзонное освещение позволит настроить комфортный свет в квартире. Теплые полы по всей площади, кондиционер. Удобная ванная комната полностью оборудованная. Отдельная рабочая зона со своим освещением. Адаптированное место для подключения робот-пылесоса. Спешите, это супер отличный и качественный вариант. Оперативные показы с понедельника по пятницу. Риелтор Ильдар Канафеев Суперагент Посмотреть все объекты +7 917 566-42-... Написать 7 часов назад сегодня, 12:21",,https://www.cian.ru/cat.php?deal_type=rent&district%5B0%5D=8&engine_version=2&offer_type=flat&room9=1&type=4&p=1,2026-04-20T16:34:16+00:00
1682,328009833,ЮВАО,https://www.cian.ru/rent/flat/328009833/?context=4.7f06BRBldZA.dq3iXvYyDueHsKWqDLbtRE66x74BsLVBgaGoR_-qcdOMgcntqV8AF6RCjYmcF3bfixWy-miCc5CU4Q&mlSearchSessionGuid=de846aa55fa63dc31acd30e749129936,1/42 Ещё фото,2074999,27.0,7,22,,"1/42 Ещё фото Видовая, можно с мини собакой/кот Апартаменты-студия, 27 м², 7/22 этаж Волгоградский проспект 3 минуты пешком Москва , ЮВАО , р-н Южнопортовый , м. Волгоградский проспект , Новоостаповская улица , 20 74 999 ₽/мес. На несколько месяцев, комм. платежи включены (без счётчиков), без комиссии, залог 74 999 ₽ Замечательная студия с дорогим и современным ремонтом. Продуманная до мелочей. Здесь удобно и жить и работать. Большая кухня со всей встроенной техникой: двухкамерный холодильник, посудомоечная машина, микроволновая печь. Вместительная кровать 160 на 200 с ортопедическим матрасом, телевизор с 55 диагональю. Трехзонное освещение позволит настроить комфортный свет в квартире. Теплые полы по всей площади, кондиционер. Удобная ванная комната полностью оборудованная. Отдельная рабочая зона со своим освещением. Адаптированное место для подключения робот-пылесоса. Спешите, это супер отличный и качественный вариант. Оперативные показы с понедельника по пятницу. Риелтор Ильдар Канафеев Суперагент Посмотреть все объекты +7 917 566-42-... Написать 7 часов назад сегодня, 12:04 Как опередить это объявление?",,https://www.cian.ru/cat.php?deal_type=rent&district%5B0%5D=8&engine_version=2&offer_type=flat&room9=1&type=4&p=1,2026-04-20T16:34:16+00:00
1738,328879254,ЮВАО,https://www.cian.ru/rent/flat/328879254/?context=4.EthBbUj3y4E.RvIIbsqSlF87Rzd0W4hTJcDZGkyYG__SAZUbfHF67_QtnXSiPojpPc-VTsBqmCP2dpvJnif82sxYUw&mlSearchSessionGuid=456234b3fd18bc6079f40b816d5e9cf3,1/14,2075000,27.5,2,23,,"1/14 Апартаменты-студия, 27,5 м², 2/23 этаж Только на Циан Волгоградский проспект 3 минуты пешком Москва , ЮВАО , р-н Южнопортовый , м. Волгоградский проспект , Новоостаповская улица , 20 75 000 ₽/мес. От года, комм. платежи включены (счётчики включены), без комиссии, залог 70 000 ₽ Сдается на длительный срок студия 27,5 м2 с дизайнерским ремонтом в современном ЖК ХайВэй. Расположение ЖК 1 мин пешком до м. Волгоградский пр-т, 5 мин до м. Дубровка, 10 мин до м.Угрешская, вся необходимая инфраструктура, рядом магазин Дикси и др, закрытая охраняемая территория, благоустроенный двор и подземный паркинг. Ремонт: новый дизайнерский, идеальное состояние. санузел совместный с душевой зоной. Техника в квартире вся стильная и новая: большой холодильник, стиральная машина, микроволновая печь, духовой шкаф, телевизор, кондиционер, стеклокерамическая варочная панель, вытяжка. Мебель: кухня, большой шкаф купе, кровать с ортопедическим матрасом 200*160. полка под телевизор, кухонный стол и стулья. Сдается для одного человека или семейной пары, без детей и без животных. Дополнительно оплачивается стоимость коммунальных услуг ( вода, электричество, отопление) и интернет. Посредников прошу не беспокоить. Собственник ID 90497284 +7 915 243-42-... Написать неделю назад 12 апр, 08:24",,https://www.cian.ru/cat.php?deal_type=rent&district%5B0%5D=8&engine_version=2&offer_type=flat&room9=1&type=4&p=3,2026-04-20T16:34:16+00:00
1747,329142713,ЮВАО,https://www.cian.ru/rent/flat/329142713/?context=4.VxvyWGYY-NU.SajUiHG2HZ39h14qBZ5UnclcTALLmDYOgwQN4eieOiDW-eFymEeeq-ws0xWO6nMrkhiuFHc_HUvN6A&mlSearchSessionGuid=456234b3fd18bc6079f40b816d5e9cf3,1/16,2075000,27.0,16,23,,"1/16 Апартаменты-студия, 27 м², 16/23 этаж Волгоградский проспект 3 минуты пешком Москва , ЮВАО , р-н Южнопортовый , м. Волгоградский проспект , Новоостаповская улица , 20 75 000 ₽/мес. От года, комм. платежи включены (без счётчиков), комиссия 50%, залог 75 000 ₽ Сдается апартаменты-студия площадью 27 кв.м на 16-м этаже 23-этажного дома. В студии выполнен качественный дизайнерский ремонт. Все новое, еще никто не жил. Дополнительно оплачивается свет и вода по счетчикам, интернет. Сдается на длительный срок. Риелтор Виктория Крячкова Суперагент +7 915 243-91-... Написать вчера вчера, 16:07",,https://www.cian.ru/cat.php?deal_type=rent&district%5B0%5D=8&engine_version=2&offer_type=flat&room9=1&type=4&p=3,2026-04-20T16:34:16+00:00
1681,329124020,ЮВАО,https://www.cian.ru/rent/flat/329124020/?context=4.QKkKkNbHWcY.WfxCllGcgtYPvccu7OVB3_mX0UdazvznhOtxIeYQZt9E6ourvOyy1Ka4mtF3RspabgJ-MgHkgdWsDA&mlSearchSessionGuid=de846aa55fa63dc31acd30e749129936,1/11 Ещё фото,2085000,30.0,18,24,,"1/11 Ещё фото Студия, первая сдача, метро 1 мин Апартаменты-студия, 30 м², 18/24 этаж Волгоградский проспект 3 минуты пешком Москва , ЮВАО , р-н Южнопортовый , м. Волгоградский проспект , Новоостаповская улица , 20 85 000 ₽/мес. От года, комм. платежи включены (без счётчиков), комиссия 50%, залог 85 000 ₽ Эксклюзивное предложение, сдается впервые! Предлагаю студию в ЖК бизнес-класса HighWay. Минута пешком от метро Волгоградский проспект. В квартире выполнен качественный дизайнерский ремонт. Планировка с зонированием спальни, рабочая зона, полноценная кухня и совмещенный санузел. Вся мебель и техника от именитых производителей. Шумоизоляция на высшем уровне. Закрытый двор, охраняемая территория с видеонаблюдением. Подземный паркинг через домовой чат. Регистрацию предоставляем. При симпатии депозит разбивается. Звоните, оперативно проведём показ! Агентство недвижимости Не для галочки Суперагент Посмотреть все объекты +7 916 505-14-... Написать 6 часов назад сегодня, 12:58 Как опередить это объявление?",,https://www.cian.ru/cat.php?deal_type=rent&district%5B0%5D=8&engine_version=2&offer_type=flat&room9=1&type=4&p=1,2026-04-20T16:34:16+00:00
1703,328873800,ЮВАО,https://www.cian.ru/rent/flat/328873800/?context=4.VIMD0OlAYN0.9q4XR-vFUFn9PHQB24181gDX9OfHcA12En7Sdyg5Y0oil1ge88VVom1aVRDdRksEYDJLZkLoqjwIug&mlSearchSessionGuid=de846aa55fa63dc31acd30e749129936,1/20,2085000,30.0,20,23,,"1/20 Апартаменты-студия, 30 м², 20/23 этаж Волгоградский проспект 3 минуты пешком Москва , ЮВАО , р-н Южнопортовый , м. Волгоградский проспект , Новоостаповская улица , 20 85 000 ₽/мес. От года, комм. платежи включены (без счётчиков), без комиссии, залог 85 000 ₽ 3 минуты до метро! Предлагаем в аренду стильные апартаменты-студию . 20-м этаже современного дома. Высота потолков - 2.8 метра, из окон открывается перспектива на Москву.До метро всего 3 минуты пешком, что делает это предложение особенно привлекательным для тех, кто ценит удобное расположение. В квартире выполнен дизайнерский ремонт, все продумано до мелочей,мебель в комнате и на кухне. Оснащена всей необходимой техникой: кондиционер, холодильник, посудомоечная машина, телевизор и стиральная машина. В ванной комнате установлена душевая кабина. Во всей квартире ТЕПЛЫЙ ПОЛ.На время отключения горячей воды есть мощный водонагреватель. Дом оборудован подземной парковкой Вокруг развитая инфраструктура: по близости расположены школы, детские сады, клиники и магазины, поэтому все необходимое будет у вас под рукой. в 15 минутах исторический центр: Крутицкое подворье,Симоновский и Новоспасский монастыри. Договор заключается на удобных условиях. Приглашаем вас на просмотр, чтобы лично оценить все достоинства этих апартаментов. Ждем вашего звонка! Агентство недвижимости PREMIUM CITY Суперагент +7 986 304-29-... Написать 5 часов назад сегодня, 13:42",,https://www.cian.ru/cat.php?deal_type=rent&district%5B0%5D=8&engine_version=2&offer_type=flat&room9=1&type=4&p=1,2026-04-20T16:34:16+00:00
1739,328343074,ЮВАО,https://www.cian.ru/rent/flat/328343074/?context=4.IoHSaUJNWDc.8lfeIHl_f7Sw6qEc_oxbyYE-AmzA41-cBF8uCDEPumtS5VqeRFAAS1dmT90yB_hNbtKt_ExyGEsiRg&mlSearchSessionGuid=456234b3fd18bc6079f40b816d5e9cf3,1/47,2088000,31.0,16,22,,"1/47 Апартаменты-студия, 31 м², 16/22 этаж Волгоградский проспект 3 минуты пешком Москва , ЮВАО , р-н Южнопортовый , м. Волгоградский проспект , Новоостаповская улица , 20 88 000 ₽/мес. От года, комм. платежи включены (без счётчиков), комиссия 50%, залог 88 000 ₽ Впервые сдается светлая, абсолютно тихая студия с продуманным зонированием, в шаговой доступности от метро (160 шагов от выхода из метро до двери квартиры )и в 5 минутах транспортом до центра Москвы. Дизайн проект выполнен студией дизайна НОВА ДОМ, для тех, кто ценит комфорт, стиль и локацию. Панорамные окна, французский балкон и стильный дизайнерский ремонт создают атмосферу уюта и свободы.В студии продумано разделение на зоны. Есть отдельное место для сна, уютная зона отдыха и, что важно, удобное рабочее место для тех, кто работает из дома.Тишина: Сделана качественная полная профессиональная шумоизоляция — внутри вас никто не побеспокоит. Комфортная кухня с посудомоечной машиной, встроенным тихим холодильником FULL No Frost, индукционной плитой и всей необходимой техникой. Смарт-ТВ, кондиционер. Ванная с душевой кабиной, стиральная и сушильная машины (отдельно!), теплый пол, установлены датчики протечки. Сделан мастер выключатель (на отключение при выходе из квартиры всего электричества кроме холодильника и вай фая) , система нептун от протечек воды подключена через вай фай ( есть возможность удаленно контролировать ), видио домофон с возможностью открывания от подъезда и входа в жк , диван раскладывающийся . Закрытая охраняемая территория, консьерж 24/7, видеонаблюдение, подземный паркинг въезд по заявке в приложении .В доме уже работают магазины, Озон и Wildberries. Скоро откроется фитнес-центр с бассейном. Идеально для одного человека или пары, которые ценят порядок, тишину и комфорт. Агентство недвижимости СВМ-Групп Суперагент +7 994 508-11-... Написать вчера вчера, 07:35",,https://www.cian.ru/cat.php?deal_type=rent&district%5B0%5D=8&engine_version=2&offer_type=flat&room9=1&type=4&p=3,2026-04-20T16:34:16+00:00
1751,295985967,ЮВАО,https://www.cian.ru/rent/flat/295985967/?context=4.Q_c6RLJJ6iE.HhAjB_U5x0q90TEwSQga9iYUA8ZVUCx3NNrGnZ0SstXej4cPVvzl81WtwTy-a3CsiYbypoR212c_kg&mlSearchSessionGuid=456234b3fd18bc6079f40b816d5e9cf3,1/17,2548000,13.7,4,4,,"1/17 Апартаменты-студия, 13,7 м², 4/4 этаж Только на Циан Авиамоторная 17 минут пешком Москва , ЮВАО , р-н Нижегородский , м. Авиамоторная , Подъемная улица , 14С25 48 000 ₽/мес. От года, комм. платежи включены (без счётчиков), комиссия 50%, залог 48 000 ₽ Сдается двухуровневая студия после косметического ремонта и клиннинга. Готова к заезду от 11 месяцев. Счетчики включены в стоимость аренды, которая указана в объявлении! В 12 минутах на транспорте от метро площадь Ильича, в 18ти минутах пешком до авиамоторной, в 10 минутах на транспорте мцд катилники. В студии есть все необходимое для проживания: кровать, холодильник, электрическая плита, духовая печь, микроволновая печка, стиральная машина, посудомоечная машина, кондиционер, телевизор, интернет, душевая кабина с санузлом, отопление. В 5 минутах от дома большое количество продуктовых магазинов, в 8 минутах от дома большой трц Город. Все документы в порядке. Без животных. ----- Примечание: у собственника могут быть дополнительные пожелания к жильцам - обсудите их в чате или по телефону Риелтор Максим Афонин Суперагент +7 916 910-49-... Написать пять дней назад 15 апр, 19:20",,https://www.cian.ru/cat.php?deal_type=rent&district%5B0%5D=8&engine_version=2&offer_type=flat&room9=1&type=4&p=3,2026-04-20T16:34:16+00:00
1701,327885696,ЮВАО,https://www.cian.ru/rent/flat/327885696/?context=4.5nfrrvu7Cz0.J5ZGLsO-FuF5MbpQfny8UKIosPiiliRR7hmTfnjYPUc0ruUDkXhjPikNJLO8CAfqO5dTtPG_JWutkw&mlSearchSessionGuid=de846aa55fa63dc31acd30e749129936,1/16,6145000,50.0,16,24,,"1/16 Новая , 5 мин Метро , Маш/место Студия, 50 м², 16/24 этаж Только на Циан Серп и Молот 13 минут пешком Москва , ЮВАО , р-н Лефортово , м. Серп и Молот , улица Крузенштерна , 6 145 000 ₽/мес. От года, комм. платежи включены (без счётчиков), без комиссии, залог 145 000 ₽ Сдаётся новая квартира в ЖК бизнес класса ""Символ "",ул.Крузенштерна.Квартира реальная,показ оперативно,я собственник. Презентабельная входная группа, консьерж.Ещё есть калитки во дворе.В лобби оборудованы комнаты для отдыха,гостевые санузлы. Есть 3 скоростных лифта. Квартира расположена в квартале ""Искренность"",который имеет собственный парк с прогулочной зоной и фонтаном.Дом и его территория закрыты от посторонних и обеспечены круглосуточно охраной.Квартира оборудована всей необходимой мебелью и бытовой техникой, есть кондиционер. Дизайнерский ремонт. В отделке использованы только качественные материалы Стены отделаны венецианской штукатуркой. На кухне встроенный гарнитур под потолок,с варочной панелью,микроволновкой,духовкой,посудомойкой и холодильником.В спальной зоне двух спальная кровать.В гостиной диван для отдыха,два больших шкафа для одежды, большой шкаф-стенка для белья,интернет. Санузел оборудован красивой угловой ванной,а также стиральной машиной. Район с развитой инфраструктурой.В 5-10 мин всевозможные развлекательные кластеры, ТРЦ Город, МТС Live Xолл, рядом Арт-парк ""Символ"",супермаркеты, школы,поликлиники, фитнес центры. Хорошо развита транспортная сеть.В пешей доступности станции Метро Римская и Площадь Ильича, 5-10 мин.Недалеко ТТК, Шоссе Энтузиастов, до Садового кольца 2 км.Рассмотрим жильцов без детей и домашних животных.Для одного или семейной пары. Могу предложить дополнительно машино место в подземном паркинге в этом же доме,с прямым лифтом до квартиры. Для Агентов: Буду рад видеть всех со своими клиентами, другого не предлагать. Собственник ID 48345595 +7 986 414-19-... Написать 2 часа назад сегодня, 17:10",,https://www.cian.ru/cat.php?deal_type=rent&district%5B0%5D=8&engine_version=2&offer_type=flat&room9=1&type=4&p=1,2026-04-20T16:34:16+00:00
1745,327887979,ЮВАО,https://www.cian.ru/rent/flat/327887979/?context=4.VyzgSd9iOjQ.uFEeDFho73qqCAyeLsALXv3hOJds-CIaQbJfdFhLbRvXv8ylw2kqvTDc1xAqEEqShk3Ur0pBk100zA&mlSearchSessionGuid=456234b3fd18bc6079f40b816d5e9cf3,1/14,20115000,27.0,14,25,,"1/14 Апартаменты-студия, 27 м², 14/25 этаж Волгоградский проспект 3 минуты пешком Москва , ЮВАО , р-н Южнопортовый , м. Волгоградский проспект , Новоостаповская улица , 20 115 000 ₽/мес. От года, комм. платежи включены (без счётчиков), без комиссии, залог 115 000 ₽ ЖК HighWay Премиальная студия-кинозал : абсолютная тишина, умный дом и экран 110 Сдается дизайнерская студия 27 м² на 14-м этаже в ЖК бизнес-класса HighWay. Всего 2 минуты пешком до метро и 8 минут езды до Китай-города. В квартире решена главная проблема комплекса— сделана профессиональная круговая шумоизоляция (пол, потолок, стены) и заменены окна от застройщика на шумопоглощающие окна Schco. Вы не услышите ни соседей, ни шумного проспекта. Главные преимущества: • Сон уровня 5-звездочного отеля: кровать 160 см с легендарным американским матрасом Serta, премиальное постельное белье , текстиль Frette и 100% пуховое одеяло. Проходные включатели дополняют удобства. • Настоящий домашний кинозал: вместо обычного ТВ установлен проектор с экраном 110 (диагональ 2,8 м) и объемным звуком Dolby. Настроены все онлайн-сервисы. Просто включай и смотри ТВ или свой любимый онлайн кинотеатр. Диван трансформируется в полноценный чилаут-остров. • Дизайн в стиле ваби-саби: натуральные материалы (дерево, камень, травертин, ротанг), мягкий свет и картина Пробуждение света Che масло. • Идеальный порядок: продуманы скрытые системы хранения. Стирально-сушильная машина, холодильник (No frost -авторазморозка), бойлер, 3 х ступенчатая система очистки воды, пылесос и бытовой инвентарь спрятаны за фасадами. Умные шкафы с нажимными ящиками, в том числе в цоколе-используется каждый сантиметр. • Умный дом с Алисой: управление шторами, кондиционером, посудомоечной и стирально-сушильной машинами по сценариям. • Удаленная работа: полноценный рабочий стол из массива, удобное кресло и скрытая организация проводов. Инфраструктура комплекса: Закрытая территория, охрана, консьерж-сервис, подземный паркинг. Удобный и быстрый выезд на ТТК и в центр. Условия аренды: • Стоимость: 115 000 ₽ в месяц. • Залог: 115 000 ₽. • Дополнительно: оплата по счетчикам (свет, вода). Возможна регулярная профессиональная уборка по договоренности. Аренда паркинга. Сдается для одного человека или пары которые ценят тишину, порядок, эстетику и уровень комфорта выше стандартной аренды. Агентство недвижимости Квадраты Москвы Суперагент +7 984 331-30-... Написать два дня назад 18 апр, 15:15",,https://www.cian.ru/cat.php?deal_type=rent&district%5B0%5D=8&engine_version=2&offer_type=flat&room9=1&type=4&p=3,2026-04-20T16:34:16+00:00
