id,listing_id,district,url,title,price_rub,area_m2,floor,total_floors,metro,address,description_snippet,source_page,scraped_at
255,323840974,ЮВАО,https://www.cian.ru/rent/flat/323840974/?context=4.PGHrzEdlbDk.zBe_Z0aegmJqStRAEdRt6jS_DtGGzBU7XfZH4iYz3qlOnMsFTytMt0H9IXdupsW0uBwwOLcY_ciDDQ&mlSearchSessionGuid=1568fc929759fed0392110d244f64d46,1/7,27000,17.0,1,16,,"1/7 Апартаменты-студия, 17 м², 1/16 этаж Только на Циан Текстильщики 14 минут пешком Москва , ЮВАО , р-н Текстильщики , м. Текстильщики , улица 8-я Текстильщиков , 13К2 27 000 ₽/мес. На несколько месяцев, комм. платежи включены (без счётчиков), без комиссии, без залога СОБСТВЕННИК! Читайте пожалуйста внимательно, полностью! Сдается студия 17м² в апартаментах в цоколе. Комната изолированна. Сдам исключительно адекватному, чистоплотному, спокойному, ответственному гp. PФ без вредных привычек арендатору!!! Регистрация и амино невозможна! Желательно одного человека! Приточно-вытяжная вентиляция. Без окна! Комната находится в районе с развитой инфраструктурой, в шаговой доступности от метро, БКЛ, МЦД-2. Ценик на длительный срок(год), если комнату снять на меньший срок, то цена увеличится. Если объявление опубликовано, значит актуально и еще сдается. Подойдёт как под жилое, так и не под жилое, мастерская, типография, офис, склад, упаковка, производство, ателье и т.д. ----- Примечание: у собственника могут быть дополнительные пожелания к жильцам - обсудите их в чате или по телефону Собственник ID 8531476 Документы проверены +7 916 936-41-... Написать четыре дня назад 30 апр, 17:46",,https://www.cian.ru/cat.php?deal_type=rent&district%5B0%5D=8&engine_version=2&offer_type=flat&room9=1&type=4&p=1,2026-05-05T08:11:17+00:00
270,329430532,ЮВАО,https://www.cian.ru/rent/flat/329430532/?context=4.k_eAw9ws50Q.LM5j02wGwUF6sK_OFbUA_UIxkjdaTHlv4-1ckFtYbO0v6mHEFG2uH5Q80GPtrUa6rMRifKPxV6w_rg&mlSearchSessionGuid=1568fc929759fed0392110d244f64d46,1/4,30000,27.4,9,23,,"1/4 Апартаменты-студия, 27,4 м², 9/23 этаж Только на Циан Волгоградский проспект 3 минуты пешком Москва , ЮВАО , р-н Южнопортовый , м. Волгоградский проспект , Новоостаповская улица , 20 30 000 ₽/мес. От года, комм. платежи включены (без счётчиков), комиссия 100%, залог 30 000 ₽ Id 63080. Студия в современном жилом комплексе HighWay: инвестиция в комфорт и статус в центре Москвы Перед вами уникальное предложение - светлая студия площадью 27,4 квадратных метра в новом жилом комплексе премиум-класса HighWay. Монолитный дом на 23 этажа с высотой потолков три метра дарит ощущение простора, которое редко встречается в квартирах такого метража. Два пассажирских и один грузовой лифт, а также подземный паркинг обеспечивают бесшумную логистику и полное отсутствие бытовых хлопот. Продуманная планировка студии включает объединенную комнату площадью 16,7 квадратных метров, небольшую, но функциональную кухню (3,3 квадратных метра) и совмещенный санузел. Окна выходят на тихую улицу Новоостаповская, что гарантирует спокойный сон даже в оживленном районе. Высокие потолки позволяют реализовать любые дизайнерские решения: от многоуровневого освещения до антресолей для хранения. Квартира полностью готова к заселению — вам останется лишь расставить мебель и наслаждаться жизнью. Отдельный плюс: коммунальные платежи уже включены в стоимость аренды, что делает бюджет проживания полностью предсказуемым. Расположение по адресу: улица Новоостаповская, дом 20 - это настоящий подарок для тех, кто ценит время. До станции метро всего 11 минут пешком, что дает вам доступ к двум веткам метрополитена сразу. В радиусе пяти минут ходьбы находятся супермаркеты, фитнес-клубы, кафе и apotheka. Дом расположен в глубине жилого массива, вдали от крупных магистралей, но при этом в непосредственной близости от набережной Москвы-реки и парка ""Кузьминки"". Для кого эта квартира? Прежде всего, для молодых специалистов и предпринимателей, которые ценят стиль и удобство, но не хотят переплачивать за лишние метры. Это идеальный вариант для складского помещения. Также студия прекрасно подойдет для иногородних студентов или руководителей, которым нужна комфортная ""база"" рядом с офисом и транспортными узлами. Наконец, это отличное вложение для тех, кто ищет надежный актив в строящемся районе с растущей инфраструктурой. Хотите зафиксировать выгодную ставку аренды в 30 000 рублей в месяц на долгий срок? Это разумное предложение на рынке, учитывая класс дома и его местоположение. Не упустите шанс первым оценить",,https://www.cian.ru/cat.php?deal_type=rent&district%5B0%5D=8&engine_version=2&offer_type=flat&room9=1&type=4&p=1,2026-05-05T08:11:17+00:00
259,328376795,ЮВАО,https://www.cian.ru/rent/flat/328376795/?context=4.J5svU347NP4.lVVMVklPVKOBOFTHkENLIhfUHMyNhveJUZnsA6dz6jmDyW2y0Ld62ZwzZnuJE4Bjoc_COafb_HU9Qg&mlSearchSessionGuid=1568fc929759fed0392110d244f64d46,1/11,32000,12.0,10,15,,"1/11 Студия, 12 м², 10/15 этаж Люблино 15 минут пешком Москва , ЮВАО , р-н Люблино , м. Люблино , Цимлянская улица , 3к3 32 000 ₽/мес. От года, комм. платежи включены (счётчики включены), комиссия 50%, залог 32 000 ₽ Показы 8 апреля СДАМ ДЛЯ ОДНОГО человека на длительный срок квартиру-студию с современным евроремонтом в новом ЖК бизнес-класса ""ВЛюблино"", район Люблино. Депозит возможно разбить на 2 части. Дом 15-этажный монолитный. Этаж 10/15, пластиковые окна, санузел совмещен. Диван двуспальный, микроволновая печь, холодильник, электро-плита, чайник, шкаф, стиральная машина (в коридоре). Инфраструктура развитая, все объекты первой необходимости расположены в пешей доступности: школа, детский сад, супермаркеты и др. Рядом парки. От станции метро Люблино - 9 минут пешком. Автобусные остановки возле дома. Оперативный показ: Москва, Цимлянская 3к3. Агентство недвижимости ЖИЛСЕРВИС Суперагент +7 915 496-36-... Написать час назад сегодня, 09:44",,https://www.cian.ru/cat.php?deal_type=rent&district%5B0%5D=8&engine_version=2&offer_type=flat&room9=1&type=4&p=1,2026-05-05T08:11:17+00:00
267,328298801,ЮВАО,https://www.cian.ru/rent/flat/328298801/?context=4.koqDoB6C12Q.fjnWonuNSs3hWgyyr-fNhDNeJiVlG9Qjs_0_COQOXkGiGiR6IIEBOrnQqm2vIssLDh5Or7cCza0L2A&mlSearchSessionGuid=1568fc929759fed0392110d244f64d46,1/13,34000,25.0,12,17,,"1/13 Студия, 25 м², 12/17 этаж Только на Циан Некрасовка 10 минут пешком Москва , ЮВАО , р-н Некрасовка , м. Некрасовка , улица Недорубова , 28 34 000 ₽/мес. От года, комм. платежи включены (счётчики включены), комиссия 60%, залог 34 000 ₽ Сдается на длительный период . Предложение строго для одной девушки , женщины.. Качественный рeмoнт, вся мебель и бытовая техника, нeoбходимая для кoмфopтного пpoживaния. Пoлнoстью меблиpoвана мебелью: шкаф, тумба под ТВ, кровать двухспальная , куxонный гарнитур, диван-кресло, барная стойка , высокие стулья . Студия укомплектована всей бытовой техникой: электрическая плита , холодильник, , микроволновка. Сан узел раздельный, ванна, стиральная машина автомат на три изолированные комнаты-студии. Рядом с метро торговые центры фитнес центр, продуктовые магазины в доме и рядом с домом. Шаговая доступность 7 минут до станции метро Некрасовка. Сдается на длительный период . Рассмотрят платежеспособных жильцов, приоритет для девушки, женщины. Оплата 34000 рублей все платежи включены в стоимость и интернет . Депозит 34000 рублей можно разделить на 2 платежа. Комиссия . ID 307387 Документы проверены +7 923 074-33-... Написать пять дней назад 29 апр, 17:01",,https://www.cian.ru/cat.php?deal_type=rent&district%5B0%5D=8&engine_version=2&offer_type=flat&room9=1&type=4&p=1,2026-05-05T08:11:17+00:00
289,320152770,ЮВАО,https://www.cian.ru/rent/flat/320152770/?context=4.cA_YHP73Mgs.Ys3hZ7B5-k1R6yPK7z2TfteC4owe-aHuSCQCO7kqYeH3RH90VyXkhH1I722JuAJe9LtHQaGa_ocDxQ&mlSearchSessionGuid=12c4537b42f8e325b5074af52305cde9,1/28,34000,18.0,1,25,,"1/28 Студия, 18 м², 1/25 этаж Только на Циан Некрасовка 11 минут пешком Москва , ЮВАО , р-н Некрасовка , м. Некрасовка , Покровская улица , 17Ак1 34 000 ₽/мес. От года, комм. платежи включены (без счётчиков), комиссия 80%, залог 34 000 ₽ Владимиp. .СРОЧHO, СРОЧНO. .Дoм находится не далеко от нeскoльких Станций MЕТРОПОЛИTEНА - НЕКРАСОВКА, ЛУХМАНОВСКАЯ и ЛЮБЕРЦЫ. . Рядом расположены - Круглосуточные Магазины, ЦЕРКОВЬ, Торговый Центр, Отделения Банков, Парк с Фонтанами и зоной для Шашлыков..Сдаётся - Чистая, Очень Уютная, Аккуратная, КВАРТИРА - СТУДИЯ. . Рассматриваем - Приличных/Платёжеспособных/Чистоплотных Состав обсуждается..Звоните, обсудим все Ваши предложения, оперативный показ и заселение - ГАРАНТИРУЕМ. .ВАЖНО..Для гарантии долгосрочных отношений, попросим внести страховой депозит ( залог )..В цену всё включено, кроме электричества..Спасибо. . Риелтор Владимир Положенцев Суперагент +7 936 709-29-... вчера 3 май, 13:09",,https://www.cian.ru/cat.php?deal_type=rent&district%5B0%5D=8&engine_version=2&offer_type=flat&room9=1&type=4&p=2,2026-05-05T08:11:17+00:00
279,329605538,ЮВАО,https://www.cian.ru/rent/flat/329605538/?context=4.Tj44VlvBqjU.Disgc_0XmnZXZlMkVZXuUYt50rQz-CxMVO1S4tj0OUW1ysj6AE-XqBQpi0I69z1SGJZkj-MlFKabBQ&mlSearchSessionGuid=1568fc929759fed0392110d244f64d46,1/13,35000,16.0,2,5,,"1/13 Студия, 16 м², 2/5 этаж Только на Циан Кузьминки 14 минут пешком Москва , ЮВАО , р-н Кузьминки , м. Кузьминки , Окская улица , 28К3 35 000 ₽/мес. От года, комм. платежи включены (без счётчиков), комиссия 70%, залог 35 000 ₽ Сдаеться квартира студия , на длительный срок . Агентство недвижимости Качанова и партнеры Суперагент +7 985 867-89-... Написать три дня назад 2 май, 00:58",,https://www.cian.ru/cat.php?deal_type=rent&district%5B0%5D=8&engine_version=2&offer_type=flat&room9=1&type=4&p=1,2026-05-05T08:11:17+00:00
286,323118683,ЮВАО,https://www.cian.ru/rent/flat/323118683/?context=4.vc08h-FzzIY.8MJ0sGYHzdJGXJuGOnQPd8_IP0n8pwWzlewuF9-pwtVODEIZVpYF0B8rCUR6oR9mU0oMKjt81_WC1Q&mlSearchSessionGuid=12c4537b42f8e325b5074af52305cde9,1/11,35000,15.0,4,5,,"1/11 Студия, 15 м², 4/5 этаж Окская 14 минут пешком Москва , ЮВАО , р-н Кузьминки , м. Окская , Окская улица , 28К3 35 000 ₽/мес. От года, комм. платежи включены (без счётчиков), комиссия 50%, залог 35 000 ₽ Объект актуален! Вам к нам! Только если: вы любите качество, по адекватной цене! Наша квартира для тех ,кто хочет жить каждое мгновение жизни, а не только приезжать ночевать в арендную квартиру. Уютная квартира. Спокойная атмосфера. Отличная локация. Адекватный собственник!! Тут можно жить и работать не выходя из дома!!! Рассмотрим все ваши предложения, учитывая пожелания от собственника. Звоните, уважаемые клиенты и коллеги!!! P.S. Если не отвечаю на звонок, то напишите SMS с названием улицы, когда я освобожусь, то обязательно перезвоню. просмотры по договоренности. Плюс квитанция жкх 3000. Агентство недвижимости ПАРТНЕР Суперагент +7 980 154-12-... Написать пять дней назад 29 апр, 11:28",,https://www.cian.ru/cat.php?deal_type=rent&district%5B0%5D=8&engine_version=2&offer_type=flat&room9=1&type=4&p=2,2026-05-05T08:11:17+00:00
287,329374936,ЮВАО,https://www.cian.ru/rent/flat/329374936/?context=4.fjCU3PYzvD0.BEcinSld-vpfv7OjhLUgLJYRbCNRHPOuEyvrGLPxailN0SNbahBG_D0zG4BEPNu5jfUUh6nWid5JCw&mlSearchSessionGuid=12c4537b42f8e325b5074af52305cde9,1/8,38000,14.0,1,5,,"1/8 Студия, 14 м², 1/5 этаж Авиамоторная 3 минуты пешком Москва , ЮВАО , р-н Лефортово , м. Авиамоторная , шоссе Энтузиастов , 18 38 000 ₽/мес. От года, комм. платежи включены (без счётчиков), комиссия 60%, залог 19 000 ₽ Номер лота - 3535402 ПРОСЬБА ЗВОНИТЬ, А НЕ ПИСАТЬ! Предложение для 1-2х человек! Уютная студия в непосредственной близости от метро. Только что закончен качественный косметический ремонт. Вся необходимая мебель и техника для комфортного проживания. Район с развитой инфраструктурой. В пешей доступности супермаркеты, кинотеатр Москино, сквер, ТЦ ""Город"" и многое другое. Удобная транспортная доступность, в пешей доступности станция метро ""Авиамоторная"" калининской линии и БКЛ, остановки наземного транспорта (автобус, трамвай). Залог половина стоимости! ИНКОМ-Проспект Мира. Агентство недвижимости ИНКОМ-Недвижимость Аренда Суперагент +7 939 024-50-... Написать час назад сегодня, 09:12",,https://www.cian.ru/cat.php?deal_type=rent&district%5B0%5D=8&engine_version=2&offer_type=flat&room9=1&type=4&p=2,2026-05-05T08:11:17+00:00
312,328857777,ЮВАО,https://www.cian.ru/rent/flat/328857777/?context=4._h4m2tzo-4c.933uVDNFtqT9hK8ysQFk0ubFJLRqWRPu6JKHez7B3Xh_8pUPVI0qE9FDY14oZ2Zt2GE-l4_wsXII5Q&mlSearchSessionGuid=e8ae6aff62d039c0c42d1cc05c91a511,1/5,38000,16.0,2,14,,"1/5 Студия, 16 м², 2/14 этаж Только на Циан Некрасовка 5 минут на транспорте Москва , ЮВАО , р-н Некрасовка , м. Некрасовка , улица Маршала Еременко , 5к2 38 000 ₽/мес. От года, комм. платежи включены (без счётчиков), без комиссии, залог 38 000 ₽ Сдаётся светлая, уютная квартира-студия с 1.06.2026г. Красивый кирпично-монолитный дом Для семейной пары, женщине/девушке Есть всё для комфортного проживания Вся мебель и техника В 17 минутах ходьмы от метро Рядом продуктовые магазины, аптеки, МФЦ, банки, автобусные остановки, школа, дет.сад и т.д. БЕЗ детей и животных!!! Ежемесячная плата - 38.000₽ + свет, вода Залог - 38.000₽ Договор аренды от 1 года! Важно!!! Залог не возвращается, если съезжаете раньше срока указанного в договоре. Без комиссий! Собственник. Собственник ID 140070899 Документы проверены +7 915 411-01-... Написать неделю назад 27 апр, 14:26",,https://www.cian.ru/cat.php?deal_type=rent&district%5B0%5D=8&engine_version=2&offer_type=flat&room9=1&type=4&p=3,2026-05-05T08:11:17+00:00
273,327246474,ЮВАО,https://www.cian.ru/rent/flat/327246474/?context=4.mhOtHnLVeBI.rj6ZQqMoLsWuKkwePJg58O17aksleoCgEbv12xyp1FF8JPUEYiNjHfgkSdRpQP_PytzKU1PZui2hzA&mlSearchSessionGuid=1568fc929759fed0392110d244f64d46,1/11,39000,16.0,5,10,,"1/11 Студия, 16 м², 5/10 этаж Авиамоторная 19 минут пешком Москва , ЮВАО , р-н Нижегородский , м. Авиамоторная , Подъемная улица , 14С37 39 000 ₽/мес. От года, комм. платежи включены (без счётчиков), комиссия 60%, залог 48 000 ₽ Код объекта: 2056548. Семь причин снять эту студию: 1) Вы снимаете не просто метры, а получаете доступ к целой экосистеме. Больше не нужно тратить время и деньги на фитнес-клуб и коворкинг. На первых этажах ЖК к вашим услугам спортзал, бильярд, аэрохоккей, кафе и коворкинг, где можно расслабиться и пообщаться после рабочего дня. Вы освобождаете время на логистику и можете инвестировать его в себя. 2) Удивительная локация: три старообрядческих монастыря, прогулки по территории которых — это ментальная перезагрузка. 1 минута пешком от подъезда —и вы получаете атмосферу, за которой люди уезжают за город. 3) Студия оборудована всем необходимым, включая кондиционер и посудомоечную машину. Отдельно отмечу большой крепкий диван. 4) Комфортно не только вам, но и вашему транспорту. На первом этаже —помещение для хранения велосипедов, самокатов. Собственная автомобильная парковка под шлагбаумом. Охрана 24/7. 5) Объект куплен как инвестиция для сдачи в аренду на долгий срок. Можете быть уверены — никаких неожиданных выселений. 6) Живописные локации рядом сочетаются с доступом к ресурсам большого города. 2 минуты пешком до ТЦ ""Город"". Бутики, рестораны, пункты выдачи заказов, все к вашим услугам. 7) Экологичное окружение. Архетип жителя ЖК — это молодые амбициозные люди, работающие в IT-сфере. Драйвовая атмосфера людей, уважающих личные границы и нацеленных на успех. Залог можем разбить на 3 месяца. Агентство недвижимости Владис Документы проверены +7 915 207-99-... Написать вчера вчера, 20:02",,https://www.cian.ru/cat.php?deal_type=rent&district%5B0%5D=8&engine_version=2&offer_type=flat&room9=1&type=4&p=1,2026-05-05T08:11:17+00:00
261,298226663,ЮВАО,https://www.cian.ru/rent/flat/298226663/?context=4.jT6v_DhRuGA.1pg_8Hx8uX28iM6JhbwERmhRnqK1wGEQbv1DG37CSyAFTIo81AfWDwvyMC1HEfGh2BigQXVKCJih0w&mlSearchSessionGuid=1568fc929759fed0392110d244f64d46,1/11,40000,22.0,3,3,,"1/11 Апартаменты-студия, 22 м², 3/3 этаж Только на Циан Нижегородская 7 минут пешком Москва , ЮВАО , р-н Нижегородский , м. Нижегородская , шоссе Фрезер , 17АС3 40 000 ₽/мес. На несколько месяцев, комм. платежи включены (без счётчиков), комиссия 50%, залог 40 000 ₽ Сдается с МАЯ по СЕНТЯБРЬ студия на ш. Фрейзер. 5 мин. пешком от метро Нижегородская (9 мин. от Курской на МЦД-4) 40.000р + Счетчики (13.000 руб.- сумма не меняется, так как это статус апартаментов) в месяц. Площадь: 22,2 м2. Евро ремонт и хорошая бытовая техника. Кухня оснащена: плитой, печью с функцией СВЧ, стиральной машиной, посудомоечной машиной. Студия в хорошем состоянии. 3 этаж, без лифта, окна во двор. На территории дома имеется собственная парковочная зона. Первый платеж включает в себя: оплата за первый месяц 40.000 руб.+ депозит 40.000 руб. (возвращается при выселении) + 20.000 руб. (услуги риэлтора). Без животных! Агентство недвижимости Правовой Центр Недвижимости Суперагент +7 986 263-99-... Написать четыре дня назад 30 апр, 18:30",,https://www.cian.ru/cat.php?deal_type=rent&district%5B0%5D=8&engine_version=2&offer_type=flat&room9=1&type=4&p=1,2026-05-05T08:11:17+00:00
264,329495860,ЮВАО,https://www.cian.ru/rent/flat/329495860/?context=4.uvhTI20-YZU.y9C2n5_tEBPy0UMGXlrRqZfEnGKjj4rWGBe8w_j0bjLxpnmz_9_tuxK7SblRbzzGEOWwFS4PpYsmlw&mlSearchSessionGuid=1568fc929759fed0392110d244f64d46,1/6,40000,20.0,1,12,,"1/6 Студия, 20 м², 1/12 этаж Марьино 6 минут пешком Москва , ЮВАО , р-н Марьино , м. Марьино , Новомарьинская улица , 3К3 40 000 ₽/мес. От года, комм. платежи включены (без счётчиков), комиссия 70%, залог 40 000 ₽ Арт. 135262084 Сдается студия рядом с метро. Сделан свежий ремонт и установлена новая мебель. Есть балкон. Хорошо подойдет для одного человека. Звоните. Агентство недвижимости Самолет Плюс Документы проверены +7 989 151-24-... Написать 45 минут назад сегодня, 10:12",,https://www.cian.ru/cat.php?deal_type=rent&district%5B0%5D=8&engine_version=2&offer_type=flat&room9=1&type=4&p=1,2026-05-05T08:11:17+00:00
295,329405373,ЮВАО,https://www.cian.ru/rent/flat/329405373/?context=4.eUlrhjEEdjw.tfWuLQuDjbC8bLGbI2U2QOgUiWi7GvktnoooXgzVfuoAnRAVxqyofMAizIgqWozATyL8Ubpwzqf5Qg&mlSearchSessionGuid=12c4537b42f8e325b5074af52305cde9,1/18,40000,9.0,1,9,,"1/18 Студия, 9 м², 1/9 этаж Только на Циан Юго-Восточная 10 минут пешком Москва , ЮВАО , р-н Выхино-Жулебино , м. Юго-Восточная , Сормовская улица , 4 40 000 ₽/мес. От года, комм. платежи включены (без счётчиков), комиссия 50%, залог 40 000 ₽ Сдам прекрасную компактную и полную оборудованную студию. В квартире есть все необходимое, сделан отличный ремонт. Чистый подъезд, тихий двор. Рядом небольшой торговый центр, а так же много разных магазинов. Дорога до метро и МЦД-3 занимает 5 минут. Квартира теплая и солнечная. Очень уютная. Рассмотрим строго 1 человека на длительный срок. Риелтор Анжелика Мещерякова Суперагент +7 986 254-06-... Написать неделю назад 26 апр, 13:50",,https://www.cian.ru/cat.php?deal_type=rent&district%5B0%5D=8&engine_version=2&offer_type=flat&room9=1&type=4&p=2,2026-05-05T08:11:17+00:00
301,301543961,ЮВАО,https://www.cian.ru/rent/flat/301543961/?context=4.Tt1iKAhv_iE.WlAEXB4ckvhP3Q5vU89p_csi1XW1Hf3ONrdhfLvFp4iYswDNasOpWuaEDdC-tOU6Undafwb4eWRg4A&mlSearchSessionGuid=12c4537b42f8e325b5074af52305cde9,1/12,40000,17.0,5,5,,"1/12 Апартаменты-студия, 17 м², 5/5 этаж Только на Циан Текстильщики 18 минут пешком Москва , ЮВАО , р-н Текстильщики , м. Текстильщики , 1-й Грайвороновский проезд , 2А 40 000 ₽/мес. От года, комм. платежи включены (без счётчиков), комиссия 60%, залог 43 000 ₽ Сдаю студию со всеми удобствами в районе метро Текстильщики, от метро 15 минут пешком или 3 остановки автобусом. В квартире имеется все для комфортного проживания: кухня, микроволновка, чайник, варочная панель, вытяжка, холодильник, кровать двуспальная, обеденный стол, стиральная машинка, совмещённый санузел, шкаф-гардероб. Условия: предоплата за месяц, залог за последний месяц аренды, коммунальные платежи отдельно, комиссия агенту разово при заселении. Риелтор Александр Дворников Суперагент +7 985 579-70-... Написать шесть дней назад 28 апр, 23:19",,https://www.cian.ru/cat.php?deal_type=rent&district%5B0%5D=8&engine_version=2&offer_type=flat&room9=1&type=4&p=2,2026-05-05T08:11:17+00:00
254,329333718,ЮВАО,https://www.cian.ru/rent/flat/329333718/?context=4.mfB5P_TzJKU.RIuSobCAiDQHqM1qfPkoOmapC7t1yUt-2T6oAz92-TQ3XDesCK7MZssXSOMfWEbMoDqA-5N4H0YY7w&mlSearchSessionGuid=1568fc929759fed0392110d244f64d46,1/13 Ещё фото,40600,19.6,21,25,,"1/13 Ещё фото 10 минут до метро! Студия, 19,6 м², 21/25 этаж Перерва 12 минут пешком Москва , ЮВАО , р-н Люблино , м. Перерва , Иловайская улица , 4 40 600 ₽/мес. От года, комм. платежи включены (без счётчиков), комиссия 70%, без залога Сдаётся светлая квартира-студия с евроремонтом и совмещённым санузлом в ЖК Люблинский Парк, без депозита! Её можно посмотреть когда Вам удобно: бронируете время, забираете ключи и спокойно осматриваете. Если всё понравится, договор подпишем онлайн и будем поддерживать Вас на всех этапах аренды. Кухонный гарнитур, мебель и необходимую технику можно приобрести в счёт арендной платы. Полы ламинат и плитка. Окна выходят во двор, на север, есть бесплатная парковка. Собственник готов заселить не более 2 жильцов с детьми и обсудить оформление временной регистрации. С домашним питомцем можно. Недалеко от дома: - Парк имени Артёма Боровика; - Братиславский лесопарк. - ТЦ Люблю Молл; - Парк 850-летия Москвы; - Лес Жары; - Парк Героев Отечественной войны 1812 года. Во дворах обустроены детские площадки, двор без машин. В пешей доступности — школа, детский сад, продуктовые супермаркеты, аптеки, фитнес-клуб, кафе. До МЦД-2 Перерва - 10 минут пешком. Агентство недвижимости ПИК-Аренда Документы проверены Посмотреть все объекты +7 985 362-98-... Написать вчера вчера, 17:07",,https://www.cian.ru/cat.php?deal_type=rent&district%5B0%5D=8&engine_version=2&offer_type=flat&room9=1&type=4&p=1,2026-05-05T08:11:17+00:00
291,326403023,ЮВАО,https://www.cian.ru/rent/flat/326403023/?context=4.pGB9ArQnipc.8B00spDQy9eCgxQzbtFcl31kEomT30FyTxfr35gLeggMtzOkUZC18ZyHSASHsuA2VwPTmbgrbxzPPQ&mlSearchSessionGuid=12c4537b42f8e325b5074af52305cde9,1/11,41000,17.0,3,5,,"1/11 Студия, 17 м², 3/5 этаж Только на Циан Кузьминки 9 минут пешком Москва , ЮВАО , р-н Кузьминки , м. Кузьминки , Жигулевская улица , 4К2 41 000 ₽/мес. От года, комм. платежи включены (без счётчиков), комиссия 50%, залог 41 000 ₽ Сдаётся студия 17 м² в новом ЖК Нью Форм Сдаётся впервые уютная студия площадью 17 м², расположенная на 3 этаже нового жилого комплекса Нью Форм. Квартира полностью укомплектована для комфортного проживания: двуспальный диван шкаф для хранения вещей кухонный гарнитур с техникой: холодильник, плита, СВЧ ванная комната полностью оборудована: стиральная машина, душ, полотенцесушитель Новая квартира, никто не проживал. Подходит для одного человека или семейной пары. Инфраструктура и транспорт: рядом большое количество магазинов до метро — 7 минут пешком возле метро расположен крупный торгово-развлекательный центр Отличный вариант для комфортной жизни в новом доме. Звоните / пишите для просмотра. Агентство недвижимости АРТИН Суперагент +7 915 234-34-... 3 недели назад 8 апр, 08:31",,https://www.cian.ru/cat.php?deal_type=rent&district%5B0%5D=8&engine_version=2&offer_type=flat&room9=1&type=4&p=2,2026-05-05T08:11:17+00:00
319,329675480,ЮВАО,https://www.cian.ru/rent/flat/329675480/?context=4.B5qsfo6VZhg.7MKHcjS-E530n3mp29Dy7c9yHL8-zIQqTKJ4LI99c7YWUT78LEBDhO9UDjeGcCdj__GcxRQu4uUKQw&mlSearchSessionGuid=e8ae6aff62d039c0c42d1cc05c91a511,1/11,43000,22.0,6,10,,"1/11 Студия, 22 м², 6/10 этаж Депо 12 минут пешком Москва , ЮВАО , р-н Люблино , м. Депо , Люблинская улица , 72Ак1 43 000 ₽/мес. От года, комм. платежи включены (без счётчиков), комиссия 80%, залог 43 000 ₽ Уважаемые Арендаторы! Предлагается в долгосрочную аренду замечательная студия! Сдается впервые! Еще никто не жил. Современный ремонт! Душевая кабина. НОВАЯ мебель: - 2х местный диван, - 2 шкафа, - встроенный кухонный гарнитур. НОВАЯ бытовая техника: - варочная панель, - духовой шкаф, - вытяжка, - микроволновка, - 2х камерный холодильник, - стиральная машинка-автомат, - телевизор, - кондиционер. Интернет проведен. Чистый подъезд. Приличные соседи. Огороженная территория. Двор без машин. Развитая инфраструктура, рядом: - магазины, - аптеки, - ПВЗ озон/вайлдбериз, - детские сады, - школы. Страховой депозит можно разбить. Квартира теплая. Сдается на длительный срок. Квартира свободна и готова к заселению. Проверенный собственник! Документы на квартиру в порядке. ОПЕРАТИВНЫЙ показ. Пишите, звоните! Риелтор Сергей Медведев Суперагент +7 923 074-81-... Написать вчера вчера, 22:55",,https://www.cian.ru/cat.php?deal_type=rent&district%5B0%5D=8&engine_version=2&offer_type=flat&room9=1&type=4&p=3,2026-05-05T08:11:17+00:00
297,328625698,ЮВАО,https://www.cian.ru/rent/flat/328625698/?context=4.74ZHsap9pS0.RFJ1zAvid7Jjh6nCBohQHfqUmz5_JP0RaQ7tIseaH40u-YWPKvM4-k-uS18ZEHbrp7KRw41xrRGwqQ&mlSearchSessionGuid=12c4537b42f8e325b5074af52305cde9,1/16,45000,18.0,2,3,,"1/16 Апартаменты-студия, 18 м², 2/3 этаж Только на Циан Текстильщики 14 минут пешком Москва , ЮВАО , р-н Текстильщики , м. Текстильщики , Грайвороновская улица , 4 45 000 ₽/мес. От года, комм. платежи включены (без счётчиков), комиссия 50%, залог 45 000 ₽ Сдаётся двух уровневая уютная студия в 10 минутах пешком от метро Текстильщики. Апартаменты расположены на 2 этаже трёхэтажного дома. Общая площадь составляет 18 кв. м. плюс зона для сна на втором уровне, что делает её идеальной для проживания одного человека или пары. Высокие потолки 3.7 метра придают пространству дополнительный объём. В комнате очень большое окно, что делает жилое пространство светлым. Спальное место на второй уровень покупаем под жильцов. Студия будет еще доукомплектовываться ковриком, пледами, декором, телевизором. Риелтор Екатерина Мамедова Суперагент +7 985 720-76-... Написать 2 недели назад 20 апр, 16:46",,https://www.cian.ru/cat.php?deal_type=rent&district%5B0%5D=8&engine_version=2&offer_type=flat&room9=1&type=4&p=2,2026-05-05T08:11:17+00:00
309,329325327,ЮВАО,https://www.cian.ru/rent/flat/329325327/?context=4.kt_ARAmwJi8.vHuCEVBJ_L1-L_nXjZ8qlOihLqFsOkevIuhZY6x2thV75qVHr7Ky2b9Kxsq-Z8TBy8_q2fNZOXXx5Q&mlSearchSessionGuid=e8ae6aff62d039c0c42d1cc05c91a511,1/14,45000,23.0,13,26,,"1/14 Студия, 23 м², 13/26 этаж Онлайн-договор Перерва 12 минут пешком Москва , ЮВАО , р-н Люблино , м. Перерва , Люблинская улица , 80к6 45 000 ₽/мес. От года, комм. платежи включены (без счётчиков), комиссия 50%, залог 48 000 ₽ Сдаётся чистая уютная студия с мебелью и техникой. Есть всё необходимое: плита, холодильник, душевая, спальное место, стол. Светлая квартира с большим окном. Новый ЖК. Подойдёт для 1-4 человек. Можно с детьми и животными Оперативный показ. Заселение день в день. Агентство недвижимости PREMIUM CITY Документы проверены +7 916 213-79-... Написать вчера вчера, 15:17",,https://www.cian.ru/cat.php?deal_type=rent&district%5B0%5D=8&engine_version=2&offer_type=flat&room9=1&type=4&p=3,2026-05-05T08:11:17+00:00
253,328922251,ЮВАО,https://www.cian.ru/rent/flat/328922251/?context=4.eq3g8jKKRvY.kOeMjZXnaW8zYau9Ofy0ly3_FC1IQo3NAq2HnYHfk5UZloaaCk-7mMTmt6mUjHAo77SdT0Lt9XVsKQ&mlSearchSessionGuid=1568fc929759fed0392110d244f64d46,1/14 Ещё фото,47000,19.6,4,17,,"1/14 Ещё фото Студия, 19,6 м², 4/17 этаж Братиславская 3 минуты на транспорте Москва , ЮВАО , р-н Люблино , м. Перерва , Иловайская улица , 2 47 000 ₽/мес. От года, комм. платежи включены (без счётчиков), комиссия 60%, без залога Уникальное предложение! Светлая квартира-студия с хорошим ремонтом и совмещенным санузлом в ЖК Люблинский Парк, без депозита! В квартире уже есть всё необходимое для приятного проживания, а дополнительную мебель и технику может приобрести собственник. Проведён интернет с Wi-Fi и есть бесплатная парковка рядом, а окна выходят во двор на западную сторону. Дом расположен в районе с развитой инфраструктурой, рядом есть всё для комфортной жизни. Отлично подойдёт для семьи или пары, собственник готов заселить до двух взрослых жильцов с детьми или заключить договор с юридическим лицом. С домашним питомцем нельзя. Готовы показать квартиру в удобное для вас время, просто выберите подходящее время, заберите ключи и можете спокойно осмотреть ее в комфортных условиях. Если всё понравится - оформим договор онлайн в личном кабинете. Там будут все платежи и чеки, честно и без скрытых комиссий или неожиданных расходов. Оплатить можно удобным способом, включая банковскую или кредитную карты. Мы будем рядом на всех этапах аренды и поможем решить любые возникающие вопросы. Не упустите шанс, это отличный вариант для тех, кто ищет уют и удобство! Агентство недвижимости ПИК-Аренда Документы проверены Посмотреть все объекты +7 917 506-34-... Написать вчера вчера, 20:51",,https://www.cian.ru/cat.php?deal_type=rent&district%5B0%5D=8&engine_version=2&offer_type=flat&room9=1&type=4&p=1,2026-05-05T08:11:17+00:00
308,304010604,ЮВАО,https://www.cian.ru/rent/flat/304010604/?context=4.Wk8pjfp-8vQ.bdO0J4vi3rHrqvYnE7Zq1Ani8L6WtJt38ZMPrAufte5ji_BsV3KmfXzTcHPm8mH3K0u5Q5IA0UWepQ&mlSearchSessionGuid=12c4537b42f8e325b5074af52305cde9,1/24,48000,20.0,19,23,,"1/24 Студия, 20 м², 19/23 этаж Новохохловская 12 минут пешком Москва , ЮВАО , р-н Текстильщики , м. Новохохловская , 1-й Грайвороновский проезд , 13к3 48 000 ₽/мес. От года, комм. платежи включены (счётчики включены), комиссия 50%, залог 48 000 ₽ Сдается светлая студия. Есть всё необходимое для проживания: кухня, большой холодильник, шторы blackout, микроволновая печь, стиральная машина, кофемашина, раскладной диван (спальное место 140*200). Установлен кондиционер с возможностью удалённого включения через приложение (на охлаждение и на обогрев) и большой 50 дюймовый android TV 4K.Также имеются два больших шкафа. Риелтор Аркадий Николаевич Алексеев Суперагент +7 980 212-18-... Написать пять дней назад 29 апр, 13:31",,https://www.cian.ru/cat.php?deal_type=rent&district%5B0%5D=8&engine_version=2&offer_type=flat&room9=1&type=4&p=2,2026-05-05T08:11:17+00:00
326,319929351,ЮВАО,https://www.cian.ru/rent/flat/319929351/?context=4.MDy-WjPggko.-AJtZgyHzME7hfk293R09vvWK2dseHsMwFYaDlf6BDoLtPdXd1hfBVwbREtA2zgRQwa93PPa042XKg&mlSearchSessionGuid=e8ae6aff62d039c0c42d1cc05c91a511,1/5,48000,20.0,15,24,,"1/5 Студия, 20 м², 15/24 этаж Текстильщики 19 минут пешком Москва , ЮВАО , р-н Текстильщики , м. Текстильщики , 1-й Грайвороновский проезд , 3 48 000 ₽/мес. От года, комм. платежи включены (без счётчиков), без комиссии, залог 24 500 ₽ ВЫГОДНОЕ ПРЕДЛОЖЕНИЕ! БЕЗ КОМИССИИ!!! Сдается стильная студия с современным ремонтом! - Депозит всего 50% от месячной стоимости ! - Долгосрочная аренда ! - Новый качественный ремонт - Полная меблировка и техника (включая керамическую варочную панель) - Уютный огороженный зеленый двор Расположение: - 2 минуты до магазинов ""Пятёрочка"" и ""Магнит"" - Кафе и инфраструктура в шаговой доступности - 7 минут на автобусе или 20 минут пешком до метро ""Текстильщики"" Идеально для одного человека или пары! Квартира готова к заселению - звоните, чтобы посмотреть! Риелтор ID 69263364 +7 985 082-46-... Написать шесть дней назад 29 апр, 00:32",,https://www.cian.ru/cat.php?deal_type=rent&district%5B0%5D=8&engine_version=2&offer_type=flat&room9=1&type=4&p=3,2026-05-05T08:11:17+00:00
329,329533620,ЮВАО,https://www.cian.ru/rent/flat/329533620/?context=4.HuzTlpWP2Vo.myfR8JlFr6hPnLfUd4gA8E9A1IJNAoKs4BixqAp0BVM725CIkFVPZi0utB_YhpDUMlKnyXOhh3yLAQ&mlSearchSessionGuid=e8ae6aff62d039c0c42d1cc05c91a511,1/8,48000,21.0,23,25,,"1/8 Студия, 21 м², 23/25 этаж Только на Циан Марьино 6 минут на транспорте Москва , ЮВАО , р-н Люблино , м. Депо , Люблинская улица , 72Ак1 48 000 ₽/мес. От года, комм. платежи включены (счётчики включены), без комиссии, залог 48 000 ₽ Сдаётся уютная студия в новом доме по адресу: Люблинская улица, 72Ак1. Квартира находится на 23 из 25 этажей. . Студия с евроремонтом, полностью готова для комфортного проживания. В квартире есть всё необходимое: удобная мебель на кухне и в комнате, а также современная техника, включая холодильник, телевизор и стиральную машину. в квартире никто не жил, все новое! Дом оснащён двумя грузовыми и одним пассажирским лифтами, а также пандусом для удобного доступа. В наличии наземная парковка. Рядом с домом находятся школы, детские сады и магазины, что делает расположение особенно удобным для проживания. Условия аренды: квартира сдаётся официально по договору аренды. Комиссия агентства не предусмотрена, сдает собственник. При заселении потребуется внести залог и оплату за первый месяц проживания. Подходит для одного человека или пары без детей и животных. Собственник ID 65547068 Документы проверены +7 986 253-90-... Написать вчера 3 май, 11:21",,https://www.cian.ru/cat.php?deal_type=rent&district%5B0%5D=8&engine_version=2&offer_type=flat&room9=1&type=4&p=3,2026-05-05T08:11:17+00:00
330,328035351,ЮВАО,https://www.cian.ru/rent/flat/328035351/?context=4.aeTLhg9qUY8.kD47UxQ08Qw-NOuHwOIhB_Vo4psedTvTiaakXs2hLxMCoQrC7wMIoqkjBCfcN0z3rbUg3UgtNzoc8A&mlSearchSessionGuid=e8ae6aff62d039c0c42d1cc05c91a511,1/17,48000,17.8,16,21,,"1/17 Апартаменты-студия, 17,8 м², 16/21 этаж Калитники 10 минут пешком Москва , ЮВАО , р-н Нижегородский , м. Калитники , Автомобильный проезд , 4 48 000 ₽/мес. От года, комм. платежи включены (без счётчиков), комиссия 42%, залог 30 000 ₽ Новая студия со свежим ремонтом и мебелью в ЖК Бизнес-класса N'ICE LOFT! Свежий ремонт. Сдается впервые после ремонта и обустройства. Все готово к вашему комфортному проживанию. Кондиционер, холодильник, стиральная машина, раскладной диван для сохранения пространства, вместительные шкафы, много места для хранения, новый комплект посуды, постельного белья и спальных принадлежностей. Удобная транспортная доступность: - Станция Калитники в 10-ти минутах пешком; - до Волгоградского проспекта 11 минут; - остановка общественного транспорта в 5-ти минутах пешком; - удобный выезд на Третье транспортное кольцо; - до Кремля 5 км. Условия аренды: От 4 месяцев или на длительной срок Плата за месяц -48.000 руб. (плюс оплата по счетчикам) Залог - 30.000 руб. Комиссия - 20.000 руб. Подробности по телефону. НЕ ОТКЛАДЫВАЙТЕ звонок на завтра, завтра могут сказать что ""квартира уже сдана""! Риелтор Кадрия Котова Суперагент +7 923 078-61-... Написать 2 недели назад 19 апр, 19:13",,https://www.cian.ru/cat.php?deal_type=rent&district%5B0%5D=8&engine_version=2&offer_type=flat&room9=1&type=4&p=3,2026-05-05T08:11:17+00:00
292,329359924,ЮВАО,https://www.cian.ru/rent/flat/329359924/?context=4.Nlr3dPDh9wk.shUsN_LPuCjD3dgEp1kAeL_uwlvm-dTeLHVSLL9ftJ5YIpfPB7Sgb2_pnn8WUUIoYU6kqsbwhHxSQg&mlSearchSessionGuid=12c4537b42f8e325b5074af52305cde9,1/12,50000,27.0,11,22,,"1/12 Студия, 27 м², 11/22 этаж Только на Циан Текстильщики 16 минут пешком Москва , ЮВАО , р-н Текстильщики , м. Текстильщики , 1-й Грайвороновский проезд , 1 50 000 ₽/мес. От года, комм. платежи включены (счётчики включены), комиссия 50%, залог 50 000 ₽ Уютная студия в ЖК ""Грани"": тишина, комфорт и развитая инфраструктура! Сдается стильная студия площадью 27 м² в современном жилом комплексе ""Грани"". Вас ждет абсолютная тишина благодаря отличной шумоизоляции и комфортное проживание. • Двор без машин: безопасно и спокойно. • Наземная парковка: под шлагбаум, только для жителей ЖК. • Полная инфраструктура: все необходимое в доме и шаговой доступности. • Удобная транспортная развязка: легкий доступ в любую точку города. Идеальное решение для тех, кто ценит комфорт и практичность в динамичном мегаполисе! Звоните прямо сейчас и я организую показ в ближайшее время! Риелтор Сара Гуцу Суперагент +7 982 083-09-... Написать неделю назад 24 апр, 13:52",,https://www.cian.ru/cat.php?deal_type=rent&district%5B0%5D=8&engine_version=2&offer_type=flat&room9=1&type=4&p=2,2026-05-05T08:11:17+00:00
307,298608752,ЮВАО,https://www.cian.ru/rent/flat/298608752/?context=4.Gc4r6aZqL4I.czIlc1Qh1NDNicVaigSYpcU2YZrBjJXDb6UBpKD8uZOKfMTo6m49KFW-1m-lOSu9rvPKvIKoDs8rbw&mlSearchSessionGuid=12c4537b42f8e325b5074af52305cde9,1/11,50000,19.0,10,16,,"1/11 Студия, 19 м², 10/16 этаж Только на Циан Серп и Молот 7 минут пешком Москва , ЮВАО , р-н Лефортово , м. Серп и Молот , Таможенный проезд , 12 50 000 ₽/мес. От года, комм. платежи включены (без счётчиков), комиссия 50%, залог 50 000 ₽ Сдается с 03.02 на длительный срок уютная студия с косметическим ремонтом и всей необходимой мебелью и техникой в 8 минутах пешком от м. Площадь Ильича или Римская или в 6 минутах пешком от станции МЦД Серп и Молот. Угловой диван раскладывается. Можно с небольшими воспитанными животными. Оперативный показ и заселение! Звоните, уважаемые клиенты и коллеги! Риелтор Юрий Старшинов Суперагент +7 994 785-89-... Написать два дня назад 2 май, 15:20",,https://www.cian.ru/cat.php?deal_type=rent&district%5B0%5D=8&engine_version=2&offer_type=flat&room9=1&type=4&p=2,2026-05-05T08:11:17+00:00
323,307056019,ЮВАО,https://www.cian.ru/rent/flat/307056019/?context=4.xNifoBAQYpY.h1GZBmFjyFJkXX0TquLVrCf6MoZZcmfiIxK2qbAaeloHBX4uM5XxyxSH0XkA5KUDCLsf-R2Hv3-C7w&mlSearchSessionGuid=e8ae6aff62d039c0c42d1cc05c91a511,1/22,50000,23.0,6,16,,"1/22 Студия, 23 м², 6/16 этаж Только на Циан Нижегородская 3 минуты пешком Москва , ЮВАО , р-н Нижегородский , м. Нижегородская , Рязанский проспект , 5 50 000 ₽/мес. От года, комм. платежи включены (без счётчиков), комиссия 60%, залог 55 000 ₽ Квартира студия , светлая, уютная! Все есть для комфортного проживания!установлена новая кровать с новым ортопедическим матрасом. Сделана косметика квартиры. Отличное месторасположение дома, рядом МЦК, МЦД и метро Нижегородская. Сеть маркетинговых магазинов Ашан, Леруа Мерлен,т/ц Ашан город . рассматриваем до двух человек. Агентство недвижимости ГОРОД НЕДВИЖИМОСТИ +7 985 421-06-... Написать неделю назад 26 апр, 14:59",,https://www.cian.ru/cat.php?deal_type=rent&district%5B0%5D=8&engine_version=2&offer_type=flat&room9=1&type=4&p=3,2026-05-05T08:11:17+00:00
328,328145829,ЮВАО,https://www.cian.ru/rent/flat/328145829/?context=4.rQLQTRISmks.TLL4daiGU-51rBtLVuXqHuKiLorIAUxu83Dc4jTkqokdA3GlQWOwlgcsOcij8flyguqq0ls9OqMoBw&mlSearchSessionGuid=e8ae6aff62d039c0c42d1cc05c91a511,1/22,50000,22.0,8,23,,"1/22 Студия, 22 м², 8/23 этаж Только на Циан Новохохловская 14 минут пешком Москва , ЮВАО , р-н Текстильщики , м. Новохохловская , 1-й Грайвороновский проезд , 13к2 50 000 ₽/мес. От года, комм. платежи включены (без счётчиков), комиссия 50%, залог 50 000 ₽ Уютная студия, общей площадью 22 кв.м.Для комфортного проживания есть вся необходимая мебель и бытовая техника. Санузел совмещенный, душевая кабина. Вместительный шкаф. Хорошо развитая инфраструктура. Агентство недвижимости Триумф Суперагент +7 968 237-87-... Написать пять дней назад 29 апр, 20:11",,https://www.cian.ru/cat.php?deal_type=rent&district%5B0%5D=8&engine_version=2&offer_type=flat&room9=1&type=4&p=3,2026-05-05T08:11:17+00:00
333,327015464,ЮВАО,https://www.cian.ru/rent/flat/327015464/?context=4.9ujr5usIYBA.-LGKqyWNnjNLWkyF4Z8gp9kePtwWeQDRlAPP4jSTLuQgoonLF9mXu9yDgUOLLXdlHLQPwFaOK62mqw&mlSearchSessionGuid=e8ae6aff62d039c0c42d1cc05c91a511,1/10,50000,25.0,1,8,,"1/10 Студия, 25 м², 1/8 этаж Только на Циан Нижегородская 7 минут пешком Москва , ЮВАО , р-н Нижегородский , м. Нижегородская , Рязанский проспект , 2/1к2В 50 000 ₽/мес. От года, комм. платежи включены (без счётчиков), комиссия 20%, залог 50 000 ₽ Предлагается в аренду на длительный срок современная и уютная студия в ""шаге"" от станции ""Нижегородская"" - большого транспортно-пересадочного узла, который включает в себя БКЛ, МЦК и МЦД-4!!! Студия расположена на высоком первом этаже. Укомплектована необходимой НОВОЙ мебелью и бытовой техникой для комфортного проживания. Окно выходит в закрытый уютный дворик. Ищем порядочных и чистоплотных жильцов, строго без животных. Отдельно оплачиваются коммунальные услуги по счетчикам (электричество, водоснабжение) и интернет. Залог в размере 50 000 руб. возможно разбить на два месяца (два платежа). Жилой комплекс Sreda идеальный выбор для жизни. Закрытая охраняемая территория, подземный паркинг, благоустроенный зеленый двор. Расположен рядом с метро и центром Москвы. Транспортная доступность: в 5 минутах езды на автомобиле проходит ТТК, за 10 минут можно доехать до Садового кольца. Звоните! Приходите на просмотр! Выбирайте наш вариант! Риелтор Ольга Шарыкина Суперагент +7 915 068-87-... Написать вчера вчера, 22:49",,https://www.cian.ru/cat.php?deal_type=rent&district%5B0%5D=8&engine_version=2&offer_type=flat&room9=1&type=4&p=3,2026-05-05T08:11:17+00:00
290,329615406,ЮВАО,https://www.cian.ru/rent/flat/329615406/?context=4.xfPuMHx0I7I.Fr8i68g8IRasbzbP7ZOHaa0G0voPglKuQJEpquP2OrXwyAplIbXKm7CzuCmwIoQUNsLQi4XsXmCSVg&mlSearchSessionGuid=12c4537b42f8e325b5074af52305cde9,1/50,52222,19.5,12,33,,"1/50 Студия, 19,5 м², 12/33 этаж Перерва 12 минут пешком Москва , ЮВАО , р-н Люблино , м. Перерва , Иловайская улица , 4 52 222 ₽/мес. От года, комм. платежи включены (без счётчиков), комиссия 50%, залог 52 222 ₽ Сдаётся уютная студия с евроремонтом, на 12 этаже, что добавляет пространства и света. Окна выходят во двор, прекрасный вид из окна на спортивную и детскую площадку с прекрасным ландшафтном дизайном, двор без машин. Квартира полностью меблирована: есть всё необходимое как на кухне, так и в комнате. Много приятных мелочей. Техника также в полном комплекте: кондиционер, холодильник, телевизор , стиральная машина, вытяжка, чайник и кофеварка. Санузел совмещённый, оснащён современной душевой кабиной. Недалеко от дома: - Парк имени Артёма Боровика; - Братиславский лесопарк. - ТЦ Люблю Молл; - Парк 850-летия Москвы; - Лес жары; - Парк Героев Отечественной войны 1812 года. В пешей доступности - школа, продуктовые супермаркеты, аптеки, фитнес-клуб, кафе. До метро МЦД Перерва всего 8 минут пешком, поэтому транспортная доступность на высоте. Договор заключается напрямую с собственником. Квартира идеально подойдёт для одного человека или пары. Звоните и записывайтесь на просмотр, чтобы убедиться в том, что эта квартира — именно то, что вы искали! Риелтор Татьяна Попова Суперагент +7 981 366-73-... Написать вчера вчера, 19:15",,https://www.cian.ru/cat.php?deal_type=rent&district%5B0%5D=8&engine_version=2&offer_type=flat&room9=1&type=4&p=2,2026-05-05T08:11:17+00:00
299,329117063,ЮВАО,https://www.cian.ru/rent/flat/329117063/?context=4.A4zMyAkw_p4.i-HY8iI0XX7jOoztF-1GHkXE-ab4QERK41KK9wY7rurBMWJZ-LTwtUIS97Oj9lpWNdyG4f3p330s1A&mlSearchSessionGuid=12c4537b42f8e325b5074af52305cde9,1/9,54000,20.4,20,21,,"1/9 Студия, 20,4 м², 20/21 этаж Только на Циан Волгоградский проспект 3 минуты пешком Москва , ЮВАО , р-н Южнопортовый , м. Волгоградский проспект , Новоостаповская улица , 20 54 000 ₽/мес. От года, комм. платежи включены (без счётчиков), комиссия 50%, залог 54 000 ₽ В аренду предлагается СТУДИЯ в ЖК HighWay. В студии выполнен качественный ремонт в современном стиле. Совмещенный санузел оборудован импортной сантехникой (душевая кабина). Кухонный гарнитур с вытяжкой, варочной панелью и посудомоечной машинкой. 2 встроенных шкафа для одежды. Кровать с подъемным механизмом (без матраса). Кондиционер. Двор без машин. До метро 5 минут пешком от подъезда. Временную регистрацию не делают. Не курящих. Длительный срок аренды. Риелтор Антон Смолев Суперагент +7 915 012-09-... Написать 10 часов назад сегодня, 00:31",,https://www.cian.ru/cat.php?deal_type=rent&district%5B0%5D=8&engine_version=2&offer_type=flat&room9=1&type=4&p=2,2026-05-05T08:11:17+00:00
258,329584450,ЮВАО,https://www.cian.ru/rent/flat/329584450/?context=4.AbKrHUju79Q.f8KkG-elL7ElrLwC_tS-yGZ09JZoNz9UI0W4gMSp1o0M-jY45qob0fCUF6_XDvaEzfR_bJX9pmR0ZQ&mlSearchSessionGuid=1568fc929759fed0392110d244f64d46,1/33,55000,17.5,1,3,,"1/33 Апартаменты-студия, 17,5 м², 1/3 этаж Ранний доступ Проверено в Росреестре Текстильщики 13 минут пешком Москва , ЮВАО , р-н Текстильщики , м. Текстильщики , Грайвороновская улица , 4С1 55 000 ₽/мес. На несколько месяцев, комм. платежи включены (без счётчиков), без комиссии, залог 55 000 ₽ Cдаются новыe апаpтaменты ,c дизайнерским peмoнтoм кaчecтвеннoй мeбелью oт CОБСTBЕHНИКА, без кoмиссий и перeплaт в стильной гостинице Wоw. Араrts ОТЕЛЬ. ПРЕИМУЩЕСТВО: 1. Собственный фитнес клуб, для арендатора посещение фитнес клуба - бесплатно , 2. Бесплатная охраняемая стоянка для автомобиля на территории. 3. Стильная кофейня с доступными обедами и ужинами. 4. 20 минут до центра Москвы без пересадок. 5. 12 минут до метро Текстильщики. Площадь по полу 17 м2, вместе со спальней на втором этаже 24м2. Заселение в день показа, договор с собственником . 55 000 + вся коммуналка +счётчики отдельно.( Зима ориентир 9 т р лето 6 т р ) Ничего докупать не нужно. Есть абсолютно всё для жизни Делали все с душой, очень стильно и уютно. Вам будет комфортно жить в данных апартаментах. Рядом развитая инфраструктура, кинотеатр, парки, тц, фитнес клуб, водоем, храм и т.д. 1.Охрана, лифт, датчики дыма.( не курить, сразу выселение) 2. Комфортные спальные места для 4-х гостей - кровать и раскладной диван 3. Функциональная кухня со всем необходимым и микроволновкой, удобная обеденная зона. 4. Стиральная машина 5 кг, электрическая сушка и доп. раздвижная сушилка для белья. 5. Удобная парковка у комплекса. Очень зелёный район. Условия: Долгосрочная аренда только. Договор: предоплата за 1й месяц + залог. ЖКУ + интернет оплачиваются отдельно . Комплектация - на фото, Кондиционер установлен. РАСПОЛОЖЕНИЕ, ТРАНСПОРТНАЯ ДОСТУПНОСТЬ, 20 минут до центра на метро: В 12 минутах от метро ""Текстильщики"", расположен дворец спорта ""Москвич"" с теннисным кортом, тренажерными залами, катком и бассейном. В 150 метрах проходит Люблинская улица, открывающая прямой путь на МКАД и ТТК, за пять минут можно выехать от комплекса на Рязанский и Волгоградский проспекты. Рядом останавливаются автобусы и маршрутные такси, которые едут до Кузьминского парка, станций метро ""Текстильщики"" ""Волжская"" или ""Рязанский проспект"" и железнодорожных платформ ""Текстильщики"" и ""Вешняки"". В 3 минутах ходьбы новый жилой комплекс, на первых этажах которого есть все необходимые магазины, кафе, детские центры. Закрытая внутренняя территория с большой парковкой, зоной отдыха, спортивными снарядами, теннисными столами. Благоустроенный зел",,https://www.cian.ru/cat.php?deal_type=rent&district%5B0%5D=8&engine_version=2&offer_type=flat&room9=1&type=4&p=1,2026-05-05T08:11:17+00:00
260,329605056,ЮВАО,https://www.cian.ru/rent/flat/329605056/?context=4.jG5t98O79TQ.p45yZtgvkZNywL2v2gLGa-H9q00eSh4KAZj8zseDN-gwvCqbJEOPVnGuTEs60pboRAFWlpJ5cgy0cg&mlSearchSessionGuid=1568fc929759fed0392110d244f64d46,1/20,55000,18.0,13,21,,"1/20 Лучший вариант! Апартаменты-студия, 18 м², 13/21 этаж Новохохловская 5 минут на транспорте Москва , ЮВАО , р-н Нижегородский , м. Калитники , Автомобильный проезд , 4к6 55 000 ₽/мес. На несколько месяцев, комм. платежи включены (без счётчиков), комиссия 70%, залог 35 000 ₽ Студия в жилом комплексе бизнескласса. Сдаётся впервые. Квартира с современным ремонтом, укомплектована качественной бытовой техникой и мебелью — готова к заселению. В шаговой доступности магазины, остановки общественного транспорта, кафе, рестораны и фитнесцентры. Рядом — парковая зона с лесом и прудом, подходящая для прогулок и отдыха. Фотографии объекта соответствуют действительности. Для просмотра звоните, или пишите в любое время. Риелтор Рустам Байгильдин Суперагент +7 985 384-74-... Написать 10 часов назад сегодня, 00:45",,https://www.cian.ru/cat.php?deal_type=rent&district%5B0%5D=8&engine_version=2&offer_type=flat&room9=1&type=4&p=1,2026-05-05T08:11:17+00:00
274,328545633,ЮВАО,https://www.cian.ru/rent/flat/328545633/?context=4.354dHDyrsSY.tggtHMT3wo83Fyrb9vtZr9SUYHhJq8oiFMeMkCgB3zZ5EDD40LTf0oZudpmmA-FewR8Du0dL9Lqrig&mlSearchSessionGuid=1568fc929759fed0392110d244f64d46,1/15,55000,26.0,6,25,,"1/15 Студия, 26 м², 6/25 этаж Только на Циан Нижегородская 11 минут пешком Москва , ЮВАО , р-н Нижегородский , м. Нижегородская , Рязанский проспект , 2/2к1 55 000 ₽/мес. От года, комм. платежи включены (счётчики включены), комиссия 50%, залог 55 000 ₽ Уютная светлая студия в новом ЖК Аквилон Beside. Отличная транспортная доступность, качественный современный ЖК, развитая инфраструктура (много кафе, магазинов, ресторанов на любой вкус). Все абсолютно новое. Комфортно для одного арендатора. Агентство недвижимости SPENСER ESTATE Суперагент +7 985 053-22-... неделю назад 27 апр, 11:10",,https://www.cian.ru/cat.php?deal_type=rent&district%5B0%5D=8&engine_version=2&offer_type=flat&room9=1&type=4&p=1,2026-05-05T08:11:17+00:00
288,304345542,ЮВАО,https://www.cian.ru/rent/flat/304345542/?context=4.n-V4yUlPmHE.J5FBmfO6HmCD4Q3gArzW83OO4r0KAiQZkAoi4VLgnIpjjOYaa2jemCZOUjsCF7b9gfO-zSSFKIccmQ&mlSearchSessionGuid=12c4537b42f8e325b5074af52305cde9,1/36,55000,20.0,22,26,,"1/36 Студия, 20 м², 22/26 этаж Нижегородская 10 минут пешком Москва , ЮВАО , р-н Нижегородский , м. Нижегородская , Перовское шоссе , 2к2 55 000 ₽/мес. От года, комм. платежи включены (без счётчиков), комиссия 60%, залог 55 000 ₽ Перовское шоссе д. 2 корп. 2. Сдам квартира-студия площадью 20м2 с мебелью и техникой в новом доме от ПИК. Этаж - 22; площадь - 20м2. Лифты - 4 шт. В квартире есть всё необходимое для постоянного комфортного проживания. Новая мебель и техника. Ближайшая станция метро Нижегородская. В доме есть Пятерочка, кофейни, аптеки. Коммунальные услуги оплачиваются отдельно. Агентство недвижимости Российское Деловое Агентство Суперагент +7 981 012-32-... Написать 2 недели назад 16 апр, 16:50",,https://www.cian.ru/cat.php?deal_type=rent&district%5B0%5D=8&engine_version=2&offer_type=flat&room9=1&type=4&p=2,2026-05-05T08:11:17+00:00
293,271320940,ЮВАО,https://www.cian.ru/rent/flat/271320940/?context=4.XSuxHjyoI2A.qeZpVw-0iohRQ-rwMKp5sel1jMN70uVzcAYgN_sbQ0WNc-bw4FBZJK-0selmJpZcBpn81muz2Vis_w&mlSearchSessionGuid=12c4537b42f8e325b5074af52305cde9,1/43,55000,18.7,9,10,,"1/43 Апартаменты-студия, 18,7 м², 9/10 этаж Площадь Ильича 12 минут пешком Москва , ЮВАО , р-н Лефортово , м. Серп и Молот , улица Золоторожский Вал , 8 55 000 ₽/мес. От года, комм. платежи включены (без счётчиков), комиссия 70%, залог 55 000 ₽ Студия в доме бизнес-класса ЖК Золоторожский. Ремонт делали под себя, нанимали дизайнера. Минималистичный, практичный стиль хай-тек, с красными акцентами. Максимально грамотно использовано пространство. Продумано все до мелочей, много мест хранения, источники света в каждой зоне, топовая встроенная техника. В кухонной зоне гарнитур, барная стойка, можно ее использовать как рабочую поверхность, стулья. Индукционная плита Electrolux, духовой шкаф с функцией микроволновки. Встроенная посудомойка, полноценный холодильник Gorenje. Минимальный набор посуды. В зоне спальни, двуспальный диван, стенка, светильники для чтения, жк-телевизор, небольшой столик. В санузеле унитаз с инсталляцией, душ-биде, водонагреватель проточный, стиральная машина с сушкой Hotpoint-Ariston на 9 кг., красный полотенцесушитель) В прихожей галошница, зеркало, шкаф для верхней одежды, кондиционер LG. Презентабельная входная группа. В холле можно встречать гостей, приятная зона ожидания, консьерж. Шлагбаум, охраняемая территория, круглосуточное видеонаблюдение. Два лифта. Подземный паркинг. Отличное расположение. В шаговой доступности несколько супермаркетов. До м. Площадь Ильича ~9 минут ходьбы. Рассмотрим: одного человека, пару, семью или другой состав. Можно с детьми. Можно с животными. Есть определённые пожелания по жильцам. Условия: 55.000+счётчики, 55.000 депозит, 38.500 комиссия. Остальные подробности - личными сообщениями или по телефону. Записывайтесь на просмотр, Илья. Риелтор Илья Хмелярский Суперагент +7 992 129-56-... Написать вчера вчера, 17:02",,https://www.cian.ru/cat.php?deal_type=rent&district%5B0%5D=8&engine_version=2&offer_type=flat&room9=1&type=4&p=2,2026-05-05T08:11:17+00:00
302,328544382,ЮВАО,https://www.cian.ru/rent/flat/328544382/?context=4.W0NZ0vNYHcE.B1GKMNNsSQaM9cSbCRbNvLBie197XNkCfk-_yQEFJLnAb075h6eYaoYoB4RfR6EhLyNhVuJ3453TbQ&mlSearchSessionGuid=12c4537b42f8e325b5074af52305cde9,1/11,55000,21.5,11,16,,"1/11 Студия, 21,5 м², 11/16 этаж Авиамоторная 12 минут пешком Москва , ЮВАО , р-н Лефортово , м. Авиамоторная , Красноказарменная улица , 14Ак5 55 000 ₽/мес. От года, комм. платежи включены (без счётчиков), комиссия 60%, залог 55 000 ₽ Сдается отличная , уютная , теплая студия на 11 этаже с прекрасным панорамой. квартире все имеется для комфортного проживания. квартира находится пеший доступности от метро , прекрасном районе . Имеется шикарный двор без машин. оперативный показ и заселение . счетчики и интернет оплачивает наниматель. Риелтор Алия Анашкина Суперагент +7 915 190-89-... Написать два дня назад 2 май, 20:52",,https://www.cian.ru/cat.php?deal_type=rent&district%5B0%5D=8&engine_version=2&offer_type=flat&room9=1&type=4&p=2,2026-05-05T08:11:17+00:00
334,329580681,ЮВАО,https://www.cian.ru/rent/flat/329580681/?context=4.jQUMBPMoCPY.xzfcc9YWnWpFB7GGEjtYT27dy_4klDYT59AtKlUmpi2WsjC6qgGc-djMOpYXav73m3u8UqcrhwGgLA&mlSearchSessionGuid=e8ae6aff62d039c0c42d1cc05c91a511,1/16,55000,13.7,4,4,,"1/16 Апартаменты-студия, 13,7 м², 4/4 этаж Авиамоторная 17 минут пешком Москва , ЮВАО , р-н Нижегородский , м. Авиамоторная , Подъемная улица , 14С25 55 000 ₽/мес. От года, комм. платежи включены (счётчики включены), комиссия 25%, залог 55 000 ₽ Сдается двухуровневая студия после косметического ремонта и клиннинга. Готова к заезду от 11 месяцев. Счетчики включены в стоимость аренды, которая указана в объявлении, залог можно разбить на 2 месяца ! В 12 минутах на транспорте от метро площадь Ильича, в 18ти минутах пешком до авиамоторной, в 10 минутах на транспорте мцд катилники. В студии есть все необходимое для проживания: кровать, холодильник, электрическая плита, духовая печь, микроволновая печка, стиральная машина, посудомоечная машина, кондиционер, телевизор, интернет, душевая кабина с санузлом, отопление. В 5 минутах от дома большое количество продуктовых магазинов, в 8 минутах от дома большой трц Город. Все документы в порядке. Без животных. Риелтор Максим Афонин Суперагент +7 985 274-30-... Написать четыре дня назад 1 май, 08:44",,https://www.cian.ru/cat.php?deal_type=rent&district%5B0%5D=8&engine_version=2&offer_type=flat&room9=1&type=4&p=3,2026-05-05T08:11:17+00:00
277,329447139,ЮВАО,https://www.cian.ru/rent/flat/329447139/?context=4.yHoYxsdYT1k.hs-93ivdg0VvBpvBPXspVrHlJXyfu41t2EVcRGuVAtcQKFseiUV78cmYWpRSxYacp_09HE5hwb9QaA&mlSearchSessionGuid=1568fc929759fed0392110d244f64d46,1/34,58000,19.5,11,33,,"1/34 Студия, 19,5 м², 11/33 этаж Перерва 12 минут пешком Москва , ЮВАО , р-н Люблино , м. Перерва , Иловайская улица , 4 58 000 ₽/мес. От года, комм. платежи включены (без счётчиков), комиссия 50%, без залога Kвapтира cдaeтся впервые! Дoлгоcрочнaя apенда (дoговop нa 11 мecяцев). Предcтавляeм вaшему внимaнию свeтлую и уютную квартиру студию, площадью 19,5 кв.м.в ЖК Люблинский парк. Бытoвая техникa: стиpaльнaя машина, кондиционер, микрoволновaя печь, ваpoчная пaнeль, телевизор, электрический чайник. Eсть всё необходимое для жизни, включая постельное белье и посуду. Транспортная доступность: Рядом метро Перерва - 4 минуты пешком Братиславская, Марьино - 15 минут пешком До автобусной остановки - 5 мин пешком До Ж/Д станции -10 мин пешком В пешей доступности сетевые продуктовые магазины, пекарни, салоны красоты, аптеки, школы и детские сады, поликлиника. Условия проживания по Тарифу Комфортное проживание: - 50% от арендного платежа при заселении; - Раннее бронирование объекта (за 3 дня до заселения); - Персональный менеджер на всех этапах аренды быстро реагирует на запросы - большинство бытовых вопросов решаем за 48 часов; - Страхование гражданской ответственности до 1 млн ₽; - Организация мелкого ремонта. Коммунальные платежи: электроэнергия, хвс\гвс, услуги интернет провайдера, расходы за отопление дома/квартиры оплачивает арендатор. Заселение только при наличии постоянной регистрации РФ. Без животных. Агентство недвижимости СМАРЕНТ Документы проверены +7 985 853-93-... Написать вчера вчера, 13:58",,https://www.cian.ru/cat.php?deal_type=rent&district%5B0%5D=8&engine_version=2&offer_type=flat&room9=1&type=4&p=1,2026-05-05T08:11:17+00:00
298,329600146,ЮВАО,https://www.cian.ru/rent/flat/329600146/?context=4.frNSU9lqg54.XbUoGnJRBdSfKpmj_NjJwzmBQxsHy-j-t0xFmWirzm7ZkwlpnVAYe4Pvp_7KSBQMJHh0zNYEnIB2jg&mlSearchSessionGuid=12c4537b42f8e325b5074af52305cde9,1/19,58000,30.0,23,25,,"1/19 Студия, 30 м², 23/25 этаж Только на Циан Нижегородская 7 минут пешком Москва , ЮВАО , р-н Нижегородский , м. Нижегородская , Рязанский проспект , 2/1к2Д 58 000 ₽/мес. От года, комм. платежи включены (без счётчиков), комиссия 60%, залог 58 000 ₽ ВПЕРВЫЕ сдается квартира в доме ЖК комфорт-класса СРЕДА с качественным ремонтом. В квартире имеется необходимая мебель и техника (холодильник , посудомоечная машина, стиральная машина, духовой шкаф, варочная панель, вытяжка, кондиционер). Развитая инфраструктура. Территория огорожена, дворы без машин, во дворе обустроены прогулочная зона, детские игровые зоны, места отдыха, система охраны и видеонаблюдения. Современный квартал, где есть все для комфортной жизни. Пространство, в котором гармонично сочетались места для прогулок и отдыха в любое время года, площадки для спортивных игр и мероприятий. Квартал удобно расположен вблизи основных транспортных артерий города: 5 минут до ТТК и 7 минут до ТПУ Нижегородская (БКЛ, станция метро, МЦК и электрички). Больше 7 маршрутов автобусов. На скоростном Е70 утром по пробкам 12 мин до метро Таганская. Удобный выезд для авто на Рязанский проспект, ТТК п хорде и 4 км до Садового кольца. Рядом с домом: теннисная академия; школа олимпийского резерва; ТРЦ Город и Леруа Мерлен в шаговой доступности; близость к усадьбе Кусково и Ледовой арене. В 200 метрах от дома большая бесплатная парковка на 100 мест, проблем с паркингом не возникнет. Есть возможность аренды парковочного места и кладовки в подземном паркинге. Агентство недвижимости Большой Город Суперагент +7 913 640-21-... Написать три дня назад 1 май, 16:56",,https://www.cian.ru/cat.php?deal_type=rent&district%5B0%5D=8&engine_version=2&offer_type=flat&room9=1&type=4&p=2,2026-05-05T08:11:17+00:00
305,328729519,ЮВАО,https://www.cian.ru/rent/flat/328729519/?context=4.FET3cldbRGs.9fbV074_Ar34cY0-wYD03Md1nocjT440nuRe-67MwuNSVPd4DAaoNBd2ZEUsgry0_0k-dA3aJ5tYaw&mlSearchSessionGuid=12c4537b42f8e325b5074af52305cde9,1/8,58000,22.0,19,23,,"1/8 Апартаменты-студия, 22 м², 19/23 этаж Только на Циан Волгоградский проспект 3 минуты пешком Москва , ЮВАО , р-н Южнопортовый , м. Волгоградский проспект , Новоостаповская улица , 20 58 000 ₽/мес. От года, комм. платежи включены (без счётчиков), комиссия 60%, залог 30 000 ₽ Современная студия 23 м2! 2 минуты от станции метро Волгоградский проспект или 7 минут от метро Угрешская. 10 минут до Кремля, рядом Третье транспортное кольцо, удобно добираться в любую точку города. Максимально комфортное проживание вам обеспечено. Круглосуточная охрана подъезда и территории. Высота потолков под 2,8 метра. Современный дизайн, и мебель. Новая техника (кондиционер, встроенный холодильник, плита, стиральная машина, телевизор, СВЧ). Большая ванна Индивидуальное отопление с возможностью регулировки каждой батареи. Коммунальные платежи по счетчикам. Популярный Жилой комплекс ЖК ""Хайвей"". Расположен в отличном районе города Москвы с сложившейся инфраструктурой района. Недалеко от комплекса: Крупнейший развлекательный комплекс ""Остров мечты"", Коломенский парк, Современная архитектура и авторская отделка корпусов. Благоустроенная и охраняемая территория. Собственный подземный паркинг, оригинальные современные детские площадки. Квартира сдается ВПЕРВЫЕ. Порядочный и доброжелательный собственник. Желаю Удачи! Риелтор Дмитрий Сыромятников Суперагент +7 986 323-66-... пять дней назад 30 апр, 10:03",,https://www.cian.ru/cat.php?deal_type=rent&district%5B0%5D=8&engine_version=2&offer_type=flat&room9=1&type=4&p=2,2026-05-05T08:11:17+00:00
332,320931113,ЮВАО,https://www.cian.ru/rent/flat/320931113/?context=4.gZEITEv2nkk.4XpNbycIFlj84djvGOjMFXvAiYWyrqn_sMy6Rqmnpqrj-z4Gg3p5RbCP5jLvxIgUDE_W-bMvCkoCWQ&mlSearchSessionGuid=e8ae6aff62d039c0c42d1cc05c91a511,1/12,58000,21.0,11,23,,"1/12 Апартаменты-студия, 21 м², 11/23 этаж Только на Циан Волгоградский проспект 3 минуты пешком Москва , ЮВАО , р-н Южнопортовый , м. Волгоградский проспект , Новоостаповская улица , 20 58 000 ₽/мес. На несколько месяцев, комм. платежи включены (без счётчиков), без комиссии, залог 28 000 ₽ Сдается новая квартира-студия на срок 2 (два) месяца. 2 минуты пешком до метро Волгоградский проспект. 7 минут на метро — и вы в самом сердце Москвы! Потрясающий панорамный вид на город. Новый евроремонт, стильная мебель: двухспальный диван, шкаф, прихожая, кухня, стол, стулья. И вся техника (кондиционер, стиральная машина, холодильник, варочная панель, вытяжка, телевизор). ЖК бизнес-класса: закрытая территория, безопасность. Собственник, агентам не беспокоить. ----- Примечание: у собственника могут быть дополнительные пожелания к жильцам - обсудите их в чате или по телефону Собственник ID 65717593 +7 917 532-71-... Написать пять дней назад 29 апр, 15:33",,https://www.cian.ru/cat.php?deal_type=rent&district%5B0%5D=8&engine_version=2&offer_type=flat&room9=1&type=4&p=3,2026-05-05T08:11:17+00:00
306,329293974,ЮВАО,https://www.cian.ru/rent/flat/329293974/?context=4.rVIBzzs2Zdo.kG5rUv2WOFbmYrv8F-l0bRU5U_EPV3-3xBQ7ho42gaVU5XBpw5SKBkbaNbIq1qeSdGsq8wnwe74K2g&mlSearchSessionGuid=12c4537b42f8e325b5074af52305cde9,1/15,59000,20.0,16,21,,"1/15 Апартаменты-студия, 20 м², 16/21 этаж Калитники 10 минут пешком Москва , ЮВАО , р-н Нижегородский , м. Калитники , Автомобильный проезд , 4к7 59 000 ₽/мес. От года, комм. платежи включены (без счётчиков), комиссия 50%, залог 59 000 ₽ Сдаётся впервые! кровать-трансформер. Видовая! Полностью укомплектованная уютная квартира. Кровать-трансформер с подъемным механизмом. Есть вся техника: посудомоечная машина, кондиционер, духовка, вытяжка, варочная панель, холодильник, микроволновка, стиральная машинка, чайник. Закрытый двор с ландшафтным дизайном, зоной для тренировок и коворкинга. В жилом комплексе есть вся инфраструктура. Требование к жильцам: без животных, не курящие, без детей. срок аренды от 3 месяцев Риелтор Владислава Глебова Суперагент +7 923 072-30-... Написать шесть дней назад 28 апр, 18:16",,https://www.cian.ru/cat.php?deal_type=rent&district%5B0%5D=8&engine_version=2&offer_type=flat&room9=1&type=4&p=2,2026-05-05T08:11:17+00:00
300,326768811,ЮВАО,https://www.cian.ru/rent/flat/326768811/?context=4.lAXCKQhTj6w.SJYYfeZnT4S6eTR1ksn3lB6bxnFJHyIe7j-yFWo6u38Ac89tUxzzTutzLxQIUK9_tag7BRDRKIZOfA&mlSearchSessionGuid=12c4537b42f8e325b5074af52305cde9,1/23,59990,11.0,4,21,,"1/23 Апартаменты-студия, 11 м², 4/21 этаж Только на Циан Калитники 10 минут пешком Москва , ЮВАО , р-н Нижегородский , м. Калитники , Автомобильный проезд , 4 59 990 ₽/мес. На несколько месяцев, комм. платежи включены (счётчики включены), без комиссии, залог 10 000 ₽ КЛИНИНГ ВКЛЮЧЕН В СТОИМОСТЬ. СРЕДНЕСРОЧНАЯ АРЕНДА на 1-6-12 мес. ЖК Nice Loft | Студия с кондиционером рядом с метро | Постельное белье и полотенца | Кондиционер | Двуспальная кровать | Smart TV | Высокоскоростной Wi-Fi | Полный пакет отчетных документов с чеками | Высокий Рейтинг | _ _ _ Дизайнерская Студия в ЖК Nice Loft. Чистая, уютная и новая студия, откуда не хочется уезжать. Интерьер продуман до мелочей. Заходи и Живи! Метро Калитники D2 (10 минут пешком) В квартире есть все необходимое для проживания 2-х человек: — двуспальная кровать; — кондиционер; — Wi-Fi, Smart-TV; — гладильная доска, утюг, сушилка; — постельное белье, комплект полотенец. Кухня: — плита, вытяжка, микроволновая печь, холодильник, чайник; — набор посуды и вся необходимая утварь; — чай, кофе, соль, сахар. Ванная комната: — душевая, фен; — стиральная машина, сушильная машина (в прихожей); — косметические принадлежности (шампунь, гель для душа, мыло). _ _ _ Инфраструктура: — метро Калитники D2 (10 минут пешком); — Калитниковский пруд (7 минут пешком); — Московский кёрлинг-клуб (15 минут пешком) — Международный университет психолого-педагогических инноваций (15 минут пешком); — Первый Московский кадетский корпус, Таганская кадетская школа (15 минут пешком); — Высшая школа телевидения Останкино (3 минут на авто); — Московский дайвинг (5 минут на авто); — квесты ""Клаустрофобия"" и ""Quest Stars"" (7 минут на авто); — Московский финансово-юридический университет (10 минут на авто); — Театр на Мельникова (10 минут на авто); — Товарищество артистов МХАТ (10 минут на авто); — завод ЦНИИТМАШ (12 минут на авто); — спортивный комплекс ""Центральный"" (13 минут на авто) _ _ _ Правила проживания: — от 18 лет при наличии паспорта; — проживание с детьми разрешено; — курение и шумные мероприятия в квартире не допускаются; При бронировании вносится предоплата за 1 месяц проживания 55 000 рублей Залог - 10 000 рублей. Коммунальные услуги не включены в стоимость - 5000 руб. Будем рады встретить Вас у нас в гостях! Забронируйте прямо сейчас! Ждем наших дорогих гостей! Агентство недвижимости ФУЛЛ ХАУС Суперагент +7 933 938-47-... Написать 2 недели назад 21 апр, 10:26",,https://www.cian.ru/cat.php?deal_type=rent&district%5B0%5D=8&engine_version=2&offer_type=flat&room9=1&type=4&p=2,2026-05-05T08:11:17+00:00
263,329429937,ЮВАО,https://www.cian.ru/rent/flat/329429937/?context=4.t6mvLHSD8JI.6CuAuAKyN9RIDeg27lhsQyAT-Yq36UWmrQ02H-EfK5uuXFv-4jcdZa6OKAcGw_fi13-gScdIxTEhGw&mlSearchSessionGuid=1568fc929759fed0392110d244f64d46,1/35,60000,24.2,16,30,,"1/35 Лучшая студия в ЖК Апартаменты-студия, 24,2 м², 16/30 этаж Волгоградский проспект 12 минут пешком Москва , ЮВАО , р-н Южнопортовый , м. Угрешская , Волгоградский проспект , 32/5к2 60 000 ₽/мес. От года, комм. платежи включены (без счётчиков), комиссия 50%, залог 80 000 ₽ Предлагаем в аренду стильные апартаменты-студию в Москве ЖК Метрополия по адресу: Волгоградский проспект, 32к2. Общая площадь — 24,2 кв. м, апартаменты расположены на 16 этаже 17-этажного дома, с высотой потолков 3 метра. Всего в двух минутах пешком от станции метро ""Волгоградский проспект"", что позволяет быстро добраться до любого района города. Апартаменты с дизайнерским ремонтом, что создает атмосферу уюта и комфорта. В комнате и на кухне есть вся необходимая мебель, а современная техника — кондиционер, холодильник, посудомоечная машина, телевизор и стиральная машина — обеспечат удобство проживания. Санузел совмещенный, оборудован душевой кабиной. Дом в отличном состоянии, с подземной парковкой, поэтому можно не беспокоиться о месте для автомобиля. В доме работают три пассажирских и три грузовых лифта, поэтому вам не придется ждать. Есть мусоропровод и подключен интернет, а значит, все необходимое для комфортного проживания под рукой. В шаговой доступности от дома находятся школы, детские сады, клиники и магазины, поэтому все важные объекты инфраструктуры у вас под боком. Отличное транспортное сообщение позволяет быстро добраться до центра города и других районов. Аренда без комиссии, при заключении договора потребуется залог. Апартаменты готовы к заселению, и мы ждем ваших звонков для записи на просмотр. Не упустите возможность арендовать стильные апартаменты в одном из самых удобных районов Москвы! Агентство недвижимости BE FREE Суперагент +7 939 015-11-... Написать 3 часа назад сегодня, 08:10",,https://www.cian.ru/cat.php?deal_type=rent&district%5B0%5D=8&engine_version=2&offer_type=flat&room9=1&type=4&p=1,2026-05-05T08:11:17+00:00
268,329453443,ЮВАО,https://www.cian.ru/rent/flat/329453443/?context=4.aAZJi9kXyAQ.NhaKMNC_x67ekNzRdBGVlR-K81PM6VJbnozD9-HatVXuG44T-MW5quVyaKfsyVgwWp2Ci2E9P-Wmew&mlSearchSessionGuid=1568fc929759fed0392110d244f64d46,1/10,60000,23.0,7,23,,"1/10 Студия в двух шагах от метро. Студия, 23 м², 7/23 этаж Только на Циан Стахановская 1 минута пешком Москва , ЮВАО , р-н Рязанский , м. Стахановская , 2-й Грайвороновский проезд , 44к3 60 000 ₽/мес. От года, комм. платежи включены (без счётчиков), без комиссии, залог 60 000 ₽ Сдается в аренду на длительный срок! БЕЗ КОМИССИИ! От собственника! НОВАЯ светлая квартира-студия 23 м2 с мебелью и техникой в двух шагах от метро Стахановская в ЖК Кварталы 21/19. Закрытый двор с детской площадкой, развитая инфраструктура. В пешей доступности продуктовые магазины, кафе. В квартире есть все необходимое: кухня с духовым шкафом, варочной панелью и вытяжкой, холодильник. Двуспальная кровать. Просторный санузел с душевой кабиной. В ванной комнате установлена стиральная машина. Квартира оснащена кондиционером. Окна выходят во двор. Wi-Fi В аренду включена оплата коммунальных услуг (без счетчиков) вода+электричество оплачиваются отдельно. ДЕПОЗИТ за последний месяц 100%/ Просьба к риелторам, не беспокоиться. Собственник ID 16169840 Документы проверены +7 985 577-79-... Написать вчера вчера, 19:40",,https://www.cian.ru/cat.php?deal_type=rent&district%5B0%5D=8&engine_version=2&offer_type=flat&room9=1&type=4&p=1,2026-05-05T08:11:17+00:00
304,329563994,ЮВАО,https://www.cian.ru/rent/flat/329563994/?context=4.KTwVg3zw6Es.Rkvh-O_SOC3HXfnrr_sh_MQlM88xmrloq8NxYCzOcD9CmIWgaY_Qx233ZST966OkeHs4S_3B7PYcAg&mlSearchSessionGuid=12c4537b42f8e325b5074af52305cde9,1/9,60000,17.0,3,5,,"1/9 Студия, 17 м², 3/5 этаж Текстильщики 12 минут пешком Москва , ЮВАО , р-н Текстильщики , м. Текстильщики , улица Артюхиной , 6К2 60 000 ₽/мес. На несколько месяцев, комм. платежи включены (без счётчиков), комиссия 35%, залог 60 000 ₽ Сдается студия в скандинавском стиле в доме с охраняемой территорией. 10 минута пешком от станции МЦД-2 и 13 минут пешком до метро Текстильщики. Интерьер и планировка: Светлые пастельные оттенки визуально увеличивают пространство, а минималистичный интерьер позволяет добавить детали на свой вкус. - зона отдыха с удобным диваном и журнальным столиком; - кухня с барной стойкой, которую можно использовать как рабочее место; - вместительный шкаф и два комода для хранения. Есть всё, чтобы заехать сразу: мини-холодильник, электрическая плита, микроволновая печь, стиральная машина, безлимитный Wi-Fi. Что входит в аренду: поддержка персонального менеджера, возможность забронировать квартиру заранее, депозит можно внести частями, помощь по бытовым вопросам и ремонте без доплат, регулярные мероприятия для жильцов (йога, живопись, английский, растяжка). Инфраструктура рядом: В шаговой доступности — ВкусВилл, студия пилатеса MissFit, дворец спорта и культурный центр Москвич, студии красоты и химчистка. Рядом пункты выдачи (Яндекс Маркет, OZON) и кофейни. Вечером можно прогуляться у уютного пруда Садки — всего 5 минут пешком, отличное место для отдыха от городской суеты. Формат аренды: Квартиру сдаём мы - компания Colife Комфорт. Мы не сторонние агенты или риелторы, вы подписываете договор напрямую с нами, а в стоимость уже включен сервис и поддержка 24/7: например, если что-то сломается мы бесплатно и быстро починим. — без посредников и скрытых комиссий; — долгосрочно, договор с компанией, в котором зафиксированы все договорённости; — показы по договорённости, въезд возможен сразу. Если у вас возникли какие-либо вопросы, вы всегда можете написать их нам в чат или позвонить по номеру телефона. Мы с радостью вам ответим. Для собственников: если планируете сдавать свою квартиру, у нас сейчас отличные условия. Свяжитесь с нами. Артикул: 83430 Посмотреть копии объявления от других продавцов Агентство недвижимости Colife Суперагент +7 916 086-72-... Написать вчера вчера, 20:31",,https://www.cian.ru/cat.php?deal_type=rent&district%5B0%5D=8&engine_version=2&offer_type=flat&room9=1&type=4&p=2,2026-05-05T08:11:17+00:00
320,327199828,ЮВАО,https://www.cian.ru/rent/flat/327199828/?context=4.MGC3OOOJ7wE.heIIc6vF9BrQaP3o_5EaDxEg9zmfMHx6-OJjxtMZqUubgXyBP_XsAjzYhvBvXAwcHFDvRFZ-ePNnwQ&mlSearchSessionGuid=e8ae6aff62d039c0c42d1cc05c91a511,1/17,60000,25.0,13,23,,"1/17 Апартаменты-студия, 25 м², 13/23 этаж Только на Циан Волгоградский проспект 3 минуты пешком Москва , ЮВАО , р-н Южнопортовый , м. Волгоградский проспект , Новоостаповская улица , 20 60 000 ₽/мес. От года, комм. платежи включены (без счётчиков), комиссия 50%, залог 60 000 ₽ Сдаётся новая квартира-студия 25 м.кв. Апартаменты расположены в пешей доступности от метро ""Волгоградский проспект"" — 2 минуты пешком. Квартира с отличным ремонтом, полностью меблирована: в комнате и на кухне есть вся необходимая мебель (после ремонта никто не жил). В наличии современная техника: кондиционер, холодильник, телевизор и стиральная машина. В шаговой доступности находятся школы, детские сады, клиники и магазины. Оперативный показ. Риелтор Наталья Балескова Суперагент +7 989 403-12-... Написать пять дней назад 30 апр, 07:18",,https://www.cian.ru/cat.php?deal_type=rent&district%5B0%5D=8&engine_version=2&offer_type=flat&room9=1&type=4&p=3,2026-05-05T08:11:17+00:00
331,329562747,ЮВАО,https://www.cian.ru/rent/flat/329562747/?context=4.d4ulSWt0iN0.gQlrd5urkGrDKDH48DfVorhJhSgzK3E-VTccFVt5fMkEJ2-GvYvvYFoTGytkB9Fro-gzntZCFJf_sQ&mlSearchSessionGuid=e8ae6aff62d039c0c42d1cc05c91a511,1/17,60000,20.0,14,33,,"1/17 Студия, 20 м², 14/33 этаж Марьино 5 минут на транспорте Москва , ЮВАО , р-н Люблино , м. Перерва , Иловайская улица , 2 60 000 ₽/мес. От года, комм. платежи включены (без счётчиков), комиссия 50%, залог 60 000 ₽ Сдается светлая студия в ЖК Люблинский парк. Квартира расположена на 14 этаже нового жилого комплекса, общая площадь — 20 м². Локация отлично подойдет для комфортной городской жизни: в шаговой доступности — кофейни, фитнес-студии, салоны красоты и вся необходимая инфраструктура. Новый современный ЖК с закрытой территорией и благоустроенным двором создает ощущение отдельного комфортного пространства внутри города. Квартира выполнена в современном минималистичном стиле: светлые бежевые оттенки сочетаются с темными и золотыми акцентами, интерьер дополняют стильные элементы декора и картины. Пространство продумано для отдыха и работы: есть удобный диван, кофейный столик и телевизор, а также отдельная рабочая зона. Для хранения предусмотрены вместительные шкафы и комод. Кухня компактная и функциональная, с обеденной зоной и современной техникой. Ванная комната светлая и аккуратная: установлен тропический душ и зеркало с подсветкой. Квартира полностью готова к заселению — можно заехать в день просмотра. В наличии вся необходимая техника: холодильник, стиральная и посудомоечная машины, индукционная плита с вытяжкой, микроволновая печь и телевизор. Подключен безлимитный Wi-Fi. Транспортная доступность: метро Марьино — около 20 минут пешком, МЦД-2 Перерва — 14 минут пешком. На территории ЖК находятся закрытый двор без машин, детская площадка, подземный паркинг, продуктовые магазины, аптека, фермерская лавка и пункты выдачи заказов (Ozon, WB). Рядом расположены детский сад, поликлиника, медицинский центр и стоматология. Район отлично подходит для активной и комфортной жизни: рядом кофейня Surf для завтраков и работы, пекарни, кафе, студии йоги и фитнес-клубы. В пешей доступности находятся ТЦ Люблю Молл с Ашаном и развлекательным центром Небо, а также ТРЦ Бум с кинотеатром и фитнес-клубом. В свободное время можно отправиться в парк имени 850-летия Москвы — с ухоженной набережной, велодорожками и прогулочными зонами вдоль воды. Что входит в аренду: — поддержка персонального менеджера, — возможность забронировать квартиру заранее, — депозит можно внести частями, — помощь по бытовым вопросам и ремонту без доплат, — регулярные мероприятия для жильцов (йога, живопись, английский, растяжка). Формат аренды: Квартиру сдаём мы - компания Colife Комфорт. Мы не сто",,https://www.cian.ru/cat.php?deal_type=rent&district%5B0%5D=8&engine_version=2&offer_type=flat&room9=1&type=4&p=3,2026-05-05T08:11:17+00:00
336,328975729,ЮВАО,https://www.cian.ru/rent/flat/328975729/?context=4.tJGozUsBRdY.1p_YTt4g-PspH3U9ZmPGKICsxOdgOwN4rxvcZCti4t1wtm7nocHgHctKil_81e-xDn0bEa9X_wIe2Q&mlSearchSessionGuid=e8ae6aff62d039c0c42d1cc05c91a511,1/10,60000,38.0,2,2,,"1/10 Апартаменты-студия, 38 м², 2/2 этаж Только на Циан Текстильщики 13 минут пешком Москва , ЮВАО , р-н Текстильщики , м. Текстильщики , Грайвороновская улица , 4С2 60 000 ₽/мес. От года, комм. платежи включены (без счётчиков), комиссия 60%, залог 60 000 ₽ АПАРТАМЕНТЫ СТУДИЯ — с полноценным вторым уровнем, потолками 6 метров и фитнесом в ЖК Адрес: Грайвороновская улица, 4с2. До метро Текстильщики — 11 минут пешком. Общая площадь с двумя этажами 42 м² => внизу гостиная зона 25м², наверху полноценное спальное место, где можно стоять в полный(!) рост. Потолки 6 метров! Выполнен новый качественный ремонт, вся мебель и техника новые. В апартаментах есть всё необходимое для комфортного проживания: холодильник, телевизор с Алисой, чайник, диван, кровать с новым матрасом, места для хранения. Микроволновая печь приобретена. Красивый вид, охраняемая территория за шлагбаумом, есть собственное парковочное место. СТОИМОСТЬ: 60.000₽ Пишите, договоримся о просмотре! Залог делится, агентская комиссия 60% Риелтор Дария Крылкова Суперагент +7 985 148-24-... Написать 2 недели назад 14 апр, 17:48",,https://www.cian.ru/cat.php?deal_type=rent&district%5B0%5D=8&engine_version=2&offer_type=flat&room9=1&type=4&p=3,2026-05-05T08:11:17+00:00
296,329016274,ЮВАО,https://www.cian.ru/rent/flat/329016274/?context=4.wJ8isCru2aU.Cx2pahYAu99f6ruW7kN_qcBHKHN1JXPSfqZtfMiNNvk3Xjyvqd5T3oXdQP55sbwRy1qgKEQ72I5LtA&mlSearchSessionGuid=12c4537b42f8e325b5074af52305cde9,1/9,62000,25.0,8,23,,"1/9 Апартаменты-студия, 25 м², 8/23 этаж Волгоградский проспект 3 минуты пешком Москва , ЮВАО , р-н Южнопортовый , м. Волгоградский проспект , Новоостаповская улица , 20 62 000 ₽/мес. От года, комм. платежи включены (без счётчиков), комиссия 50%, залог 66 000 ₽ Предлагается в аренду прекрасная студия в ЖК HighWay. В наличии вся необходимая для комфортного проживания мебель и техника. Просторная кухня-гостиная. Район с развитой инфраструктурой. Просмотры по договорённости. О КВАРТИРЕ: - Квартира полностью укомплектована всем необходимым для комфортного проживания: телевизор, сверхскоростной интернет, посудомоечная машина, стиральная машина, кондиционер, микроволновка, духовой шкаф, варочная панель! - Просторная кухня-гостиная. - Планировка квартиры позволяет комфортно использовать пространство и добавить свои элементы декора или мебели. Транспорт: - Удобная транспортная развязка, в пешей доступности метро - ""Волгоградский проспект""! А так же в транспортной доступности стация ""Угрешская"" и ""Дубровка""! - Удобный выезд на ТТК, Волгоградский проспект, Остаповский проезд и МСД! Парковка: Подземный паркинг. Безопасный двор. Есть охрана. Хороший и адекватный собственник! Оперативный показ! Звоните, с удовольствием отвечу на ваши вопросы! Агентство недвижимости PREMIUM CITY Суперагент +7 917 589-00-... Написать три дня назад 1 май, 15:23",,https://www.cian.ru/cat.php?deal_type=rent&district%5B0%5D=8&engine_version=2&offer_type=flat&room9=1&type=4&p=2,2026-05-05T08:11:17+00:00
327,329128719,ЮВАО,https://www.cian.ru/rent/flat/329128719/?context=4.C8eAU5UXNQo.VLJxZ8wVWg08psX-9vBd0kssDS7kobN2ekGyDWPaZv1cNWkPdIPIHSEPCPfPDP7USpLBU-aZugDNxQ&mlSearchSessionGuid=e8ae6aff62d039c0c42d1cc05c91a511,1/17,63000,26.2,16,23,,"1/17 Апартаменты-студия, 26,2 м², 16/23 этаж Волгоградский проспект 3 минуты пешком Москва , ЮВАО , р-н Южнопортовый , м. Волгоградский проспект , Новоостаповская улица , 20 63 000 ₽/мес. От года, комм. платежи включены (без счётчиков), комиссия 50%, залог 63 000 ₽ Вашему вниманию предлагается ДИЗАЙНЕРСКАЯ СТУДИЯ в ЖК HighWay в 3 МИНУТАХ от метро Волгоградский проспект. Предлагаю сразу ознакомиться с ВИДЕО и записываться на показ. Квартира оборудована необходимой техникой и мебелью для комфортного проживания: Заезжай и живи! Наполнение продумано собственником до МЕЛОЧЕЙ! Полностью меблированная квартира! Кухня оборудована техникой, а именно: варочная панель, вытяжка, духовой шкаф, СВЧ, посудомоечная машина, чайник, вместительный холодильник. Имеется двуспальная кровать и раскладной диван. Много места для хранения ваших вещей. Совмещенный санузел со стиральной и сушильной машинами. Очень приятный и отзывчивый собственник. Развитая инфраструктура: супермаркет, аптека, ПВ3, кафе, рестораны и торговые центры в шаговой доступности от дома. УДОБНАЯ транспортная доступность: 3 минуты пешком до метро Волгоградский проспект. Рассмотрим семейную пару или одного проживающего. Без детей. Без животных. Если будут вопросы, обращайтесь по телефону или в чате. С уважением, Ольга Риелтор Ольга Мешкова Суперагент +7 916 532-83-... Написать три дня назад 2 май, 11:09",,https://www.cian.ru/cat.php?deal_type=rent&district%5B0%5D=8&engine_version=2&offer_type=flat&room9=1&type=4&p=3,2026-05-05T08:11:17+00:00
257,326967848,ЮВАО,https://www.cian.ru/rent/flat/326967848/?context=4.nqlcH-T3BeQ.J-lKWQXVKk_xr5mdl9Nye7IB_MOhsW_1NYrRYgwx0_HzJoA5bcZ6SRev1A0NkVFXcoXBu2teYSB-RQ&mlSearchSessionGuid=1568fc929759fed0392110d244f64d46,1/7 Ещё фото,65000,30.0,3,24,,"1/7 Ещё фото Квартира без комиссии Апартаменты-студия, 30 м², 3/24 этаж Ранний доступ Только на Циан Онлайн-договор Авиамоторная 16 минут пешком Москва , ЮВАО , р-н Лефортово , м. Авиамоторная , улица Крузенштерна , 7 65 000 ₽/мес. От года, комм. платежи включены (без счётчиков), без комиссии, залог 10 000 ₽ Я собственник! ТОРГА НЕТ! Извиняюсь за не обработанные фото Риелторы не тратьте моё время. Сдаётся уютная студия в новом доме, построенном в 2025 году. Общая площадь - 27 кв. м, жилая - 20 кв. м, кухня занимает 3 кв. м. Апартаменты расположены на 3 этаже 24-этажного здания. Высокие потолки 2.7 метра добавляют простора. До станции метро ""Авиамоторная"" всего 16 минут пешком. Квартира выполнена с дизайнерским ремонтом, что создаёт стильную и комфортную обстановку. В студии есть вся необходимая мебель как на кухне, так и в комнате. Для вашего удобства установлены кондиционер, холодильник, телевизор и стиральная машина. Санузел совмещён, оборудован современной душевой кабиной. Дом предлагает подземную парковку, поэтому можно не беспокоиться о месте для автомобиля. В здании функционируют как пассажирский, так и грузовой лифты, поэтому можно легко передвигать крупные вещи. Также есть мусоропровод, что добавляет удобства в быту. Интернет-связь доступна, что особенно важно для работы или учёбы. Рядом с домом находятся школы, детские сады, клиники и магазины, что делает район удобным и комфортным для жизни. Условия аренды прозрачные: без комиссии, от собственника. Подходит для одного человека или пары. Коммунальные платежи оплачиваются отдельно. Залоговая сумма составляет оплату за один месяц. Звоните и записывайтесь, чтобы увидеть квартиру вживую и оценить её преимущества. Собственник ID 13296398 Посмотреть все объекты +7 986 323-82-... Написать 30 минут назад сегодня, 10:35",,https://www.cian.ru/cat.php?deal_type=rent&district%5B0%5D=8&engine_version=2&offer_type=flat&room9=1&type=4&p=1,2026-05-05T08:11:17+00:00
271,329648683,ЮВАО,https://www.cian.ru/rent/flat/329648683/?context=4.qm-v060iaNM.99jDjrh0QGQzRF3O63py-ioAGaFTzh1QfQLM2jXT2L5lnCxm3664QL14FsckK4zo0al46_DBNy7zUg&mlSearchSessionGuid=1568fc929759fed0392110d244f64d46,1/10,65000,25.0,25,33,,"1/10 Стильная и уютная студия Студия, 25 м², 25/33 этаж Нижегородская 13 минут пешком Москва , ЮВАО , р-н Нижегородский , м. Нижегородская , Перовское шоссе , 2к3 65 000 ₽/мес. От года, комм. платежи включены (без счётчиков), без комиссии, залог 65 000 ₽ Стильная студия с видом на закаты — м. Нижегородская / Москва Уютная студия 25 м² на 25 из 27 этажей — с индустриальным видом и захватывающими закатами. Окна во двор, тихо. 7 минут пешком до метро, МЦК, МЦД, БКЛ — отличная локация для жизни и работы. В квартире: Двуспальная кровать Рабочее место Обеденная зона 2 огромных вместительных шкафа Техника: Индукционная плита, холодильник, стирально-сушильная машина, кондиционер, микроволновка. Уютный двор для прогулок и тренировок: есть зона воркаут и баскетбольная площадка, столы для настольного тенниса В доме есть всё, что нужно для комфортной жизни: ВкусВилл, Пятёрочка, Винлаб Салон красоты SODA, барбершоп BRITVA Пункты выдачи WB, OZON, Яндекс, Авито Аптеки Кофейни, кафе 15 минут пешком до Ашана и Лемана Про Условия: Только на длительный срок 1 жилец, без вредных привычек Без детей, без животных Курение запрещено Залог = 1 месяц Без комиссии Цена: 65 000₽ + коммуналка / без комиссии Квартира готова к Вашему переезду Собственник ID 17538922 Назначить просмотр вчера вчера, 22:37",,https://www.cian.ru/cat.php?deal_type=rent&district%5B0%5D=8&engine_version=2&offer_type=flat&room9=1&type=4&p=1,2026-05-05T08:11:17+00:00
275,329145067,ЮВАО,https://www.cian.ru/rent/flat/329145067/?context=4.ETUPe1U6XUs.q0uYhtbFYwJeHb0Rj5E3ONfkTneqipN6SIauxgAFoahuAXUXjKmZDBfGuOCBzMihnn9Rc6yqOl6quw&mlSearchSessionGuid=1568fc929759fed0392110d244f64d46,1/34,65000,25.0,8,25,,"1/34 Студия, 25 м², 8/25 этаж Нижегородская 12 минут пешком Москва , ЮВАО , р-н Нижегородский , м. Нижегородская , Рязанский проспект , 2/2к2 65 000 ₽/мес. На несколько месяцев, комм. платежи включены (без счётчиков), комиссия 50%, залог 65 000 ₽ НОВАЯ КВАРТИРА-СТУДИЯ С ДОРОГОЙ КОМПЛЕКТАЦИЕЙ! В интерьере использованы материалы из натурального дуба, многие позиции выполнены на заказ. Качественное постельное белье, ортопедические подушки и одеяло бренда moon. Встроенный холодильник, микроволновая печь, духовая печь, плита, стиральная машина. Новый диван moon стоимостью около 200 тысяч. Телевизор с широкой диагональю, интернет подключен. Гладильная доска, пылесос, утюг, кофеварка, чайник, тостер, всё новое. Много шкафов, чтобы все разместить. Диван раскладывается, есть внутри короб. Также есть кондиционер. Аренда от 6 месяцев платежеспособным арендаторам, которые ценят комфорт. Уже готова к показам и заселению.! Уважаемые арендаторы, пожалуйста, расскажите немного о себе в сообщениях или по телефону, чтобы собственник мог подтвердить просмотр. Благодарю за понимание! Анна Кербес Эту квартиру может подойти по запросу квартира в аренду квартира с новым ремонтом квартира у метро квартира с мебель снять квартиру студия для студента студия для одного квартира в новом доме квартира в новом ЖК Агентство недвижимости Avilu Estate by Anna Kerbes Суперагент +7 980 406-13-... Написать вчера вчера, 11:25",,https://www.cian.ru/cat.php?deal_type=rent&district%5B0%5D=8&engine_version=2&offer_type=flat&room9=1&type=4&p=1,2026-05-05T08:11:17+00:00
278,329477829,ЮВАО,https://www.cian.ru/rent/flat/329477829/?context=4.cwQWvpQaNLg.G5xhpzL2MgPaIvsUGHmXVc4BwGLR9gRevTTqXeM57nH09l99IS3TS3b5GhcmqRxy0x1CMIwd3SDc2g&mlSearchSessionGuid=1568fc929759fed0392110d244f64d46,1/30,65000,23.5,30,30,,"1/30 Студия, 23,5 м², 30/30 этаж Волгоградский проспект 9 минут пешком Москва , ЮВАО , р-н Южнопортовый , м. Угрешская , Волгоградский проспект , 32/3к2 65 000 ₽/мес. От года, комм. платежи включены (без счётчиков), комиссия 50%, без залога Дoлгоcрочнaя аpенда (договoр нa 11 меcяцeв). Прeдстaвляем вaшeму внимaнию cвeтлую и уютную cтудию площадью 23,5 кв.м., рacпoложeнную в элитном жилом комплeкce, в самoм сeрдце престижнoгo pайoна. Бытoвая техника: стиpaльнaя мaшина, xoлодильник, вapочнaя пaнель, СBЧ, тeлeвизop, элeктрический чaйник, , кондициoнeр. Еcть всё необходимое для жизни, включая постельное белье и посуду. ЖК Метрополия - городской квартал бизнес-класса на границе Центрального административного округа в Москве. Расположенный на юго-востоке столицы. Закрытая охраняемая территория, видеонаблюдение. Во дворе обустроен зеленый сквер, спортивные и детские площадки, комфортные открытые зоны отдыха. В пешей доступности: магазины, аптеки, кафе и кофейни, торговые центры, фитнес, детский сад и школа. Комплекс обладает отличной транспортной доступностью: до метро Волгоградский проспект - 7 минут пешком. до станции МЦК Угрешская - 5 минут пешком Благодаря прямому выезду с территории на Волгоградский проспект (150 м.) и ТТК (300 м) до любого делового и развлекательного центра столицы можно будет добраться в кратчайшее время. Условия проживания по Тарифу Комфортное проживание: - 50% от арендного платежа при заселении; - Раннее бронирование объекта (за 3 дня до заселения); - Персональный менеджер на всех этапах аренды быстро реагирует на запросы - большинство бытовых вопросов решаем за 48 часов; - Страхование гражданской ответственности до 300 т.р.; - Организация мелкого ремонта. Коммунальные платежи: электроэнергия, хвс\гвс, услуги интернет провайдера, расходы за отопление дома/квартиры оплачивает арендатор. Заселение только при наличии постоянной регистрации. Без животных. Агентство недвижимости СМАРЕНТ Документы проверены +7 985 853-93-... Написать шесть дней назад 28 апр, 13:51",,https://www.cian.ru/cat.php?deal_type=rent&district%5B0%5D=8&engine_version=2&offer_type=flat&room9=1&type=4&p=1,2026-05-05T08:11:17+00:00
282,328887690,ЮВАО,https://www.cian.ru/rent/flat/328887690/?context=4.YV01ZwkNPXY.qXCbGAWp11chCZzPi46sQusO8r9IyudEi1REpzcz-fOn-ibNHKHHC7UaQNs0nNYnrjC3ZkZtaPtOfg&mlSearchSessionGuid=12c4537b42f8e325b5074af52305cde9,1/12,65000,23.0,2,3,,"1/12 Апартаменты-студия, 23 м², 2/3 этаж Только на Циан Текстильщики 13 минут пешком Москва , ЮВАО , р-н Текстильщики , м. Текстильщики , Грайвороновская улица , 4С1 65 000 ₽/мес. На несколько месяцев, комм. платежи включены (счётчики включены), без комиссии, залог 10 000 ₽ Студия с современным ремонтом и стильным интерьером. В студии предусмотрено четыре спальных места, что делает её идеальной для семейного отдыха. Курение запрещено, но можно с детьми. В студии есть всё необходимое для комфортного проживания: холодильник, стиральная машина, телевизор с Wi-Fi. Из окон открывается вид во двор, создавая тихую атмосферу. Для удобства гостей предусмотрена бесплатная парковка. Кухня оборудована современной техникой, включая микроволновую печь и плиту. В ванной комнате установлена душевая кабина и современная сантехника. В наличии постельное бельё и средства гигиены по умолчанию на две персоны, дети до 4 лет размещаются бесплатно, но без доп постельного белья. При изменении количества персон сумма изменится и студию укомплектуют необходимым. Бесконтактное заселение обеспечивает дополнительную безопасность и удобство. В студии есть: Полотенца, Тапочки, Зубная щетка и паста, Шампунь, Гель для душа, Посуда для приготовления пищи. Находимся в 10 минутах ходьбы от станции метро Текстильщики. 11 км до Красной площади. Мы открыты к любым пожеланиям наших гостей относительно улучшения сервиса и готовы оперативно реагировать на любые запросы Риелтор Сергей Самаров Суперагент +7 917 513-18-... Написать 3 недели назад 12 апр, 12:40",,https://www.cian.ru/cat.php?deal_type=rent&district%5B0%5D=8&engine_version=2&offer_type=flat&room9=1&type=4&p=2,2026-05-05T08:11:17+00:00
315,325449392,ЮВАО,https://www.cian.ru/rent/flat/325449392/?context=4.C2XyzoVpAnw.mZufMUrZ2Ec1Tgp1aMHVS5r-pZmo-d1IfnDk2czzqB9uZiGwBY7sGdQ9mbMWvjsyxuFHDOdJl4Olqw&mlSearchSessionGuid=e8ae6aff62d039c0c42d1cc05c91a511,1/25,65000,25.0,21,21,,"1/25 Апартаменты-студия, 25 м², 21/21 этаж Только на Циан Волгоградский проспект 3 минуты пешком Москва , ЮВАО , р-н Южнопортовый , м. Волгоградский проспект , Новоостаповская улица , 20 65 000 ₽/мес. От года, комм. платежи включены (без счётчиков), комиссия 50%, залог 65 000 ₽ В долгосрочную аренду сдается видовая, уютная студия в новом жилом комплексе Хай Вей, С 19 этажа открывается красивый вид, без ощущения ""окна в окна"". Квартира совершенно новая, первая сдача. Очень просторная, светлая студия ждет своих первых жильцов. Есть все необходимое: Посудомоечная машина, стиральная машина, большой холодильник, вай фай, духовой шкаф. варочная панель, микроволновая печь, чайник, телевизор купим, если потребуется. Много мест для хранения вещей - три больших шкафа, три комода, и доп. место в диване. В ванной комнате установлена ванна. Квартира находится в корпусе, который единственный сдавался практически весь с ремонтами, по этому шума не должно быть. У ЖК закрытая территория, вход по пропускам. Жилой комплекс находится в 2 минутах пешком от метро Волгоградский проспект. И в 10 минутах от МЦК Угрешская. Есть вся необходимая инфраструктура. Приезжайте на просмотр, показ оперативный. Посмотреть копии объявления от других продавцов Агентство недвижимости Холдинг Профи Документы проверены +7 938 655-07-... Написать два дня назад 2 май, 12:16",,https://www.cian.ru/cat.php?deal_type=rent&district%5B0%5D=8&engine_version=2&offer_type=flat&room9=1&type=4&p=3,2026-05-05T08:11:17+00:00
335,329137680,ЮВАО,https://www.cian.ru/rent/flat/329137680/?context=4.2LyC7_puIWQ.6urEzgbG7kgrdimVcOTuKjK4QvYMHP8NWYmYWM2ZE1Xr1Mp0lojbEPKTRePUJvEiTWpaGvBd2eJFsA&mlSearchSessionGuid=e8ae6aff62d039c0c42d1cc05c91a511,1/11,66000,23.0,18,23,,"1/11 Апартаменты-студия, 23 м², 18/23 этаж Волгоградский проспект 3 минуты пешком Москва , ЮВАО , р-н Южнопортовый , м. Волгоградский проспект , Новоостаповская улица , 20 66 000 ₽/мес. От года, комм. платежи включены (без счётчиков), без комиссии, залог 68 000 ₽ Сдаётся впервые отличная студия на прямую от собственника. Выполнен качественный ремонт. Есть все необходимое для комфортной жизни. Удобная транспортная доступность, станция метро в 1 минуте пешком. Закрытая территория, подземный паркинг, развитая инфраструктура района, много магазинов и кафе. АГЕНТАМ ПРОСЬБА НЕ ЗВОНИТЬ, НЕ ТРАТЬТЕ СВОЕ ВРЕМЯ. Собственник ID 10236892 Документы проверены +7 985 302-54-... Написать три дня назад 1 май, 16:56",,https://www.cian.ru/cat.php?deal_type=rent&district%5B0%5D=8&engine_version=2&offer_type=flat&room9=1&type=4&p=3,2026-05-05T08:11:17+00:00
269,328665556,ЮВАО,https://www.cian.ru/rent/flat/328665556/?context=4.ILa_15e4WOE.3ZipqUr3pu3SByyZ6ZV6zM61G3u0KSqnXFq8Bpf4F6QM8t4MCJujehoCcyYfAYMIQWmI-bLegAnRvw&mlSearchSessionGuid=1568fc929759fed0392110d244f64d46,1/10,67000,26.7,6,10,,"1/10 Аренда от собственника Апартаменты-студия, 26,7 м², 6/10 этаж Серп и Молот 9 минут пешком Москва , ЮВАО , р-н Лефортово , м. Серп и Молот , улица Золоторожский Вал , 8 67 000 ₽/мес. От года, комм. платежи включены (без счётчиков), без комиссии, залог 67 000 ₽ От собственника сдается уютная студия в современном доме внутри ТТК, бизнес класса Золоторожский на ул. Золоторожский Вал, в Москве. Общая площадь составляет 27 кв.м, что обеспечивает комфортное проживание одному человеку. Студия расположена на 6-м этаже 10- этажного дома построенного в 2018 году, с высотой потолков 2,7 метра. До станции метро ""Площадь Ильича"", Римская, МЦД-2, МЦД-3, всего 7 минут пешком — отличная транспортная доступность. В студии выполнен качественный ремонт, установлена дорогая сантехника, современная мебель и техника: кондиционер, холодильник, микроволновая печь, стиральная машина, телевизор. В ванной комнате есть душевая кабина, что добавляет комфорта в повседневную жизнь. Дом находится в отличном состоянии, охраняемая территория, видеонаблюдение и круглосуточный консьерж сервис, в подъезде работают грузовой и пассажирский лифты ThyssenKrupp, поэтому можно легко перемещаться даже с крупногабаритными предметами. Вокруг дома обустроена территория, есть возможность бесплатной парковки внутри придомовой территории. Район предлагает множество удобств: рядом расположены ВУЗы, школы, детские сады, клиники и магазины, парки, набережная реки Яуза. Вся необходимая инфраструктура в шаговой доступности, поэтому можно с легкостью решать повседневные задачи. Условия аренды: договор заключается напрямую с собственником, без комиссии агента. Предусмотрен залог. Отдельно оплачивается квитанция по счетчикам и интернет. Записывайтесь на просмотр, чтобы увидеть все преимущества помещения своими глазами. Мы с радостью ответим на все ваши вопросы и организуем удобное время для встречи! Собственник ID 71166351 +7 985 827-32-... Написать вчера вчера, 18:10",,https://www.cian.ru/cat.php?deal_type=rent&district%5B0%5D=8&engine_version=2&offer_type=flat&room9=1&type=4&p=1,2026-05-05T08:11:17+00:00
321,328908588,ЮВАО,https://www.cian.ru/rent/flat/328908588/?context=4.ubfNoq441X8.lAJVxy-zkKatsvwiWtT_kpBhj5So4pmLM4WdBCuosnvtsL8fcEEjPqQ5fZZog6qI55qNK85rSYfE5w&mlSearchSessionGuid=e8ae6aff62d039c0c42d1cc05c91a511,1/27,68000,25.0,6,30,,"1/27 Студия, 25 м², 6/30 этаж Только на Циан Угрешская 5 минут пешком Москва , ЮВАО , р-н Южнопортовый , м. Угрешская , Волгоградский проспект , 32/5к2 68 000 ₽/мес. От года, комм. платежи включены (без счётчиков), комиссия 50%, залог 68 000 ₽ Стильная студия с отдельной спальней | Панорамное окно | 5 мин до МЦК Угрешская Если ты ищешь не просто квартиру, а пространство, в которое хочется возвращаться — ты его нашёл. ЖК Метрополия, корпус Афины Главное преимущество — грамотное зонирование: это не студия всё в одном, а полноценный формат: — отдельная зона спальни — кухня-гостиная для жизни и отдыха 25 м², которые ощущаются как больше за счёт: — панорамного окна (много света) — высоких потолков — продуманной планировки Полностью готова к жизни: — кухня с техникой (есть посудомоечная машина — редкость в этом сегменте) — стиральная машина — микроволновка — кондиционер — достаточно мест для хранения — ничего не будет на виду Ванная, а не душ — комфорт на уровне, который обычно встречается в более дорогих вариантах Локация, которая экономит время: — 5 минут до МЦК Угрешская — быстрый доступ до Москва-Сити — удобный выезд в центр Про ЖК: — закрытый двор-парк без машин — стильные входные группы — подземный паркинг — атмосфера современного города Кому подойдет: — одному человеку, который ценит комфорт — паре без детей — тем, кто работает в Сити или в центре Почему стоит написать прямо сейчас: такие квартиры с отдельной спальней в этом бюджете появляются редко и уходят быстро Пишите/звоните — покажу оперативно Предпочтительно рассмотрим без животных КУ оплачиваются отдельно по счетчикам Комиссия 50% Риелтор ID 31619852 Документы проверены +7 985 066-58-... Написать неделю назад 27 апр, 09:45",,https://www.cian.ru/cat.php?deal_type=rent&district%5B0%5D=8&engine_version=2&offer_type=flat&room9=1&type=4&p=3,2026-05-05T08:11:17+00:00
266,327217402,ЮВАО,https://www.cian.ru/rent/flat/327217402/?context=4.-V0ozcmL3iI.CVaMVUl9liWJ39o4FeU4ypkJHknr1gjYKyyN7-AeTMlQpxgO5ZwBq0ehb8UsSvC73k0xnECKc47vrw&mlSearchSessionGuid=1568fc929759fed0392110d244f64d46,1/20,69000,23.5,3,21,,"1/20 Возможно снять и на короткий срок Апартаменты-студия, 23,5 м², 3/21 этаж Ранний доступ Волгоградский проспект 3 минуты пешком Москва , ЮВАО , р-н Южнопортовый , м. Волгоградский проспект , Новоостаповская улица , 20 69 000 ₽/мес. От года, комм. платежи включены (без счётчиков), без комиссии, залог 69 000 ₽ Я Собственник. Агентов просьба не беспокоить. Без комиссии. Залог можно разделить на части. 1 минута от метро Волгоградский проспект. Светлая, уютная студия (южная сторона). Всё новое: вся бытовая техника и мебель. Сдаётся впервые. Рассматриваются платежеспособные и чистоплотные арендаторы. Развитый и перспективный район. Собственник ID 15146051 +7 916 673-95-... Написать 2 часа назад сегодня, 09:07",,https://www.cian.ru/cat.php?deal_type=rent&district%5B0%5D=8&engine_version=2&offer_type=flat&room9=1&type=4&p=1,2026-05-05T08:11:17+00:00
280,329009883,ЮВАО,https://www.cian.ru/rent/flat/329009883/?context=4.psY4zKIsLc0.L_A9zSL-BqeQZznhveh-8YgwWOjaVaXDuMva8mtV9Lb8G8m0OfwirPkGmaYOclI7Br16Dfj4BiS0MQ&mlSearchSessionGuid=1568fc929759fed0392110d244f64d46,1/34,70000,30.1,2,4,,"1/34 Студия, 30,1 м², 2/4 этаж Москва-Товарная 8 минут пешком Москва , ЮВАО , р-н Лефортово , м. Москва-Товарная , шоссе Энтузиастов , 3к2 70 000 ₽/мес. От года, комм. платежи включены (без счётчиков), комиссия 50%, без залога Дoлгocрoчная аренда (договoр нa 11 меcяцев). Kвартиpа cдaeтcя впepвые! Представляeм вашему внимaнию студию площадью 30.1 кв.м. pасполoжeнную в ЖК Символ Квартира укомплектована всем необходимым для комфортного проживания: качественная техника и стильная мебель! Бытовая теxника: cтиральнaя мaшина, xoлодильник, варочная панeль, духовой шкаф, пoсудомоечная машина, электрический чайник, утюг, телевизор, кондиционер. Транспортная доступность: Метро Площадь Ильича - 6-10 мин пешком Метро Римская- 6-10 мин пешком - На территории ЖК открыты лицей при МГТУ им. Баумана, детские сады, физкультурно-оздоровительные комплексы, детская и взрослая поликлиники, кафе, супермаркеты, рестораны и многое другое. - Рядом расположены Лефортовский парк и парк Казачьей Славы и набережная реки Яузы. - Напротив квартала находится крупный торгово-развлекательный центр Город. Условия проживания по Тарифу Комфортное проживание: - 50% от арендного платежа при заселении; - Раннее бронирование объекта (за 3 дня до заселения); - Персональный менеджер на всех этапах аренды быстро реагирует на запросы - большинство бытовых вопросов решаем за 48 часов; - Страхование гражданской ответственности до 300 000 ₽; - Организация мелкого ремонта. Коммунальные платежи: электроэнергия, хвс\гвс, услуги интернет-провайдера, расходы за отопление дома/квартиры оплачивает арендатор. Заселение только при наличии постоянной регистрации РФ. Без животных. Агентство недвижимости СМАРЕНТ Документы проверены +7 985 853-93-... Написать вчера вчера, 13:36",,https://www.cian.ru/cat.php?deal_type=rent&district%5B0%5D=8&engine_version=2&offer_type=flat&room9=1&type=4&p=1,2026-05-05T08:11:17+00:00
256,328535349,ЮВАО,https://www.cian.ru/rent/flat/328535349/?context=4.50HzkvW0Z34.Z_nLpV2OMwBhHql2B6rxl66MFpjbEY_ZuA22ZVpe0Uhfc6hKZ57r__Fs-ouQwIgAlMS51LelmBkuUw&mlSearchSessionGuid=1568fc929759fed0392110d244f64d46,1/21 Ещё фото,71000,19.5,18,28,,"1/21 Ещё фото Пешком до метро! Залог 0 Студия, 19,5 м², 18/28 этаж Волгоградский проспект 6 минут пешком Москва , ЮВАО , р-н Южнопортовый , м. Волгоградский проспект , Новоостаповская улица , 7к1 71 000 ₽/мес. От года, комм. платежи включены (без счётчиков), комиссия 60%, без залога Сдаётся светлая квартира-студия с евроремонтом и совмещённым санузлом в ЖК Первый Дубровский, без депозита! Её можно посмотреть когда Вам удобно: бронируете время, забираете ключи и спокойно осматриваете. Если всё понравится, договор подпишем онлайн и будем поддерживать Вас на всех этапах аренды. В квартире: - Проведён интернет; - Холодильник; - Стиральная машина; - Кухонный гарнитур. Полы ламинат и плитка. Окна выходят во двор, есть бесплатная парковка. Собственник готов заселить не более 3 взрослых жильцов с детьми, бесплатно оформить временную регистрацию и заключить договор с юридическим лицом. Можно с небольшим домашним питомцем. Дом находится в районе с развитой инфраструктурой: в пешей доступности продуктовые супермаркеты, фитнес-клубы, кафе и закусочные, аптеки и медицинские учреждения, салоны красоты. До м. Волгоградский проспект 5 минут пешком, до м. Дубровка 12 минут. Агентство недвижимости ПИК-Аренда Документы проверены Посмотреть все объекты +7 917 506-45-... Написать вчера вчера, 17:31",,https://www.cian.ru/cat.php?deal_type=rent&district%5B0%5D=8&engine_version=2&offer_type=flat&room9=1&type=4&p=1,2026-05-05T08:11:17+00:00
324,328009833,ЮВАО,https://www.cian.ru/rent/flat/328009833/?context=4.sNz0-x6WnsU.tRLFL1sOknfKbUuqadkRBKexiMY4R4xXDVBkL3gKJ8f2s5gR4bhc89nub0e4blzx4YkmOr2_dgVPDQ&mlSearchSessionGuid=e8ae6aff62d039c0c42d1cc05c91a511,1/42,74999,27.0,7,22,,"1/42 Апартаменты-студия, 27 м², 7/22 этаж Только на Циан Волгоградский проспект 3 минуты пешком Москва , ЮВАО , р-н Южнопортовый , м. Волгоградский проспект , Новоостаповская улица , 20 74 999 ₽/мес. На несколько месяцев, комм. платежи включены (без счётчиков), без комиссии, залог 74 999 ₽ Замечательная студия с дорогим и современным ремонтом. Продуманная до мелочей. Здесь удобно и жить и работать. Большая кухня со всей встроенной техникой: двухкамерный холодильник, посудомоечная машина, микроволновая печь. Вместительная кровать 160 на 200 с ортопедическим матрасом, телевизор с 55 диагональю. Трехзонное освещение позволит настроить комфортный свет в квартире. Теплые полы по всей площади, кондиционер. Удобная ванная комната полностью оборудованная. Отдельная рабочая зона со своим освещением. Адаптированное место для подключения робот-пылесоса. Спешите, это супер отличный и качественный вариант. Оперативные показы с понедельника по пятницу. Посмотреть копии объявления от других продавцов Риелтор Ильдар Канафеев Суперагент +7 917 566-42-... Написать неделю назад 27 апр, 12:06",,https://www.cian.ru/cat.php?deal_type=rent&district%5B0%5D=8&engine_version=2&offer_type=flat&room9=1&type=4&p=3,2026-05-05T08:11:17+00:00
318,324713239,ЮВАО,https://www.cian.ru/rent/flat/324713239/?context=4.nOj-I1cJIso.HSj_zCQRu1B0ydVbM6KD7zG9Bwo3WdK15O8Fa73Kkr5dYv0wi_J0rtiSBCT2INnSFCQAmxCgGmN-Ig&mlSearchSessionGuid=e8ae6aff62d039c0c42d1cc05c91a511,1/15,75000,22.0,19,24,,"1/15 Апартаменты-студия, 22 м², 19/24 этаж Только на Циан Волгоградский проспект 3 минуты пешком Москва , ЮВАО , р-н Южнопортовый , м. Волгоградский проспект , Новоостаповская улица , 20 75 000 ₽/мес. От года, комм. платежи включены (счётчики включены), комиссия 30%, залог 75 000 ₽ Сдаются уникальные апартаменты продуманные до мелочей в ЖК HighWay К Вашему вниманию предлагается: Система Алисы умный дом с возможностью управления домом удалено, качественная отделка, разные вариации освещения, стены отделаны стеновыми панелями эггер, у кровати мягкое изголовье с приятной подсветкой, сделанная на заказ кухня со встроенной техникой и большим количеством места под хранения вещей, смесители из латуни. Шкафы фурнитура блюм с доводчиками, ящики с усиленными каркасами. Просторная душевая кабина 160*90. Жить, работать, отдыхать, развлекаться, заниматься спортом - все это возможно в HighWay. Комплекс - идеальный выбор для жизни и инвестирования. Расположение рядом с метро и центром Москвы, светлые комфортабельные апартаменты, закрытая охраняемая территория, собственный двухэтажный фитнес-клуб с бассейном, подземный паркинг, благоустроенный закрытый двор с ландшафтным озеленением и детскими площадками, модные кафе, магазины, салоны красоты, высокий уровень сервиса - выбор деловых и амбициозных людей. Монолитный корпус переменной этажности (до 23-х этажей) расположен на участке площадью 1,28 га. Риелтор ID 12266521 +7 916 422-80-... Написать 3 недели назад 12 апр, 14:21",,https://www.cian.ru/cat.php?deal_type=rent&district%5B0%5D=8&engine_version=2&offer_type=flat&room9=1&type=4&p=3,2026-05-05T08:11:17+00:00
272,329361522,ЮВАО,https://www.cian.ru/rent/flat/329361522/?context=4.n0QKt4VmdVk.hBz8Z5Bg5ZjfHnHyBlesMADiVm3y6sXhrvYkopao_5hS-zij_mYnVLy8vKB47r3UZ3Nyi8IzHnTzMg&mlSearchSessionGuid=1568fc929759fed0392110d244f64d46,1/15,80000,28.0,1,14,,"1/15 Студия, 28 м², 1/14 этаж Площадь Ильича 12 минут пешком Москва , ЮВАО , р-н Лефортово , м. Площадь Ильича , проезд Шелихова , 3 80 000 ₽/мес. От года, комм. платежи включены (без счётчиков), без комиссии, залог 80 000 ₽ ЖК Символ уютная студия в современном доме, расположенном в Россия, Москва, проезд Шелихова, 3. Квартира общей площадью 28 кв. м находится на первом этаже 14-этажного дома, построенного в 2024 году. Высокие потолки 3.1 метра создают ощущение простора. До станции метро ""Площадь Ильича"" можно дойти пешком всего за 10 минут. Квартира с евроремонтом, полностью готова к проживанию. Просторная жилая зона 19 кв. м и кухня площадью 8 кв. м оснащены всей необходимой мебелью и техникой: в квартире есть кондиционер, холодильник, посудомоечная машина, телевизор и стиральная машина. Окна выходят на улицу и во двор, обеспечивая хорошее естественное освещение. Дом оборудован подземной парковкой. В здании работают пассажирский и грузовой лифты, поэтому, а значит, всегда можно удобно перемещаться между этажами. Интернет подключен, поэтому можно сразу выходить в сеть. Рядом с домом находятся школы, детские сады, клиники и магазины, что делает его расположение особенно удобным для семей с детьми. Хорошая транспортная доступность позволяет быстро добраться до необходимых объектов инфраструктуры. Условия аренды: договор аренды заключается напрямую с собственником. Залоговая сумма составляет стоимость одного месяца проживания. Собственник ID 115536780 Документы проверены +7 919 763-91-... Написать вчера вчера, 21:16",,https://www.cian.ru/cat.php?deal_type=rent&district%5B0%5D=8&engine_version=2&offer_type=flat&room9=1&type=4&p=1,2026-05-05T08:11:17+00:00
276,328813561,ЮВАО,https://www.cian.ru/rent/flat/328813561/?context=4.ystAJFruBe4.jbODLKBfpX_dges5mNZIwJZGJFSh3jA5aKXKL9sRTl90tBSy49ij33Y7xyBvqa_RhznNc6UQoyrFTw&mlSearchSessionGuid=1568fc929759fed0392110d244f64d46,1/44,80000,20.0,31,38,,"1/44 Студия, 20 м², 31/38 этаж Только на Циан Проверено в Росреестре Волгоградский проспект 6 минут пешком Москва , ЮВАО , р-н Южнопортовый , м. Волгоградский проспект , Новоостаповская улица , 7к1 80 000 ₽/мес. От года, комм. платежи включены (без счётчиков), без комиссии, залог 85 000 ₽ АГЕНТОВ ПРОШУ НЕ БЕСПОКОИТЬ, ПОМОЩЬ НЕ НУЖНА Квартира сдаётся впервые — всё абсолютно новое, никто не жил и не пользовался техникой Сдаётся дизайнерская студия с панорамным видом на центр Москвы и Москва-Сити Интерьер выполнен с акцентами Италии — тёплые оттенки, фактуры и мягкий свет создают атмосферу уюта и эстетики. Квартира очень светлая — много естественного света и солнца в течение дня, что создаёт настроение и ощущение пространства. При необходимости можно полностью затемнить помещение — установлены блекаут римские шторы и классические шторы. О квартире — продуманная планировка с зонированием — комфортный диван **Askona** с ортопедическим матрасом (полноценное спальное место) — телевизор (готовая зона отдыха) — рабочее место у окна — вместительные системы хранения — кондиционер — современные трековые розетки (гибкое подключение техники и освещения) — стильный дизайнерский интерьер Кухня и техника — посудомоечная машина — стиральная машина с функцией сушки — духовой шкаф с функцией СВЧ — полноценный холодильник с морозильной камерой Важное преимущество: рабочая поверхность остаётся свободной — можно организовать кухню под свой стиль жизни (индукционная плитка, мультиварка, аэрогриль и т.д.) Для работы и жизни — уже проведён быстрый Wi-Fi интернет — удобное рабочее место с видом на город Квартира идеально подойдёт для человека, работающего удалённо или в гибридном формате — тихо, светло и комфортно. Вид и атмосфера — 31 этаж — панорамные окна — вид на центр Москвы и Москва-Сити — красивые закаты прямо из квартиры Локация Южнопортовый район — 3 минуты пешком до метро Волгоградский проспект — 10 минут до метро Дубровка — всего ~7 минут на метро до Китай-города (центр) Локация отлично подойдёт тем, кто ценит близость к центру — при желании можно даже дойти пешком во время вечерних прогулок. Идеально подойдёт для одного человека, также рассмотрим пару Без животных Пишите или звоните — готовы оперативно показать квартиру Собственник ID 15519688 Документы проверены +7 986 264-03-... Написать вчера вчера, 12:39",,https://www.cian.ru/cat.php?deal_type=rent&district%5B0%5D=8&engine_version=2&offer_type=flat&room9=1&type=4&p=1,2026-05-05T08:11:17+00:00
285,329123824,ЮВАО,https://www.cian.ru/rent/flat/329123824/?context=4.A9-R6ymSSZo.7xQnOisS264bTtBNfR1q9W3mx4lyYbhs2YZvssqQ1r8BxJkeyltI0IK4awDeITEyE12-7hfJoqh_RA&mlSearchSessionGuid=12c4537b42f8e325b5074af52305cde9,1/10,80000,34.0,6,27,,"1/10 Студия, 34 м², 6/27 этаж Только на Циан Авиамоторная 11 минут пешком Москва , ЮВАО , р-н Лефортово , м. Авиамоторная , улица Крузенштерна , 10к1 80 000 ₽/мес. От года, комм. платежи включены (без счётчиков), комиссия 50%, залог 80 000 ₽ Вашему вниманию предлагается уютная светлая студия в ЖК бизнес-класса ""Символ"". Планировка квартиры предполагает кухню-гостинную совместно со спальной зоной, просторную лоджию и с/у. Студия оборудована всей необходимой мебелью и техникой для вашего проживания, имеется кондиционер для сохранения вашего комфортного теплового режима. Рядом с домом расположены: продуктовые супермаркеты, пункты выдачи, аптеки и медицинские учреждения, кафе, рестораны. Преимущество ЖК Символ - безопасные дворы без машин с охраняемой территорией. Во дворе обустроены отдельные детские и спортивные площадки, а также экозоны для прогулок и отдыха. Звоните, оперативный показ! Риелтор Алексей Коровин Суперагент +7 910 486-54-... Написать 2 недели назад 18 апр, 12:22",,https://www.cian.ru/cat.php?deal_type=rent&district%5B0%5D=8&engine_version=2&offer_type=flat&room9=1&type=4&p=2,2026-05-05T08:11:17+00:00
294,328873800,ЮВАО,https://www.cian.ru/rent/flat/328873800/?context=4.3Wh6cxQL8nA.vrRXA-Nmro-euu6J_A2EkoCUlzBPAOKU_IPA9WKq1sGXGuuwDP4TbJbO5VaT1yVMMl2KMnAVanBLlA&mlSearchSessionGuid=12c4537b42f8e325b5074af52305cde9,1/20,85000,30.0,20,23,,"1/20 Апартаменты-студия, 30 м², 20/23 этаж Волгоградский проспект 3 минуты пешком Москва , ЮВАО , р-н Южнопортовый , м. Волгоградский проспект , Новоостаповская улица , 20 85 000 ₽/мес. От года, комм. платежи включены (без счётчиков), без комиссии, залог 85 000 ₽ 3 минуты до метро! Предлагаем в аренду стильные апартаменты-студию . 20-м этаже современного дома. Высота потолков - 2.8 метра, из окон открывается перспектива на Москву.До метро всего 3 минуты пешком, что делает это предложение особенно привлекательным для тех, кто ценит удобное расположение. В квартире выполнен дизайнерский ремонт, все продумано до мелочей,мебель в комнате и на кухне. Оснащена всей необходимой техникой: кондиционер, холодильник, посудомоечная машина, телевизор и стиральная машина. В ванной комнате установлена душевая кабина. Во всей квартире ТЕПЛЫЙ ПОЛ.На время отключения горячей воды есть мощный водонагреватель. Дом оборудован подземной парковкой Вокруг развитая инфраструктура: по близости расположены школы, детские сады, клиники и магазины, поэтому все необходимое будет у вас под рукой. в 15 минутах исторический центр: Крутицкое подворье,Симоновский и Новоспасский монастыри. Договор заключается на удобных условиях. Приглашаем вас на просмотр, чтобы лично оценить все достоинства этих апартаментов. Ждем вашего звонка! Агентство недвижимости PREMIUM CITY Суперагент +7 986 304-29-... Написать неделю назад 21 апр, 13:12",,https://www.cian.ru/cat.php?deal_type=rent&district%5B0%5D=8&engine_version=2&offer_type=flat&room9=1&type=4&p=2,2026-05-05T08:11:17+00:00
303,327763524,ЮВАО,https://www.cian.ru/rent/flat/327763524/?context=4.z_ib6Dibfuk.SN-RqAuz3ttuv1xPGeJRgNyBAl_RFvzVEmWcUmOjonBfjFATLF-pLXaocGkQrPaUVyBaV3yO7S_X0Q&mlSearchSessionGuid=12c4537b42f8e325b5074af52305cde9,1/34,85000,24.7,22,30,,"1/34 Студия, 24,7 м², 22/30 этаж Волгоградский проспект 12 минут пешком Москва , ЮВАО , р-н Южнопортовый , м. Угрешская , Волгоградский проспект , 32/5к2 85 000 ₽/мес. От года, комм. платежи включены (без счётчиков), без комиссии, залог 85 000 ₽ БЕЗ КОМИССИИ!!! Корпус Афины, ЖК Метрополия. Шикарный вид из окна!!! 22 этаж, панорамное окно, обзор на город, а не на соседние корпуса. Статус жилое помещение. Площадь 24,7 кв.м. Дизайнерский абсолютно новый ремонт, дорогие отделочные материалы, вся мебель под заказ: - много мест хранения - двуспальный диван-кровать (подушки, одеяло) - встроенные шкафы - встроенная кухня с бытовой техникой - холодильник, варочная индукционная панель, ПММ, аэрогриль, мощная вытяжка, чайник - посуда, кухонная утварь - столовые приборы, кастрюли, сковородки - стиральная машинка с функцией сушки - проточный водонагреватель, аквастоп, гигиенический душ - встроенная гладильная доска - утюг - телевизор - пылесос - кондиционер - удобный доступ/без ключа Стоимость 85.000 + свет и вода Риелтор Яна Котова Суперагент +7 923 078-69-... Написать 3 недели назад 13 апр, 09:29",,https://www.cian.ru/cat.php?deal_type=rent&district%5B0%5D=8&engine_version=2&offer_type=flat&room9=1&type=4&p=2,2026-05-05T08:11:17+00:00
325,329647591,ЮВАО,https://www.cian.ru/rent/flat/329647591/?context=4.iDjq8nyLkMI.6Xmvrnes_5kzeLt13f8Ye9nFwHx7JXQaBrjUgOm7Ssi9-eYnP4j2ilw0Id4xE3IRgw-TxVwjFHOC-Q&mlSearchSessionGuid=e8ae6aff62d039c0c42d1cc05c91a511,1/29,85000,28.0,22,30,,"1/29 Апартаменты-студия, 28 м², 22/30 этаж Волгоградский проспект 3 минуты пешком Москва , ЮВАО , р-н Южнопортовый , м. Волгоградский проспект , Новоостаповская улица , 20 85 000 ₽/мес. От года, комм. платежи включены (без счётчиков), без комиссии, залог 85 000 ₽ З минуты до метро! Предлагаем в аренду стильные апартаменты-студию . 20-м этаже современного дома. Высота потолков - 2.8 метра, из окон открывается перспектива на Москву.До метро всего 3 минуты пешком, что делает это предложение особенно привлекательным для тех, кто ценит удобное расположение. В квартире выполнен дизайнерский ремонт, все продумано до мелочей,мебель в комнате и на кухне. Оснащена всей необходимой техникой: кондиционер, холодильник, посудомоечная машина, телевизор и стиральная машина. В ванной комнате установлена душевая кабина. Во всей квартире ТЕПЛЫЙ ПОЛ.На время отключения горячей воды есть мощный водонагреватель. Дом оборудован подземной парковкой Вокруг развитая инфраструктура: по близости расположены школы, детские сады, клиники и магазины, поэтому все необходимое будет у вас под рукой. в 15 минутах исторический центр: Крутицкое подворье, Симоновский и Новоспасский монастыри. Договор заключается на удобных условиях. Агентство недвижимости PREMIUM CITY Суперагент +7 916 724-79-... Написать вчера вчера, 21:18",,https://www.cian.ru/cat.php?deal_type=rent&district%5B0%5D=8&engine_version=2&offer_type=flat&room9=1&type=4&p=3,2026-05-05T08:11:17+00:00
281,329403668,ЮВАО,https://www.cian.ru/rent/flat/329403668/?context=4.yeTewVFpPIk.5KC7l43HBu6lLEnDxNaOsjSyeZDNwcQj3Ac90-KtGeGYjOGVV-t7AemO7cwQcqm_6M7JrthI3efjKw&mlSearchSessionGuid=12c4537b42f8e325b5074af52305cde9,1/13,86000,26.6,17,29,,"1/13 Студия, 26,6 м², 17/29 этаж Угрешская 6 минут пешком Москва , ЮВАО , р-н Южнопортовый , м. Угрешская , Волгоградский проспект , 32/5к4 86 000 ₽/мес. На несколько месяцев, комм. платежи включены (без счётчиков), без комиссии, залог 86 000 ₽ Новая, стильная, уютная видовая студия от собственника в доме Бизнес-класса ЖК Метрополия Благодарю за проявленный интерес к моей квартире давайте я познакомлю Вас с ней поближе. Квартира абсолютно новая. Сдается в первый раз! Ранее в ней никто не проживал, вы будете первым Исключительно для проживания! Аренда на длительный срок. На период проживания заключается договор. Немного о квартире: Студия, общая площадь ~27 кв м, Башня Владивосток, этаж 17 Красивый вид из окна на город Сделан новый дорогой дизайнерский ремонт. Квартира полностью укомплектована для комфортной жизни. Зона кухни: гарнитур, встраиваемый холодильник, индукционная плита, встраиваемые духовка и микроволновка, посудомойка, чайник, обеденная зона, посуда. Комната: диван с пружинным блоком раскладной (спальное место 160*200) телевизор 65 дюймов, вместительный комод для одежды, вещей. С/у: совмещенный. Дорогая качественная сантехника, ванна из литьевого мрамора 175 см, теплый пол, электрический полотенцесушитель. Стиральная машина. Проточный водонагреватель В коридоре расположены два больших шкафа, с продуманными зонами хранения. Вместят все вещи! Для поддержания комфортной температуры установлен кондиционер с WI-FI. В квартире имеется много места для хранения одежды и обуви, документов, личных вещей, Wi-Fi роутер. Важные условия: -только для проживания -субаренда ЗАПРЕЩЕНА (в т.ч. под посуточную аренду третьим лицам) -запрещена коммерческая деятельность (маникюр, педикюр, перманент и тд и тп) -без домашних животных (вообще никаких) -курение в квартире строго запрещено Удобное расположение ЖК 5-6 минут пешком до МЦК Угрешская и до станции метро Волгоградский проспект Непосредственная близость к ТТК Без пересадок: -3 станции метро до Китай-город -9 станций по МЦК до Москва-Сити (24 минуты) -7 станций по МЦК до Восточного Вокзала Цена: аренда 86 000 руб./мес. + счетчики (свет, вода горячая и холодная). Залог: 86 000 руб. Без комиссии (я собственник). Срок: на длительный период. ----- Примечание: у собственника могут быть дополнительные пожелания к жильцам - обсудите их в чате или по телефону Собственник ID 140481064 Документы проверены Назначить просмотр Написать вчера вчера, 19:15",,https://www.cian.ru/cat.php?deal_type=rent&district%5B0%5D=8&engine_version=2&offer_type=flat&room9=1&type=4&p=2,2026-05-05T08:11:17+00:00
265,313752293,ЮВАО,https://www.cian.ru/rent/flat/313752293/?context=4.XDv2z-zf4rg.fKy2eFSmPw13DvW8YoGoXJt_YmMFNnrDiW1xSvLVNlCjBgB7RsIn9jdBv7qT_oFe23pLBN7RX-SytA&mlSearchSessionGuid=1568fc929759fed0392110d244f64d46,1/50,93000,43.0,17,17,,"1/50 Просторная студия у МЦК Дубровка Студия, 43 м², 17/17 этаж Проверено в Росреестре Дубровка 7 минут пешком Москва , ЮВАО , р-н Южнопортовый , м. Дубровка , 6-я Кожуховская улица , 15к2 93 000 ₽/мес. От года, комм. платежи включены (без счётчиков), без комиссии, залог 120 000 ₽ На последнем 17 этаже, на южной стороне одноподъездного монолитного дома 2005 года постройки, сдается просторная 43 м. студия с лоджией, полностью оборудованная и укомплектованная всем необходимым. Установлена новая сушильная машина, капсульная Nespresso, индукционная плита, фильтрация питьевой воды с осмосом, бойлер, Oled (именно Олед) телевизор с не замедляемым ютубом, Apple tv 4k с Кинопабом! (Не путать с Кинопоиском и другими бесполезными онлайн кинотеатрами) , колонкой Алисой с элементами умного дома (интерьерное освещение на голосовом управлении), домашним кинотеатром 5.1 B&W мультирум, по необходимости + xbox X. Инверторный кондиционер Fujitsu с ночным режимом 19dB и Конвекционная микроволновая печь Panasonic (оба made in Japan). В наличии хорошая, новая кухонная посуда, приборы Broggi новое белье (икея импорт)) и всё что нужно для жизни, (штопор есть!). Вам, только развесить на 120 вешалках личные вещи, в 2-х шкафах, и в прихожей разместить 27 пар обуви в обувнице. Кровать - 160/200 и доп спальное место из дивана 120/180. Не смотря на то, что дом находится рядом с ТТК, с прекрасной транспортной доступностью, в квартире тихо и можно спать с открытыми окнами. В доме приветливые соседи и круглосуточный консьерж. У дома ВСЕГДА есть бесплатные парковочные места. Рядом, в соседних домах, продуктовые сетевые магазины с алкоголем, работающие до 23:00 и один круглосуточный + большой Магнит Косметик, через дом Яндекс лавка., Аптека и тандыр Пекарня. В трех! минутах ходьбы от дома большой ТРЦ Мозаика, с фудкортом, гипер маркетом, фитнесом (DDX) флагманским Мфц и 2-х минутным переходом на станцию МЦК Дубровка. Метро Кожуховская в 12 минутах ходьбы. Недалеко находится ландшафтный парк Остров Мечты (идеально для велопрогулок) В стоимость аренды включены все платежи кроме электроэнергии. Сдаю без животных, на длительный срок ценящим чистоту, камерность и уют. Если вы хотите жить в современных условиях, но большие ЖК с маленькими деревьями, плохой шумоизоляцией и непрекращающимся ремонтом вам не подходят, тогда это предложение может быть вам интересно. ID 47359882 Документы проверены +7 985 002-22-... Написать вчера вчера, 19:10",,https://www.cian.ru/cat.php?deal_type=rent&district%5B0%5D=8&engine_version=2&offer_type=flat&room9=1&type=4&p=1,2026-05-05T08:11:17+00:00
262,329613971,ЮВАО,https://www.cian.ru/rent/flat/329613971/?context=4.TmtjjFsXziE.114KXH-otDS5v9z_1W2-fTuFzo8B8HxZD6JQn_D-0McRBmctrh0GQD0Yxjgq2TldDAhzb4yr1yTSLw&mlSearchSessionGuid=1568fc929759fed0392110d244f64d46,1/23,100000,30.0,10,22,,"1/23 Дизайнерская студия Студия, 30 м², 10/22 этаж Только на Циан Римская 8 минут пешком Москва , ЮВАО , р-н Лефортово , м. Серп и Молот , улица Крузенштерна , 2 100 000 ₽/мес. От года, комм. платежи включены (без счётчиков), без комиссии, залог 90 000 ₽ Студия с дизайнерским ремонтом в доме бизнес-класса. В доме есть ресепшен, презентабельная входная группа, места для отдыха и ожидания гостей. В квартире все продумано для комфортного проживания: два спальных места (двухспальная кровать и диван), рабочая зона, оборудованная кухня, место для отдыха. Квартира полностью укомплектована, есть вся необходимая бытовая техника: стиральная и сушильные машины, микроволновая печь, индукционная плита, духовой шкаф, посудомоечная машина, пылесос, утюг, сплит система. , без животных и маленьких детей. Курение в квартире запрещено. Оперативный показ. ----- Примечание: у собственника могут быть дополнительные пожелания к жильцам - обсудите их в чате или по телефону Риелтор Анна Зинченко Суперагент +7 915 095-90-... Написать 20 минут назад сегодня, 10:48",,https://www.cian.ru/cat.php?deal_type=rent&district%5B0%5D=8&engine_version=2&offer_type=flat&room9=1&type=4&p=1,2026-05-05T08:11:17+00:00
322,327887979,ЮВАО,https://www.cian.ru/rent/flat/327887979/?context=4.gnIRhbQFuEs.pYp54dS-cpQ6sfFk4pHHV4VpMyPD9G0pCH0Px3b7ikVjuCDIe8ekTyQqEorNcyMlOZqV3u7-AQ_TKg&mlSearchSessionGuid=e8ae6aff62d039c0c42d1cc05c91a511,1/14,109000,27.0,14,25,,"1/14 Апартаменты-студия, 27 м², 14/25 этаж Волгоградский проспект 3 минуты пешком Москва , ЮВАО , р-н Южнопортовый , м. Волгоградский проспект , Новоостаповская улица , 20 109 000 ₽/мес. От года, комм. платежи включены (без счётчиков), без комиссии, залог 109 000 ₽ ЖК HighWay Премиальная студия-кинозал : абсолютная тишина, умный дом и экран 110 Сдается дизайнерская студия 27 м² на 14-м этаже в ЖК бизнес-класса HighWay. Всего 2 минуты пешком до метро и 8 минут езды до Китай-города. В квартире решена главная проблема комплекса— сделана профессиональная круговая шумоизоляция (пол, потолок, стены) и заменены окна от застройщика на шумопоглощающие окна Schco. Вы не услышите ни соседей, ни шумного проспекта. Главные преимущества: • Сон уровня 5-звездочного отеля: кровать 160 см с легендарным американским матрасом Serta, премиальное постельное белье , текстиль Frette и 100% пуховое одеяло. Проходные включатели дополняют удобства. • Настоящий домашний кинозал: вместо обычного ТВ установлен проектор с экраном 110 (диагональ 2,8 м) и объемным звуком Dolby. Настроены все онлайн-сервисы. Просто включай и смотри ТВ или свой любимый онлайн кинотеатр. Диван трансформируется в полноценный чилаут-остров. • Дизайн в стиле ваби-саби: натуральные материалы (дерево, камень, травертин, ротанг), мягкий свет и картина Пробуждение света Che масло. • Идеальный порядок: продуманы скрытые системы хранения. Стирально-сушильная машина, холодильник (No frost -авторазморозка), бойлер, 3 х ступенчатая система очистки воды, пылесос и бытовой инвентарь спрятаны за фасадами. Умные шкафы с нажимными ящиками, в том числе в цоколе-используется каждый сантиметр. • Умный дом с Алисой: управление шторами, кондиционером, посудомоечной и стирально-сушильной машинами по сценариям. • Удаленная работа: полноценный рабочий стол из массива, удобное кресло и скрытая организация проводов. Инфраструктура комплекса: Закрытая территория, охрана, консьерж-сервис, подземный паркинг. Удобный и быстрый выезд на ТТК и в центр. Условия аренды: • Стоимость: 115 000 ₽ в месяц. • Залог: 115 000 ₽. • Дополнительно: оплата по счетчикам (свет, вода). Возможна регулярная профессиональная уборка по договоренности. Аренда паркинга. Сдается для одного человека или пары которые ценят тишину, порядок, эстетику и уровень комфорта выше стандартной аренды. Агентство недвижимости Квадраты Москвы Суперагент +7 984 331-30-... Написать вчера 3 май, 19:46",,https://www.cian.ru/cat.php?deal_type=rent&district%5B0%5D=8&engine_version=2&offer_type=flat&room9=1&type=4&p=3,2026-05-05T08:11:17+00:00
