id,listing_id,district,url,title,price_rub,area_m2,floor,total_floors,metro,address,description_snippet,source_page,scraped_at
1233,301543961,ЮВАО,https://www.cian.ru/rent/flat/301543961/?context=3.j2GdnnbHkT0.wUBBUxmxeblfzpxzid8LciYYiYjoGFBZ2X5pa7ok77_iExb2VnVaCqlwmygrAo1WI3HQ4DqjRguTWg&mlSearchSessionGuid=c1e4173cdc1f200a29d88c691d8431eb,1/12,40000,17.0,5,5,,"1/12 Апартаменты-студия, 17 м², 5/5 этаж Только на Циан Текстильщики 18 минут пешком Москва , ЮВАО , р-н Текстильщики , м. Текстильщики , 1-й Грайвороновский проезд , 2А 40 000 ₽/мес. От года, комм. платежи включены (без счётчиков), комиссия 60%, залог 43 000 ₽ Сдаю студию со всеми удобствами в районе метро Текстильщики, от метро 15 минут пешком или 3 остановки автобусом. В квартире имеется все для комфортного проживания: кухня, микроволновка, чайник, варочная панель, вытяжка, холодильник, кровать двуспальная, обеденный стол, стиральная машинка, совмещённый санузел, шкаф-гардероб. Условия: предоплата за месяц, залог за последний месяц аренды, коммунальные платежи отдельно, комиссия агенту разово при заселении. Риелтор Александр Дворников Документы проверены +7 985 579-70-... Написать два дня назад 12 апр, 13:12",,https://www.cian.ru/cat.php?deal_type=rent&district%5B0%5D=8&engine_version=2&offer_type=flat&room9=1&type=4&p=3,2026-04-15T05:26:51+00:00
1182,283229441,ЮВАО,https://www.cian.ru/rent/flat/283229441/?context=3.WyZCfQYZK7E.MVaEVjKbI51Tj6h6b2fzzrw450ajE3fhmwNmYnKVU-nQukpMr4iLNW4VBU6rSTbqyKDOukElKifQig&mlSearchSessionGuid=314486629d27e703c3018c6e5177a550,1/5,133000,16.0,1,17,,"1/5 Студия, 16 м², 1/17 этаж Люблино 4 минуты на транспорте Москва , ЮВАО , р-н Марьино , м. Люблино , улица Верхние Поля , 42К1 33 000 ₽/мес. От года, комм. платежи включены (счётчики включены), без комиссии, залог 16 500 ₽ В действующем отели, на длительный срок, сдается студия гостиничного типа, без кухни ! В стоимость все включено, страховой депозит - 50%. Рассматривают 1-2 чел., РФ. В комнате минимум мебели - кровать, стол+ 2 стула, телевизор. Кондиционер. Санузел совмещенный, душ-кабина. Подробности по телефону. Агентство недвижимости Лунный Свет +7 923 078-87-... Написать вчера вчера, 12:32",,https://www.cian.ru/cat.php?deal_type=rent&district%5B0%5D=8&engine_version=2&offer_type=flat&room9=1&type=4&p=1,2026-04-15T05:26:51+00:00
1200,300381793,ЮВАО,https://www.cian.ru/rent/flat/300381793/?context=3.RSHKih-aB4c.7co_JrcOEgA3Am2gZcZcacu8VkO7th5CJVyT0y_TuN1SBwO6mx8ftH-a9Jn-lr98JXO3hexFh0RINg&mlSearchSessionGuid=314486629d27e703c3018c6e5177a550,2/6,135000,16.0,1,12,,"2/6 Студия, 16 м², 1/12 этаж Только на Циан Люблино 13 минут пешком Москва , ЮВАО , р-н Люблино , м. Люблино , Тихорецкий бульвар , 4К1 35 000 ₽/мес. От года, комм. платежи включены (без счётчиков), комиссия 100%, залог 35 000 ₽ Залог делится на два месяца. Вашему вниманию предлагается уютная студия. Высокий первый этаж. В студии есть абсолютно все для комфортного проживания: Кухонный гарнитур, холодильник, стиральная машина, стол, 2 стула. Рядом с домом магазины, детские сады, школы. Спокойные соседи, Собственник адекватный. Сдается на длительный срок. Заехать можно сразу Звоните. Показ по договоренности. Риелтор ID 105044327 Документы проверены +7 989 146-61-... Написать три дня назад 11 апр, 11:26",,https://www.cian.ru/cat.php?deal_type=rent&district%5B0%5D=8&engine_version=2&offer_type=flat&room9=1&type=4&p=1,2026-04-15T05:26:51+00:00
1218,326294321,ЮВАО,https://www.cian.ru/rent/flat/326294321/?context=3.r8tyK0y1pjI._ybyXun6keEClZfYDzHyDhLzX5ocR9MS9Y7bMZgbCif_RLCpfKf2zGTCF_Q4AsA2iBZfjvS1FoFxiw&mlSearchSessionGuid=4c481a351bb767bebbc1d3a028f39588,1/15,135000,11.6,2,10,,"1/15 Студия, 11,6 м², 2/10 этаж Только на Циан Юго-Восточная 8 минут пешком Москва , ЮВАО , р-н Выхино-Жулебино , м. Юго-Восточная , Ташкентская улица , 25К1 35 000 ₽/мес. От года, комм. платежи включены (без счётчиков), комиссия 70%, залог 35 000 ₽ Сдается уютная студия площадью 11.6 кв. м. на длительный срок. До метро Юго-Восточная всего 8 минут пешком. В квартире есть все необходимое для комфортного проживания: косметический ремонт, необходимая мебель, холодильник, стиральная машина, микроволновая плита, электрическая поверхность, электрический чайник. Планировка включает совмещенный санузел с душевой кабиной. В вашем распоряжении также интернет, поэтому можно смело работать или учиться онлайн. Лоджия добавляет дополнительное пространство для хранения или отдыха. Дом находится в районе с развитой инфраструктурой. В шаговой доступности расположены школы, детские сады и клиники, поэтому все важные учреждения будут у вас под рукой. Для любителей шопинга и повседневных покупок поблизости есть магазины. Риелтор ID 116658281 +7 985 254-20-... Написать неделю назад 5 апр, 21:12",,https://www.cian.ru/cat.php?deal_type=rent&district%5B0%5D=8&engine_version=2&offer_type=flat&room9=1&type=4&p=2,2026-04-15T05:26:51+00:00
1260,304833727,ЮВАО,https://www.cian.ru/rent/flat/304833727/?context=3.0ckGXFfcUWw.o9NqfSeAqGvwP_FPZwcWYrfF4ZaKzy2ZEb6kjoP23ZiUBMUcx35liqRtYypcJH-01XTx8FHPCltbRQ&mlSearchSessionGuid=c1e4173cdc1f200a29d88c691d8431eb,1/5,144000,23.0,7,16,,"1/5 Студия, 23 м², 7/16 этаж Только на Циан Люблино 16 минут пешком Москва , ЮВАО , р-н Люблино , м. Люблино , Цимлянская улица , 3к1 44 000 ₽/мес. На несколько месяцев, комм. платежи включены (без счётчиков), без комиссии, залог 50 000 ₽ Уютная студия со всей мебелью в развитом в плане инфраструктуры районе сдается одному человеку - гражданину РФ с добропорядочной репутацией и без долгов. Цена аренды указана без коммунальных расходов. Договор. На звонки отвечаю редко, пишите в мессенджерах. Собственник ID 107316047 Документы проверены Назначить просмотр месяц назад 4 мар, 13:08",,https://www.cian.ru/cat.php?deal_type=rent&district%5B0%5D=8&engine_version=2&offer_type=flat&room9=1&type=4&p=3,2026-04-15T05:26:51+00:00
1199,328869295,ЮВАО,https://www.cian.ru/rent/flat/328869295/?context=3.F4httP4fTs4.Rx8zTKfDyZ0wpYvCUdiiAiOXD16o4GHkiSYt-2ywXO5xIqwJbIcd09VFRqJC9EcxsGVsBdPS6sMJoQ&mlSearchSessionGuid=314486629d27e703c3018c6e5177a550,1/10,160000,21.1,1,5,,"1/10 Апартаменты-студия, 21,1 м², 1/5 этаж Только на Циан Лефортово 10 минут пешком Москва , ЮВАО , р-н Лефортово , м. Лефортово , Ухтомская улица , 16К1 60 000 ₽/мес. От года, комм. платежи включены (без счётчиков), без комиссии, залог 60 000 ₽ Предлагаем уютные апартаменты по адресу: ул. Ухтомская, 16, к.1 21,1 м² Почему это идеальный вариант: Дизайнерский ремонт: Свежий, стильный интерьер — здесь приятно находиться. Полная комплектация: Заезжайте с одним чемоданом! Есть вся необходимая техника: стиральная машина, холодильник, СВЧ-печь, варочная панель. Готовность: Квартира полностью меблирована и готова к заселению прямо сейчас. Локация: Отличная транспортная доступность позволит вам легко добираться до любой точки города. Условия аренды: Цена: 60 000 руб./мес. + коммунальные платежи. Агентство недвижимости ONE OSNOVA Документы проверены +7 986 274-23-... Написать вчера вчера, 11:09",,https://www.cian.ru/cat.php?deal_type=rent&district%5B0%5D=8&engine_version=2&offer_type=flat&room9=1&type=4&p=1,2026-04-15T05:26:51+00:00
1228,328869349,ЮВАО,https://www.cian.ru/rent/flat/328869349/?context=3.HPwwH5MNjyc.qEVH9Ni4QfbWDQFUHLJRVJ0LG2w-Drn_7jr8vf1Jp9o2SKCD-4KjJG_GI7bNxwaUv4PdexXYD96VoA&mlSearchSessionGuid=4c481a351bb767bebbc1d3a028f39588,1/13,160000,20.9,1,5,,"1/13 Апартаменты-студия, 20,9 м², 1/5 этаж Только на Циан Лефортово 10 минут пешком Москва , ЮВАО , р-н Лефортово , м. Лефортово , Ухтомская улица , 16К1 60 000 ₽/мес. От года, комм. платежи включены (без счётчиков), без комиссии, залог 60 000 ₽ Стильная студия 20,9 м² с новым ремонтом — заезжай и живи! Предлагаем уютные апартаменты по адресу: ул. Ухтомская, 16, к.1 Почему это идеальный вариант: Дизайнерский ремонт: Свежий, стильный интерьер — здесь приятно находиться. Полная комплектация: Заезжайте с одним чемоданом! Есть вся необходимая техника: стиральная машина, холодильник, СВЧ-печь, варочная панель. Готовность: Квартира полностью меблирована и готова к заселению прямо сейчас. Локация: Отличная транспортная доступность позволит вам легко добираться до любой точки города. Условия аренды: Цена: 60 000 руб./мес. + коммунальные платежи Агентство недвижимости ONE OSNOVA Документы проверены +7 986 274-23-... Написать вчера вчера, 11:06",,https://www.cian.ru/cat.php?deal_type=rent&district%5B0%5D=8&engine_version=2&offer_type=flat&room9=1&type=4&p=2,2026-04-15T05:26:51+00:00
1235,328585103,ЮВАО,https://www.cian.ru/rent/flat/328585103/?context=3.krj4VWoDFBc.v4Ev9z8srjKPliMiGD2dT14-FKEeZArTVU0ZQuQsqhUYhhRu8uE3tv_4S2Vk6Cypv_S_MuxxgQNvGA&mlSearchSessionGuid=c1e4173cdc1f200a29d88c691d8431eb,1/14,160000,19.7,18,24,,"1/14 Студия, 19,7 м², 18/24 этаж Только на Циан Проверено в Росреестре Новохохловская 6 минут пешком Москва , ЮВАО , р-н Нижегородский , м. Новохохловская , Новохохловская улица , 15к1 60 000 ₽/мес. От года, комм. платежи включены (без счётчиков), без комиссии, залог 60 000 ₽ БЕЗ КОМИССИИ, ОТ СОБСТВЕННИКА! Сдается в аренду студия в современном доме 2023 года постройки. Квартира площадью 19.7 кв. м расположена на 18 этаже 24-этажного здания. До станции МЦК и МЦД2 всего 6 минут пешком, что обеспечит вам удобный и быстрый доступ ко всем частям города. Прекрасная студия с евроремонтом и продуманной планировкой. Здесь вы найдете все необходимое для комфортного проживания: мебель в комнате и на кухне, современную технику — кондиционер, холодильник, телевизор, кофемашина, станция Алиса, отпариватель и стиральную машину. Совмещенный санузел оборудован душевой кабиной и гигиеническим душем. Окна выходят на улицу, поэтому в квартире всегда светло и уютно. Дом оснащен четырьмя грузовыми лифтами и подземной парковкой, что делает его удобным для жителей. В пешей доступности от дома расположены клиники и магазины, поэтому все необходимые учреждения будут у вас под рукой. Условия аренды: квартира сдается без комиссии посредников, от собственника. Предусмотрен залог, разбиваем на 2 части, который возвращается при выезде. Квартира идеально подойдет для одного человека или пары. Без детей. Допустимо небольшое воспитанное животное по согласованию. Приглашаем вас на просмотр! Записывайтесь на удобное для вас время и приходите оценить все преимущества этого жилья лично. Собственник ID 431169 Документы проверены +7 980 214-38-... Написать вчера 13 апр, 11:15",,https://www.cian.ru/cat.php?deal_type=rent&district%5B0%5D=8&engine_version=2&offer_type=flat&room9=1&type=4&p=3,2026-04-15T05:26:51+00:00
1193,327641627,ЮВАО,https://www.cian.ru/rent/flat/327641627/?context=3.gtlKEwyUses.HrLx08wrGAIhRCLt0lcogO7raPHG7g7lNu1RQBfbvVM3uH0Yo2QfXQHK98teFxpYF0Yu7FTw5ERS8g&mlSearchSessionGuid=314486629d27e703c3018c6e5177a550,1/12,165000,20.0,34,38,,"1/12 Уютная, стильная ! Студия, 20 м², 34/38 этаж Только на Циан Волгоградский проспект 6 минут пешком Москва , ЮВАО , р-н Южнопортовый , м. Волгоградский проспект , Новоостаповская улица , 7к1 65 000 ₽/мес. От года, комм. платежи включены (без счётчиков), комиссия 50%, залог 50 000 ₽ Впервые сдается уютная , видовая студия. Супер укомплектована всем необходимым для комфортной жизни. Много мест хранения. Свободная. Депозит делим . Видео по запросу. звоните ID 47664046 Документы проверены +7 923 076-18-... Написать вчера вчера, 18:43",,https://www.cian.ru/cat.php?deal_type=rent&district%5B0%5D=8&engine_version=2&offer_type=flat&room9=1&type=4&p=1,2026-04-15T05:26:51+00:00
1217,328567594,ЮВАО,https://www.cian.ru/rent/flat/328567594/?context=3.PcR5h9lJv-Y.YA3ljMStRZy_sHPv3epcL1cspN0tT_-IxuZSXhas8PSGOYE-HpowA6dPgPf2iuiOCoMmdFaW7kRjlQ&mlSearchSessionGuid=4c481a351bb767bebbc1d3a028f39588,1/22,167000,20.7,27,27,,"1/22 Студия, 20,7 м², 27/27 этаж Авиамоторная 11 минут пешком Москва , ЮВАО , р-н Лефортово , м. Авиамоторная , улица Крузенштерна , 10к1 67 000 ₽/мес. От года, комм. платежи включены (без счётчиков), комиссия 50%, без залога Дoлгоcрочная аренда (договoр нa 11 меcяцeв). Прeдcтaвляeм вaшeму внимaнию пpocторную, уютную студию плoщадью 20,7 кв.м. рacпoложeнную в ЖК Символ. Бытовая техника: кондиционер, телевизор, посудомоечная машина, хoлoдильник, варочная панель, микроволновая печь, cтиpальная машинa, элeктричecкий чайник. Есть все необходимое для комфортного и долгосрочного проживания, в т.ч. посуда. Удобства квартиры: - Встроенная посудомоечная машина; - Вместительные системы хранения; - Уютная просторная комната с красивым видом из окна; - Светлая, уютная ванная комната с современной сантехникой. Дом находится в районе с развитой инфраструктурой: в шаговой доступности остановки общественного транспорта, в 10 минутах пешком находится станция метро ""Авиамоторная"", в 15-20 минутах - станция ""Лефортово"". Рядом с домом расположены: продуктовые супермаркеты, пункты выдачи, аптеки и медицинские учреждения, кафе, рестораны. Преимущество ЖК Символ - безопасные дворы без машин с охраняемой территорией. Во дворе обустроены отдельные детские и спортивные площадки, а также экозоны для прогулок и отдыха. Условия проживания по Тарифу Комфортное проживание: - 50% от арендного платежа при заселении; - Раннее бронирование объекта (за 3 дня до заселения); - Персональный менеджер на всех этапах аренды быстро реагирует на запросы - большинство бытовых вопросов решаем за 48 часов; - Страхование гражданской ответственности до 0,3 млн ₽; - Организация мелкого ремонта. Коммунальные платежи: электроэнергия, хвс\гвс, услуги интернет провайдера, расходы за отопление дома/квартиры оплачивает арендатор. Заселение только при наличии постоянной регистрации РФ. Без животных Агентство недвижимости СМАРЕНТ Документы проверены +7 985 853-93-... Написать неделю назад 7 апр, 10:16",,https://www.cian.ru/cat.php?deal_type=rent&district%5B0%5D=8&engine_version=2&offer_type=flat&room9=1&type=4&p=2,2026-04-15T05:26:51+00:00
1225,328621790,ЮВАО,https://www.cian.ru/rent/flat/328621790/?context=3.-exSKr1VWbM.-pzd1M6sA1Tbqlo1hhBXaa3yPnxkXHj7t_Mq7jo9OIroc_QVMh4_o_m6YM5-zSrIByIWZBjUZ1cxIA&mlSearchSessionGuid=4c481a351bb767bebbc1d3a028f39588,1/13,175000,30.0,7,16,,"1/13 Студия, 30 м², 7/16 этаж Только на Циан Авиамоторная 15 минут пешком Москва , ЮВАО , р-н Лефортово , м. Авиамоторная , проезд Невельского , 3к1 75 000 ₽/мес. От года, комм. платежи включены (без счётчиков), комиссия 55%, залог 75 000 ₽ СДАЕМ СТУДИЮ В ЖК ""СИМВОЛ""! О ЖК ЖК бизнес-класса. Закрытая и охраняемая территория. Отличная шумоизоляция. На территории жилого комплекса есть все необходимые магазины: прямо в доме располагается ""Пятерочка""; для жителей комплекса есть множество ресторанчиков; есть ПВЗ. Есть консьерж. О КВАРТИРЕ Просторная студия с грамотной планировкой пространства. Свежий ремонт. В квартире установлен домофон с системой видеонаблюдения. Для тех, кто заезжает налегке, предоставим комплект постельного белья и посуду (все новое). Рассмотрим одного человека. Адекватного, платежеспособного, взрослого человека. Ключи на руках, оперативный показ в ближайшее время (по предварительной договоренности). По всем вопросам пишите и звоните. Агентство недвижимости City Life +7 915 116-76-... Написать вчера вчера, 12:35",,https://www.cian.ru/cat.php?deal_type=rent&district%5B0%5D=8&engine_version=2&offer_type=flat&room9=1&type=4&p=2,2026-04-15T05:26:51+00:00
1189,321344783,ЮВАО,https://www.cian.ru/rent/flat/321344783/?context=3.8Bd1iIeAWdc.srJTjUemrMpx2SpcUZyfEyXcfXaYrWkOpveMIAJaB28UmVNDKJMh6XqLUK1SCKX6MNQRTH62q-YAbQ&mlSearchSessionGuid=314486629d27e703c3018c6e5177a550,1/22,190000,32.0,5,14,,"1/22 Студия, 32 м², 5/14 этаж Только на Циан Римская 10 минут пешком Москва , ЮВАО , р-н Лефортово , м. Серп и Молот , проезд Шелихова , 1к1 90 000 ₽/мес. От года, комм. платежи включены (без счётчиков), без комиссии, залог 90 000 ₽ Квартира в ЖК Символ, доме бизнес класса. Сдаётся впервые и на длительный срок. Оборудована всем необходимым: телевизор, интернет, на кухне встроенная техника (духовой шкаф, посудомоечная машина, холодильник, морозильная камера). Грамотно продуманная система хранения. Кондиционер, подогрев пола, видео домофон. Грамотно продуманная входная группа в подъезде с зоной коворкинга. Риелтор Ольга Цегельная Суперагент +7 916 043-84-... Написать вчера вчера, 11:25",,https://www.cian.ru/cat.php?deal_type=rent&district%5B0%5D=8&engine_version=2&offer_type=flat&room9=1&type=4&p=1,2026-04-15T05:26:51+00:00
1195,328221715,ЮВАО,https://www.cian.ru/rent/flat/328221715/?context=3.k8UY7sh0kFw.ffKsySi13NGMmcaWyrrWfnT1fQi8KuG4XANMkGk3iSgzz4BsotG7Qqsapf61L9xrgjocAE5xpn2PDQ&mlSearchSessionGuid=314486629d27e703c3018c6e5177a550,1/49,199000,32.0,1,14,,"1/49 Новая дизайнерская квартира Студия, 32 м², 1/14 этаж Римская 10 минут пешком Москва , ЮВАО , р-н Лефортово , м. Серп и Молот , проезд Шелихова , 1к1 99 000 ₽/мес. От года, комм. платежи включены (без счётчиков), без комиссии, залог 99 000 ₽ Предлагаем квартиру в ЖК бизнес-класса ""Символ"" с охраняемой территорий, видеонаблюдением и консьерж-сервисом. Свежий дизайнерский ремонт. Все новое, никто не проживал! Квартира представляет собой идеальный вариант для тех, кто ценит комфорт, современный дизайн и удобное расположение. До метро 7 минут пешком. до центра города 4,5 км ЖК ""Символ"" славится своей развитой инфраструктурой, включающей в себя все необходимое для комфортной жизни: магазины, кафе, фитнес-центры, детские площадки и зоны отдыха. Транспортная доступность комплекса также на высоте, что обеспечивает легкий доступ к любой точке города. Огромная территория-парк Зеленая река между всеми корпусами открыт для прогулок и отдыха жителей всех возрастов. В домах жителям доступны различные общественные пространства: детские и подростковые игровые, коворкинги, фитнес-румы, репетиторские, лаунжи. На крышах некоторых корпусов расположены креативные пространства Условия оплаты: аренда + счетчики (вода, электричество) Прямая сдача. Без комиссии. Риэлторы и агенты, просьба не беспокоить. Сдается платежеспособным и аккуратным арендаторам. Залог обязателен. Подробности и запись на просмотр по телефону. Риелтор Наталия Долгих Документы проверены +7 985 065-28-... Написать вчера вчера, 21:10",,https://www.cian.ru/cat.php?deal_type=rent&district%5B0%5D=8&engine_version=2&offer_type=flat&room9=1&type=4&p=1,2026-04-15T05:26:51+00:00
1179,328807224,ЮВАО,https://www.cian.ru/rent/flat/328807224/?context=3.c6Hpm_Papy8.Cg82QCUuMebwct6NmqPEqYtJ2F97zGqoOAOMSu7_lM9wCMk-kRKeqq5Cf3NrVeebDQQEPiIKXvBb7g&mlSearchSessionGuid=314486629d27e703c3018c6e5177a550,1/6,235000,18.0,2,5,,"1/6 Апартаменты-студия, 18 м², 2/5 этаж Только на Циан Текстильщики 12 минут пешком Москва , ЮВАО , р-н Текстильщики , м. Текстильщики , улица Артюхиной , 6К2 35 000 ₽/мес. От года, комм. платежи включены (без счётчиков), комиссия 10%, залог 17 500 ₽ Внимание!! акция - кто проживёт 11 месяцев 12-й в подарок !!! Сдaется уютная студия с cовременным pемoнтом нa длитeльный cpoк. Метро текстильщики 9 минут!Кoммунaльныe уcлуги oплaчивaются арeндaтoром по cчетчикaм. B дoме paбoтаeт конcьеpж, чтo oбеcпечивaет допoлнительный кoмфopт и бeзопaснocть. Вo двoрe зaкрытая территoрия c парковкoй за шлaгбаумoм. Просторная кухня оборудована необходимой техникой, включая холодильник и стиральную машину. В комнате установлены шкафы для хранения вещей. Санузел совместный, оснащен современной сантехникой и душевой кабиной. В студии также имеется удобная рабочая зона с письменным столом и стулом. Цена 34000 + 17.000 1 человек. До 30 лет!! просьба риэлторов не беспокоить!! Риелтор ID 140263101 Документы проверены +7 985 775-24-... Написать вчера 13 апр, 21:12",,https://www.cian.ru/cat.php?deal_type=rent&district%5B0%5D=8&engine_version=2&offer_type=flat&room9=1&type=4&p=1,2026-04-15T05:26:51+00:00
1257,328857777,ЮВАО,https://www.cian.ru/rent/flat/328857777/?context=3.TlHhjz0aDFA.f3sA9ZhM3N9CjXpbJWr66kr0v53gubvAuFDVLZglhwcy2P-9cg-iT6zFxZothRZ8hSG0jWW5CDrazA&mlSearchSessionGuid=c1e4173cdc1f200a29d88c691d8431eb,1/5,237000,16.0,2,14,,"1/5 Студия, 16 м², 2/14 этаж Некрасовка 5 минут на транспорте Москва , ЮВАО , р-н Некрасовка , м. Некрасовка , улица Маршала Еременко , 5к2 37 000 ₽/мес. От года, комм. платежи включены (без счётчиков), без комиссии, залог 37 000 ₽ Сдаётся светлая, уютная квартира-студия Красивый кирпично-монолитный дом Для семейной пары, женщине/девушке Есть всё для комфортного проживания Вся мебель и техника В 17 минутах ходьмы от метро Рядом продуктовые магазины, аптеки, МФЦ, банки, автобусные остановки, школа, дет.сад и т.д. БЕЗ детей и животных!!! Ежемесячная плата - 37.000₽ + свет, вода Залог - 37.000₽ Договор аренды от 1 года! Важно!!! Залог не возвращается, если съезжаете раньше срока указанного в договоре. Без комиссий! Собственник. Собственник ID 140070899 Документы проверены +7 915 411-01-... Написать четыре дня назад 10 апр, 21:47",,https://www.cian.ru/cat.php?deal_type=rent&district%5B0%5D=8&engine_version=2&offer_type=flat&room9=1&type=4&p=3,2026-04-15T05:26:51+00:00
1246,326403023,ЮВАО,https://www.cian.ru/rent/flat/326403023/?context=3.YKUCcOX_Ut4.4T0_wzQOUpDLOyNIsDvS6LtXofxu3GtApFzrjgxefp8pglacCbwa7VPWkr71pExbXZfY8dZGoTwSuA&mlSearchSessionGuid=c1e4173cdc1f200a29d88c691d8431eb,1/11,241000,17.0,3,5,,"1/11 Студия, 17 м², 3/5 этаж Только на Циан Кузьминки 9 минут пешком Москва , ЮВАО , р-н Кузьминки , м. Кузьминки , Жигулевская улица , 4К2 41 000 ₽/мес. От года, комм. платежи включены (без счётчиков), комиссия 50%, залог 41 000 ₽ Сдаётся студия 17 м² в новом ЖК Нью Форм Сдаётся впервые уютная студия площадью 17 м², расположенная на 3 этаже нового жилого комплекса Нью Форм. Квартира полностью укомплектована для комфортного проживания: двуспальный диван шкаф для хранения вещей кухонный гарнитур с техникой: холодильник, плита, СВЧ ванная комната полностью оборудована: стиральная машина, душ, полотенцесушитель Новая квартира, никто не проживал. Подходит для одного человека или семейной пары. Инфраструктура и транспорт: рядом большое количество магазинов до метро — 7 минут пешком возле метро расположен крупный торгово-развлекательный центр Отличный вариант для комфортной жизни в новом доме. Звоните / пишите для просмотра. Агентство недвижимости АРТИН Суперагент +7 915 234-34-... шесть дней назад 8 апр, 08:31",,https://www.cian.ru/cat.php?deal_type=rent&district%5B0%5D=8&engine_version=2&offer_type=flat&room9=1&type=4&p=3,2026-04-15T05:26:51+00:00
1177,328604135,ЮВАО,https://www.cian.ru/rent/flat/328604135/?context=3.1D9xSymZrf8.GeIFXZNxfj4IJkbRLI33ua8sL_GJq0Dh_WUFDfrRRW2zs2HML19iQt8LXXuhdfZZ3jjT_YP2mD-cLw&mlSearchSessionGuid=314486629d27e703c3018c6e5177a550,1/14 Ещё фото,244500,23.0,9,33,,"1/14 Ещё фото Пешком до МЦД! Студия, 23 м², 9/33 этаж Перерва 4 минуты пешком Москва , ЮВАО , р-н Люблино , м. Перерва , Иловайская улица , 2 44 500 ₽/мес. От года, комм. платежи включены (без счётчиков), комиссия 30%, залог 43 000 ₽ Сдаётся светлая студия с евроремонтом и совмещённым санузлом в ЖК Люблинский Парк! Её можно посмотреть когда Вам удобно: бронируете время, забираете ключи и спокойно осматриваете. Если всё понравится, договор подпишем онлайн и будем поддерживать Вас на всех этапах аренды. В квартире есть: - Кухонный гарнитур; - Холодильник; - Стиральная машина; - Кондиционер; - Интернет проведён. Полы - ламинат и плитка. Окна выходят во двор, есть бесплатная парковка. Собственник готов заселить не более 2 взрослых жильцов с детьми. С домашним питомцем нельзя. Дом находится в районе с развитой инфраструктурой, рядом расположены: - Гипермаркет Ашан и ТЦ Бум; - Парк им. Артёма Боровика и Парк Героев Отечественной войны 1812. В пешей доступности школы и детские сады, салоны красоты и парикмахерские, кафе и закусочные, заправки и автосервисы, колледж, культурный центр, фитнес-клубы, бассейн и кинотеатр. До МЦД-2 Перерва 7 минут пешком, до м. Братиславская 20 минут. Агентство недвижимости ПИК-Аренда Документы проверены Посмотреть все объекты +7 985 687-95-... Написать вчера 13 апр, 18:32",,https://www.cian.ru/cat.php?deal_type=rent&district%5B0%5D=8&engine_version=2&offer_type=flat&room9=1&type=4&p=1,2026-04-15T05:26:51+00:00
1255,324338003,ЮВАО,https://www.cian.ru/rent/flat/324338003/?context=3.lAQPvKaLk8o.aow_21FoFmbBZ-eOwS2j5bKe-BC6j4FHO9fMRZGA52eeAXt5Z7KFPcHKjl2kUSrRSXW1svICJQZdWg&mlSearchSessionGuid=c1e4173cdc1f200a29d88c691d8431eb,1/14,245000,20.0,10,17,,"1/14 Студия, 20 м², 10/17 этаж Только на Циан Перерва 4 минуты пешком Москва , ЮВАО , р-н Люблино , м. Перерва , Иловайская улица , 2 45 000 ₽/мес. От года, комм. платежи включены (без счётчиков), комиссия 50%, залог 45 000 ₽ Сдается впервые квартира-студия в новом ЖК Люблинский парк. Район с развитой инфраструктурой, в пешей доступности от станции м. Марьино 15-20 минут, и в 5 минутах от МЦД Перерва, двор без машин, имеет закрытую территорию. В квартире имеется все необходимое для комфортного проживания 1-2 человек, новая техника и мебель, раскладывающийся диван с ортопедическим матрасом Аскона, кондиционер. Замечательный собственник рассмотрит 1 человека или пару, на длительный срок. Оперативно покажу, звоните, состав обсуждаем. У собственника могут быть предпочтения по составу проживающих. Риелтор Александр Кириллов Суперагент +7 910 536-87-... Написать два дня назад 12 апр, 11:02",,https://www.cian.ru/cat.php?deal_type=rent&district%5B0%5D=8&engine_version=2&offer_type=flat&room9=1&type=4&p=3,2026-04-15T05:26:51+00:00
1212,328051633,ЮВАО,https://www.cian.ru/rent/flat/328051633/?context=3.OC82RaMKs7A.dKFj_9-z8LonPKpGAyQCx59NMdOG0-pFyX1FP4bGUEZjS3h2PgbxtXfZsxZSEjg0t0x-sGrZSeC_Ug&mlSearchSessionGuid=4c481a351bb767bebbc1d3a028f39588,1/12,247000,20.0,23,33,,"1/12 Студия, 20 м², 23/33 этаж Только на Циан Перерва 4 минуты пешком Москва , ЮВАО , р-н Люблино , м. Перерва , Иловайская улица , 2 47 000 ₽/мес. От года, комм. платежи включены (без счётчиков), без комиссии, залог 47 000 ₽ Без комиссии! Напрямую от собственника. Сдаем уютную студию площадью 20 кв. м на 23-м этаже нового дома 2025 года постройки. Квартира находится всего в 4 минутах пешком от станции МЦД, что делает ее расположение особенно удобным для тех, кто ценит время. В квартире свежий ремонт, который создает современную и стильную атмосферу. Оборудована всей необходимой техникой: кондиционером, холодильником, посудомоечной и стиральной машинами. Удобная кровать 140*200 с ортопедическим матрасом подарит отличный сон. Комната и кухня полностью меблированы, а в ванной комнате установлена душевая кабина, что делает проживание здесь максимально комфортным. Дом оснащен четырьмя грузовыми лифтами и подземной парковкой, поэтому можно не беспокоиться о парковке вашего автомобиля. Это современное здание с высоким уровнем комфорта и безопасности. Вокруг дома развита инфраструктура. Квартира сдается в аренду от собственника без комиссии! Собственник ID 19467203 Документы проверены Назначить просмотр три дня назад 11 апр, 13:15",,https://www.cian.ru/cat.php?deal_type=rent&district%5B0%5D=8&engine_version=2&offer_type=flat&room9=1&type=4&p=2,2026-04-15T05:26:51+00:00
1243,328406963,ЮВАО,https://www.cian.ru/rent/flat/328406963/?context=3.9yVpEzHcayU.w__CWyMyNSCMzUI7j3NAVH3BB3FDqo2qO9H8x5bVH17pcKHGfwhY3rYbOn0bmsjvwIT5GY08Oti4fw&mlSearchSessionGuid=c1e4173cdc1f200a29d88c691d8431eb,1/10,247000,23.4,11,33,,"1/10 Студия, 23,4 м², 11/33 этаж Перерва 4 минуты пешком Москва , ЮВАО , р-н Люблино , м. Перерва , Иловайская улица , 2 47 000 ₽/мес. От года, комм. платежи включены (без счётчиков), комиссия 50%, залог 47 000 ₽ Представляется уютная студия в ЖК ""Люблинский Парк"" вблизи станции Перерва. Предлагаю сразу ознакомиться с видео и записываться на показ. Студия оборудована всей необходимой техникой для комфортного проживания: Заезжай и живи! Имеется удобная кровать, шкафы с местом для хранения вещей, рабочее место. А так же холодильник, СВЧ, душевая кабинка и стиральная машина. Очень приятный и отзывчивый собственник. Шикарная инфраструктура вокруг дома. В 10-ти минутах ходьбы расположена станция МЦД-2 Перерва. В пешей доступности имеются различные сетевые магазины, кафе, ПВЗ и многое другое! Прямо в доме находится супермаркет ""Пятёрочка"". Отличный внутренний двор для прогулок. Рассмотрим одного проживающего или семейную пару. Без детей и животных. Если будут вопросы обращайтесь по телефону. С уважением, Илья. Риелтор Илья Шанава Суперагент +7 986 384-28-... Написать шесть дней назад 8 апр, 13:00",,https://www.cian.ru/cat.php?deal_type=rent&district%5B0%5D=8&engine_version=2&offer_type=flat&room9=1&type=4&p=3,2026-04-15T05:26:51+00:00
1236,326149369,ЮВАО,https://www.cian.ru/rent/flat/326149369/?context=3.28LIy8MOWKc.DAaifaK83Snoaf6muFinOKS3NFf4NLiDhFV8n81hbeoQwdlaMKh-hKVpZR4oMKQmOUYcoZrT39TMkg&mlSearchSessionGuid=c1e4173cdc1f200a29d88c691d8431eb,1/27,250000,23.5,3,33,,"1/27 Студия, 23,5 м², 3/33 этаж Только на Циан Новохохловская 6 минут пешком Москва , ЮВАО , р-н Нижегородский , м. Новохохловская , Новохохловская улица , 15к2 50 000 ₽/мес. От года, комм. платежи включены (без счётчиков), комиссия 100%, залог 50 000 ₽ Сдается квартира в современном доме. В квартире есть вся необходимая мебель и техника. Высокоразвитый район: школы, детские сады, продуктовые магазины (Магнит, Пятерочка и т.п.), ТЦ Три-D, ТЦ Город. В пешей доступности МЦД Новохохловская. Ищем допропорядочных Нанимателей, преимущественно 1-2 человека, пару. Можно с ребенком. Животные обсуждаются отдельно. По оплате: - 50 тыс. р. - ежемесячный платеж (плюс 1-2 т. р. за счетчики и интернет); - 50 тыс. р. - депозит/залог (можно разбить на 2 части). Ключи у меня, показываю по договоренности. Агентство недвижимости Этажи Москва Документы проверены +7 985 873-66-... Написать 2 недели назад 25 мар, 12:03",,https://www.cian.ru/cat.php?deal_type=rent&district%5B0%5D=8&engine_version=2&offer_type=flat&room9=1&type=4&p=3,2026-04-15T05:26:51+00:00
1220,328008898,ЮВАО,https://www.cian.ru/rent/flat/328008898/?context=3.BDPqHoz1B1s.Ce2MNVy485lEtsk3keIWRtG4J3N7T0SFqm2kDdip5_20ZHpb1C4PH-4IQ_CeNA1shsezh1pTFPLquQ&mlSearchSessionGuid=4c481a351bb767bebbc1d3a028f39588,1/24,253000,23.6,26,33,,"1/24 Студия, 23,6 м², 26/33 этаж Окская 10 минут пешком Москва , ЮВАО , р-н Рязанский , м. Окская , улица Михайлова , 30Ак2 53 000 ₽/мес. От года, комм. платежи включены (без счётчиков), комиссия 50%, без залога Дoлгocрoчная аpенда (договoр нa 11 месяцeв). Cтильнaя и cветлaя студия в ЖК Михaйлoвский Пapк, площадь кв.м. 23.6. Meбель: вмeститeльный шкaф, удобный pасклaднoй диван, куxoнный гаpнитуp, обeденная зона, pабoчая зoнa, кoмод. Бытовая техника: Стиральная машина, холодильник, вытяжка, варочная панель, электрический чайник, микроволновая печь. Район обладает развитой инфраструктурой: В пешей доступности детские сады, школы, поликлиники, магазины, фитнес-клуб, ТЦ Рязанский. До большого Кусковского лесопарка со старинной усадьбой Кусково и прудом 20 минут пешком по прямой. 10 мин. ходьбы до метро Окская и в 15 мин. пешком до метро Рязанский проспект Условия проживания по Тарифу Комфортное проживание - комиссия 50% от арендного платежа; - Раннее бронирование объекта (за 3 дней до заселения); - Персональный менеджер на всех этапах аренды быстро реагирует на запросы - большинство бытовых вопросов решаем за 48 часов; - Страхование гражданской ответственности до 300 000 ₽; - Организация мелкого ремонта. - Заселение с детьми (возраст детей от 6 лет). Коммунальные платежи: электроэнергия, хвс\гвс, услуги интернет провайдера, расходы за отопление (при наличии счетчика) дома/квартиры оплачивает арендатор. Заселение только при наличии постоянной регистрации РФ Без животных Агентство недвижимости СМАРЕНТ Документы проверены +7 985 853-93-... Написать шесть дней назад 8 апр, 14:16",,https://www.cian.ru/cat.php?deal_type=rent&district%5B0%5D=8&engine_version=2&offer_type=flat&room9=1&type=4&p=2,2026-04-15T05:26:51+00:00
1183,327434422,ЮВАО,https://www.cian.ru/rent/flat/327434422/?context=3.FMD5zHhNOdE.iQzvXuFpAJOLA3xMsJKA1pCiGDm8_B1toore2fkI1bcm26zhs41TchOp2tmz9DMUUwyNt0fkqzO84w&mlSearchSessionGuid=314486629d27e703c3018c6e5177a550,1/14 Ещё фото,255000,23.2,18,25,,"1/14 Ещё фото Без депозита! Евроремонт! Студия, 23,2 м², 18/25 этаж Депо 18 минут пешком Москва , ЮВАО , р-н Люблино , м. Депо , Люблинская улица , 72Ак2 55 000 ₽/мес. От года, комм. платежи включены (без счётчиков), комиссия 60%, без залога Сдаётся светлая квартира-студия со смежным санузлом в современном ЖК Люблинский Парк, без депозита! Её можно посмотреть когда Вам удобно: бронируете время, забираете ключи и спокойно осматриваете. Если всё понравится, договор подпишем онлайн и будем поддерживать Вас на всех этапах аренды. Квартира оснащена вместительным кухонным гарнитуром, мебелью и бытовой техникой: - Холодильник; - Телевизор; - Микроволновка; - Варочная панель; - Стиральная машина; - Вытяжка; - Робот-пылесос; - Проведён интернет + WI-FI. Полы ламинат и плитка. Окна выходят во двор, на восток, есть бесплатная парковка. Собственник готов заселить не более 2 взрослых жильцов с детьми старше 3 лет и заключить договор с юридическим лицом. Можно с домашним питомцем по согласованию. Недалеко от дома: - Гипермаркет Ашан; - ТЦ Бум; - Парк им. Артёма Боровика; - Парк Героев Отечественной войны 1812 года. В пешей доступности школы и детские сады, салоны красоты, кафе, заправки и автосервисы, колледж, культурный центр, фитнес-клубы, бассейн и кинотеатр. До МЦД-2 Перерва 20 минут пешком, до м. Братиславская 19 минут на общественном транспорте. Агентство недвижимости ПИК-Аренда Документы проверены Посмотреть все объекты +7 915 255-17-... Написать вчера вчера, 15:29",,https://www.cian.ru/cat.php?deal_type=rent&district%5B0%5D=8&engine_version=2&offer_type=flat&room9=1&type=4&p=1,2026-04-15T05:26:51+00:00
1208,323960207,ЮВАО,https://www.cian.ru/rent/flat/323960207/?context=3.N219mYq38O4.UIK9Z7JK5fI7llwI9WUA288xcj81lPogTvbjXikiHkaTrGZZ18VJ_v88-_2L5GDnhjhA0_WX3xLctQ&mlSearchSessionGuid=4c481a351bb767bebbc1d3a028f39588,1/26,255000,28.0,21,33,,"1/26 Студия, 28 м², 21/33 этаж Перерва 4 минуты пешком Москва , ЮВАО , р-н Люблино , м. Перерва , Иловайская улица , 2 55 000 ₽/мес. От года, комм. платежи включены (без счётчиков), комиссия 80%, залог 60 000 ₽ Сдается уютная квартира свободной планировки в новом ЖК. В квартире есть всё для комфортного проживания: мебель, бытовая техника телевизор, холодильник, стиральная машина, кондиционер, духовка, электроплита от западных брендов, ортопедическая кровать 160200, продуманы зоны отдыха, сна, хранения и т.д. ЖК находится в окружении развитой социальной и коммерческой инфраструктуры - детский сад, различные образовательные учреждения, сетевые супермаркеты (Пятёрочка, ВкусВилл) , ПВЗ (Озон, WB), скоро открытие нескольких кафе и ресторанов. В пешей доступности - Люблинский парк, станции метро Перерва, Братиславская и Марьино. Квартира сдается на длительный срок одному 1 человеку от 30 лет без вредных привычек, без детей и животных. Риелтор Жанна Шойбекова Суперагент +7 916 632-93-... Написать вчера 13 апр, 09:49",,https://www.cian.ru/cat.php?deal_type=rent&district%5B0%5D=8&engine_version=2&offer_type=flat&room9=1&type=4&p=2,2026-04-15T05:26:51+00:00
1237,327344692,ЮВАО,https://www.cian.ru/rent/flat/327344692/?context=3.apbCq4nExo8.mEWITfp_sXdl4ukdmIIjGug3uQnScGr-H7ZwJ6W3YK-Esi2xb4xn_GaxH87WMBbQn_2pz5a1CntmVw&mlSearchSessionGuid=c1e4173cdc1f200a29d88c691d8431eb,1/11,258000,20.0,10,24,,"1/11 Студия, 20 м², 10/24 этаж Текстильщики 18 минут пешком Москва , ЮВАО , р-н Текстильщики , м. Текстильщики , 1-й Грайвороновский проезд , 3Ак2 58 000 ₽/мес. От года, комм. платежи включены (без счётчиков), без комиссии, залог 60 000 ₽ Сдаётся впервые уютная студия в новом доме в районе Текстильщики. Площадь квартиры — 20 кв. м, расположена на 10 этаже 24-этажного дома. До метро Текстильщики можно дойти пешком всего за 18 минут, до метро Новохохловская - 13 минут . В квартире сделан дизайнерский ремонт, который создаёт атмосферу современности и уюта. Обстановка продумана до мелочей: в наличии вся необходимая мебель как на кухне, так и в жилой зоне. Из техники установлены кондиционер, холодильник, духовой шкаф, индукционная варочная панель, микроволновая печь, телевизор и стиральная машина, что позволит вам чувствовать себя комфортно с первых дней проживания. В санузле — душевая кабина. Дом оборудован двумя пассажирскими и одним грузовым лифтом, а на территории имеется наземная и многоуровневая парковка. Район с развитой инфраструктурой: рядом находятся школы, детские сады, клиники и магазины. Это позволит вам решать все бытовые вопросы, не покидая район. Условия аренды: залог Квартира сдаётся на длительный срок. Без животных! Идеально подойдёт для одного человека или пары. Записывайтесь на просмотр, чтобы лично оценить эту замечательную студию! Агентам не беспокоить! Риелтор ID 309175 Документы проверены +7 985 554-52-... Написать три дня назад 11 апр, 09:34",,https://www.cian.ru/cat.php?deal_type=rent&district%5B0%5D=8&engine_version=2&offer_type=flat&room9=1&type=4&p=3,2026-04-15T05:26:51+00:00
1205,308207637,ЮВАО,https://www.cian.ru/rent/flat/308207637/?context=3.jQDul3-L0E0.EKd8sXdrR3FNy-Suiu0wmU-yMbn5n_IoNdTNU13SpAvJ-TJG9o-aM08FFr39USlHLa92uhVbzUblBA&mlSearchSessionGuid=4c481a351bb767bebbc1d3a028f39588,1/16,260000,20.0,30,33,,"1/16 Уютная видовая студия Студия, 20 м², 30/33 этаж Только на Циан Новохохловская 6 минут пешком Москва , ЮВАО , р-н Нижегородский , м. Новохохловская , Новохохловская улица , 15к2 60 000 ₽/мес. От года, комм. платежи включены (без счётчиков), без комиссии, залог 60 000 ₽ Сдаётся уютная студия в ЖК Новохохловская 15. Квартира находится на 30 этаже нового дома (2023 года постройки) и оборудована всем необходимым для комфортного проживания 1-2 человек без животных. Так, квартира оборудована необходимой мебелью и техникой (техника и мебель новая), предлагая все удобства для комфортной жизни. Окна выходят на улицу, замечательный вид. Сдаётся от собственника. Заезд возможен в день показа. Прекрасная транспортная доступность: до станций МЦК и МЦД Новохохловская всего 7 минут пешком. Удобный выезд на ТТК и МСД, садовое кольцо в 5 км. Действительно заинтересованным прошу откликаться на анкету (функция звонков скрыта из-за огромного количества агентов) Собственник ID 102197638 Документы проверены Назначить просмотр вчера вчера, 13:52",,https://www.cian.ru/cat.php?deal_type=rent&district%5B0%5D=8&engine_version=2&offer_type=flat&room9=1&type=4&p=2,2026-04-15T05:26:51+00:00
1209,328932824,ЮВАО,https://www.cian.ru/rent/flat/328932824/?context=3.D6x_gVJUOi0.Oq19E2H4LJo8z8Uq468D_nyfQMeP98gMs1ZW3fZrXIMtO9WuP41uCT_9prZtYCufCc9JS7e84tDGTQ&mlSearchSessionGuid=4c481a351bb767bebbc1d3a028f39588,1/11,260000,20.0,20,25,,"1/11 Студия, 20 м², 20/25 этаж Только на Циан Нижегородская 12 минут пешком Москва , ЮВАО , р-н Нижегородский , м. Нижегородская , Рязанский проспект , 2/2к2 60 000 ₽/мес. От года, комм. платежи включены (счётчики включены), без комиссии, залог 50 000 ₽ Сдается уютная квартира-студия в ЖК Аквилон Beside. Новый дом, сдан в 2024 г. Студия сдается впервые. В квартире: свежий ремонт, кухонный гарнитур, варочная панель, микроволновка, холодильник, стиральная машина, душевая кабина, кондиционер, шкафы для хранения, рабочий стол, Wi-Fi. Сдам одному человеку или паре. Собственник ID 70872605 +7 986 264-08-... Написать вчера 13 апр, 18:28",,https://www.cian.ru/cat.php?deal_type=rent&district%5B0%5D=8&engine_version=2&offer_type=flat&room9=1&type=4&p=2,2026-04-15T05:26:51+00:00
1216,328571046,ЮВАО,https://www.cian.ru/rent/flat/328571046/?context=3.kUVBTWHIcks.GNS4RVRyOUYOgf8vtjw2nQ8HPdkCR_2Xohbru4CzHABN1_nJt9BYhJQOAaN6TGPCW1HGwvUCj7wnIw&mlSearchSessionGuid=4c481a351bb767bebbc1d3a028f39588,1/19,260000,23.6,18,37,,"1/19 Студия, 23,6 м², 18/37 этаж Нижегородская 10 минут пешком Москва , ЮВАО , р-н Нижегородский , м. Нижегородская , Перовское шоссе , 2к2 60 000 ₽/мес. От года, комм. платежи включены (без счётчиков), комиссия 50%, без залога Дoлгоcрочная аренда (договoр нa 11 меcяцeв). Прeдcтaвляeм вaшeму внимaнию пpocторную, уютную студию плoщадью 23,6 кв.м. рacпoложeнную в ЖК Перовское. Бытовая техника: кондиционер, телевизор, хoлoдильник, варочная панель, микроволновая печь, cтиpальная машинa, элeктричecкий чайник, утюг, гладильная доска, сушилка для одежды. Есть все необходимое для комфортного и долгосрочного проживания, в т.ч. посуда. Удобства квартиры: - Вместительные системы хранения; - Обеденная зона с телевизором; - Уютная просторная комната с красивым видом из окна; - Светлая, уютная ванная комната с современной сантехникой. Дом находится в районе с развитой инфраструктурой: в шаговой доступности остановки общественного транспорта, в пешей доступности станция метро Нижегородская. Рядом с домом расположены: продуктовые супермаркеты, пункты выдачи, аптеки, кафе, рестораны. Условия проживания по Тарифу Комфортное проживание: - 50% от арендного платежа при заселении; - Раннее бронирование объекта (за 3 дня до заселения); - Персональный менеджер на всех этапах аренды быстро реагирует на запросы - большинство бытовых вопросов решаем за 48 часов; - Страхование гражданской ответственности до 0,3 млн ₽; - Организация мелкого ремонта. Коммунальные платежи: электроэнергия, хвс\гвс, услуги интернет провайдера, расходы за отопление дома/квартиры оплачивает арендатор. Заселение только при наличии постоянной регистрации РФ. Без животных Агентство недвижимости СМАРЕНТ Документы проверены +7 985 853-93-... Написать шесть дней назад 8 апр, 13:53",,https://www.cian.ru/cat.php?deal_type=rent&district%5B0%5D=8&engine_version=2&offer_type=flat&room9=1&type=4&p=2,2026-04-15T05:26:51+00:00
1247,328879931,ЮВАО,https://www.cian.ru/rent/flat/328879931/?context=3.BzERV-Jeplk.OYUPwqZDB34oKlN2FDSrP3_iJ-FArjuNLBuudtdtyxA4N8v8DsoBfHuzBxOJitqlg4Zq7CZZh87Q4A&mlSearchSessionGuid=c1e4173cdc1f200a29d88c691d8431eb,1/6,260000,20.0,4,23,,"1/6 Студия, 20 м², 4/23 этаж Только на Циан Текстильщики 10 минут на транспорте Москва , ЮВАО , р-н Текстильщики , м. Новохохловская , 1-й Грайвороновский проезд , 13к2 60 000 ₽/мес. От года, комм. платежи включены (без счётчиков), комиссия 50%, залог 60 000 ₽ Залог при необходимости разбиваем! В стоимость включены все платежи, сверху только счётчики на электричество и воду. Квартира чистая, светлая, тёплая и уютная, в отличном состоянии, полностью оборудована для проживания: мебель, интернет, микроволновая печь, посудомоечная машина, кондиционер, чайник, телевизор, стиральная машина, холодильник, много места для хранения вещей. Интеллигентный собственник. Санузел совмещенный, балкона нет. Дом новый, ухоженный подъезд, контингент приличный, соседи тихие, зимой в квартире тепло, до метро Текстильщики 20 минут пешком, так же развит транспорт до разных станций метро. Зелёный, безопасный район с развитой инфраструктурой. В пешей доступности продуктовые магазины, кафе, кинотеатры, аптеки, спортзалы, зоны для отдыха, школы, детские сады и много чего еще. Если у вас остались вопросы по квартире, либо вы хотите прийти и увидеть вживую, то звоните/пишите - Александр. Риелтор Александр Евдокимов Суперагент +7 985 782-79-... Написать три дня назад 11 апр, 22:30",,https://www.cian.ru/cat.php?deal_type=rent&district%5B0%5D=8&engine_version=2&offer_type=flat&room9=1&type=4&p=3,2026-04-15T05:26:51+00:00
1252,328975729,ЮВАО,https://www.cian.ru/rent/flat/328975729/?context=3.ThxwSt7jaW8.fodI83RuvfAXNtmyNl7-ijlDr08Umtn3t-PjRp4g9m-ZOcWx_Vr9-d6-fUuKF7EBRskv_sH3Pzaizw&mlSearchSessionGuid=c1e4173cdc1f200a29d88c691d8431eb,2/10,260000,38.0,2,2,,"2/10 Апартаменты-студия, 38 м², 2/2 этаж Текстильщики 13 минут пешком Москва , ЮВАО , р-н Текстильщики , м. Текстильщики , Грайвороновская улица , 4С2 60 000 ₽/мес. От года, комм. платежи включены (без счётчиков), комиссия 60%, залог 60 000 ₽ АПАРТАМЕНТЫ СТУДИЯ — с полноценным вторым уровнем, потолками 6 метров и фитнесом в ЖК Адрес: Грайвороновская улица, 4с2. До метро Текстильщики — 11 минут пешком. Общая площадь с двумя этажами 42 м² => внизу гостиная зона 25м², наверху полноценное спальное место, где можно стоять в полный(!) рост. Потолки 6 метров! Выполнен новый качественный ремонт, вся мебель и техника новые. В апартаментах есть всё необходимое для комфортного проживания: холодильник, телевизор с Алисой, чайник, диван, кровать с новым матрасом, места для хранения. Микроволновая печь приобретена. Красивый вид, охраняемая территория за шлагбаумом, есть собственное парковочное место. СТОИМОСТЬ: 60.000₽ Пишите, договоримся о просмотре! Залог делится, агентская комиссия 60% Риелтор Дария Крылкова Суперагент +7 985 148-24-... Написать вчера вчера, 17:48",,https://www.cian.ru/cat.php?deal_type=rent&district%5B0%5D=8&engine_version=2&offer_type=flat&room9=1&type=4&p=3,2026-04-15T05:26:51+00:00
1184,328766577,ЮВАО,https://www.cian.ru/rent/flat/328766577/?context=3.Y3UQ7gn2vpQ.65uutVPJjDI8Eknf2CM0bP_snOd4hT77CF_TST6EQIhPkUFWCGT9I2gLFSB9wdzZadPHpY26E-0Yxg&mlSearchSessionGuid=314486629d27e703c3018c6e5177a550,1/17 Ещё фото,260600,25.0,5,16,,"1/17 Ещё фото Сдаётся без депозита! Студия, 25 м², 5/16 этаж Депо 18 минут пешком Москва , ЮВАО , р-н Люблино , м. Депо , Люблинская улица , 72Ак2 60 600 ₽/мес. От года, комм. платежи включены (без счётчиков), комиссия 60%, без залога Сдаётся светлая квартира-студия с евроремонтом и совмещённым санузлом в ЖК Люблинский Парк, без депозита! Её можно посмотреть когда Вам удобно: бронируете время, забираете ключи и спокойно осматриваете. Если всё понравится, договор подпишем онлайн и будем поддерживать Вас на всех этапах аренды. Квартира оборудована кухонным гарнитуром, мебелью и бытовой техникой: - Телевизор; - Холодильник; - Стиральная машина; - Микроволновая печь; - Варочная панель; - Проведён интернет с Wi-Fi. Полы - ламинат и плитка. Окна выходят во двор, на запад, есть бесплатная парковка. Собственник готов заселить не более 2 взрослых жильцов с детьми и заключить договор с юридическим лицом. С питомцем нельзя. Недалеко от дома: - Гипермаркет Ашан; - ТЦ Бум; - Парк им. Артёма Боровика; - Парк Героев Отечественной войны 1812 года. В пешей доступности школы и детские сады, салоны красоты и парикмахерские, кафе и закусочные, заправки и автосервисы, колледж, культурный центр, фитнес-клубы, бассейн и кинотеатр. До МЦД-2 Перерва 20 минут пешком, до м. Братиславская 20 минут на общественном транспорте. Агентство недвижимости ПИК-Аренда Документы проверены Посмотреть все объекты +7 980 190-84-... Написать вчера вчера, 15:29",,https://www.cian.ru/cat.php?deal_type=rent&district%5B0%5D=8&engine_version=2&offer_type=flat&room9=1&type=4&p=1,2026-04-15T05:26:51+00:00
1188,328931683,ЮВАО,https://www.cian.ru/rent/flat/328931683/?context=3.jc2qzIZMO8g.w9gGLZTyy-snD55FiCNisw5B3WMY0dkL3RfbcsxfJwtpHGdsKc92tMFBK3jQ8Mkn9Gx-cV3GishLjw&mlSearchSessionGuid=314486629d27e703c3018c6e5177a550,2/12,266000,20.1,14,33,,"2/12 Студия, 20,1 м², 14/33 этаж Только на Циан Проверено в Росреестре Новохохловская 6 минут пешком Москва , ЮВАО , р-н Нижегородский , м. Новохохловская , Новохохловская улица , 15к2 66 000 ₽/мес. От года, комм. платежи включены (без счётчиков), без комиссии, залог 66 000 ₽ Я собственник. Сдается уютная светлая студия с дизайнерским ремонтом. Отличный вид из окна на юго-восток. 5-7 минут пешком до станции Новохохловская В квартире есть все необходимое: - Холодильник - Стиральная машина - ТВ и интернет - Плита и чайник, микроволновка - Раскладной диван с ортопедическим основанием - Оборудована душевая кабина - Шкафы и ящики для хранения Дом свежий, сдан в конце 2023 года, в ЖК есть магазины, пвз, салоны, кофейня. Ищу добропорядочных арендаторов, квартира походит для одного человека или пары. Оплата - ежемесячный платеж+депозит в размере 100% Не всегда могу ответить на звонок, если не беру трубку - пишите, обязательно отвечу. ----- Примечание: у собственника могут быть дополнительные пожелания к жильцам - обсудите их в чате или по телефону Собственник ID 115866818 +7 986 364-25-... Написать вчера вчера, 11:43",,https://www.cian.ru/cat.php?deal_type=rent&district%5B0%5D=8&engine_version=2&offer_type=flat&room9=1&type=4&p=1,2026-04-15T05:26:51+00:00
1240,328938822,ЮВАО,https://www.cian.ru/rent/flat/328938822/?context=3.Fb_9pmDVXgI.tOVQ0CdwbHz9NoiAD0pnlFfkcO6e10L0YRoYQfqCWXfa9YRqoG2K-xWMoi7NcnnAHkJaUvEVHT_jyQ&mlSearchSessionGuid=c1e4173cdc1f200a29d88c691d8431eb,2/10,270000,23.0,20,24,,"2/10 Студия, 23 м², 20/24 этаж Только на Циан Нижегородская 12 минут пешком Москва , ЮВАО , р-н Нижегородский , м. Нижегородская , Рязанский проспект , 2/2к2 70 000 ₽/мес. От года, комм. платежи включены (без счётчиков), без комиссии, залог 70 000 ₽ Собственник, сдаю прекрасную студию, м. Нижегородская, на долгий срок 10 мин до м. Нижегородская (там же БКЛ, МЦК, МЦД-4) Новостройка, 20-й этаж, 23 м², белые стены, лоджия с теплым полом. Качественная отделка под себя. Помимо стандартного набора: - измельчитель отходов в раковине - стиралка со встроенной сушкой - кондиционер - отпариватель - кровать с ортопедическим матрасом - умный чайник - качественные выключатели и сантехника (Schneider, hansgroge, grohe, ravak) Для водителей: простой выезд на ТТК и МСД, круглосуточная недорогая парковка в соседнем ТЦ. Рядом лавка с фермерскими овощами и фруктами, вкусвилл, пятерочка, аптеки, кофейни, ПВЗ (желтый, синий, розовый), фитнес. 15 мин пешком до Ашана и Лемана Про, там же большой МФЦ. Условия: Курение запрещено Без комиссии Залог (1 месяц) можно разбить на 2 месяца. Квартира готова к показу и заселению Собственник ID 67814503 Документы проверены +7 919 765-60-... Написать вчера вчера, 09:57",,https://www.cian.ru/cat.php?deal_type=rent&district%5B0%5D=8&engine_version=2&offer_type=flat&room9=1&type=4&p=3,2026-04-15T05:26:51+00:00
1251,328380402,ЮВАО,https://www.cian.ru/rent/flat/328380402/?context=3.0vEAj4XiA-0.qBJeomT9ZBsYPeB6A2tg-F7WHHqyxs9I7G75R5_tyzCwa3N0jFHk21VDMMnOGmpjqzcYjucxe5HPOw&mlSearchSessionGuid=c1e4173cdc1f200a29d88c691d8431eb,1/17,270000,30.3,7,22,,"1/17 Студия, 30,3 м², 7/22 этаж Только на Циан Площадь Ильича 8 минут пешком Москва , ЮВАО , р-н Лефортово , м. Серп и Молот , улица Крузенштерна , 2 70 000 ₽/мес. От года, комм. платежи включены (без счётчиков), комиссия 50%, залог 75 000 ₽ Сдается в первые квартира- студия редкой планировки 39,3 кв.м. с двумя окнами в доме бизнес- класса . В квартире есть все необходимое для проживания , прекрасный вид из окон , консъерж- сервис , в доме имеется подземный паркинг , территория дома огорожена . На первом этаже имеются оборудованная детская игровая комната , туалетная комната , место для общения. Требования к Арендаторам : без детей и животных, семейная пара либо один человек . ----- Примечание: у собственника могут быть дополнительные пожелания к жильцам - обсудите их в чате или по телефону ID 107146450 Документы проверены +7 985 867-59-... Написать пять дней назад 9 апр, 22:23",,https://www.cian.ru/cat.php?deal_type=rent&district%5B0%5D=8&engine_version=2&offer_type=flat&room9=1&type=4&p=3,2026-04-15T05:26:51+00:00
1198,313752293,ЮВАО,https://www.cian.ru/rent/flat/313752293/?context=3.S-VvNE8UQcE.KrUeOrese7m2ZVfPdUvmyo36vJOfQVP1KvCRgr6HdHW3ge-cx9fbvt1Wi6Cya9KGC6VGxXSxNtMq-Q&mlSearchSessionGuid=314486629d27e703c3018c6e5177a550,1/50,298000,43.0,17,17,,"1/50 Просторная студия у МЦК Дубровка Студия, 43 м², 17/17 этаж Проверено в Росреестре Дубровка 7 минут пешком Москва , ЮВАО , р-н Южнопортовый , м. Дубровка , 6-я Кожуховская улица , 15к2 98 000 ₽/мес. От года, комм. платежи включены (без счётчиков), без комиссии, залог 120 000 ₽ На последнем 17 этаже, на южной стороне одноподъездного монолитного дома 2005 года постройки, сдается просторная 43 м. студия с лоджией, полностью оборудованная и укомплектованная всем необходимым. Установлена новая сушильная машина, капсульная Nespresso, индукционная плита, фильтрация питьевой воды с осмосом, бойлер, Oled (именно Олед) телевизор с не замедляемым ютубом, Apple tv 4k с Кинопабом! (Не путать с Кинопоиском и другими бесполезными онлайн кинотеатрами) , колонкой Алисой с элементами умного дома (интерьерное освещение на голосовом управлении), домашним кинотеатром 5.1 B&W мультирум, по необходимости + xbox X. Инверторный кондиционер Fujitsu с ночным режимом 19dB и Конвекционная микроволновая печь Panasonic (оба made in Japan). В наличии хорошая, новая кухонная посуда, приборы Broggi новое белье (икея импорт)) и всё что нужно для жизни, (штопор есть!). Вам, только развесить на 120 вешалках личные вещи, в 2-х шкафах, и в прихожей разместить 27 пар обуви в обувнице. Кровать - 160/200 и доп спальное место из дивана 120/180. Не смотря на то, что дом находится рядом с ТТК, с прекрасной транспортной доступностью, в квартире тихо и можно спать с открытыми окнами. В доме приветливые соседи и круглосуточный консьерж. У дома ВСЕГДА есть бесплатные парковочные места. Рядом, в соседних домах, продуктовые сетевые магазины с алкоголем, работающие до 23:00 и один круглосуточный + большой Магнит Косметик, через дом Яндекс лавка., Аптека и тандыр Пекарня. В трех! минутах ходьбы от дома большой ТРЦ Мозаика, с фудкортом, гипер маркетом, фитнесом (DDX) флагманским Мфц и 2-х минутным переходом на станцию МЦК Дубровка. Метро Кожуховская в 12 минутах ходьбы. Недалеко находится ландшафтный парк Остров Мечты (идеально для велопрогулок) В стоимость аренды включены все платежи кроме электроэнергии. Сдаю без животных, на длительный срок ценящим чистоту, камерность и уют. Если вы хотите жить в современных условиях, но большие ЖК с маленькими деревьями и плохой шумоизоляцией вам не подходят, тогда это предложение может быть вам интересно. ID 47359882 Документы проверены +7 985 002-22-... Написать вчера вчера, 12:40",,https://www.cian.ru/cat.php?deal_type=rent&district%5B0%5D=8&engine_version=2&offer_type=flat&room9=1&type=4&p=1,2026-04-15T05:26:51+00:00
1203,328376795,ЮВАО,https://www.cian.ru/rent/flat/328376795/?context=3.1aPIrTcB_V8.Y9aW-p-stuBU7XQaRpWUTmjsIJl1lhv0hmZlB-krXAHWdlP9JMCUDSHRPpFgsZl9k6w3I4UUbC2PVw&mlSearchSessionGuid=314486629d27e703c3018c6e5177a550,1/11,336000,12.0,10,15,,"1/11 Студия, 12 м², 10/15 этаж Люблино 15 минут пешком Москва , ЮВАО , р-н Люблино , м. Люблино , Цимлянская улица , 3к3 36 000 ₽/мес. От года, комм. платежи включены (счётчики включены), комиссия 100%, залог 36 000 ₽ Показы 8 апреля СДАМ ДЛЯ ОДНОГО человека на длительный срок квартиру-студию с современным евроремонтом в новом ЖК бизнес-класса ""ВЛюблино"", район Люблино. Депозит возможно разбить на 2 части. Дом 15-этажный монолитный. Этаж 10/15, пластиковые окна, санузел совмещен. Диван двуспальный, микроволновая печь, холодильник, электро-плита, чайник, шкаф, стиральная машина (в коридоре). Инфраструктура развитая, все объекты первой необходимости расположены в пешей доступности: школа, детский сад, супермаркеты и др. Рядом парки. От станции метро Люблино - 9 минут пешком. Автобусные остановки возле дома. Оперативный показ: Москва, Цимлянская 3к3. Агентство недвижимости ЖИЛСЕРВИС Суперагент +7 915 496-36-... Написать два дня назад 12 апр, 21:31",,https://www.cian.ru/cat.php?deal_type=rent&district%5B0%5D=8&engine_version=2&offer_type=flat&room9=1&type=4&p=1,2026-04-15T05:26:51+00:00
1215,328043825,ЮВАО,https://www.cian.ru/rent/flat/328043825/?context=3.HdvzWnPkmow._V6swbi5SjXE4PuTxLVMcT76ivDAVywY8CtAlOrWSO7G-z-JCPSp5MXz8ZncQJ8kyo90avOp5jFxyg&mlSearchSessionGuid=4c481a351bb767bebbc1d3a028f39588,1/6,343000,20.0,1,12,,"1/6 Студия, 20 м², 1/12 этаж Марьино 6 минут пешком Москва , ЮВАО , р-н Марьино , м. Марьино , Новомарьинская улица , 3К3 43 000 ₽/мес. От года, комм. платежи включены (без счётчиков), комиссия 70%, залог 43 000 ₽ Арт. 133103315 Сдается студия рядом с метро. Сделан свежий ремонт и установлена новая мебель. Есть балкон. Хорошо подойдет для одного человека. Звоните. Агентство недвижимости Самолет Плюс Документы проверены +7 989 151-24-... Написать вчера вчера, 16:25",,https://www.cian.ru/cat.php?deal_type=rent&district%5B0%5D=8&engine_version=2&offer_type=flat&room9=1&type=4&p=2,2026-04-15T05:26:51+00:00
1181,324788407,ЮВАО,https://www.cian.ru/rent/flat/324788407/?context=3.HYMvKE5Fp_A.JkIOOdPooozSbcj0i1ampeZyk6tEPI-aONvom8Efp1S6AExUeL5LQycM9vSeoO7-K_JF5C2JKUZcJA&mlSearchSessionGuid=314486629d27e703c3018c6e5177a550,1/18 Ещё фото,349500,27.0,19,25,,"1/18 Ещё фото Пешком до метро! Студия, 27 м², 19/25 этаж Перерва 4 минуты на транспорте Москва , ЮВАО , р-н Люблино , м. Перерва , Люблинская улица , 74к3 49 500 ₽/мес. От года, комм. платежи включены (без счётчиков), комиссия 50%, залог 49 500 ₽ Сдаётся уютная 1-комнатная квартира с хорошим ремонтом и совмещённым санузлом в ЖК Люблинский Парк. Её можно посмотреть когда Вам удобно: бронируете время, забираете ключи и спокойно осматриваете. Если всё понравится, договор подпишем онлайн и будем поддерживать Вас на всех этапах аренды. Квартира оборудована всей необходимой для проживания мебелью и техникой, имеются: - Кухонный гарнитур; - Плита; - Стиральная машина; - Холодильник; - Интернет. Можно обсудить покупки дополнительной мебели/техники в счёт арендной платы. Полы - плитка и ламинат. Окна выходят во двор, на запад. Есть бесплатная парковка. Собственник готов заселить не более 2 взрослых жильцов с детьми. Можно с питомцем. Дом находится в районе с развитой инфраструктурой, рядом: - ТЦ Люблю Молл; - Парк Героев Отечественной войны 1812 года. Также в пешей доступности находятся продуктовые супермаркеты, школы, детские сады, медицинские учреждения, аптеки, кафе, салоны красоты. До МЦД-2 Перерва - 17 минут пешком. Агентство недвижимости ПИК-Аренда Документы проверены Посмотреть все объекты +7 916 573-01-... Написать вчера вчера, 15:29",,https://www.cian.ru/cat.php?deal_type=rent&district%5B0%5D=8&engine_version=2&offer_type=flat&room9=1&type=4&p=1,2026-04-15T05:26:51+00:00
1256,309140389,ЮВАО,https://www.cian.ru/rent/flat/309140389/?context=3.e5CXoMMjKtU.G5I8mowc1JovTJ-12A4_Pf9gn4UmpbfjOf85PNNWpbTo6FXwoa6NRTmAaH4I64r6PtDCoIce99e1lw&mlSearchSessionGuid=c1e4173cdc1f200a29d88c691d8431eb,1/5,354000,30.0,23,24,,"1/5 Студия, 30 м², 23/24 этаж Только на Циан Текстильщики 19 минут пешком Москва , ЮВАО , р-н Текстильщики , м. Текстильщики , 1-й Грайвороновский проезд , 3 54 000 ₽/мес. От года, комм. платежи включены (без счётчиков), комиссия 50%, залог 54 000 ₽ Сдаётся на длительный срок просторная светлая Студия с двумя окнами, в новом доме. Состояние отличное. Имеется вся необходимая мебель и техника для комфортного проживания. Закрытая территория. Арендная оплата+ счётчики.Депозит разбивается на два платежа. Рассматриваем граждан Европы, Азии, добропорядочных и платежеспособных жильцов. Можно с ребёнком, животное обговаривается. Риелтор Алексей Дементьев Суперагент +7 916 242-41-... Написать два дня назад 13 апр, 00:09",,https://www.cian.ru/cat.php?deal_type=rent&district%5B0%5D=8&engine_version=2&offer_type=flat&room9=1&type=4&p=3,2026-04-15T05:26:51+00:00
1196,316033389,ЮВАО,https://www.cian.ru/rent/flat/316033389/?context=3.LoxSCzCBqEc.DYazYMJHIHwuctLmfJXGX6R2KFc7xTYGLfVnHAKXAx4QaY-KJ_hDYCPN7yk7xUXYciEtxoGtX5wLtg&mlSearchSessionGuid=314486629d27e703c3018c6e5177a550,1/15,365000,25.0,6,30,,"1/15 Студия 25 кв.м Апартаменты-студия, 25 м², 6/30 этаж Проверено в Росреестре Волгоградский проспект 7 минут пешком Москва , ЮВАО , р-н Южнопортовый , м. Волгоградский проспект , Волгоградский проспект , 32/5к3 65 000 ₽/мес. От года, комм. платежи включены (без счётчиков), без комиссии, залог 65 000 ₽ Сдается собственником!!! Студия в ЖК Метрополия башня Флоренция у станции метро ""Волгоградский проспект"" - Таганско-Краснопресненская линия метрополитена (фиолетовая ветка на карте Московского метро). Южнопортовый район, Юго-Восточный административный округ столицы. Всего 3 минуты пешком от корпуса Флоренция до станции метро ""Волгоградский проспект"". Район внутри ТТК на границе с ЦАО. Идеальная локация для жизни и работы! Дизайнерский ремонт студии Транспортная доступность: • 15 минут на транспорте до Садового кольца. • Удобные выезды на ТТК, МЦК УГРЕШСКАЯ и в центр Москвы. • Рядом остановки наземного транспорта. Инфраструктура внутри ЖК: • Магазины: ВкусВилл, Клевер, Монголия, Ароматный Мир, Винлаб, Красное&Белое,Барин Дома, Точка Дыма, Деликатеска. • Аптеки Ригла,36,6, Горздрав. • Кафе и рестораны на любой вкус:Sense, Surf Coffe, Здрасте, Дом Winner, French Bakery,Деликатеска и многое другое. • Пункты выдачи заказов в соседнем доме: OZON, Wildberries, Яндекс. • Сервисы: барбершопы, салоны красоты, груминг. Химчистка LEDA. • Круглосуточная доставка всего. Образование рядом: • Школа им. Маяковского. • Частная Ломоносовская гимназия (20 минут пешком). • Вузы: МТУ, МЛГУ, МФЮА, Институт психоанализа, ИПИ НОУ. О доме - корпус Флоренция: • Вход по чип-ключу, круглосуточная охрана и видеонаблюдение на всех этажах. • 3 лифта с WIFI (1 грузовой). • В холле охрана, мягкая мебель для жильцов и гостей, видеонаблюдение. • Лаунж-зона во дворе, двор без машин. В соседнем доме со двора - ПВЗ: WB и OZON. • Подземная парковка (возможна аренда машино-места). • Территория для выгула домашних питомцев в 50 метрах от подъезда. Студия с дизайнерским ремонтом: Высота потолков 280 см • Мебель: двуспальный диван-кровать, функциональная кухня. • Техника: холодильник, индукционная плита, СВЧ, посудомоечная машина, угольная вытяжка, принудительная вентиляция в тч. В ванной - стиральная машина. • Бытовая техника: пылесос, парогенератор, фен, ТВ, Wi-Fi 500 Мбит/сек. • Дополнительно: док-станция JBL (Apple), датчики дыма в прихожей и зале, противопожарная система оповещения - громкоговоритель. Условия проживания: • Курение запрещено в апартаментах и МОП (в том числе электронных сигарет).",,https://www.cian.ru/cat.php?deal_type=rent&district%5B0%5D=8&engine_version=2&offer_type=flat&room9=1&type=4&p=1,2026-04-15T05:26:51+00:00
1186,321407694,ЮВАО,https://www.cian.ru/rent/flat/321407694/?context=3.JK-GZBwk1LM.J-x9iSz3bShlfHePxQUDJmnCa_XJiFqFHCl-xRO356uIMsQIdsVIx5i31vhcQOsZ68D7I5UokkF7cQ&mlSearchSessionGuid=314486629d27e703c3018c6e5177a550,1/15 Ещё фото,375000,30.0,20,23,,"1/15 Ещё фото Студия рядом с метро Студия, 30 м², 20/23 этаж Только на Циан Стахановская 1 минута пешком Москва , ЮВАО , р-н Рязанский , м. Стахановская , 2-й Грайвороновский проезд , 44к3 75 000 ₽/мес. От года, комм. платежи включены (без счётчиков), без комиссии, залог 75 000 ₽ Собственник предлагает аккуратным и порядочным людям студию с оптимальным метражем для аренды на длительный срок. 2 минуты пешком до м. Стахановская. Квартира находится в новом ЖК с развитой инфраструктурой- кафе, рестораны, студии фитнеса и йоги, салоны красоты, массажа, барбершопы, химчистки, пункты выдачи маркетплейсов, разнообразные продуктовые магазины и т.д. Охраняемая закрытая территория, вдоль ЖК расположен пешеходный бульвар с открытыми спортивными площадками, футбольным полем, скейт парком. Удобное транспортное расположение. Квартира с интересными интерьерными решениями , качественной отделкой, сантехникой и мебелью. В квартире предусмотрено всё для Вашего комфортного проживания: посудомоечная машина, микроволновая печь, духовой шкаф, индукционная плита, фильтр для воды,электрический чайник, холодильник, стиральная и сушильная машина, водонагреватель, smart TV, продумано много мест для хранения. Оплата: за первый месяц плюс обеспечительный платеж (стоимость аренды за месяц), который возвращается после выселения из квартиры. отдельно оплачивается интернет+коммунальные платежи по счётчикам. Собственник ID 99121972 Документы проверены Посмотреть все объекты +7 916 536-94-... Написать вчера вчера, 12:40",,https://www.cian.ru/cat.php?deal_type=rent&district%5B0%5D=8&engine_version=2&offer_type=flat&room9=1&type=4&p=1,2026-04-15T05:26:51+00:00
1194,328204522,ЮВАО,https://www.cian.ru/rent/flat/328204522/?context=3.JapPmtgQhz0.DCd0ecCpLkLDwEGkBQRDuM3QTHib59Du79oCK3uon1Dyl3-5_RmiVndi92uCOvOAbW8yfzeOELDjow&mlSearchSessionGuid=314486629d27e703c3018c6e5177a550,1/11,420000,18.0,1,22,,"1/11 Апартаменты-студия, 18 м², 1/22 этаж Только на Циан Волгоградский проспект 5 минут на транспорте Москва , ЮВАО , р-н Нижегородский , м. Калитники , Автомобильный проезд , 4 20 000 ₽/мес. От года, комм. платежи включены (без счётчиков), комиссия 60%, без залога ВАШЕМУ ВНИМАНИЮ! Описание обязательно к прочтению! Сдаются апартаменты в ЧЕРНОВОЙ отделке, как под проживание так и под свободное назначение! Ограничений к составу проживающих нет. Все разводки под коммуникации присутствуют (туалета и ванной нет!), а именно: Отопление есть Гор\хол вода есть Труба под водоотвод есть. Фото нет, есть только видео, могу выслать в личные сообщения в мессенджер. Студия теплая, если требуется лёгкий ремонт, можете сделать под себя, либо же арендовать под склад, рабочее помещение и любые другие задачи. Помещение высокое, рассчитано под двухэтажный проект. Улучшение условий проживания за счёт наймодателя не рассматриваем! В наличии есть несколько объектов схожей планировки и квадратуры в собственности, поэтому предложение всегда актуально. Показ и заселение возможно в любой день! Оперативный просмотр! Агентство недвижимости PREMIUM CITY Суперагент +7 923 077-63-... Написать 2 недели назад 26 мар, 12:17",,https://www.cian.ru/cat.php?deal_type=rent&district%5B0%5D=8&engine_version=2&offer_type=flat&room9=1&type=4&p=1,2026-04-15T05:26:51+00:00
1185,328751223,ЮВАО,https://www.cian.ru/rent/flat/328751223/?context=3.gtXLA-rXRWo.FnJCR7D8GrU7m0q3MfxGPvOxQTU1HBjl_Fvn0AE73MpXT9nEuNmmFeCf89iVXiu-7vo5KLAuH3vpRA&mlSearchSessionGuid=314486629d27e703c3018c6e5177a550,1/6,425000,17.5,11,21,,"1/6 Апартаменты-студия, 17,5 м², 11/21 этаж Только на Циан Волгоградский проспект 5 минут на транспорте Москва , ЮВАО , р-н Нижегородский , м. Калитники , Автомобильный проезд , 4 25 000 ₽/мес. От года, комм. платежи включены (без счётчиков), без комиссии, без залога Сдам на длительный срок. Если не ответил.пишите. я перезвоню. Собственник ID 130770500 +7 985 558-57-... Написать шесть дней назад 8 апр, 14:38",,https://www.cian.ru/cat.php?deal_type=rent&district%5B0%5D=8&engine_version=2&offer_type=flat&room9=1&type=4&p=1,2026-04-15T05:26:51+00:00
1254,300330709,ЮВАО,https://www.cian.ru/rent/flat/300330709/?context=3.QU7-ISxmDGk.OXMXr8be8gMaDIwwOB2gUJ30wJE6wea0gZwdCXb9Kiqpk3bPnz0aiu1HySq7ebLVi4n2CRYC0QsssQ&mlSearchSessionGuid=c1e4173cdc1f200a29d88c691d8431eb,1/15,451000,20.0,5,23,,"1/15 Студия, 20 м², 5/23 этаж Новохохловская 15 минут пешком Москва , ЮВАО , р-н Текстильщики , м. Новохохловская , 1-й Грайвороновский проезд , 13к4 51 000 ₽/мес. От года, комм. платежи включены (счётчики включены), без комиссии, залог 50 000 ₽ ЖК ""Волжский Парк"". Собственник. Прямая сделка, без комиссии. Сдам светлую студию для одного жильца. Окно на улицу (напротив многоуровневая парковка, шума нет). Вся мебель и техника новые. Кондиционер. Интерент Wi-Fi. Вход в дом и на этаж возможен по биометрии лица без ключа. - м. Текстильщики 20 минут пешком. - ст. Новохохловская 10 минут пешком. Аренда без животных. ЖКХ приблизительно 3100. ID 12449528 +7 985 856-53-... Написать вчера вчера, 09:45",,https://www.cian.ru/cat.php?deal_type=rent&district%5B0%5D=8&engine_version=2&offer_type=flat&room9=1&type=4&p=3,2026-04-15T05:26:51+00:00
1241,328179979,ЮВАО,https://www.cian.ru/rent/flat/328179979/?context=3.fUMWDDuuTIA.6vTXbY5W-Cl3F_dWhpvvSaoxZZTN8gYOp3nOuH88FbSBafG4_7t0L0ffT6s8CzMMiDQ6v9CQnidbLA&mlSearchSessionGuid=c1e4173cdc1f200a29d88c691d8431eb,1/14,457000,23.5,4,17,,"1/14 Студия, 23,5 м², 4/17 этаж Новохохловская 5 минут на транспорте Москва , ЮВАО , р-н Текстильщики , м. Новохохловская , 1-й Грайвороновский проезд , 3Ак4 57 000 ₽/мес. От года, комм. платежи включены (счётчики включены), без комиссии, залог 57 000 ₽ Новая уютная студия - идеально для одного человека или пары. Первая сдача, никто не жил. Пешая доступность до метро Новохохловская и Текстильщики. До центра - около 10 минут на метро или 25 минут на машине. Рядом вся необходимая инфраструктура: торговые центры, магазины, фитнес-клубы, кафе, рестораны, кинотеатр, скверы. О квартире: • Площадь: 23,5 м² • Новый ремонт • Полностью укомплектована - можно заехать и жить • Кухня: холодильник, плита, духовка, микроволновка, посудомоечная машина, вытяжка • Мебель: двуспальный диван с наматрасником, шкафы, рабочая зона, кухонный остров • Санузел с душевой, стиральная машина • Кондиционер • Фильтр для воды (осмос, Аквафор DWM-70) • Робот-пылесос Xiaomi • Вид из окна: во двор и на город Дом и территория: • Закрытый двор • Охрана • Парковка • Детская площадка • Магазины и пункты выдачи заказов в доме Условия для 1-2 человек Стоимость: 55 000 ₽/мес + свет и вода по счетчикам Депозит - 1 месяц (возможна разбивка) Срок аренды - от 6 месяцев Заселение сразу Показ по договоренности Фото и видео по запросу Без комиссии, не агентство Собственник ID 105348705 +7 985 085-60-... Написать вчера вчера, 08:38",,https://www.cian.ru/cat.php?deal_type=rent&district%5B0%5D=8&engine_version=2&offer_type=flat&room9=1&type=4&p=3,2026-04-15T05:26:51+00:00
1201,328650937,ЮВАО,https://www.cian.ru/rent/flat/328650937/?context=3.dbkvkU4-Fog.9_W2TfMxBjEUkMaO8X8H2ruWmSADNcx0s4lCSPRc4OqtZaBCTr3zMGtihAkuZKoxZ0ETfZZCY9JZrg&mlSearchSessionGuid=314486629d27e703c3018c6e5177a550,1/16,460000,19.8,15,17,,"1/16 Студия, 19,8 м², 15/17 этаж Ранний доступ Текстильщики 10 минут на транспорте Москва , ЮВАО , р-н Текстильщики , м. Новохохловская , 1-й Грайвороновский проезд , 3Ак4 60 000 ₽/мес. На несколько месяцев, комм. платежи включены (без счётчиков), без комиссии, залог 60 000 ₽ Предлагается студия в современном жилом комплексе. Квартира никогда не сдавалась и не использовалась для аренды — вы станете первыми жильцами. В квартире выполнен ремонт ""под ключ"" с продуманной эргономикой и качественными материалами. Идеально подойдет для аккуратного человека или семейной пары. Квартира с окнами во двор. Планировка и мебель: Установлена кровать с орто-основанием и подъемным механизмом. Под матрасом — глубокий короб для хранения. Обеденная зона с раздвижным столом. Большой распашной шкаф для одежды и обуви. Письменный стол с удобным креслом. Техника и оснащение: — индукционная варочная панель (2 конфорки, быстрый нагрев); — посудомоечная машина; — вытяжка, микроволновая печь, чайник, холодильник no frost; — кондиционер; — фильтр для воды под мойкой (питьевая вода без бутылок и кулеров); — в ванной: стиральная машина с функцией сушки, шкаф и тумба для хранения; — несколько сценариев освещения. Ecть всe нeoбxодимoe для комфopтного прoживания, в т.ч нaбoр посуды для пригoтовлeния, нaбор столoвoй поcуды и cтоловыx прибoров, разделочная доска. Подушки, одеяло, гладильная доска. Инфраструктура и расположение: Дом находится в районе с полностью сформированной инфраструктурой ""в шаге от дома"". В пешей доступности : — детский сад и общеобразовательная школа; — городская поликлиника и частный медицинский центр; — продуктовые супермаркеты и круглосуточные аптеки; — кофейни, кафе для завтраков, салоны красоты и барбершопы. Условия: — Аренда долгосрочная, договор на 11 месяцев. Если съезжаете ранее чем через 6 месяцев, депозит не возвращается) — Залог 100% — Коммунальные платежи в стоимость не входят, оплачиваются дополнительно — Без домашних животных (индивидуально обговаривается маленькая собака) — В квартире нельзя курить (стоят датчики дыма). Собственник ID 39546126 +7 985 627-68-... Написать 30 минут назад сегодня, 07:42",,https://www.cian.ru/cat.php?deal_type=rent&district%5B0%5D=8&engine_version=2&offer_type=flat&room9=1&type=4&p=1,2026-04-15T05:26:51+00:00
1226,328298236,ЮВАО,https://www.cian.ru/rent/flat/328298236/?context=3.c1v3eIXenDI.Ce1_aBQTlvzD2FDVde4NB0Ieh4lC7Bb7dqvJjsuW_0uPOaJmk5ez4bQ4zOvyEr_a4R9R6-5bicfBFg&mlSearchSessionGuid=4c481a351bb767bebbc1d3a028f39588,1/13,460000,17.0,11,17,,"1/13 Студия, 17 м², 11/17 этаж Только на Циан Волгоградский проспект 19 минут пешком Москва , ЮВАО , р-н Нижегородский , м. Калитники , Автомобильный проезд , 4 60 000 ₽/мес. От года, комм. платежи включены (без счётчиков), комиссия 50%, залог 60 000 ₽ Представляю вашему вниманию уникальную квартиру с дизайнерским ремонтом в современном монолитно-кирпичном доме 2025 года постройки. Расположенная в новом спортивном жилом комплексе Найс Лофт, эта квартира находится в пределах Третьего транспортного кольца, предлагая идеальное сочетание спокойной жизни и легкого доступа ко всем преимуществам центра Москвы. Пространство и комфорт: Просторная комната: Идеальное место для отдыха и сна. Удобная кровать и вместительный шкаф для хранения обеспечат максимальный комфорт. Современная кухня: Оснащена стильной мебелью и всей необходимой встроенной бытовой техникой, включая холодильник и микроволновую печь. Здесь вы сможете с удовольствием готовить любимые блюда. Удобства: Квартира оборудована стиральной машиной для вашего удобства. Совмещенный санузел: Выполнен в современном стиле с акцентом на качество. Высококлассная сантехника и просторная душевая кабина создают атмосферу спа-салона. Преимущества дома и ЖК: Высокий этаж: Квартира расположена на11 этаже 24-этажного дома, откуда открывается приятный вид. Современная инфраструктура: В доме функционируют два пассажирских и один грузовой лифт, обеспечивая быстрый и удобный доступ к вашему этажу. Безопасность и удобство: Для жителей комплекса предусмотрена парковка за шлагбаумом во дворе, что гарантирует безопасность ваших автомобилей. Новый спортивный ЖК: Найс Лофт — это современный жилой комплекс, где вы сможете наслаждаться активным образом жизни. Эта квартира — идеальный выбор для тех, кто ценит стиль, комфорт и удобное расположение. Добро пожаловать в ваш новый дом! Номер объекта: #1/536958/24838 Агентство недвижимости City Real Estate Документы проверены +7 916 935-64-... Написать вчера вчера, 16:20",,https://www.cian.ru/cat.php?deal_type=rent&district%5B0%5D=8&engine_version=2&offer_type=flat&room9=1&type=4&p=2,2026-04-15T05:26:51+00:00
1250,328043091,ЮВАО,https://www.cian.ru/rent/flat/328043091/?context=3.Sc78-nFnCUs.mcr35gdmsOpOUeWQGtLJvpq1EINFYs4g6sz6UYrKr5MVeBRu5vnSYi0p2-nxHVSnKmNaO6TAhwnVoA&mlSearchSessionGuid=c1e4173cdc1f200a29d88c691d8431eb,1/37,460000,24.0,10,32,,"1/37 Студия, 24 м², 10/32 этаж Только на Циан Угрешская 6 минут пешком Москва , ЮВАО , р-н Южнопортовый , м. Угрешская , Волгоградский проспект , 32/5к4 60 000 ₽/мес. От года, комм. платежи включены (без счётчиков), комиссия 50%, залог 60 000 ₽ ПОД АВАНСОМ ДО 15 АПРЕЛЯ. Юлия, Москва, ЖК ""МЕТРОПОЛИЯ"", корпус ""Владивосток"", Волгоградский проспект 32/5 к4 -5 мин. пешком от метро Волгоградский проспект. СДАЁТСЯ ВПЕРВЫЕ ВЕЛИКОЛЕПНАЯ, СТИЛЬНАЯ, УЮТНАЯ, НОВАЯ СОВРЕМЕННАЯ КВАРТИРА-СТУДИЯ С ДИЗАЙНЕРСКИМ ЕВРОРЕМОНТОМ, выполненным из качественных и дорогих материалов - грамотно-продуманное решение пространства, использован каждый сантиметр! Большое количество встроенных шкафов позволит вам комфортно разместить все вещи и гардероб. Встроенная евро-кухня под единой столешницей с абсолютно всей новой бытовой техникой: варочная поверхность, духовой шкаф, вытяжка, СВЧ, двухкамерный холодильник, ПОСУДОМОЕЧНАЯ МАШИНА. Диван-аккордеон легко превращается в комфортную двуспальную кровать с независимыми пружинами. ЖК ТВ. Санузел евростандарт совмещенный С ВАННОЙ! Стиральная машина-автомат. СУШИЛЬНАЯ МАШИНА. КОНДИЦИОНЕР. Панорамный вид из окна на солнечную внешнюю сторону. ПОЛНОСТЬЮ ГОТОВА К ЗАСЕЛЕНИЮ! Показ оперативно - по договорённости, КЛЮЧИ НА РУКАХ! На длительный срок. Оплата+счётчики. Риелтор Юлия Шарапова Суперагент +7 985 102-75-... Написать два дня назад 13 апр, 00:28",,https://www.cian.ru/cat.php?deal_type=rent&district%5B0%5D=8&engine_version=2&offer_type=flat&room9=1&type=4&p=3,2026-04-15T05:26:51+00:00
1210,328893764,ЮВАО,https://www.cian.ru/rent/flat/328893764/?context=3.cV9pa0OyOxg.oEwCFSG6f-bWMxAg6wxBAFIstg2vK-VIkpLfjSCiV5OnFOMUeXglGbLrtDcUONngm9gwfOjf33mEiA&mlSearchSessionGuid=4c481a351bb767bebbc1d3a028f39588,1/36,462000,22.0,13,17,,"1/36 Студия, 22 м², 13/17 этаж Только на Циан Текстильщики 10 минут на транспорте Москва , ЮВАО , р-н Текстильщики , м. Новохохловская , 1-й Грайвороновский проезд , 3Ак4 62 000 ₽/мес. От года, комм. платежи включены (без счётчиков), без комиссии, залог 65 000 ₽ Впервые после ремонта сдается стильная дизайнерская студия без комиссии. Продуманное пространство, новая мебель и техника, качественные материалы и ощущение абсолютно нового жилья, в которое приятно заехать сразу. В студии есть все для комфортной жизни: полноценный раскладной двухместный диван-кровать с ортопедическим матрасом, посудомоечная машина, духовой шкаф, вместительный холодильник, микроволновая печь, бесшумная стиральная машина с сушкой, удобные системы хранения. На период отключения горячей воды установлен бойлер. Также предусмотрены фильтры для очистки воды до питьевого уровня. Интерьер выполнен со вкусом, без случайных решений и эргономически - аккуратно, современно и удобно для ежедневной жизни. Рассмотрим 1-2 человек. Студия готова к заселению. Звоните и приезжайте на просмотр! Риелтор Александр Максимов Суперагент +7 923 072-32-... Написать вчера вчера, 22:40",,https://www.cian.ru/cat.php?deal_type=rent&district%5B0%5D=8&engine_version=2&offer_type=flat&room9=1&type=4&p=2,2026-04-15T05:26:51+00:00
1242,328917615,ЮВАО,https://www.cian.ru/rent/flat/328917615/?context=3.mgL7YyoyRVw.PlcP2uIhYckgTf2tlKL0xFA0PSli5jU0wlAMjzjx5Dp9Tngd2boOAuCB2C8oPWWcnrS-Uf_VqpHZzw&mlSearchSessionGuid=c1e4173cdc1f200a29d88c691d8431eb,1/13,462000,22.0,7,20,,"1/13 Студия, 22 м², 7/20 этаж Текстильщики 10 минут на транспорте Москва , ЮВАО , р-н Текстильщики , м. Новохохловская , 1-й Грайвороновский проезд , 3Ак4 62 000 ₽/мес. На несколько месяцев, комм. платежи включены (без счётчиков), без комиссии, залог 40 000 ₽ Новая, светлая и очень атмосферная квартира с продуманным интерьером в стиле бохо. Пространство оформлено в спокойной бежево-терракотовой гамме, создающей ощущение уюта и отдыха. В квартире много солнца и хороший вид из окна. V комфортная двуспальная кровать 140 с мягким изголовьем и подьемным механизмом V стильная зона отдыха с креслом и торшером V натуральные материалы и текстиль (лен, хлопок, дерево) V декоративное освещение для уютных вечеров V вместительная зона для хранения вещей V большие окна с красивым видом и хорошим естественным светом Квартира идеально подойдёт для одного человека или пары - как для проживания, так и для работы из дома в спокойной атмосфере. Зона отдыха отделена от кухонной зоны перегородкой, которая не ограничивает свет. Интерьер создаёт ощущение как в отеле, куда приятно возвращаться. P.s. на фото не хватает стола за перегородкой, при показе он будет. Новый комфортный дом в красивой внутридомовой территорией, с кафе, фитнес клубом, в пешей доступности от метро (до м. Текстильщики 15 мин), кинотеатра, сквера. Быстрый выезд с МСД. Предложение от собственника. Собственник ID 110953922 +7 986 274-30-... Написать вчера 13 апр, 23:31",,https://www.cian.ru/cat.php?deal_type=rent&district%5B0%5D=8&engine_version=2&offer_type=flat&room9=1&type=4&p=3,2026-04-15T05:26:51+00:00
1206,328627739,ЮВАО,https://www.cian.ru/rent/flat/328627739/?context=3.PLYAC7sD0NM.0lpvVf_-sCVOZAlfiM6sCuxwm_J8-hke4f-rknxkAE7tJxAY2YCPbZVyzf85ZYZ9dUZQCuwXWhezfA&mlSearchSessionGuid=4c481a351bb767bebbc1d3a028f39588,1/6,525000,19.0,3,21,,"1/6 Апартаменты-студия, 19 м², 3/21 этаж Только на Циан Калитники 11 минут пешком Москва , ЮВАО , р-н Нижегородский , м. Калитники , Автомобильный проезд , 4к5 25 000 ₽/мес. От года, комм. платежи включены (без счётчиков), без комиссии, залог 25 000 ₽ Сдаётся студия площадью 19 кв. м на третьем этаже современного 21-этажного дома. Высокие потолки 3.1 метра создают ощущение простора. Окна выходят во двор. Квартира сдаётся без ремонта и мебели. под склад,пред чистовая отделка(white-box) Дом оснащён двумя пассажирскими и одним грузовым лифтами, поэтому можно без проблем добраться до квартиры. Имеется подземная парковка для вашего автомобиля. . До ближайшей станции метро можно дойти за 10 минут, что удобно для поездок по городу. Условия аренды обсуждаются индивидуально. Возможна аренда по долгосрочному договору. Квартира сдаётся без комиссии. Звоните и записывайтесь на просмотр, чтобы лично оценить все преимущества этого предложения. Мы будем рады ответить на все ваши вопросы и показать квартиру в удобное для вас время. Есть еще апартамент в 6 корпусе на 11 этаже. Собственник ID 91147563 Документы проверены Назначить просмотр неделю назад 6 апр, 18:03",,https://www.cian.ru/cat.php?deal_type=rent&district%5B0%5D=8&engine_version=2&offer_type=flat&room9=1&type=4&p=2,2026-04-15T05:26:51+00:00
1253,328544382,ЮВАО,https://www.cian.ru/rent/flat/328544382/?context=3.ADQaBOqjv30.SllCNEZkju6FWVdtB6f8NRehfszvhUwpLlxuYzK1DOtdHZSSkxZjpoN0DKYiN64OfR6IfZrFVOX6XA&mlSearchSessionGuid=c1e4173cdc1f200a29d88c691d8431eb,1/11,555000,21.5,11,16,,"1/11 Студия, 21,5 м², 11/16 этаж Авиамоторная 12 минут пешком Москва , ЮВАО , р-н Лефортово , м. Авиамоторная , Красноказарменная улица , 14Ак5 55 000 ₽/мес. От года, комм. платежи включены (без счётчиков), комиссия 60%, залог 55 000 ₽ Сдается отличная , уютная , теплая студия на 11 этаже с прекрасным панорамой. квартире все имеется для комфортного проживания. квартира находится пеший доступности от метро , прекрасном районе . Имеется шикарный двор без машин. оперативный показ и заселение . счетчики и интернет оплачивает наниматель. Квартира под авансов до 25.04.2026 до 19-00. показа пока не будет . Риелтор Алия Анашкина Суперагент +7 915 190-89-... Написать вчера вчера, 20:45",,https://www.cian.ru/cat.php?deal_type=rent&district%5B0%5D=8&engine_version=2&offer_type=flat&room9=1&type=4&p=3,2026-04-15T05:26:51+00:00
1224,328929919,ЮВАО,https://www.cian.ru/rent/flat/328929919/?context=3.XEuc3GgMIAM.OJ6m15ZMTEXfzEIReKKuJiySqWnfvIrOI9vp6MspAbyn_hbvHT7n801Hnf4gaVOIXYXgyOtDGYCZJQ&mlSearchSessionGuid=4c481a351bb767bebbc1d3a028f39588,1/11,646000,20.0,23,26,,"1/11 Студия, 20 м², 23/26 этаж Только на Циан Проверено в Росреестре Братиславская 20 минут пешком Москва , ЮВАО , р-н Люблино , м. Перерва , Люблинская улица , 80к6 46 000 ₽/мес. От года, комм. платежи включены (без счётчиков), без комиссии, залог 40 000 ₽ Предлагается уютная студия от собственника с современным евроремонтом. Квартира полностью готова к проживанию: вся необходимая мебель и техника в наличии, включая кабельное телевидение. Особое внимание стоит уделить кондиционеру, который станет вашим спасением в жаркие летние дни. Сдается строго одному арендатору, без детей и домашних животных. Агентствам и риелторам просьба не беспокоить. Собственник ID 139284860 +7 915 462-25-... Написать вчера 13 апр, 17:15",,https://www.cian.ru/cat.php?deal_type=rent&district%5B0%5D=8&engine_version=2&offer_type=flat&room9=1&type=4&p=2,2026-04-15T05:26:51+00:00
1180,326159535,ЮВАО,https://www.cian.ru/rent/flat/326159535/?context=3.eUN6MSqCCSw.5o6N2XtJ_0HJzckFyfTuXcvcXaZIGmBlDh3uXmnb2ToweaBzYUShZOQhvYxeQ-pGpPmGgAYOI2Hyzg&mlSearchSessionGuid=314486629d27e703c3018c6e5177a550,1/14 Ещё фото,647000,19.5,14,25,,"1/14 Ещё фото Пешком до метро! Студия, 19,5 м², 14/25 этаж Перерва 12 минут пешком Москва , ЮВАО , р-н Люблино , м. Перерва , Люблинская улица , 80к6 47 000 ₽/мес. От года, комм. платежи включены (без счётчиков), комиссия 60%, без залога Сдаётся светлая квартира-студия с евроремонтом и совмещённым санузлом в ЖК Люблинский парк! Без депозита! Её можно посмотреть когда Вам удобно: бронируете время, забираете ключи или встречаетесь с нашим представителем и спокойно осматриваете. Если всё понравится, договор подпишем онлайн и будем поддерживать Вас на всех этапах аренды. В квартире есть: - Кухонный гарнитур; - Варочная панель; - Холодильник; - Стиральная машина; - Вытяжка. Полы — ламинат и плитка. Окна выходят во двор, на восток. Во дворах обустроены детские площадки, двор без машин. На территории дома есть бесплатные парковочные места. Собственник готов заселить не более 2 взрослых жильцов с детьми, обсудить оформление временной регистрации, докупить мебель/технику или заключить договор с юридическим лицом. Можно с небольшим домашним питомцем по согласованию. Дом находится в районе с развитой инфраструктурой: в пешей доступности находятся продуктовые супермаркеты, школы, детские сады, медицинские учреждения, салоны красоты. Недалеко — парк Героев Отечественной войны 1812 года. В 18 минутах пешком — станция МЦД-2 Перерва, в 20 минутах — м. Братиславская. Автомобилистам будет удобно выезжать на Люблинскую улицу. Агентство недвижимости ПИК-Аренда Документы проверены Посмотреть все объекты +7 916 760-62-... Написать вчера вчера, 15:55",,https://www.cian.ru/cat.php?deal_type=rent&district%5B0%5D=8&engine_version=2&offer_type=flat&room9=1&type=4&p=1,2026-04-15T05:26:51+00:00
1204,327807212,ЮВАО,https://www.cian.ru/rent/flat/327807212/?context=3.JD1L92AGdwY.NXTfU8wqOXbm1AoNCQuKjdXsZ1a-wjupC4gjD_pxOE3N8e9DpOmU0TCEHmImMFvcISps78_rPupZzA&mlSearchSessionGuid=314486629d27e703c3018c6e5177a550,1/24,670000,21.0,1,2,,"1/24 Апартаменты-студия, 21 м², 1/2 этаж Только на Циан Текстильщики 13 минут пешком Москва , ЮВАО , р-н Текстильщики , м. Текстильщики , Грайвороновская улица , 4С6 70 000 ₽/мес. От года, комм. платежи включены (счётчики включены), без комиссии, залог 70 000 ₽ Фото и видео реальные! Собственник! БЕЗ КОМИССИИ! Агентов просьба не беспокоить) На длительный срок сдаются уникальные двухуровневые апартаменты с отдельным входом - единственные в своем роде в Москве! Комплекс повышенного комфорта с СПОРТЗАЛОМ для жильцов. Интерьер как с Pinterest - заходишь и влюбляешься! Живите как в своем ОТДЕЛЬНОМ доме рядом с центром. Полная приватность, современный стиль и продуманный дизайн до мелочей. Всего 8 таких объектов во всем ЖК. Для тех, кто знает, чего хочет, и получает это. Двухуровневая студия с высокими потолками - светлая, уютная, с воздухом и пространством, где хочется жить и работать. В шаговой доступности: кафе, кофейни, магазины, аптеки, службы доставки. До центра Москвы - 12 минут на авто, 4 станции до Китай-города, 20 минут до Кремля. До метро Текстильщики - 10 минут пешком или 2 остановки на общественном транспорте (остановка прямо у выхода с территории, интервал движения 3 минуты). Всё для комфортной жизни: парки, спортивные и культурные объекты рядом. Новый современный апарт-комплекс с охраняемой 24/7 территорией. Бесплатная большая парковка, всегда есть место. Тихий, закрытый двор, спокойные соседи, без детских площадок. Для жильцов - бесплатный спортивный зал с современным оборудованием. На территории - пункт выдачи Ozon. Вся квартира укомплектована техникой и мебелью на заказ: Холодильник, кондиционер, посудомоечная машина. стиральная машина, микроволновка, варочная панель, телевизор, чайник, пылесос. Раскладывающийся диван (полноценное двуспальное место). Большая двуспальная кровать с новым матрасом 160 на 200, безопасная лестница, вместительные шкафы. Набор кухонной и столовой посуды для комфортного проживания. Идеально для жизни и работы, приватности и комфорта. =) Аренда - 70 000 ₽/мес. Квартплата оплачивается отдельно. Pet-friendly: можно с животными (обсуждается отдельно). Звоните отвечу на любые вопросы! Собственник ID 78088840 Документы проверены +7 989 595-43-... Написать вчера вчера, 18:25",,https://www.cian.ru/cat.php?deal_type=rent&district%5B0%5D=8&engine_version=2&offer_type=flat&room9=1&type=4&p=1,2026-04-15T05:26:51+00:00
1187,328976686,ЮВАО,https://www.cian.ru/rent/flat/328976686/?context=3.8CBVDca9SJ8.IW6f1b_u9yt08YgmxlcFxfI5haB5IwA6JW6TlDPFM5xRw6XpgG7VA6dNG9ptXqlLKGOag_FD37sEXA&mlSearchSessionGuid=314486629d27e703c3018c6e5177a550,1/9,765000,24.0,5,30,,"1/9 Студия, 24 м², 5/30 этаж Волгоградский проспект 8 минут пешком Москва , ЮВАО , р-н Южнопортовый , м. Угрешская , Волгоградский проспект , 32/3к7 65 000 ₽/мес. От года, комм. платежи включены (без счётчиков), комиссия 80%, залог 65 000 ₽ Квартира студия в ЖК Бизнес-класса. Современный ремонт. Полный комплект техники (посудомоечная машина, стиральная машина с сушкой, микроволновая печь, телевизор, кондиционер). Безопасная территория (закрытый двор, охрана, консьерж). Рядом торговый центр и современная школа. Оснащение квартиры: Теплый пол в ванной Бойлер (независимость от отключения воды). Посудомоечная машина. Стиральная машина с функцией сушки. Кровать с ортопедическим матрасом Агентство недвижимости PREMIUM CITY Суперагент +7 916 394-64-... Написать вчера вчера, 18:26",,https://www.cian.ru/cat.php?deal_type=rent&district%5B0%5D=8&engine_version=2&offer_type=flat&room9=1&type=4&p=1,2026-04-15T05:26:51+00:00
1244,328667187,ЮВАО,https://www.cian.ru/rent/flat/328667187/?context=3.ub474MQCfeA.IrRgZGWvWX99fdWFkeAGEPatEW76w3cCPyDd6k0L9wPmVxXoL8H9aSytgxPfwVYFoyB5MSTkIVzyKw&mlSearchSessionGuid=c1e4173cdc1f200a29d88c691d8431eb,1/21,1057000,30.0,13,31,,"1/21 Студия, 30 м², 13/31 этаж Только на Циан Нижегородская 9 минут пешком Москва , ЮВАО , р-н Нижегородский , м. Нижегородская , Газгольдерная улица , 10 57 000 ₽/мес. От года, комм. платежи включены (без счётчиков), комиссия 50%, залог 57 000 ₽ Квартира в монолитном доме класса комфорт +. Современный ремонт. В квартире есть все необходимое для комфортного проживания: посудомоечная машина, кондиционер, телевизор, пылесос, гладильная сушильная доска и т.д. На длительный срок. Закрытый двор без автомобилей. Метро в шаговой доступности. Оперативный показ и заселение Риелтор Вадим Белов Суперагент +7 988 194-26-... Написать вчера 13 апр, 18:34",,https://www.cian.ru/cat.php?deal_type=rent&district%5B0%5D=8&engine_version=2&offer_type=flat&room9=1&type=4&p=3,2026-04-15T05:26:51+00:00
1219,327375667,ЮВАО,https://www.cian.ru/rent/flat/327375667/?context=3.6xsXnk8IbXI.mCNM0J7qY3KtKm96_LuPFpraQl1IIXsa2_R695nLb00ABpqsHNsPuzEVHV4nAy-pcf3iE03SRUdZrg&mlSearchSessionGuid=4c481a351bb767bebbc1d3a028f39588,1/18,1058000,26.9,9,32,,"1/18 Студия, 26,9 м², 9/32 этаж Нижегородская 8 минут пешком Москва , ЮВАО , р-н Нижегородский , м. Нижегородская , Газгольдерная улица , 10 58 000 ₽/мес. От года, комм. платежи включены (без счётчиков), комиссия 50%, без залога Cдаетcя уютнaя студия ЖK Пpофит новая, свeтлая cтудия с дизaйнepcким pемoнтoм oт кoмпaнии Smarent. Квартира рacполoжeна на 9 этаже . Идeaльная тpaнcпoртнaя доступность - в 5 минутах xодьбы нaходится ст. мeтрo Hижeгорoдcкая, кoтoрая входит в крупнейший в Eвропе тpанспоpтнo-пepесадочный узел. В его составе: две станции метро, станции МЦК, МЦД и Горьковского направления МЖД. До ст. м Таганская можно добраться наземным транспортом за 20 мин, МЦК Москва Сити (Деловой Центр) 30 мин., Нескучный Сад в Парке Горького - 25 минут. Для автомобилистов удобный быстрый выезд на ТТК и Садовое Кольцо. Рядом большой торговый центр ""Город"", Леруа. Закрытый двор с детскими площадками и фитнес-зоной, а также большой подземный паркинг. Машиноместо можно снять по доступной цене. Бытовая техника: стиральная машина, холодильник, варочная панель, СВЧ печь, телевизор, электрический чайник. Есть всё необходимое для жизни УСЛОВИЯ ПРОЖИВАНИЯ: Тариф Комфортное проживание -50% от арендного платежа - Раннее бронирование объекта (за 3 дня до заселения) - Персональный менеджер на всех этапах аренды быстро реагирует на запросы - большинство бытовых вопросов решаем за 48 часов - Страхование гражданской ответственности до 0,3 млн ₽ - Организация мелкого ремонта ! Коммунальные платежи: электроэнергия, хвс\гвс, услуги интернет провайдера, расходы за отопление дома/квартиры оплачивает арендатор. ! Заселение только при наличии постоянной регистрации РФ. Строго без животных. Агентство недвижимости СМАРЕНТ Документы проверены +7 985 853-93-... Написать вчера вчера, 11:49",,https://www.cian.ru/cat.php?deal_type=rent&district%5B0%5D=8&engine_version=2&offer_type=flat&room9=1&type=4&p=2,2026-04-15T05:26:51+00:00
1207,327867504,ЮВАО,https://www.cian.ru/rent/flat/327867504/?context=3.uD9NxyO2Fcw.v64JiMW3_ft5qv7NZXIbZpWrJMQORAs4yvElaKwvt-Fp5ftzhNkqYbdC8iKVKuUfsvGNrKNp53B1xw&mlSearchSessionGuid=4c481a351bb767bebbc1d3a028f39588,1/8,1060000,33.0,18,32,,"1/8 Студия, 33 м², 18/32 этаж Только на Циан Нижегородская 9 минут пешком Москва , ЮВАО , р-н Нижегородский , м. Нижегородская , Газгольдерная улица , 10 60 000 ₽/мес. От года, комм. платежи включены (без счётчиков), комиссия 50%, залог 60 000 ₽ Эксклюзивное предложение! Сдаётся студия, от метро Нижегородская до 5 минут пешком. В квартире выполнен дизайнерский ремонт. Планировка с зонированием спальни, полноценная кухня и совмещённый санузел. Есть вся необходимая мебель и техника. Наземная парковка за шлагбаумом. При симпатии депозит разбивается. Звоните, оперативно проведём показ! Агентство недвижимости Не для галочки Суперагент +7 916 505-14-... Написать вчера вчера, 21:23",,https://www.cian.ru/cat.php?deal_type=rent&district%5B0%5D=8&engine_version=2&offer_type=flat&room9=1&type=4&p=2,2026-04-15T05:26:51+00:00
1222,326408440,ЮВАО,https://www.cian.ru/rent/flat/326408440/?context=3.MP-Np350yeM.LdX4i5p84V-p03sm-InrsujMoUYRz0XRlB1msgp8yGeMyo1tVFqLdL5Uuq-JPhr4LwhkZcCNaXx9zQ&mlSearchSessionGuid=4c481a351bb767bebbc1d3a028f39588,1/13,1065000,29.0,27,32,,"1/13 Студия, 29 м², 27/32 этаж Нижегородская 9 минут пешком Москва , ЮВАО , р-н Нижегородский , м. Нижегородская , Газгольдерная улица , 10 65 000 ₽/мес. От года, комм. платежи включены (счётчики включены), без комиссии, залог 50 000 ₽ От собственника. Если необходимо что то докупить в квартиру для комфортного проживания, обсудим, договоримся. Условия аренды: квартира сдаётся в аренду на длительный срок. Залог обсуждаются индивидуально. В квартире могут проживать один или два человека. Возможно с животными. Рассмотрю договор субаренды. Возможен аргументированный торг. ID 26355829 +7 986 304-22-... Написать вчера вчера, 15:31",,https://www.cian.ru/cat.php?deal_type=rent&district%5B0%5D=8&engine_version=2&offer_type=flat&room9=1&type=4&p=2,2026-04-15T05:26:51+00:00
1190,325424262,ЮВАО,https://www.cian.ru/rent/flat/325424262/?context=3.QQS9xp10Grc.C3AtwVGzBql1QaTQ3nyEKVK9c4sAqFrlyms-YtpSm2USLDxOQiy9TUOoJmlY1z_xZDHJN4VQi3aK2Q&mlSearchSessionGuid=314486629d27e703c3018c6e5177a550,1/14,1070000,25.6,9,31,,"1/14 Сдается впервые помле ремонта Студия, 25,6 м², 9/31 этаж Только на Циан Нижегородская 9 минут пешком Москва , ЮВАО , р-н Нижегородский , м. Нижегородская , Газгольдерная улица , 10 70 000 ₽/мес. От года, комм. платежи включены (без счётчиков), без комиссии, залог 75 000 ₽ Сдается новая стильная уютная квартира-студия общей площадью 25,6 кв м. Располагается на 12 этаже. Окна выходят на улицу. Техника в квартире: стиральная машина, индукционная варочная панель с 2 конфорками, полноразмерный холодильник, духовой шкаф с функцией микроволновки, вытяжка, кондиционер, проточный водонагреватель, электрочайник, беспроводной пылесос, утюг. Квартира обставлена удобной мебелью: полноразмерная кровать шириной 160 см с подъемным механизмом, анатомический матрас Askona (высота 17 см), прикроватная тумбочка, стеллаж, комод, большой шкаф для одежды, обеденный стол с 2 стульями, пуфик, зеркало. Также есть стремянка и гладильная доска. Санузел с ванной (170 см) площадью 3,2 кв м. Кроме того имеется набор посуды: кастрюли, сковорода, чашки, тарелки, салатники, столовые приборы. Квартира сдается впервые после ремонта. Договор найма заключается на 11 месяцев Коммунальные платежи: электроэнергия, ХВС, ГВС, отопление, интернет оплачиваются арендатором. Риелтор Марианна Маринычева Суперагент +7 915 267-45-... Написать вчера вчера, 16:25",,https://www.cian.ru/cat.php?deal_type=rent&district%5B0%5D=8&engine_version=2&offer_type=flat&room9=1&type=4&p=1,2026-04-15T05:26:51+00:00
1221,327917847,ЮВАО,https://www.cian.ru/rent/flat/327917847/?context=3.fGPqo69gUr0.sokuEZAze2UKLBfkJQuOBO7n_8wLUhrtFWcskGezqlJq2Xw6wMQBs_1SBs3-sn8qbAib1uuY_509Dg&mlSearchSessionGuid=4c481a351bb767bebbc1d3a028f39588,1/14,2027000,29.2,5,23,,"1/14 Апартаменты-студия, 29,2 м², 5/23 этаж Только на Циан Волгоградский проспект 2 минуты пешком Москва , ЮВАО , р-н Южнопортовый , м. Волгоградский проспект , Новоостаповская улица , 20 27 000 ₽/мес. От года, комм. платежи включены (без счётчиков), без комиссии, залог 25 000 ₽ Арт. 129551791 На длительный срок сдаётся студия в ЖК HighWay 29.2 метра, строго под склад. 1 минута до метро Волгоградский проспект, 15 минут до станции МЦК Угрешская и до станции метро Дубровка. Агентство недвижимости Мечты в квадрате Суперагент +7 986 263-98-... Написать вчера вчера, 17:40",,https://www.cian.ru/cat.php?deal_type=rent&district%5B0%5D=8&engine_version=2&offer_type=flat&room9=1&type=4&p=2,2026-04-15T05:26:51+00:00
1192,328323673,ЮВАО,https://www.cian.ru/rent/flat/328323673/?context=3.cm_RLOBUxR0.pt-aMvbK5WJdfOoajai1JjYalAcyzytfSksQOhfD2vRixahjF3Xwl4RtLoddd73Di4rL3-pJK6tWkA&mlSearchSessionGuid=314486629d27e703c3018c6e5177a550,1/15,2057500,23.0,16,25,,"1/15 Комиссия 0% + Самая низкая цена! Апартаменты-студия, 23 м², 16/25 этаж Только на Циан Волгоградский проспект 3 минуты пешком Москва , ЮВАО , р-н Южнопортовый , м. Волгоградский проспект , Новоостаповская улица , 20 57 500 ₽/мес. От года, комм. платежи включены (без счётчиков), без комиссии, залог 57 500 ₽ УНИКАЛЬНОЕ ПРЕДЛОЖЕНИЕ: 1) Без комиссии для арендатора ! 2) Самая низкая цена за дизайнерскую студию в ЖК бизнес-класса в пределах ТТК ! 3) До метро 1 мин пешком ! Сдается на длительный срок стильная студия 23 кв.м. с дизайнерским ремонтом в современном ЖК бизнес-класса ХайВэй. АДРЕС: г. Москва, ул. Новоостаповская, д. 20. ЭТАЖ: 16 из 25. ПЛОЩАДЬ: 23 кв.м. (комната 18 кв.м., кухня-гостиная 5 кв.м.). РЕМОНТ: Объект в идеальном состоянии, дизайнерский ремонт. ОТДЕЛКА САНУЗЛА: Совмещенный санузел с душевой кабиной. ПОЛНОЕ ОСНАЩЕНИЕ МЕБЕЛЬЮ И ТЕХНИКОЙ: • Кондиционер. • Большой холодильник. • Стиральная машина. • Стеклокерамическая варочная панель. • Вытяжной шкаф. • Микроволновая печь. • ! 3 ОГРОМНЫХ ГАРДЕРОБНЫХ ШКАФА ! ЛОКАЦИЯ И ТРАНСПОРТ: • 1 минута пешком до м. Волгоградский проспект. • 10 минут пешком до м. Дубровка. • 12 минут пешком до м. Угрешская. • 10 минут на автомобиле до Садового кольца. • 10 минут до центра Москвы на метро. ИНФРАСТРУКТУРА ЖК ХАЙВЭЙ: • Комплекс бизнес-класса с подземным паркингом. • Вся необходимая инфраструктура. •Прямо в доме продуктовый супермаркет Дикси. • Скоро в ЖК будет открыт собственный фитнес-центр с бассейном World Class. • Закрытая охраняемая территория с видеонаблюдением. • Благоустроенный двор. ФИНАНСОВЫЕ И ОРГАНИЗАЦИОННЫЕ УСЛОВИЯ: • Собственник действует как ИП. Аренда возможна как для физических лиц, так и для юридических лиц (для проживания конкретного сотрудника, указываемого в договоре). • ВСЯ ОПЛАТА СТРОГО ПО БЕЗНАЛИЧНОМУ РАСЧЕТУ. • ДЛЯ ПРОЖИВАНИЯ 1 ЧЕЛОВЕКА ИЛИ СЕМЕЙНОЙ ПАРЫ БЕЗ ДЕТЕЙ! • ПРОЖИВАНИЕ С ЖИВОТНЫМИ НЕ ДОПУСКАЕТСЯ. • В стоимость аренды включены коммунальные платежи. Дополнительно оплачиваются: электроэнергия, вода по счетчикам, интернет. Риелтор ID 123676766 Документы проверены +7 985 041-16-... Написать вчера вчера, 21:10",,https://www.cian.ru/cat.php?deal_type=rent&district%5B0%5D=8&engine_version=2&offer_type=flat&room9=1&type=4&p=1,2026-04-15T05:26:51+00:00
1239,328729519,ЮВАО,https://www.cian.ru/rent/flat/328729519/?context=3.GVADQayt9QY.ukHa2_-NHcrkuIlS_pPvVwzhG4RsfJogE0EyDWs8EctdZRhdMGfdzIcP1mnjLvZnybLVm3KFjl0kqQ&mlSearchSessionGuid=c1e4173cdc1f200a29d88c691d8431eb,1/8,2058000,23.5,21,23,,"1/8 Апартаменты-студия, 23,5 м², 21/23 этаж Только на Циан Волгоградский проспект 3 минуты пешком Москва , ЮВАО , р-н Южнопортовый , м. Волгоградский проспект , Новоостаповская улица , 20 58 000 ₽/мес. От года, комм. платежи включены (без счётчиков), комиссия 60%, залог 30 000 ₽ Современная студия 23 м2! 2 минуты от станции метро Волгоградский проспект или 7 минут от метро Угрешская. 10 минут до Кремля, рядом Третье транспортное кольцо, удобно добираться в любую точку города. Максимально комфортное проживание вам обеспечено. Круглосуточная охрана подъезда и территории. Высота потолков под 2,8 метра. Современный дизайн, и мебель. Новая техника (кондиционер, встроенный холодильник, плита, стиральная машина, телевизор, СВЧ). Большая ванна Индивидуальное отопление с возможностью регулировки каждой батареи. Коммунальные платежи по счетчикам. Популярный Жилой комплекс ЖК ""Хайвей"". Расположен в отличном районе города Москвы с сложившейся инфраструктурой района. Недалеко от комплекса: Крупнейший развлекательный комплекс ""Остров мечты"", Коломенский парк, Современная архитектура и авторская отделка корпусов. Благоустроенная и охраняемая территория. Собственный подземный паркинг, оригинальные современные детские площадки. Квартира сдается ВПЕРВЫЕ. Порядочный и доброжелательный собственник. Желаю Удачи! Риелтор Дмитрий Сыромятников Суперагент +7 986 323-66-... три дня назад 11 апр, 11:15",,https://www.cian.ru/cat.php?deal_type=rent&district%5B0%5D=8&engine_version=2&offer_type=flat&room9=1&type=4&p=3,2026-04-15T05:26:51+00:00
1258,328057567,ЮВАО,https://www.cian.ru/rent/flat/328057567/?context=3.V2aLRiQvaSg.cp25soyBkXH7ya0-Z0HpxdtSngptIKS5G5J-AfQ1OHtDlSqkOIRJfEb5MJgGCNuEO-Qm5HeejwlKbw&mlSearchSessionGuid=c1e4173cdc1f200a29d88c691d8431eb,1/10,2060000,23.0,3,23,,"1/10 Апартаменты-студия, 23 м², 3/23 этаж Только на Циан Волгоградский проспект 3 минуты пешком Москва , ЮВАО , р-н Южнопортовый , м. Волгоградский проспект , Новоостаповская улица , 20 60 000 ₽/мес. От года, комм. платежи включены (без счётчиков), комиссия 50%, залог 60 000 ₽ К Вашему вниманию предлагается: Новые Светлые апартаменты с удобным месторасположением, с качественной современной отделкой, разные вариации освещения, мягкий диван- кровать на два спальных места, сделанная на заказ кухня со встроенной техникой и большим количеством места под хранения вещей, смесители из латуни. Весь комплект посуды и кухонной утвари для комфортного проживания есть, ничего с собой привозить нет необходимости. Туалетная комната оснащена стиральной- сушильной машиной, огромной столешницей с раковиной из искусственного камня, большое зеркало с подсветкой, душевая кабина с тропическим душем, шкафы для хранения. В прихожей огромный шкаф- гардеробная для хранения одежды. Наполнение апартаментов: пылесос, кондиционер, холодильник, посудомоечная машина, стирально-сушильная машина, телевизор, доп кровать, 3 комплекта постельного белья, полотенца, чистящие средства. Расположение рядом с метро и центром Москвы, светлые комфортабельные апартаменты, закрытая охраняемая территория, собственный двухэтажный фитнес-клуб с бассейном, подземный паркинг, благоустроенный закрытый двор с ландшафтным озеленением и детскими площадками, модные кафе, магазины, салоны красоты, высокий уровень сервиса. Риелтор Людмила Сухорукова Суперагент +7 986 807-79-... Написать вчера 13 апр, 08:39",,https://www.cian.ru/cat.php?deal_type=rent&district%5B0%5D=8&engine_version=2&offer_type=flat&room9=1&type=4&p=3,2026-04-15T05:26:51+00:00
1248,328856050,ЮВАО,https://www.cian.ru/rent/flat/328856050/?context=3.zb1MA7436Tg.O9UxUicjOx-6TO6bBwW3kjY0qh4KXXD8B0Hesgo766H6O4MjjwiqtNBUjvUSKEbwp6-FsRic5KAMQg&mlSearchSessionGuid=c1e4173cdc1f200a29d88c691d8431eb,1/10,2065000,23.0,9,24,,"1/10 Студия, 23 м², 9/24 этаж Только на Циан Волгоградский проспект 3 минуты пешком Москва , ЮВАО , р-н Южнопортовый , м. Волгоградский проспект , Новоостаповская улица , 20 65 000 ₽/мес. От года, комм. платежи включены (без счётчиков), без комиссии, залог 65 000 ₽ Студия 23 квадрата, свежий ремонт, все новое. Квартира сдается строго НЕ курящим и без животных. Я собственник, агентам скидываю. Сдача по договору, без комиссии за сдачу Собственник ID 140606392 +7 916 958-56-... Написать вчера вчера, 13:55",,https://www.cian.ru/cat.php?deal_type=rent&district%5B0%5D=8&engine_version=2&offer_type=flat&room9=1&type=4&p=3,2026-04-15T05:26:51+00:00
1178,328255372,ЮВАО,https://www.cian.ru/rent/flat/328255372/?context=3.Z4uww_-1GIQ.W2t4qsY-v4GE9LKIRLWnbOxIXXnei01wzDEwJ4owGNMXUcS-Nuwrgk1z49mK6bx43kRKeZEPUfd4OQ&mlSearchSessionGuid=314486629d27e703c3018c6e5177a550,1/18 Ещё фото,2067000,27.0,11,23,,"1/18 Ещё фото Апартаменты-студия, 27 м², 11/23 этаж Волгоградский проспект 3 минуты пешком Москва , ЮВАО , р-н Южнопортовый , м. Волгоградский проспект , Новоостаповская улица , 20 67 000 ₽/мес. От года, комм. платежи включены (без счётчиков), комиссия 60%, залог 67 000 ₽ ВАШЕМУ ВНИМАНИЮ! м.Волгоградский проспект - 2 минуты пешком! Предлагается, светлая, уютная квартира. Квартира в отличном состоянии, после ремонта. Полностью укомплектована всей необходимой мебелью и техникой для комфортного проживания. В шаговой доступности магазины одежды и обуви, салоны красоты, бытовые услуги, спортклуб, продуктовые магазины. Заселение день в день. Оперативный показ. По всем вопросам звонить 24/7. Агентство недвижимости PREMIUM CITY Документы проверены Посмотреть все объекты +7 985 586-44-... Написать вчера вчера, 16:42",,https://www.cian.ru/cat.php?deal_type=rent&district%5B0%5D=8&engine_version=2&offer_type=flat&room9=1&type=4&p=1,2026-04-15T05:26:51+00:00
1232,328676245,ЮВАО,https://www.cian.ru/rent/flat/328676245/?context=3.ht5m7gp3mAc.EFktoNxUPIOS7QuZoeHOp5ja8idnD-l25LggI3zpuKgmFAXQlVBAeFo602CvzARyi8zyqxOzVpnRlw&mlSearchSessionGuid=4c481a351bb767bebbc1d3a028f39588,1/11,2069000,27.5,10,23,,"1/11 Апартаменты-студия, 27,5 м², 10/23 этаж Волгоградский проспект 3 минуты пешком Москва , ЮВАО , р-н Южнопортовый , м. Волгоградский проспект , Новоостаповская улица , 20 69 000 ₽/мес. От года, комм. платежи включены (без счётчиков), без комиссии, залог 40 000 ₽ Сдаётся уютная студия с дизайнерским ремонтом в шаговой доступности от метро Волгоградский проспект — всего 2 минуты пешком. Квартира расположена на 10 этаже 23-этажного дома, общая площадь — 27.5 кв. м, высота потолков — 2.7 метра. В квартире никто не жил. Мебель и техника новое. В студии есть всё необходимое для комфортного проживания: кондиционер, холодильник, телевизор и стиральная машина. Совмещённый санузел оборудован современной душевой кабиной. Стильный интерьер и продуманная планировка создают атмосферу уюта и удобства. Дом находится в ЖК Хайвей, имеется подземная парковка, три пассажирских и один грузовой лифт, а также стабильный доступ в интернет. Все условия для комфортной жизни. Район предлагает развитую инфраструктуру: рядом находятся школы, детские сады, клиники и магазины, поэтому можно быстро добраться до всего необходимого. Условия аренды: договор аренды, обсуждаемый срок проживания, депозит. Квартира сдаётся без комиссии. Приезжайте на просмотр, чтобы оценить все преимущества этой студии. Запись на просмотр по телефону. Собственник ID 105019842 +7 916 467-10-... Написать вчера вчера, 13:58",,https://www.cian.ru/cat.php?deal_type=rent&district%5B0%5D=8&engine_version=2&offer_type=flat&room9=1&type=4&p=2,2026-04-15T05:26:51+00:00
1223,327143324,ЮВАО,https://www.cian.ru/rent/flat/327143324/?context=3.ekS7orFb3Qk.zbTxPFw6SsdeOBSw3zv7DmRSdNMewxZKWuH5TaRDzsQUt8y29dFHAthWkNaPWoNYTSAIkDhyW6qczA&mlSearchSessionGuid=4c481a351bb767bebbc1d3a028f39588,1/9,2069900,26.0,22,23,,"1/9 Апартаменты-студия, 26 м², 22/23 этаж Волгоградский проспект 3 минуты пешком Москва , ЮВАО , р-н Южнопортовый , м. Волгоградский проспект , Новоостаповская улица , 20 69 900 ₽/мес. От года, комм. платежи включены (без счётчиков), комиссия 50%, залог 75 000 ₽ Id 60982. Сдается просторная студия в ЖК ""HighWay"" ! Об апартаменте: - Квартира оснащена всей необходимой мебелью и техникой. - Большое панорамное окно. - Дизайнерский ремонт на стадии завершения. - Полностью укомплектована Главные преимущества комплекса Хайвей: - Метро ""Волгоградский проспект"" в 3 минутах ходьбы. - До центра города 10 минут на метро! - На первых этаж уже работает продуктовый магазин ""Дикси"", также в комплексе открыты пункты выдачи ""Ozon"" и ""Wildberries"" - Летом будет открыт фитнес-клуб с бассейном, до которых можно добраться не выходя из подъезда! - Закрытая территория с пропускной системой. - Подземный паркинг. - ЖК находится в активно развивающемся районе Москвы. - Рядом расположен торговый центр ""Дубровка"" известный своими положительными отзывами. Рассмотрим предложения, звоните для записи на показ, отвечаю быстро! Агентство недвижимости EstateLiga Документы проверены +7 916 863-15-... Написать вчера вчера, 10:53",,https://www.cian.ru/cat.php?deal_type=rent&district%5B0%5D=8&engine_version=2&offer_type=flat&room9=1&type=4&p=2,2026-04-15T05:26:51+00:00
1229,327359127,ЮВАО,https://www.cian.ru/rent/flat/327359127/?context=3.zcuOC602IrA.SZIl_lnzShyB1UYsJS-Vf92hlbjFUneFGFBjzQ0sxbphcDplA_kwiVPNy1q0bUHyCc0hi5RNhgVndQ&mlSearchSessionGuid=4c481a351bb767bebbc1d3a028f39588,1/20,2069999,35.0,8,23,,"1/20 Апартаменты-студия, 35 м², 8/23 этаж Волгоградский проспект 3 минуты пешком Москва , ЮВАО , р-н Южнопортовый , м. Волгоградский проспект , Новоостаповская улица , 20 69 999 ₽/мес. На несколько месяцев, комм. платежи включены (без счётчиков), без комиссии, залог 70 000 ₽ СДАЕТСЯ комфортная, просторная, видовая студия 35 м2 в новом ЖК HighWay, всего в минуте (реально!) пешком от станции метро Волгоградский проспект (дом сдан в 2025 году). До центра города 10 минут на метро! Современный монолитный дом, комфортный 8 этаж. Окна во двор. Закрытая охраняемая территория, круглосуточная охрана, видеонаблюдение, двор без машин. Сделан абсолютно новый качественный ремонт, современная отделка, натяжные потолки (комфортное освещение), теплые полы. Первые жильцы! В квартире есть всё необходимое для комфортного проживания, вся бытовая техника и мебель в наличии в отличном состоянии: - Шикарный кухонный гарнитур со встроенной техникой, включая варочную панель, посудомоечную машину. Есть холодильник, капсульная кофеварка, микроволновка, чайник, имеется вся необходимая посуда. - Совмещённый санузел. Есть стиральная машина с сушкой, электрический водонагреватель (на случай профилактического отключения воды), электрический полотенцесушитель. - Кровать 160*200 с матрасом средней и высокой жесткости, прикроватные тумбочки. Удобный диван для отдыха, с мягкими декоративными подушками, торшер. - Удобные места хранения: вместительный 4-х створчатый шкаф с зеркалами, и просторный 2-х створчатый шкаф в прихожей. - Smart TV, кондиционер, пылесос. Квартира в которой хочется жить! Инфраструктура ЖК: - Скоростные лифты, подземный паркинг. - Дворы с озеленением, лаунж-зонами, детскими площадками. Спортивные тренажеры для взрослых - Летом на территории комплекса будет открыт фитнес-клуб с бассейном. - ЖК находится в активно развивающемся районе Москвы. Удобная транспортная развязка позволяет быстро добраться до центра города и других районов, обеспечивая комфортную жизнь без лишних хлопот. - Рядом магазины, кафе, поликлиники. На первых этаж уже работает продуктовый магазин ""Дикси"", также в комплексе открыты пункты выдачи ""Ozon"" и ""Wildberries"" Условия аренды: - Цена: 69999 (ЖКУ включено в аренду) - Дополнительно: оплата по счетчикам (свет, вода, тепло) - Оплата: первый + последний месяц при заселении. Без комиссии агента! - Долгосрочная аренда (от 6 месяцев); - Только для некурящих; Отличный вариант для супружеской пары. Рассмотрим приличных и платёжеспособных, аккуратных людей. Кварт",,https://www.cian.ru/cat.php?deal_type=rent&district%5B0%5D=8&engine_version=2&offer_type=flat&room9=1&type=4&p=2,2026-04-15T05:26:51+00:00
1211,327283374,ЮВАО,https://www.cian.ru/rent/flat/327283374/?context=3.TyLYs4WUs_I.7GUirv9O1hFx5qKCvnWUMxhk42qfBWw6_1tEq5AU4c9RrWsKicncPxQ6etbbl0d6OJz70irUmdcLOw&mlSearchSessionGuid=4c481a351bb767bebbc1d3a028f39588,1/27,2070000,37.0,6,23,,"1/27 Апартаменты-студия, 37 м², 6/23 этаж Дубровка 15 минут пешком Москва , ЮВАО , р-н Южнопортовый , м. Волгоградский проспект , Новоостаповская улица , 20 70 000 ₽/мес. От года, комм. платежи включены (без счётчиков), комиссия 70%, залог 70 000 ₽ Впервые,любовь с первого взгляда ! Это та самая квартира в которой хочется жить! Она прекрасна! поторопитесь ! Всего в минуте ходьбы от метро,в новом стильном доме HighWay сдается обалденная ,комфортная,просторная студия 37 кв.м,для современных людей. Она просто куколка! Натяжные потолки,теплые полы,выполнен качественный свежий евро ремонт. Техника и мебель дорогая,красивая. Большой,вместительный шкаф ! Установлена шикарная кухня,установлены фильтры для чистки воды. Имеется посуда,встроенная посудомоечная машина! Все абсолютно новое! Уютная атмосфера создана для вашего комфортного проживания. Оплата коммунальных услуг полностью оплачивается нанимателем,согласно квитанции,сверху арендной оплаты. Достойная студия. Собственники замечательные люди. Рассмотрим на длительный срок платежеспособных,аккуратных людей. Риелтор Инна Светлова Суперагент +7 986 304-21-... Написать вчера 13 апр, 18:37",,https://www.cian.ru/cat.php?deal_type=rent&district%5B0%5D=8&engine_version=2&offer_type=flat&room9=1&type=4&p=2,2026-04-15T05:26:51+00:00
1214,327843023,ЮВАО,https://www.cian.ru/rent/flat/327843023/?context=3.UOdCyIDOCvI.JCN8v3BmeLEPKd5wKNiKidTJ1GmtDZyFkFHcewRc0xs5dmOGhC2DTPccTBbmjyStPWYqw6Q_XU149A&mlSearchSessionGuid=4c481a351bb767bebbc1d3a028f39588,1/13,2070000,36.0,10,23,,"1/13 Апартаменты-студия, 36 м², 10/23 этаж Волгоградский проспект 3 минуты пешком Москва , ЮВАО , р-н Южнопортовый , м. Волгоградский проспект , Новоостаповская улица , 20 70 000 ₽/мес. От года, комм. платежи включены (без счётчиков), комиссия 40%, залог 70 000 ₽ Великолепная студия с только что завершенным евро ремонтом в Жк бизнес класса Хай Вэй. Комплекс расположен в непосредственной близости от метро Волгоградский проспект. В доме первые этажи нежилые, тут будет расположена вся инфраструктура (магазины, салоны, кафе, пвз) Закрытая и охраняемая придомовая территория, двор без машин, есть подземный паркинг. Студия очень просторная - 36 квадратных метров. Предусмотрено много мест для хранения. Для вашего комфорта установлена откидная кровать, которая убирается легким движением и на спальном месте остается уютный диван. В комнате большой шкаф и шкаф-купе на входе для верхней одежды. Кухня укомплектована всей встроенной техникой. Сплит система. Панорамное окно в пол выходящее на юго-западную сторону, квартира очень светлая и просторная. Приобреталась исключительно для сдачи в аренду, сдаётся на длительный срок. Риелтор Анна Шутова Документы проверены +7 910 536-92-... Написать вчера вчера, 21:30",,https://www.cian.ru/cat.php?deal_type=rent&district%5B0%5D=8&engine_version=2&offer_type=flat&room9=1&type=4&p=2,2026-04-15T05:26:51+00:00
1238,328394404,ЮВАО,https://www.cian.ru/rent/flat/328394404/?context=3.L4el4rEeYEo.h7q8Fi4l7fD52FbCnzeaPekitUC2chwKClXuShJfPlc4EIfdUYUQ_P-zA15U0sCQ2yjMSPtKU5C0pQ&mlSearchSessionGuid=c1e4173cdc1f200a29d88c691d8431eb,1/20,2070000,21.7,11,23,,"1/20 Апартаменты-студия, 21,7 м², 11/23 этаж Только на Циан Волгоградский проспект 3 минуты пешком Москва , ЮВАО , р-н Южнопортовый , м. Волгоградский проспект , Новоостаповская улица , 20 70 000 ₽/мес. От года, комм. платежи включены (без счётчиков), без комиссии, без залога долгосрочная аренда! От года! дизайнерский ремонт. бытовая техника Haier, телевизор яндекс с Алисой , интернет вай фай , фильтра на общую и питьевую воду, система протечки нептун, видео домофон, стиральная машинка с сушкой,утюг, ручной пылесос, чайник, фен все Haier. резервный проточный водонагреватель. инверторный бесшумный кондиционер Haier. мастер выключатель. usb розетки в удобных местах. гладильная доска. очень много места для хранения. все продумано и эргономично, диван раскладывается. обеденный Стол раздвигается . шторы в спальной зоне Блэк аут, по факту 3 спальных места. ремонт сделан из качественных материалов! мебель изготовлена из лдсп egger. сантехника качественная! станция метро прям у подъезда. окна выходят не на дорогу!!! в жк есть фитнес зал, бассейн, магазины, кафе. только после ремонта! звонки бывают не проходят, блокирует спам. так что пишите, отвечу! видеообзор по запросу. возможна временная регистрация. возможна оплата по безналу( условия обсуждаются). Собственник ID 61899843 +7 916 478-51-... Написать вчера вчера, 03:03",,https://www.cian.ru/cat.php?deal_type=rent&district%5B0%5D=8&engine_version=2&offer_type=flat&room9=1&type=4&p=3,2026-04-15T05:26:51+00:00
1202,328983765,ЮВАО,https://www.cian.ru/rent/flat/328983765/?context=3.STAR4FZC5iw.Z59TmTFsOaLGuoRnLwL25DhPoB0nfU1oVZOmRplfVc5Iydegj4GWM3I7km9_4ckRLDMpfPEPkClqtA&mlSearchSessionGuid=314486629d27e703c3018c6e5177a550,1/26,2074000,27.0,14,20,,"1/26 рядом с центром | 1 мин метро Апартаменты-студия, 27 м², 14/20 этаж Волгоградский проспект 3 минуты пешком Москва , ЮВАО , р-н Южнопортовый , м. Волгоградский проспект , Новоостаповская улица , 20 74 000 ₽/мес. От года, комм. платежи включены (без счётчиков), без комиссии, залог 74 000 ₽ Москва, м. Волгоградский проспект — 1 минута пешком Прямая ветка до центра: всего 9 минут до Китай-города Сдаётся на длительный срок (от 11 месяцев) новая дизайнерская студия в современном ЖК бизнес-класса. О квартире — Панорамные окна с видом на тихую Новоостаповскую улицу — Новый дизайнерский ремонт — Полностью готова к проживанию — заезжай и живи Зона спальни — Удобная кровать с ортопедическим матрасом — Продуманное освещение — Розетки у кровати — Система хранения Гостиная зона — Диван-кровать — Smart TV — Вместительный шкаф с антресолью — Обеденный стол Рабочее место — Стол и удобный стул — Освещение — Розетки Кухня — Встроенный холодильник — Духовой шкаф и варочная панель — Продуманная подсветка Санузел — Душевая — Стиральная машина — Полотенцесушитель — Места для хранения Прихожая — Вместительный шкаф Техника и удобства Wi-Fi, телевизор, стиральная машина, холодильник, духовка, варочная панель, пылесос — всё в наличии О доме и комплексе — Новый дом (сдан в 2025 году, возможны ремонтные работы) — ЖК бизнес-класса — Закрытая территория и охрана — Ресепшен — Скай-патио на крыше для жителей — Подземный паркинг — Магазины и фитнес-клуб с бассейном на первом этаже Инфраструктура Рядом: Дубровка, Угрешинская, МЦК В пешей доступности вузы и учебные заведения Условия аренды — От 11 месяцев — Без комиссии (от собственника) — Залог 100% — 74 000 ₽/мес + счётчики — Без торга Собственник ID 64003529 +7 916 590-90-... Написать вчера вчера, 21:23",,https://www.cian.ru/cat.php?deal_type=rent&district%5B0%5D=8&engine_version=2&offer_type=flat&room9=1&type=4&p=1,2026-04-15T05:26:51+00:00
1249,328009833,ЮВАО,https://www.cian.ru/rent/flat/328009833/?context=3.AN7acnnm5e4.JL1i_Nx_gTBNcv6PXuZ4UQwNNyCT0ccgfq2nOOMmr8T50X21fpOrAYWWLS_LCff54kBV1cHKGCv6-g&mlSearchSessionGuid=c1e4173cdc1f200a29d88c691d8431eb,1/41,2074999,27.0,7,22,,"1/41 Апартаменты-студия, 27 м², 7/22 этаж Волгоградский проспект 3 минуты пешком Москва , ЮВАО , р-н Южнопортовый , м. Волгоградский проспект , Новоостаповская улица , 20 74 999 ₽/мес. На несколько месяцев, комм. платежи включены (без счётчиков), без комиссии, залог 74 999 ₽ Замечательная студия с дорогим и современным ремонтом. Продуманная до мелочей. Здесь удобно и жить и работать. Большая кухня со всей встроенной техникой: двухкамерный холодильник, посудомоечная машина, микроволновая печь. Вместительная кровать 160 на 200 с ортопедическим матрасом, телевизор с 55 диагональю. Трехзонное освещение позволит настроить комфортный свет в квартире. Теплые полы по всей площади, кондиционер. Удобная ванная комната полностью оборудованная. Отдельная рабочая зона со своим освещением. Адаптированное место для подключения робот-пылесоса. Спешите, это супер отличный и качественный вариант. Оперативные показы с понедельника по пятницу. Риелтор Ильдар Канафеев Суперагент +7 917 566-42-... Написать вчера 13 апр, 22:01",,https://www.cian.ru/cat.php?deal_type=rent&district%5B0%5D=8&engine_version=2&offer_type=flat&room9=1&type=4&p=3,2026-04-15T05:26:51+00:00
1231,328879254,ЮВАО,https://www.cian.ru/rent/flat/328879254/?context=3.njYablw3GYY.fTbF6PSygUhmJb5pfjZw0BXKZtmHNj8uv_w2mCYByCN6p1_sYxtZcQ59w30R21EH1djwcdmea-ZW7w&mlSearchSessionGuid=4c481a351bb767bebbc1d3a028f39588,1/14,2075000,27.5,2,23,,"1/14 Апартаменты-студия, 27,5 м², 2/23 этаж Только на Циан Волгоградский проспект 3 минуты пешком Москва , ЮВАО , р-н Южнопортовый , м. Волгоградский проспект , Новоостаповская улица , 20 75 000 ₽/мес. От года, комм. платежи включены (счётчики включены), без комиссии, залог 70 000 ₽ Сдается на длительный срок студия 27,5 м2 с дизайнерским ремонтом в современном ЖК ХайВэй. Расположение ЖК 1 мин пешком до м. Волгоградский пр-т, 5 мин до м. Дубровка, 10 мин до м.Угрешская, вся необходимая инфраструктура, рядом магазин Дикси и др, закрытая охраняемая территория, благоустроенный двор и подземный паркинг. Ремонт: новый дизайнерский, идеальное состояние. санузел совместный с душевой зоной. Техника в квартире вся стильная и новая: большой холодильник, стиральная машина, микроволновая печь, духовой шкаф, телевизор, кондиционер, стеклокерамическая варочная панель, вытяжка. Мебель: кухня, большой шкаф купе, кровать с ортопедическим матрасом 200*160. полка под телевизор, кухонный стол и стулья. Сдается для одного человека или семейной пары, без детей и без животных. Дополнительно оплачивается стоимость коммунальных услуг ( вода, электричество, отопление) и интернет. Посредников прошу не беспокоить. Собственник ID 90497284 +7 915 243-42-... Написать три дня назад 12 апр, 08:24",,https://www.cian.ru/cat.php?deal_type=rent&district%5B0%5D=8&engine_version=2&offer_type=flat&room9=1&type=4&p=2,2026-04-15T05:26:51+00:00
1230,328909487,ЮВАО,https://www.cian.ru/rent/flat/328909487/?context=3.tCOoNH-wlEo.4pu6iPaFGoZu-7mK3Qi7oJruxiE6JFxADtRSwzF4qSk_jCCzDmaExv_ztpuojUcDkjluQsCUqoJ36w&mlSearchSessionGuid=4c481a351bb767bebbc1d3a028f39588,1/38,2080000,29.0,7,23,,"1/38 Студия, 29 м², 7/23 этаж Проверено в Росреестре Волгоградский проспект 3 минуты пешком Москва , ЮВАО , р-н Южнопортовый , м. Волгоградский проспект , Новоостаповская улица , 20 80 000 ₽/мес. От года, комм. платежи включены (без счётчиков), без комиссии, залог 80 000 ₽ Собственник! Ремонт только что окончен! Впервые сдаётся уютная, солнечная видовая квартира! Ремонт выполнен из дорогих отделочных материалов, итальянская плитка, качественная немецкая сантехника, фреска с эксклюзивным изображением. Индивидуальное проектирование квартиры с выделенной гардеробной! Предусмотрено удобное зонирование для мест отдыха, работы и большого количества места для хранения. Корпусная мебель выполнена на заказ, ортопедический матрац на кровати с подъёмным механизмом, полное оснащение всей необходимой техникой, включая пылесос, утюг, проточный водонагреватель, стиральная машина 2в1 с функцией сушки, посудомоечная машина, кондиционер и тд. Квартира наполнена авторским декором, который создаёт ощущение уюта и полного комфорта. Уникальное расположение дома и 7 этаж даёт прекрасные видовые характеристики и возможность каждый день провожать закаты любуясь высоткой на Котельнической набережной. Закрытая территория двора, подземный паркинг, видеонаблюдение, круглосуточная охрана и ресепшн создаёт приватность проживания. Только для проживающих жк есть лаундж на крыше! Развитая инфраструктура: до метро Волгоградский проспект 2 минуты пешком- 10 минут на метро или 15 минут на машине и вы в центре, множество пунктов выдачи, магазинов, в скором времени в самом доме откроют спорт зал с бассейном, премиум кальянную, кафе, рестораны. Рассмотрю приличных, платежеспособных и чистоплотных арендаторов. Строго без животных! 80 000+ счётчики света, воды. Депозит можно разделить на две выплаты. Собственник ID 128838278 Документы проверены +7 985 889-41-... Написать вчера 13 апр, 13:10",,https://www.cian.ru/cat.php?deal_type=rent&district%5B0%5D=8&engine_version=2&offer_type=flat&room9=1&type=4&p=2,2026-04-15T05:26:51+00:00
1245,328909207,ЮВАО,https://www.cian.ru/rent/flat/328909207/?context=3.u7dmmBQw9zk.07oIlnQdzH8w4-Sh4XZixYCfBApad9bl1WActSgvLNC96t4j83e4896pkvDlYHo4wSRm8EVOLlMjYw&mlSearchSessionGuid=c1e4173cdc1f200a29d88c691d8431eb,1/22,2080000,25.0,20,24,,"1/22 Апартаменты-студия, 25 м², 20/24 этаж Только на Циан Волгоградский проспект 3 минуты пешком Москва , ЮВАО , р-н Южнопортовый , м. Волгоградский проспект , Новоостаповская улица , 20 80 000 ₽/мес. От года, комм. платежи включены (без счётчиков), без комиссии, залог 80 000 ₽ Собственник впервые сдает студию в новом ЖК бизнес класса. Всего 2 минуты пешком до метро Волгоградский проспект и через 7 минут Вы окажетесь в самом центре нашей столицы! Видовая квартира с отличной панорамой на центр города, стильный ремонт и обстановка, качественная мебель и современная бытовая техника Kupersberg (кондиционер, стиральная машина, посудомоечная машина, холодильник, духовой шкаф и варочная панель, тв, утюг ...), вся необходимая домашняя утварь и посуда. Есть все, что нужно для качественной и комфортной жизни! Осталось только завезти свои вещи! Новый ЖК бизнес класса с закрытой территорией и приличными соседями. Зеленый район, рядом кафе, школы, детские сады, магазины, внутри территории находится фитнес клуб. Собственник ID 81815441 Документы проверены +7 917 422-07-... Написать вчера 13 апр, 12:25",,https://www.cian.ru/cat.php?deal_type=rent&district%5B0%5D=8&engine_version=2&offer_type=flat&room9=1&type=4&p=3,2026-04-15T05:26:51+00:00
1213,328873800,ЮВАО,https://www.cian.ru/rent/flat/328873800/?context=3.4h65nMELRNI.IMGqxfZN_0cde7O0xXpaFC70OpkW53BO2HRxN7OQi83koguGjh4I61Wg5odHK1mSphI_UoRaX4_RcQ&mlSearchSessionGuid=4c481a351bb767bebbc1d3a028f39588,1/20,2085000,30.0,20,23,,"1/20 Апартаменты-студия, 30 м², 20/23 этаж Только на Циан Волгоградский проспект 3 минуты пешком Москва , ЮВАО , р-н Южнопортовый , м. Волгоградский проспект , Новоостаповская улица , 20 85 000 ₽/мес. От года, комм. платежи включены (без счётчиков), комиссия 50%, залог 85 000 ₽ 3 минуты до метро! Предлагаем в аренду стильные апартаменты-студию . 20-м этаже современного дома. Высота потолков - 2.8 метра, из окон открывается перспектива на Москву.До метро всего 3 минуты пешком, что делает это предложение особенно привлекательным для тех, кто ценит удобное расположение. В квартире выполнен дизайнерский ремонт, все продумано до мелочей,мебель в комнате и на кухне. Оснащена всей необходимой техникой: кондиционер, холодильник, посудомоечная машина, телевизор и стиральная машина. В ванной комнате установлена душевая кабина. Во всей квартире ТЕПЛЫЙ ПОЛ.На время отключения горячей воды есть мощный водонагреватель. Дом оборудован подземной парковкой Вокруг развитая инфраструктура: по близости расположены школы, детские сады, клиники и магазины, поэтому все необходимое будет у вас под рукой. в 15 минутах исторический центр: Крутицкое подворье,Симоновский и Новоспасский монастыри. Договор заключается на удобных условиях. Приглашаем вас на просмотр, чтобы лично оценить все достоинства этих апартаментов. Ждем вашего звонка! Агентство недвижимости PREMIUM CITY Суперагент +7 986 304-29-... Написать вчера 13 апр, 12:34",,https://www.cian.ru/cat.php?deal_type=rent&district%5B0%5D=8&engine_version=2&offer_type=flat&room9=1&type=4&p=2,2026-04-15T05:26:51+00:00
1259,328343074,ЮВАО,https://www.cian.ru/rent/flat/328343074/?context=3.XKwV94JIpSk.6Uq5LLhjqVaYq87adYaxY8KcbJfd9w3I-ewM2niHkHsTeKh4mON0whNuPtq1tg-wVSfISJiVvAuyng&mlSearchSessionGuid=c1e4173cdc1f200a29d88c691d8431eb,1/47,2088000,31.0,16,22,,"1/47 Апартаменты-студия, 31 м², 16/22 этаж Волгоградский проспект 3 минуты пешком Москва , ЮВАО , р-н Южнопортовый , м. Волгоградский проспект , Новоостаповская улица , 20 88 000 ₽/мес. От года, комм. платежи включены (без счётчиков), комиссия 50%, залог 88 000 ₽ Впервые сдается светлая, абсолютно тихая студия с продуманным зонированием, в шаговой доступности от метро (160 шагов от выхода из метро до двери квартиры )и в 5 минутах транспортом до центра Москвы. Дизайн проект выполнен студией дизайна НОВА ДОМ, для тех, кто ценит комфорт, стиль и локацию. Панорамные окна, французский балкон и стильный дизайнерский ремонт создают атмосферу уюта и свободы.В студии продумано разделение на зоны. Есть отдельное место для сна, уютная зона отдыха и, что важно, удобное рабочее место для тех, кто работает из дома.Тишина: Сделана качественная полная профессиональная шумоизоляция — внутри вас никто не побеспокоит. Комфортная кухня с посудомоечной машиной, встроенным тихим холодильником FULL No Frost, индукционной плитой и всей необходимой техникой. Смарт-ТВ, кондиционер. Ванная с душевой кабиной, стиральная и сушильная машины (отдельно!), теплый пол, установлены датчики протечки. Сделан мастер выключатель (на отключение при выходе из квартиры всего электричества кроме холодильника и вай фая) , система нептун от протечек воды подключена через вай фай ( есть возможность удаленно контролировать ), видио домофон с возможностью открывания от подъезда и входа в жк , диван раскладывающийся . Закрытая охраняемая территория, консьерж 24/7, видеонаблюдение, подземный паркинг въезд по заявке в приложении .В доме уже работают магазины, Озон и Wildberries. Скоро откроется фитнес-центр с бассейном. Идеально для одного человека или пары, которые ценят порядок, тишину и комфорт. Агентство недвижимости СВМ-Групп Суперагент +7 994 508-11-... Написать вчера 13 апр, 14:53",,https://www.cian.ru/cat.php?deal_type=rent&district%5B0%5D=8&engine_version=2&offer_type=flat&room9=1&type=4&p=3,2026-04-15T05:26:51+00:00
1191,328298801,ЮВАО,https://www.cian.ru/rent/flat/328298801/?context=3.N6x0oXLmdtI.UEzQxo-VQjVanOtRN3-q_2xJSsAv2-I__izziZgZdpZanFoKQYMW-y6n_oZMt0HcHjcLjHlYW38QwQ&mlSearchSessionGuid=314486629d27e703c3018c6e5177a550,1/7,2835000,25.0,12,17,,"1/7 Студия, 25 м², 12/17 этаж Только на Циан Некрасовка 10 минут пешком Москва , ЮВАО , р-н Некрасовка , м. Некрасовка , улица Недорубова , 28 35 000 ₽/мес. От года, комм. платежи включены (счётчики включены), комиссия 60%, залог 35 000 ₽ Сдается на длительный период . Качественный рeмoнт, вся мебель и бытовая техника, нeoбходимая для кoмфopтного пpoживaния. Пoлнoстью меблиpoвана мебелью: шкаф,комод, кровать двухспальная , куxонный гарнитур, диван-кресло, барная стойка , высокие стулья . Квартира укомплектована всей бытовой техникой: электрическая плита , холодильник, стиральная машина, микроволновка. Сан узел раздельный, ванна, стиральная машина автомат раздельный в пользовании 3 комнат. Рядом с метро торговые центры, фитнес центр, продуктовые магазины в доме и рядом с домом. Шаговая доступность 7 минут до станции метро Некрасовка. Сдается на длительный период . Рассмотрят платежеспособных жильцов, приоритет для девушки, женщины. Оплата 35000 рублей все платежи включены в стоимость. Депозит 35000 рублей можно разделить на 2 платежа. Комиссия . ID 307387 Документы проверены +7 923 074-33-... Написать неделю назад 7 апр, 13:27",,https://www.cian.ru/cat.php?deal_type=rent&district%5B0%5D=8&engine_version=2&offer_type=flat&room9=1&type=4&p=1,2026-04-15T05:26:51+00:00
1227,316900047,ЮВАО,https://www.cian.ru/rent/flat/316900047/?context=3.4A7-1HUzDi4.2eIDZIAZwDG40K9BTJxAwCJwXzvbwCPKoJRj1xOzQP4QAgDeHxcv33um7KFrEqeCKv_UmnZRN8lmuQ&mlSearchSessionGuid=4c481a351bb767bebbc1d3a028f39588,1/14,3340000,19.0,20,25,,"1/14 Студия, 19 м², 20/25 этаж Только на Циан Некрасовка 1 минута пешком Москва , ЮВАО , р-н Некрасовка , м. Некрасовка , Рождественская улица , 33 40 000 ₽/мес. От года, комм. платежи включены (без счётчиков), без комиссии, залог 40 000 ₽ Сдается уютная студия около метро, в одной минуте от метро Некрасовка утепленный балкон с теплым полом. все необходимое есть для проживания. новый диван аскона, полноценное спальное место. строго без животных. Агентство недвижимости Ваш Ключ Суперагент +7 915 338-35-... Написать вчера 13 апр, 20:19",,https://www.cian.ru/cat.php?deal_type=rent&district%5B0%5D=8&engine_version=2&offer_type=flat&room9=1&type=4&p=2,2026-04-15T05:26:51+00:00
1234,317366974,ЮВАО,https://www.cian.ru/rent/flat/317366974/?context=3.aiID5_PZvNY.AV6cxSpgPpxMlnRE0HwtQhNbxMmEpHvl4bmPBwaJ1Ief9r9BOmsjBAXIcXajKPLZ6_j2ZxHtyE0p0g&mlSearchSessionGuid=c1e4173cdc1f200a29d88c691d8431eb,1/33,3758000,24.3,9,10,,"1/33 Апартаменты-студия, 24,3 м², 9/10 этаж Только на Циан Проверено в Росреестре Авиамоторная 19 минут пешком Москва , ЮВАО , р-н Нижегородский , м. Авиамоторная , Подъемная улица , 14С37 58 000 ₽/мес. От года, комм. платежи включены (счётчики включены), без комиссии, залог 50 000 ₽ Сдаётся уютная студия в современном апарт-комплексе на Подъёмной улице, 14с37. Апартаменты площадью 24,3 кв. м расположены на 9 этаже 10-этажного дома, окна выходят во двор, что создаёт атмосферу уюта и тишины. В студии выполнен евроремонт. В наличии вся необходимая мебель и бытовая техника: телевизор, холодильник, чайник, варочная поверхность, система очистки воды. Санузел совмещённый и оборудован душевой кабиной и гигиеническим душем. Дом оснащён тремя грузовыми лифтами и наземной охраняемой парковкой. Для жители лофта бесплатно могут пользоваться прачечной, спротзалом и игровой зоной (бильярд, настольный тенис, аэрохокоей), также есть места для размещения велосипедов и самокатов. Условия аренды: без комиссии. Заключение договора напрямую с собственником. Цена 58 000 + оплата по счетчикам, залог 50 000. Агентствам и реэлторам не беспокоить!!! Собственник ID 108850785 Документы проверены +7 985 569-46-... Написать вчера 13 апр, 20:04",,https://www.cian.ru/cat.php?deal_type=rent&district%5B0%5D=8&engine_version=2&offer_type=flat&room9=1&type=4&p=3,2026-04-15T05:26:51+00:00
1197,328835465,ЮВАО,https://www.cian.ru/rent/flat/328835465/?context=3.sa4p1DcFhWs.6toVwW0AmM2wZoz-kUiww-bqB5WO2T7NEKODYhJ3QRcTRSIlnkuogZCsQ52OrWub_TX_3N0hWAduhw&mlSearchSessionGuid=314486629d27e703c3018c6e5177a550,1/8,4540000,18.0,3,8,,"1/8 Апартаменты-студия, 18 м², 3/8 этаж Только на Циан Текстильщики 11 минут пешком Москва , ЮВАО , р-н Печатники , м. Текстильщики , Волгоградский проспект , 45 40 000 ₽/мес. На несколько месяцев, комм. платежи включены (без счётчиков), без комиссии, залог 40 000 ₽ Студия рядом с метро и БКЛ Текстильщики(6-9 минут )в здании магазин, недорогая уютная столовая , проходная система . Без комиссии .от 5 месяцев. плюс к/у Собственник ID 51522630 Документы проверены +7 985 289-26-... Написать вчера 13 апр, 22:08",,https://www.cian.ru/cat.php?deal_type=rent&district%5B0%5D=8&engine_version=2&offer_type=flat&room9=1&type=4&p=1,2026-04-15T05:26:51+00:00
