id,listing_id,district,url,title,price_rub,area_m2,floor,total_floors,metro,address,description_snippet,source_page,scraped_at
2162,301543961,ЮВАО,https://www.cian.ru/rent/flat/301543961/?context=4.sDw_m5vNLoY.qYUHw0eN36--ESAuunnH2qq_mBWjm2YAZwrO6iQxmyj3tvZ8xz5cLic42yEUXDXHlYDaEVK0RZRZKA&mlSearchSessionGuid=8bdf152b3e72978e92a58ac0607efffa,1/12,40000,17.0,5,5,,"1/12 Апартаменты-студия, 17 м², 5/5 этаж Только на Циан Текстильщики 18 минут пешком Москва , ЮВАО , р-н Текстильщики , м. Текстильщики , 1-й Грайвороновский проезд , 2А 40 000 ₽/мес. От года, комм. платежи включены (без счётчиков), комиссия 60%, залог 43 000 ₽ Сдаю студию со всеми удобствами в районе метро Текстильщики, от метро 15 минут пешком или 3 остановки автобусом. В квартире имеется все для комфортного проживания: кухня, микроволновка, чайник, варочная панель, вытяжка, холодильник, кровать двуспальная, обеденный стол, стиральная машинка, совмещённый санузел, шкаф-гардероб. Условия: предоплата за месяц, залог за последний месяц аренды, коммунальные платежи отдельно, комиссия агенту разово при заселении. Риелтор Александр Дворников Суперагент +7 985 579-70-... Написать пять дней назад 28 апр, 23:19",,https://www.cian.ru/cat.php?deal_type=rent&district%5B0%5D=8&engine_version=2&offer_type=flat&room9=1&type=4&p=3,2026-05-04T16:43:05+00:00
2150,329600146,ЮВАО,https://www.cian.ru/rent/flat/329600146/?context=4.nH7hkFUAIKY.6v_PDK6Y7lHIgEI3mtlwinnzFHOhWdgHdpu2vUuDDrYY2aG-3jggC6uwnJV_zcopPN14Y3_MotMjJA&mlSearchSessionGuid=5e605e54e634dda4c4d98e70ff69d434,1/19,58000,30.0,23,25,,"1/19 Студия, 30 м², 23/25 этаж Только на Циан Нижегородская 7 минут пешком Москва , ЮВАО , р-н Нижегородский , м. Нижегородская , Рязанский проспект , 2/1к2Д 58 000 ₽/мес. От года, комм. платежи включены (без счётчиков), комиссия 60%, залог 58 000 ₽ ВПЕРВЫЕ сдается квартира в доме ЖК комфорт-класса СРЕДА с качественным ремонтом. В квартире имеется необходимая мебель и техника (холодильник , посудомоечная машина, стиральная машина, духовой шкаф, варочная панель, вытяжка, кондиционер). Развитая инфраструктура. Территория огорожена, дворы без машин, во дворе обустроены прогулочная зона, детские игровые зоны, места отдыха, система охраны и видеонаблюдения. Современный квартал, где есть все для комфортной жизни. Пространство, в котором гармонично сочетались места для прогулок и отдыха в любое время года, площадки для спортивных игр и мероприятий. Квартал удобно расположен вблизи основных транспортных артерий города: 5 минут до ТТК и 7 минут до ТПУ Нижегородская (БКЛ, станция метро, МЦК и электрички). Больше 7 маршрутов автобусов. На скоростном Е70 утром по пробкам 12 мин до метро Таганская. Удобный выезд для авто на Рязанский проспект, ТТК п хорде и 4 км до Садового кольца. Рядом с домом: теннисная академия; школа олимпийского резерва; ТРЦ Город и Леруа Мерлен в шаговой доступности; близость к усадьбе Кусково и Ледовой арене. В 200 метрах от дома большая бесплатная парковка на 100 мест, проблем с паркингом не возникнет. Есть возможность аренды парковочного места и кладовки в подземном паркинге. Агентство недвижимости Большой Город Суперагент +7 913 640-21-... Написать три дня назад 1 май, 16:56",,https://www.cian.ru/cat.php?deal_type=rent&district%5B0%5D=8&engine_version=2&offer_type=flat&room9=1&type=4&p=2,2026-05-04T16:43:05+00:00
2144,320152770,ЮВАО,https://www.cian.ru/rent/flat/320152770/?context=4.Epx2feiKvEg.eVo5Egl9oWrTJ29wgUbhr6e3zad-oIkzcMP3X--1mGvoPXoVuz6O91WB-11EhExUP2gkofv1kgZL7Q&mlSearchSessionGuid=5e605e54e634dda4c4d98e70ff69d434,1/28,134000,18.0,1,25,,"1/28 Студия, 18 м², 1/25 этаж Только на Циан Некрасовка 11 минут пешком Москва , ЮВАО , р-н Некрасовка , м. Некрасовка , Покровская улица , 17Ак1 34 000 ₽/мес. От года, комм. платежи включены (без счётчиков), комиссия 80%, залог 34 000 ₽ Владимиp. .СРОЧHO, СРОЧНO. .Дoм находится не далеко от нeскoльких Станций MЕТРОПОЛИTEНА - НЕКРАСОВКА, ЛУХМАНОВСКАЯ и ЛЮБЕРЦЫ. . Рядом расположены - Круглосуточные Магазины, ЦЕРКОВЬ, Торговый Центр, Отделения Банков, Парк с Фонтанами и зоной для Шашлыков..Сдаётся - Чистая, Очень Уютная, Аккуратная, КВАРТИРА - СТУДИЯ. . Рассматриваем - Приличных/Платёжеспособных/Чистоплотных Состав обсуждается..Звоните, обсудим все Ваши предложения, оперативный показ и заселение - ГАРАНТИРУЕМ. .ВАЖНО..Для гарантии долгосрочных отношений, попросим внести страховой депозит ( залог )..В цену всё включено, кроме электричества..Спасибо. . Риелтор Владимир Положенцев Суперагент +7 936 709-29-... вчера вчера, 13:09",,https://www.cian.ru/cat.php?deal_type=rent&district%5B0%5D=8&engine_version=2&offer_type=flat&room9=1&type=4&p=2,2026-05-04T16:43:05+00:00
2176,327736685,ЮВАО,https://www.cian.ru/rent/flat/327736685/?context=4.eranW-uZINU.hrtrFi2av9mFj6ADmYFLv1R2SdOEiPnnCG-VFplZmx9vwxTuyZkjGK-xzZu7rUjrqj5eOeFHZ2uicw&mlSearchSessionGuid=8bdf152b3e72978e92a58ac0607efffa,1/10,145000,16.0,5,5,,"1/10 Студия, 16 м², 5/5 этаж Только на Циан Кузьминки 9 минут пешком Москва , ЮВАО , р-н Кузьминки , м. Кузьминки , Жигулевская улица , 4К1 45 000 ₽/мес. От года, комм. платежи включены (без счётчиков), комиссия 50%, залог 45 000 ₽ Сдаётся уютная студия в аренду в районе 4к1. Квартира расположена на 5-м этаже 5-этажного дома 1971 года постройки. Общая площадь квартиры составляет 16 кв. м, из которых 9 кв. м — жилая площадь. Высота потолков — 2.6 метра. До метро Кузьминки всего 8 минут пешком, что очень удобно для тех, кто ценит своё время. В студии есть вся необходимая мебель как на кухне, так и в комнате. Из техники предлагаются холодильник и стиральная машина. Ванная комната оснащена душевой кабиной. Окна выходят во двор, поэтому в квартире всегда тихо и спокойно. Дом находится в хорошем состоянии, а наличие наземной парковки решает вопрос с местом для автомобиля. Интернет в квартире обеспечит стабильную связь и возможность работать из дома. Вокруг дома есть всё необходимое для жизни: школы, детские сады, клиники и магазины. Это создаёт удобство для семей с детьми и тех, кто предпочитает решать бытовые вопросы в шаговой доступности. Аренда квартиры возможна по договору с оформлением всех необходимых документов. Внесение залога обсуждается индивидуально. Квартира идеально подойдёт для одного человека или пары. Приглашаем вас на просмотр этой отличной студии. Звоните и записывайтесь на удобное для вас время! Риелтор Татьяна Песоцкая Суперагент +7 986 264-21-... Написать вчера вчера, 18:19",,https://www.cian.ru/cat.php?deal_type=rent&district%5B0%5D=8&engine_version=2&offer_type=flat&room9=1&type=4&p=3,2026-05-04T16:43:05+00:00
2161,329245351,ЮВАО,https://www.cian.ru/rent/flat/329245351/?context=4.i370F9Aq9wE.iiEWhjWpfAcB-VQa9ZZrsyLxnSatteUKMB9Uz_rAKTNyST_9Eu6hXj2KqQGK115nWcIApMEgGFsHcQ&mlSearchSessionGuid=8bdf152b3e72978e92a58ac0607efffa,1/14,147500,20.0,13,33,,"1/14 Студия, 20 м², 13/33 этаж Только на Циан Новохохловская 6 минут пешком Москва , ЮВАО , р-н Нижегородский , м. Новохохловская , Новохохловская улица , 15к1 47 500 ₽/мес. От года, комм. платежи включены (без счётчиков), комиссия 50%, залог 25 000 ₽ СТУДИЯ. Сдается уютная квартира в ПЕШЕЙ доступности от метро. ЗАЛОГ 50%. Есть вся необходимая мебель и техника, включая кондиционер и пылесос. Новый дом. В пешей доступности супермаркеты, пункты выдачи , кафе , спортивные центры, вся необходимая инфраструктура. ОПЕРАТИВНЫЙ показ и заселение. Риелтор Александр Васильев Суперагент +7 980 407-76-... вчера вчера, 20:44",,https://www.cian.ru/cat.php?deal_type=rent&district%5B0%5D=8&engine_version=2&offer_type=flat&room9=1&type=4&p=3,2026-05-04T16:43:05+00:00
2158,329359924,ЮВАО,https://www.cian.ru/rent/flat/329359924/?context=4.6iYi6txNfDA.v-mWfAD8ulpMP9k7U0YNfo4P_mzAYHQBVnEf0xO5dTF1sxBgcpaDMp02LHXAV1lrCVeEbYW--oKTag&mlSearchSessionGuid=8bdf152b3e72978e92a58ac0607efffa,1/12,150000,27.0,11,22,,"1/12 Студия, 27 м², 11/22 этаж Только на Циан Текстильщики 16 минут пешком Москва , ЮВАО , р-н Текстильщики , м. Текстильщики , 1-й Грайвороновский проезд , 1 50 000 ₽/мес. От года, комм. платежи включены (счётчики включены), комиссия 50%, залог 50 000 ₽ Уютная студия в ЖК ""Грани"": тишина, комфорт и развитая инфраструктура! Сдается стильная студия площадью 27 м² в современном жилом комплексе ""Грани"". Вас ждет абсолютная тишина благодаря отличной шумоизоляции и комфортное проживание. • Двор без машин: безопасно и спокойно. • Наземная парковка: под шлагбаум, только для жителей ЖК. • Полная инфраструктура: все необходимое в доме и шаговой доступности. • Удобная транспортная развязка: легкий доступ в любую точку города. Идеальное решение для тех, кто ценит комфорт и практичность в динамичном мегаполисе! Звоните прямо сейчас и я организую показ в ближайшее время! Риелтор Сара Гуцу Суперагент +7 982 083-09-... Написать неделю назад 24 апр, 13:52",,https://www.cian.ru/cat.php?deal_type=rent&district%5B0%5D=8&engine_version=2&offer_type=flat&room9=1&type=4&p=3,2026-05-04T16:43:05+00:00
2122,328545633,ЮВАО,https://www.cian.ru/rent/flat/328545633/?context=4.B4rHpxDDOwo.qKju96wtoZgrhVRbldSwGBnxDRWu9iuzmnVOL78OfcRBVy05iP8lufqDZP6fNd76U_SFsJv6onh_9w&mlSearchSessionGuid=901dea6805b9a249e0235d11ead432ac,1/15,155000,26.0,6,25,,"1/15 Студия, 26 м², 6/25 этаж Только на Циан Нижегородская 11 минут пешком Москва , ЮВАО , р-н Нижегородский , м. Нижегородская , Рязанский проспект , 2/2к1 55 000 ₽/мес. От года, комм. платежи включены (счётчики включены), комиссия 50%, залог 55 000 ₽ Уютная светлая студия в новом ЖК Аквилон Beside. Отличная транспортная доступность, качественный современный ЖК, развитая инфраструктура (много кафе, магазинов, ресторанов на любой вкус). Все абсолютно новое. Комфортно для одного арендатора. Агентство недвижимости SPENСER ESTATE Суперагент +7 985 053-22-... неделю назад 27 апр, 11:10",,https://www.cian.ru/cat.php?deal_type=rent&district%5B0%5D=8&engine_version=2&offer_type=flat&room9=1&type=4&p=1,2026-05-04T16:43:05+00:00
2140,328585103,ЮВАО,https://www.cian.ru/rent/flat/328585103/?context=4.-7PrE5jETTE.KeBAuv2HuDHDI_uiOmz-iAT8wCMxbBCIK33-joZvrgQlDenbZ_ZB7MRt7bBRPYE0ge5GLlABU8PHjg&mlSearchSessionGuid=5e605e54e634dda4c4d98e70ff69d434,1/13,155000,19.7,18,24,,"1/13 Студия, 19,7 м², 18/24 этаж Проверено в Росреестре Новохохловская 6 минут пешком Москва , ЮВАО , р-н Нижегородский , м. Новохохловская , Новохохловская улица , 15к1 55 000 ₽/мес. От года, комм. платежи включены (без счётчиков), без комиссии, залог 55 000 ₽ БЕЗ КОМИССИИ, ОТ СОБСТВЕННИКА! Квартира свободна и готова к заселению. Сдается в аренду студия в современном доме 2023 года постройки. Квартира площадью 19.7 кв. м расположена на 18 этаже 24-этажного здания. До станции МЦК и МЦД2 всего 6 минут пешком, что обеспечит вам удобный и быстрый доступ ко всем частям города. Прекрасная студия с евроремонтом и продуманной планировкой. Здесь вы найдете все необходимое для комфортного проживания: мебель в комнате и на кухне, современную технику — кондиционер, холодильник, телевизор, кофемашина, станция Алиса, отпариватель и стиральную машину. Совмещенный санузел оборудован душевой кабиной и гигиеническим душем. Окна выходят на улицу, поэтому в квартире всегда светло и уютно. Дом оснащен четырьмя грузовыми лифтами и подземной парковкой, что делает его удобным для жителей. В пешей доступности от дома расположены клиники и магазины, поэтому все необходимые учреждения будут у вас под рукой. Условия аренды: квартира сдается без комиссии посредников, от собственника. Предусмотрен залог, разбиваем на 2 части, который возвращается при выезде. Квартира идеально подойдет для одного человека или пары. Без детей. Допустимо небольшое воспитанное животное по согласованию. Приглашаем вас на просмотр! Записывайтесь на удобное для вас время и приходите оценить все преимущества этого жилья лично. Собственник ID 431169 Документы проверены +7 980 214-38-... Написать пять дней назад 29 апр, 17:54",,https://www.cian.ru/cat.php?deal_type=rent&district%5B0%5D=8&engine_version=2&offer_type=flat&room9=1&type=4&p=2,2026-05-04T16:43:05+00:00
2181,329557244,ЮВАО,https://www.cian.ru/rent/flat/329557244/?context=4.pDn97xUTmcA.mU1MfcesOPc68droXnsBA2-pcbJIlZFkaC4fdUcrX5U6PhhqNmfCD9KS7hD976_xpxJGXZhaPZw2BQ&mlSearchSessionGuid=8bdf152b3e72978e92a58ac0607efffa,1/8,155000,27.0,5,17,,"1/8 Апартаменты-студия, 27 м², 5/17 этаж Только на Циан Люблино 16 минут пешком Москва , ЮВАО , р-н Люблино , м. Люблино , Цимлянская улица , 3к1 55 000 ₽/мес. От года, комм. платежи включены (счётчики включены), без комиссии, залог 55 000 ₽ Просторная студия 27 кв. м в современном ЖК Влюблино (2019 г. постройки). Квартира от собственника — делалась для себя, поэтому каждое решение здесь продумано до мелочей. Что важно: • Здоровый сон: ортопедический матрас 160 см (дорогой, новый). • Порядок в вещах: отдельная гардеробная + система хранения — места много. • Комфорт: вся бытовая техника — проверенная, хорошая. • Парковка: найти место у дома сравнительно легко. Для тех, кто ценит комфорт — можно арендовать тёплый подземный паркинг. • Хорошая транспортная доступность — до метро часто ездят автобусы прямо от дома. Для кого: сдаю без детей. Небольшие животные возможны по согласованию. Жилой комплекс тихий, двор без машин, закрытая территория. Всё в идеальном состоянии. Пишите, покажу в удобное время. Без посредников. Собственник ID 139390114 +7 916 273-99-... Написать четыре дня назад 30 апр, 15:18",,https://www.cian.ru/cat.php?deal_type=rent&district%5B0%5D=8&engine_version=2&offer_type=flat&room9=1&type=4&p=3,2026-05-04T16:43:05+00:00
2179,319000861,ЮВАО,https://www.cian.ru/rent/flat/319000861/?context=4.sXnXQDXoxOk.dRo54LTQ6OHhXIyP29FB8PhU8zcQBCGWN-ZwzFpfhX2cS1FtuQlxJ9od98xfYJ0YONvCGuxg1do_vg&mlSearchSessionGuid=8bdf152b3e72978e92a58ac0607efffa,1/18,160000,27.1,26,33,,"1/18 Студия, 27,1 м², 26/33 этаж Новохохловская 6 минут пешком Москва , ЮВАО , р-н Нижегородский , м. Новохохловская , Новохохловская улица , 15к1 60 000 ₽/мес. От года, комм. платежи включены (без счётчиков), комиссия 55%, залог 60 000 ₽ Сдаётся уютная студия площадью 27,1 кв. м на 26 этаже современного 33-этажного дома. Всего в 6 минутах пешком до метро Новохохловская, это идеальное место для тех, кто ценит удобство и скорость передвижения по городу. Квартира с евроремонтом, обставлена современной мебелью, которая гармонично вписывается в интерьер. Здесь есть всё необходимое для комфортного проживания: встроенная кухня с посудомоечной машиной, холодильником, стиральной машиной, а также кондиционер, микроволновая печь, электрочайник и телевизор для вашего удобства. Санузел совмещённый, оборудован душевой кабиной. Окна выходят во двор, поэтому в квартире тихо и спокойно. Дом имеет всё для комфортного проживания: подземная парковка для вашего автомобиля, два пассажирских и два грузовых лифта, что особенно удобно при переезде. В доме сквозные подъезды жильцы смогут попасть в него и с улицы, и со стороны благоустроенного двора с современными детскими площадками. Во дворах и холлах установлены видеокамеры с круглосуточным видеонаблюдением. На первых этажах магазины, кафе, аптеки, салоны красоты. Рядом с ЖК открыты поликлиники, больница, медицинские центры, спортивный клуб с бассейном. В 2 км Дворец детского спорта. Квартира сдаётся на долгосрочной основе, предпочтительно для одного или двух человек. Страховой залог возвращается при выезде и передаче ключей, по соглашению сторон можно разделить. Приезжайте на просмотр и убедитесь, что это жильё идеально подходит для вас! Запись на просмотр по телефону в любое удобное время. Риелтор Виталий Куртов Суперагент +7 916 831-43-... Написать четыре дня назад 30 апр, 07:10",,https://www.cian.ru/cat.php?deal_type=rent&district%5B0%5D=8&engine_version=2&offer_type=flat&room9=1&type=4&p=3,2026-05-04T16:43:05+00:00
2108,328535349,ЮВАО,https://www.cian.ru/rent/flat/328535349/?context=4._z12tRqdCd8.EWc8qzDZDBO2c3dtnMBkR5vDBzicPRMp6bdNbPI_FkIlpCimdzKC8iz1xqcbiHaC3ja0L5Ds4Lm3Ig&mlSearchSessionGuid=901dea6805b9a249e0235d11ead432ac,1/21 Ещё фото,171000,19.5,18,28,,"1/21 Ещё фото Пешком до метро! Залог 0 Студия, 19,5 м², 18/28 этаж Волгоградский проспект 6 минут пешком Москва , ЮВАО , р-н Южнопортовый , м. Волгоградский проспект , Новоостаповская улица , 7к1 71 000 ₽/мес. От года, комм. платежи включены (без счётчиков), комиссия 60%, без залога Сдаётся светлая квартира-студия с евроремонтом и совмещённым санузлом в ЖК Первый Дубровский, без депозита! Её можно посмотреть когда Вам удобно: бронируете время, забираете ключи и спокойно осматриваете. Если всё понравится, договор подпишем онлайн и будем поддерживать Вас на всех этапах аренды. В квартире: - Проведён интернет; - Холодильник; - Стиральная машина; - Кухонный гарнитур. Полы ламинат и плитка. Окна выходят во двор, есть бесплатная парковка. Собственник готов заселить не более 3 взрослых жильцов с детьми, бесплатно оформить временную регистрацию и заключить договор с юридическим лицом. Можно с небольшим домашним питомцем. Дом находится в районе с развитой инфраструктурой: в пешей доступности продуктовые супермаркеты, фитнес-клубы, кафе и закусочные, аптеки и медицинские учреждения, салоны красоты. До м. Волгоградский проспект 5 минут пешком, до м. Дубровка 12 минут. Агентство недвижимости ПИК-Аренда Документы проверены Посмотреть все объекты +7 917 506-45-... Написать 2 часа назад сегодня, 17:31",,https://www.cian.ru/cat.php?deal_type=rent&district%5B0%5D=8&engine_version=2&offer_type=flat&room9=1&type=4&p=1,2026-05-04T16:43:05+00:00
2148,328813561,ЮВАО,https://www.cian.ru/rent/flat/328813561/?context=4.z712OC2ZRYg.DmsXsLW3z6QRkVX9p0uAYGpEqeyWTOfW4-dks_8relJha4YSOpNPsyYQwuUUvYiXdiGsI4boawP7GA&mlSearchSessionGuid=5e605e54e634dda4c4d98e70ff69d434,1/44,180000,20.0,31,38,,"1/44 Студия, 20 м², 31/38 этаж Только на Циан Проверено в Росреестре Волгоградский проспект 6 минут пешком Москва , ЮВАО , р-н Южнопортовый , м. Волгоградский проспект , Новоостаповская улица , 7к1 80 000 ₽/мес. От года, комм. платежи включены (без счётчиков), без комиссии, залог 85 000 ₽ АГЕНТОВ ПРОШУ НЕ БЕСПОКОИТЬ, ПОМОЩЬ НЕ НУЖНА Квартира сдаётся впервые — всё абсолютно новое, никто не жил и не пользовался техникой Сдаётся дизайнерская студия с панорамным видом на центр Москвы и Москва-Сити Интерьер выполнен с акцентами Италии — тёплые оттенки, фактуры и мягкий свет создают атмосферу уюта и эстетики. Квартира очень светлая — много естественного света и солнца в течение дня, что создаёт настроение и ощущение пространства. При необходимости можно полностью затемнить помещение — установлены блекаут римские шторы и классические шторы. О квартире — продуманная планировка с зонированием — комфортный диван **Askona** с ортопедическим матрасом (полноценное спальное место) — телевизор (готовая зона отдыха) — рабочее место у окна — вместительные системы хранения — кондиционер — современные трековые розетки (гибкое подключение техники и освещения) — стильный дизайнерский интерьер Кухня и техника — посудомоечная машина — стиральная машина с функцией сушки — духовой шкаф с функцией СВЧ — полноценный холодильник с морозильной камерой Важное преимущество: рабочая поверхность остаётся свободной — можно организовать кухню под свой стиль жизни (индукционная плитка, мультиварка, аэрогриль и т.д.) Для работы и жизни — уже проведён быстрый Wi-Fi интернет — удобное рабочее место с видом на город Квартира идеально подойдёт для человека, работающего удалённо или в гибридном формате — тихо, светло и комфортно. Вид и атмосфера — 31 этаж — панорамные окна — вид на центр Москвы и Москва-Сити — красивые закаты прямо из квартиры Локация Южнопортовый район — 3 минуты пешком до метро Волгоградский проспект — 10 минут до метро Дубровка — всего ~7 минут на метро до Китай-города (центр) Локация отлично подойдёт тем, кто ценит близость к центру — при желании можно даже дойти пешком во время вечерних прогулок. Идеально подойдёт для одного человека, также рассмотрим пару Без животных Пишите или звоните — готовы оперативно показать квартиру Собственник ID 15519688 Документы проверены +7 986 264-03-... Написать 7 часов назад сегодня, 12:39",,https://www.cian.ru/cat.php?deal_type=rent&district%5B0%5D=8&engine_version=2&offer_type=flat&room9=1&type=4&p=2,2026-05-04T16:43:05+00:00
2103,323840974,ЮВАО,https://www.cian.ru/rent/flat/323840974/?context=4.8FZD2h_UG2I.9Ozjm2hpWhy7eWqovwIPQMij8EOSsyDyXfHjJ8OZbRHczSImV5B5NIqbL7sB5sVobiQI672LmaHldg&mlSearchSessionGuid=901dea6805b9a249e0235d11ead432ac,1/7,227000,17.0,1,16,,"1/7 Апартаменты-студия, 17 м², 1/16 этаж Только на Циан Текстильщики 14 минут пешком Москва , ЮВАО , р-н Текстильщики , м. Текстильщики , улица 8-я Текстильщиков , 13К2 27 000 ₽/мес. На несколько месяцев, комм. платежи включены (без счётчиков), без комиссии, без залога СОБСТВЕННИК! Читайте пожалуйста внимательно, полностью! Сдается студия 17м² в апартаментах в цоколе. Комната изолированна. Сдам исключительно адекватному, чистоплотному, спокойному, ответственному гp. PФ без вредных привычек арендатору!!! Регистрация и амино невозможна! Желательно одного человека! Приточно-вытяжная вентиляция. Без окна! Комната находится в районе с развитой инфраструктурой, в шаговой доступности от метро, БКЛ, МЦД-2. Ценик на длительный срок(год), если комнату снять на меньший срок, то цена увеличится. Если объявление опубликовано, значит актуально и еще сдается. Подойдёт как под жилое, так и не под жилое, мастерская, типография, офис, склад, упаковка, производство, ателье и т.д. ----- Примечание: у собственника могут быть дополнительные пожелания к жильцам - обсудите их в чате или по телефону Собственник ID 8531476 Документы проверены +7 916 936-41-... Написать четыре дня назад 30 апр, 17:46",,https://www.cian.ru/cat.php?deal_type=rent&district%5B0%5D=8&engine_version=2&offer_type=flat&room9=1&type=4&p=1,2026-05-04T16:43:05+00:00
2145,329471282,ЮВАО,https://www.cian.ru/rent/flat/329471282/?context=4.jUnA_07yWzY.9Cj705cA1L53a8epVYkhSG7fTvmcdbVCrIpKk3dFh_kmCQEkDcltvKCrYjt9RWEM9DrwPij0cS_Q3Q&mlSearchSessionGuid=5e605e54e634dda4c4d98e70ff69d434,1/5,230000,17.6,4,4,,"1/5 Студия, 17,6 м², 4/4 этаж Кожуховская 9 минут пешком Москва , ЮВАО , р-н Печатники , м. Кожуховская , Южнопортовая улица , 26к2 30 000 ₽/мес. На несколько месяцев, комм. платежи включены (без счётчиков), без комиссии, без залога аренда квартиры от 1 месяца (под склад , хранение вещей на время ремонта итд) Собственник ID 104574949 Документы проверены +7 980 417-04-... Написать два дня назад 2 май, 12:07",,https://www.cian.ru/cat.php?deal_type=rent&district%5B0%5D=8&engine_version=2&offer_type=flat&room9=1&type=4&p=2,2026-05-04T16:43:05+00:00
2157,328857777,ЮВАО,https://www.cian.ru/rent/flat/328857777/?context=4.iiN_O06uMY8.tvcOb0TlZhRQzkL2gRnI1u5zWK7_KDaEyKUp90kme4g-uPNuoJ0bwOP03K9oibgvcU6sF2ELSYlBPw&mlSearchSessionGuid=8bdf152b3e72978e92a58ac0607efffa,1/5,238000,16.0,2,14,,"1/5 Студия, 16 м², 2/14 этаж Только на Циан Некрасовка 5 минут на транспорте Москва , ЮВАО , р-н Некрасовка , м. Некрасовка , улица Маршала Еременко , 5к2 38 000 ₽/мес. От года, комм. платежи включены (без счётчиков), без комиссии, залог 38 000 ₽ Сдаётся светлая, уютная квартира-студия с 1.06.2026г. Красивый кирпично-монолитный дом Для семейной пары, женщине/девушке Есть всё для комфортного проживания Вся мебель и техника В 17 минутах ходьмы от метро Рядом продуктовые магазины, аптеки, МФЦ, банки, автобусные остановки, школа, дет.сад и т.д. БЕЗ детей и животных!!! Ежемесячная плата - 38.000₽ + свет, вода Залог - 38.000₽ Договор аренды от 1 года! Важно!!! Залог не возвращается, если съезжаете раньше срока указанного в договоре. Без комиссий! Собственник. Собственник ID 140070899 Документы проверены +7 915 411-01-... Написать неделю назад 27 апр, 14:26",,https://www.cian.ru/cat.php?deal_type=rent&district%5B0%5D=8&engine_version=2&offer_type=flat&room9=1&type=4&p=3,2026-05-04T16:43:05+00:00
2164,326403023,ЮВАО,https://www.cian.ru/rent/flat/326403023/?context=4.d3KXfkLBKUE.pFcfBH0rqH20RsB0b7LiDwZr9JuhX-nKilQ5n3NUokp0zLs1_YTYeEyA7GeyWObDV8h5-lFNRDF_Aw&mlSearchSessionGuid=8bdf152b3e72978e92a58ac0607efffa,1/11,241000,17.0,3,5,,"1/11 Студия, 17 м², 3/5 этаж Только на Циан Кузьминки 9 минут пешком Москва , ЮВАО , р-н Кузьминки , м. Кузьминки , Жигулевская улица , 4К2 41 000 ₽/мес. От года, комм. платежи включены (без счётчиков), комиссия 50%, залог 41 000 ₽ Сдаётся студия 17 м² в новом ЖК Нью Форм Сдаётся впервые уютная студия площадью 17 м², расположенная на 3 этаже нового жилого комплекса Нью Форм. Квартира полностью укомплектована для комфортного проживания: двуспальный диван шкаф для хранения вещей кухонный гарнитур с техникой: холодильник, плита, СВЧ ванная комната полностью оборудована: стиральная машина, душ, полотенцесушитель Новая квартира, никто не проживал. Подходит для одного человека или семейной пары. Инфраструктура и транспорт: рядом большое количество магазинов до метро — 7 минут пешком возле метро расположен крупный торгово-развлекательный центр Отличный вариант для комфортной жизни в новом доме. Звоните / пишите для просмотра. Агентство недвижимости АРТИН Суперагент +7 915 234-34-... 3 недели назад 8 апр, 08:31",,https://www.cian.ru/cat.php?deal_type=rent&district%5B0%5D=8&engine_version=2&offer_type=flat&room9=1&type=4&p=3,2026-05-04T16:43:05+00:00
2104,328651703,ЮВАО,https://www.cian.ru/rent/flat/328651703/?context=4.mSIauFmN1VM.-MuW5bDdfYGiRsKxxfJmPrzle0ivAgisFkm1Wh4tR2jdIkrYFVsb0hej11Feii7cE27PFBhWrgkSlg&mlSearchSessionGuid=901dea6805b9a249e0235d11ead432ac,1/16 Ещё фото,244900,19.6,2,15,,"1/16 Ещё фото Без депозита! Рядом МЦД Студия, 19,6 м², 2/15 этаж Депо 18 минут пешком Москва , ЮВАО , р-н Люблино , м. Депо , Люблинская улица , 72Ак2 44 900 ₽/мес. От года, комм. платежи включены (без счётчиков), комиссия 30%, без залога Сдаётся квартира-студия с евроремонтом и совмещённым санузлом в ЖК Люблинский Парк, без депозита! Её можно посмотреть когда Вам удобно: бронируете время, забираете ключи и спокойно осматриваете. Если всё понравится, договор подпишем онлайн и будем поддерживать Вас на всех этапах аренды. Квартира оборудована кухонным гарнитуром, можно обсудить покупку необходимой мебели в счёт арендной платы. Интернет проведён. Полы ламинат и плитка. Окна выходят на улицу, есть бесплатная парковка. Собственник готов заселить не более 2 взрослых жильцов с детьми, оформить и заключить договор с юридическим лицом. Можно с домашним питомцем. Дом находится в районе с развитой инфраструктурой, рядом: - Гипермаркет Ашан; - ТЦ Бум; - Парк им. Артёма Боровика; - Парк Героев Отечественной войны 1812 года. Также в пешей доступности школы и детские сады, салоны красоты, кафе, заправки и автосервисы, колледж, культурный центр, фитнес-клуб, бассейн и кинотеатр. До МЦД-2 Перерва 20 минут пешком, до м. Братиславская 20 минут на общественном транспорте. Агентство недвижимости ПИК-Аренда Документы проверены Посмотреть все объекты +7 986 248-10-... Написать 3 часа назад сегодня, 15:59",,https://www.cian.ru/cat.php?deal_type=rent&district%5B0%5D=8&engine_version=2&offer_type=flat&room9=1&type=4&p=1,2026-05-04T16:43:05+00:00
2136,329598019,ЮВАО,https://www.cian.ru/rent/flat/329598019/?context=4.qnGoG0yKVy0.ilSyreIy99b_3rJHaQHqCUj8xRIAOd42KeOdJOpesJSPZC-em9XGZVpkUtKuRnGozetEGgTZ2z-sQQ&mlSearchSessionGuid=5e605e54e634dda4c4d98e70ff69d434,1/6,245000,16.0,4,5,,"1/6 Студия, 16 м², 4/5 этаж Только на Циан Окская 15 минут пешком Москва , ЮВАО , р-н Кузьминки , м. Окская , Окская улица , 28К2 45 000 ₽/мес. От года, комм. платежи включены (без счётчиков), без комиссии, залог 40 000 ₽ Сдаётся уютная студия в аренду, расположенная по адресу: Россия, Москва, Окская улица, 28к2. Квартира находится на 4 этаже 5-этажного дома, построенного в 1971 году. Общая площадь студии составляет 16 кв. м, с высотой потолков 2,5 метра. Окна выходят на улицу, поэтому в квартире всегда светло. В студии сделан свежий евроремонт, что позволяет вам сразу заехать и наслаждаться комфортом. В комнате и на кухне установлена вся необходимая мебель. Также в квартире есть техника: холодильник, стиральная машина и телевизор. Санузел совмещённый, с душевой кабиной, что очень удобно для небольшой площади. Проживание без животных!!! Дом находится в хорошем состоянии, подъезд чистый и ухоженный. Рядом с домом есть все необходимые объекты инфраструктуры: школы, детские сады, клиники и магазины. До станции метро ""Окская"" можно дойти пешком за 15 минут, поэтому вы всегда будете в шаговой доступности от основных транспортных развязок города. Аренда квартиры осуществляется напрямую от собственника, без посредников и комиссии. Для заселения потребуется внести залог и предоплату за первый месяц проживания. Квартира идеально подойдёт для одного человека или пары. Приглашаем вас на просмотр квартиры! Без животных!!! Собственник ID 141126332 +7 915 370-17-... Написать три дня назад 1 май, 14:49",,https://www.cian.ru/cat.php?deal_type=rent&district%5B0%5D=8&engine_version=2&offer_type=flat&room9=1&type=4&p=2,2026-05-04T16:43:05+00:00
2160,328983875,ЮВАО,https://www.cian.ru/rent/flat/328983875/?context=4.K3LISulGNE8.Kp1gi4mqOIfvqKZK_OBj91TQHAO1qNeESoh8XRawDUbrDUDr7MsxkyaCCEKeZ96viEWmIPCmRuiP4w&mlSearchSessionGuid=8bdf152b3e72978e92a58ac0607efffa,1/7,250000,21.0,15,16,,"1/7 Студия, 21 м², 15/16 этаж Люблино 14 минут пешком Москва , ЮВАО , р-н Люблино , м. Люблино , Цимлянская улица , 3к2 50 000 ₽/мес. От года, комм. платежи включены (без счётчиков), без комиссии, залог 50 000 ₽ Объявление актуально. Сдается студия на длительный срок порядочным людям, , девушке или паре, строго без животных. в квартир есть необходимая мебель и техника, холодильник, стиральная машина. метро Люблино Не всегда могу ответить на звонки, пишите в сообщениях. пишите кто вы, чем занимаетесь, на какой срок ? спасибо. ----- Примечание: у собственника могут быть дополнительные пожелания к жильцам - обсудите их в чате или по телефону Собственник ID 30508976 Документы проверены +7 985 091-64-... Написать шесть дней назад 28 апр, 19:06",,https://www.cian.ru/cat.php?deal_type=rent&district%5B0%5D=8&engine_version=2&offer_type=flat&room9=1&type=4&p=3,2026-05-04T16:43:05+00:00
2183,328145829,ЮВАО,https://www.cian.ru/rent/flat/328145829/?context=4.mI4ZuX9F8kY.hmhwSzyELs8rs89m0Yg_CvhKcHFq0zqedJ-5qoMpifyQp8S6aOAmg3e8jWbL0LSyMXQtJAQBJYdU-g&mlSearchSessionGuid=8bdf152b3e72978e92a58ac0607efffa,1/22,250000,22.0,8,23,,"1/22 Студия, 22 м², 8/23 этаж Только на Циан Новохохловская 14 минут пешком Москва , ЮВАО , р-н Текстильщики , м. Новохохловская , 1-й Грайвороновский проезд , 13к2 50 000 ₽/мес. От года, комм. платежи включены (без счётчиков), комиссия 50%, залог 50 000 ₽ Уютная студия, общей площадью 22 кв.м.Для комфортного проживания есть вся необходимая мебель и бытовая техника. Санузел совмещенный, душевая кабина. Вместительный шкаф. Хорошо развитая инфраструктура. Агентство недвижимости Триумф Суперагент +7 968 237-87-... Написать четыре дня назад 29 апр, 20:11",,https://www.cian.ru/cat.php?deal_type=rent&district%5B0%5D=8&engine_version=2&offer_type=flat&room9=1&type=4&p=3,2026-05-04T16:43:05+00:00
2178,329618297,ЮВАО,https://www.cian.ru/rent/flat/329618297/?context=4.3Y1C8kBI7xU.2Zsmjul5dLMXpCmKlWY3wZuxOV3ViSIJZEr7I8rUj-Y0RFJbvTSAOYDAv4RAIbnlac86hq8OBxQBFQ&mlSearchSessionGuid=8bdf152b3e72978e92a58ac0607efffa,1/24,253000,19.8,30,33,,"1/24 Студия, 19,8 м², 30/33 этаж Только на Циан Проверено в Росреестре Перерва 4 минуты пешком Москва , ЮВАО , р-н Люблино , м. Перерва , Иловайская улица , 2 53 000 ₽/мес. На несколько месяцев, комм. платежи включены (без счётчиков), без комиссии, залог 70 000 ₽ Сдается видовая светлая студия в ЖК Люблинский парк. Потрясающий вид из окна, завораживающая перспектива! Квартира расположена на 30 этаже нового 33-этажного здания, общая площадь — 20 м². Поблизости: - МЦД Перерва 6 мин пешком (после открытия нового павильона через год - 4 мин), - остановка автобусов 1 мин пешком, - метро Марьино 18 мин пешком, - метро Братиславская 22 мин пешком, - ТЦ Люблю Молл, Ашан 13 мин пешком, - Аквапарк Фэнтази, 14 мин пешком, - ТРЦ БУМ 20 мин пешком, - Марьинские бани, 13 мин пешком, - Аптека, Пятерочка, ВинЛаб, цветы, кофе с собой, пункты Озон и Вайлдберриз на 1 этаже комплекса. На территории самого ЖК в шаговой доступности — кофейни, фитнес-студии, салоны красоты и вся необходимая инфраструктура. Закрытый двор без машин с дизайнерским оформлением, в котором приятно провести время, разбит на зоны с шезлонгами, воркаут (тренажёры), стильные лавочки и игровая зона для детей. Есть подземная и наземная парковки. Квартира выполнена в современном минималистичном стиле. Пространство продумано для отдыха и работы: есть удобная двуспальная кровать с ортопедическим матрасом (спина Вам скажет спасибо), рабочая зона 120 см со всеми видами розеток над столом. Для хранения предусмотрены вместительные шкафы и комод. Кухня компактная и функциональная, с обеденной зоной 145 см, современной техникой и набором посуды (сковорода, кастрюля, чашки, тарелки, ножи, ложки, вилки и т.п.). Ванная комната светлая и аккуратная: установлен тропический душ, зеркальный вместительный шкаф с подсветкой для косметики. Отдельный шкаф для хознужд (швабра, стиральные порошки и т.п.), большая сушка. Техника: - кондиционер, - холодильник, - микроволновая печь, - посудомоечная машина, - индукционная плита, - вытяжка, - электрический чайник, - стиральная машина с режимом пара, - пылесос, - утюг (и гладильная доска), - телевизор с ТВ-приставкой. Квартира полностью готова к заселению — можно заехать в день просмотра. Все вещи абсолютно новые. Есть интернет (вай-фай). Сдаёт собственник нет комиссии! 53000 в месяц на длительный срок + счетчики и интернет. Срок менее 70 дней 3700 сутки. Оплата при заселении - первый месяц плюс залог 70000. Собственник ID 23317942 Назначить просмотр вчера 2 май, 20:21",,https://www.cian.ru/cat.php?deal_type=rent&district%5B0%5D=8&engine_version=2&offer_type=flat&room9=1&type=4&p=3,2026-05-04T16:43:05+00:00
2165,304345542,ЮВАО,https://www.cian.ru/rent/flat/304345542/?context=4.zZWhYITps2E.9UMUbCcHZw88sXHi8MwsVUjxNWgYNdEYRE03HwXqPABn_v88ZJkwRvVPrRH_NVL8c1VNz6e_-8Lg5w&mlSearchSessionGuid=8bdf152b3e72978e92a58ac0607efffa,1/36,255000,20.0,22,26,,"1/36 Студия, 20 м², 22/26 этаж Нижегородская 10 минут пешком Москва , ЮВАО , р-н Нижегородский , м. Нижегородская , Перовское шоссе , 2к2 55 000 ₽/мес. От года, комм. платежи включены (без счётчиков), комиссия 60%, залог 55 000 ₽ Перовское шоссе д. 2 корп. 2. Сдам квартира-студия площадью 20м2 с мебелью и техникой в новом доме от ПИК. Этаж - 22; площадь - 20м2. Лифты - 4 шт. В квартире есть всё необходимое для постоянного комфортного проживания. Новая мебель и техника. Ближайшая станция метро Нижегородская. В доме есть Пятерочка, кофейни, аптеки. Коммунальные услуги оплачиваются отдельно. Агентство недвижимости Российское Деловое Агентство Суперагент +7 981 012-32-... Написать 2 недели назад 16 апр, 16:50",,https://www.cian.ru/cat.php?deal_type=rent&district%5B0%5D=8&engine_version=2&offer_type=flat&room9=1&type=4&p=3,2026-05-04T16:43:05+00:00
2167,329597691,ЮВАО,https://www.cian.ru/rent/flat/329597691/?context=4.mw0TPtG2jRI.8HfzRvrN-gwBNxLusv8Wb3KmGKuHmiEGYo7suQ_OLxfTI6LSLxA4CsMauhWHZFsEbkATt8nUF3GOhw&mlSearchSessionGuid=8bdf152b3e72978e92a58ac0607efffa,1/11,257000,17.0,3,5,,"1/11 Студия, 17 м², 3/5 этаж Текстильщики 12 минут пешком Москва , ЮВАО , р-н Текстильщики , м. Текстильщики , улица Артюхиной , 6К2 57 000 ₽/мес. На несколько месяцев, комм. платежи включены (без счётчиков), комиссия 35%, залог 57 000 ₽ Сдается студия в скандинавском стиле в доме с охраняемой территорией. 10 минута пешком от станции МЦД-2 и 13 минут пешком до метро Текстильщики. Интерьер и планировка: Светлые пастельные оттенки визуально увеличивают пространство, а минималистичный интерьер позволяет добавить детали на свой вкус. - зона отдыха с удобным диваном и журнальным столиком; - кухня с барной стойкой, которую можно использовать как рабочее место; - вместительный шкаф и два комода для хранения. Есть всё, чтобы заехать сразу: мини-холодильник, электрическая плита, микроволновая печь, стиральная машина, безлимитный Wi-Fi. Что входит в аренду: поддержка персонального менеджера, возможность забронировать квартиру заранее, депозит можно внести частями, помощь по бытовым вопросам и ремонте без доплат, регулярные мероприятия для жильцов (йога, живопись, английский, растяжка). Инфраструктура рядом: В шаговой доступности — ВкусВилл, студия пилатеса MissFit, дворец спорта и культурный центр Москвич, студии красоты и химчистка. Рядом пункты выдачи (Яндекс Маркет, OZON) и кофейни. Вечером можно прогуляться у уютного пруда Садки — всего 5 минут пешком, отличное место для отдыха от городской суеты. Формат аренды: Квартиру сдаём мы - компания Colife Комфорт. Мы не сторонние агенты или риелторы, вы подписываете договор напрямую с нами, а в стоимость уже включен сервис и поддержка 24/7: например, если что-то сломается мы бесплатно и быстро починим. — без посредников и скрытых комиссий; — долгосрочно, договор с компанией, в котором зафиксированы все договорённости; — показы по договорённости, въезд возможен сразу. Если у вас возникли какие-либо вопросы, вы всегда можете написать их нам в чат или позвонить по номеру телефона. Мы с радостью вам ответим. Для собственников: если планируете сдавать свою квартиру, у нас сейчас отличные условия. Свяжитесь с нами. Артикул: 83423 Агентство недвижимости Colife Суперагент +7 916 086-72-... Написать три дня назад 1 май, 14:07",,https://www.cian.ru/cat.php?deal_type=rent&district%5B0%5D=8&engine_version=2&offer_type=flat&room9=1&type=4&p=3,2026-05-04T16:43:05+00:00
2101,329563994,ЮВАО,https://www.cian.ru/rent/flat/329563994/?context=4.kDlFaF7_Mwk.trHzOHIcfLgXf-NZYoiw3uENH56A8CDkfq_MBDY55-HASrCXnD3Qw9sG5K3ly8ERQCKXsy3K16bxFQ&mlSearchSessionGuid=901dea6805b9a249e0235d11ead432ac,1/9 Ещё фото,260000,17.0,3,5,,"1/9 Ещё фото Студия, 17 м², 3/5 этаж Текстильщики 12 минут пешком Москва , ЮВАО , р-н Текстильщики , м. Текстильщики , улица Артюхиной , 6К2 60 000 ₽/мес. На несколько месяцев, комм. платежи включены (без счётчиков), комиссия 35%, залог 60 000 ₽ Сдается студия в скандинавском стиле в доме с охраняемой территорией. 10 минута пешком от станции МЦД-2 и 13 минут пешком до метро Текстильщики. Интерьер и планировка: Светлые пастельные оттенки визуально увеличивают пространство, а минималистичный интерьер позволяет добавить детали на свой вкус. - зона отдыха с удобным диваном и журнальным столиком; - кухня с барной стойкой, которую можно использовать как рабочее место; - вместительный шкаф и два комода для хранения. Есть всё, чтобы заехать сразу: мини-холодильник, электрическая плита, микроволновая печь, стиральная машина, безлимитный Wi-Fi. Что входит в аренду: поддержка персонального менеджера, возможность забронировать квартиру заранее, депозит можно внести частями, помощь по бытовым вопросам и ремонте без доплат, регулярные мероприятия для жильцов (йога, живопись, английский, растяжка). Инфраструктура рядом: В шаговой доступности — ВкусВилл, студия пилатеса MissFit, дворец спорта и культурный центр Москвич, студии красоты и химчистка. Рядом пункты выдачи (Яндекс Маркет, OZON) и кофейни. Вечером можно прогуляться у уютного пруда Садки — всего 5 минут пешком, отличное место для отдыха от городской суеты. Формат аренды: Квартиру сдаём мы - компания Colife Комфорт. Мы не сторонние агенты или риелторы, вы подписываете договор напрямую с нами, а в стоимость уже включен сервис и поддержка 24/7: например, если что-то сломается мы бесплатно и быстро починим. — без посредников и скрытых комиссий; — долгосрочно, договор с компанией, в котором зафиксированы все договорённости; — показы по договорённости, въезд возможен сразу. Если у вас возникли какие-либо вопросы, вы всегда можете написать их нам в чат или позвонить по номеру телефона. Мы с радостью вам ответим. Для собственников: если планируете сдавать свою квартиру, у нас сейчас отличные условия. Свяжитесь с нами. Артикул: 83430 Агентство недвижимости Colife Суперагент Посмотреть все объекты +7 916 086-72-... Написать 6 часов назад сегодня, 13:30 Как опередить это объявление?",,https://www.cian.ru/cat.php?deal_type=rent&district%5B0%5D=8&engine_version=2&offer_type=flat&room9=1&type=4&p=1,2026-05-04T16:43:05+00:00
2107,329145990,ЮВАО,https://www.cian.ru/rent/flat/329145990/?context=4.fZjK5Ce-A58.xoU-LfWuhdLlHy3J-_y637deL2GqXO_TAmfa6OjTFnFGVTIUZtZpKRmOD8hzQTVpnMRGIsujwCdpLA&mlSearchSessionGuid=901dea6805b9a249e0235d11ead432ac,1/21 Ещё фото,260000,31.9,12,17,,"1/21 Ещё фото Сдаётся без депозита! Студия, 31,9 м², 12/17 этаж Только на Циан Перерва 4 минуты пешком Москва , ЮВАО , р-н Люблино , м. Перерва , Иловайская улица , 2 60 000 ₽/мес. От года, комм. платежи включены (без счётчиков), комиссия 40%, без залога Сдаётся светлая квартира-студия с евроремонтом и совмещённым санузлом в ЖК Люблинский Парк, без депозита! Её можно посмотреть когда Вам удобно: бронируете время, забираете ключи и спокойно осматриваете. Если всё понравится, договор подпишем онлайн и будем поддерживать Вас на всех этапах аренды. В квартире есть: - Проведён интернет; - Холодильник; - Стиральная машина; - Кухонный гарнитур. Дополнительную мебель/технику можно приобрести в счёт арендной платы. Полы ламинат и плитка. Окна выходят во двор, на восток, есть бесплатная парковка. Собственник готов заселить не более 2 жильцов с детьми и обсудить оформление временной регистрации. С домашним питомцем можно по согласованию. Дом расположен в районе с развитой инфраструктурой, рядом находятся: - Парк имени Артёма Боровика; - Братиславский лесопарк. - ТЦ Люблю Молл; - Парк 850-летия Москвы; - Лес Жары; - Парк Героев Отечественной войны 1812 года. Во дворах обустроены детские площадки, двор без машин. В пешей доступности — школа, детский сад, продуктовые супермаркеты, аптеки, фитнес-клуб, кафе. До МЦД-2 Перерва - 6 минут пешком. Агентство недвижимости ПИК-Аренда Документы проверены Посмотреть все объекты +7 919 999-74-... Написать 4 часа назад сегодня, 15:22",,https://www.cian.ru/cat.php?deal_type=rent&district%5B0%5D=8&engine_version=2&offer_type=flat&room9=1&type=4&p=1,2026-05-04T16:43:05+00:00
2113,329429937,ЮВАО,https://www.cian.ru/rent/flat/329429937/?context=4.yb8fYWppXdw.Qpzbaja2cMbCedDXOt2s-DHus6QThwnZXz8Itn0FiRHsTVuU0ak0x53QWE8QWElNTmdVeucrYZL0dg&mlSearchSessionGuid=901dea6805b9a249e0235d11ead432ac,1/35,260000,24.2,16,30,,"1/35 Лучшая студия в ЖК Апартаменты-студия, 24,2 м², 16/30 этаж Волгоградский проспект 12 минут пешком Москва , ЮВАО , р-н Южнопортовый , м. Угрешская , Волгоградский проспект , 32/5к2 60 000 ₽/мес. От года, комм. платежи включены (без счётчиков), комиссия 50%, залог 80 000 ₽ Предлагаем в аренду стильные апартаменты-студию в Москве ЖК Метрополия по адресу: Волгоградский проспект, 32к2. Общая площадь — 24,2 кв. м, апартаменты расположены на 16 этаже 17-этажного дома, с высотой потолков 3 метра. Всего в двух минутах пешком от станции метро ""Волгоградский проспект"", что позволяет быстро добраться до любого района города. Апартаменты с дизайнерским ремонтом, что создает атмосферу уюта и комфорта. В комнате и на кухне есть вся необходимая мебель, а современная техника — кондиционер, холодильник, посудомоечная машина, телевизор и стиральная машина — обеспечат удобство проживания. Санузел совмещенный, оборудован душевой кабиной. Дом в отличном состоянии, с подземной парковкой, поэтому можно не беспокоиться о месте для автомобиля. В доме работают три пассажирских и три грузовых лифта, поэтому вам не придется ждать. Есть мусоропровод и подключен интернет, а значит, все необходимое для комфортного проживания под рукой. В шаговой доступности от дома находятся школы, детские сады, клиники и магазины, поэтому все важные объекты инфраструктуры у вас под боком. Отличное транспортное сообщение позволяет быстро добраться до центра города и других районов. Аренда без комиссии, при заключении договора потребуется залог. Апартаменты готовы к заселению, и мы ждем ваших звонков для записи на просмотр. Не упустите возможность арендовать стильные апартаменты в одном из самых удобных районов Москвы! Агентство недвижимости BE FREE Суперагент +7 939 015-11-... Написать 11 часов назад сегодня, 08:08",,https://www.cian.ru/cat.php?deal_type=rent&district%5B0%5D=8&engine_version=2&offer_type=flat&room9=1&type=4&p=1,2026-05-04T16:43:05+00:00
2131,329223446,ЮВАО,https://www.cian.ru/rent/flat/329223446/?context=4.VG4i1kdNka4.p7-Bj5kWwkoyYdsw3SO7mW-qkjTgCaXbsgwleDW7UmHrqcuOAnT-10FM4Nj7tuCfnvYLlP3uduy6ag&mlSearchSessionGuid=5e605e54e634dda4c4d98e70ff69d434,1/34,260000,23.5,18,33,,"1/34 Студия, 23,5 м², 18/33 этаж Новохохловская 6 минут пешком Москва , ЮВАО , р-н Нижегородский , м. Новохохловская , Новохохловская улица , 15к2 60 000 ₽/мес. От года, комм. платежи включены (без счётчиков), комиссия 50%, без залога Долгосрочная аренда (договор на 11 месяцев). Прeдставляeм вaшeму внимaнию cтильную квартиру в ЖК Новохохловская 15 площадью 23,7 кв.м. Квартира сдается впервые!!! Бытoвая тexника: cтиральная мaшина, холодильник, варочная панель, СВЧ, телевизор, электрический чайник. Развитая инфpaструктурa -до Новохохловской 15 удобно добираться и на общественном транспорте, и на личном автомобиле; - до станций МЦК и МЦД Новохохловская- 7 минут пешком; - до метро Нижегородская и Волгоградский проспект — 25 минут пешком; - до ТТК можно доехать за 3 минуты; - до Садового кольца — за 10 минут. Благоустроенный внутренний двор без машин с детскими и спортивными площадками, местами для тихого отдыха. Подземный паркинг, охраняемая территория. Кафе, магазины и разные полезные сервисы для комфортной жизни. Вблизи ЖК расположены медицинские учреждения, фитнес клубы, ТЦ. Парковые зоны: Кусковский, Перовский. Условия проживания: Тариф Комфортное проживание: - 50% от арендного платежа при заселении; - Раннее бронирование объекта (за 3 дня до заселения); - Персональный менеджер на всех этапах аренды быстро реагирует на запросы - большинство бытовых вопросов решаем за 48 часов; - Страхование гражданской ответственности; - Организация мелкого ремонта. Коммунальные платежи: электроэнергия, хвс\гвс, услуги интернет провайдера, расходы за отопление дома/квартиры оплачивает арендатор. Заселение только при наличии постоянной регистрации РФ. Без животных. Агентство недвижимости СМАРЕНТ Документы проверены +7 985 853-93-... Написать пять дней назад 29 апр, 13:26",,https://www.cian.ru/cat.php?deal_type=rent&district%5B0%5D=8&engine_version=2&offer_type=flat&room9=1&type=4&p=2,2026-05-04T16:43:05+00:00
2134,324359709,ЮВАО,https://www.cian.ru/rent/flat/324359709/?context=4.0sgOEf9OqB4.HMXBKr4KauFr0ttMbHbSPO_0NxsVsVUcOxO8W-t6CkfSqoPlxsOS4j4YSFiER6ggL-RBd5Bl7wZVFQ&mlSearchSessionGuid=5e605e54e634dda4c4d98e70ff69d434,1/8,260000,34.0,9,33,,"1/8 Студия, 34 м², 9/33 этаж Перерва 4 минуты пешком Москва , ЮВАО , р-н Люблино , м. Перерва , Иловайская улица , 2 60 000 ₽/мес. От года, комм. платежи включены (без счётчиков), комиссия 50%, залог 60 000 ₽ ==ЛОТ 223269 ==Сдается 1 комн. квартира студия в современном ЖК после ремонта на длительный срок. Никто не жил. Предпочтительно одному взрослому или паре. Квартира укомплектована всей необходимой мебелью и техникой. Тихий, уютный двор. Доброжелательные соседи. Прекрасная инфраструктура: метро, магазины, парки в шаговой доступности. Все условия прописываются в договоре. Полная квитанция оплачивается отдельно. Записывайтесь на просмотр. Агентство недвижимости Замоскворечье Документы проверены +7 923 078-46-... Написать вчера вчера, 13:26",,https://www.cian.ru/cat.php?deal_type=rent&district%5B0%5D=8&engine_version=2&offer_type=flat&room9=1&type=4&p=2,2026-05-04T16:43:05+00:00
2154,329487078,ЮВАО,https://www.cian.ru/rent/flat/329487078/?context=4.DNkq0rZUNqs.5ey_Y0JS0tBPDyPAeVDYcd81Pc_ULvp37uHpBGLQxFvKiPUFLwMUhv407evm8c152HqKyOujD3Ph1w&mlSearchSessionGuid=5e605e54e634dda4c4d98e70ff69d434,1/12,260000,25.0,22,30,,"1/12 Студия, 25 м², 22/30 этаж Только на Циан Угрешская 3 минуты пешком Москва , ЮВАО , р-н Южнопортовый , м. Угрешская , Волгоградский проспект , 32/3к2 60 000 ₽/мес. От года, комм. платежи включены (без счётчиков), комиссия 60%, залог 60 000 ₽ Добрый день! Для более качественного восприятия объекта , мы добавили видеоролик! Пожалуйста ознакомьтесь! Спасибо. Предлагаем вам уютную студию в современном жилом комплексе бизнес класса Метрополия, построенного в 2021 году, а значит что ремонтов от соседей уже давно нет. Высокие потолки (2.9 м) создают ощущение простора и уюта в квартире. Много естественного света. В квартире сделан качественный евроремонт, который порадует даже самых требовательных арендаторов. Комната светлая и просторная, окна выходят на улицу, что обеспечивает отличное естественное освещение. Ванная комната оснащена современной душевой кабиной. Квартира полностью меблирована: есть удобная мебель как в комнате, так и на кухне. Из техники в вашем распоряжении кондиционер, холодильник, посудомоечная машина, телевизор и стиральная машина. Дом находится в отличном состоянии, в подъезде работают два пассажирских и один грузовой лифт, а для вашего автомобиля предусмотрена подземная парковка, стоимость аренды в среднем 12000-13000/месяц. Интернет подключен, поэтому вы всегда будете на связи. Рядом с домом расположены клиники и магазины, что делает повседневные дела удобными и быстрыми. До станции метро ""Волгоградский проспект"" всего 9 минут пешком, а станция мцк Угрешская находится в 3-х минутах ходьбы, что позволит вам быстро добираться до любой точки города. Условия аренды: квартира сдается на длительный срок, от 11 месяцев. Возможно проживание с небольшим домашним животным , под ответственность арендатора. Не упустите возможность жить в комфортной квартире в одном из самых удобных районов Москвы. Звоните и записывайтесь на просмотр уже сегодня! Агентство недвижимости BrightRealty +7 985 063-14-... Написать вчера вчера, 16:32",,https://www.cian.ru/cat.php?deal_type=rent&district%5B0%5D=8&engine_version=2&offer_type=flat&room9=1&type=4&p=2,2026-05-04T16:43:05+00:00
2182,329439474,ЮВАО,https://www.cian.ru/rent/flat/329439474/?context=4.8doQCabxwOA.du2KYNfFy1Cfkh_MHPMmqrcT-ndIlFjX1JCfGG_XZ8Gi4xuGHISXoigm28F31JfCCLqeXiXQwinRaw&mlSearchSessionGuid=8bdf152b3e72978e92a58ac0607efffa,1/20,260000,20.0,14,33,,"1/20 Студия, 20 м², 14/33 этаж Онлайн-договор Перерва 4 минуты пешком Москва , ЮВАО , р-н Люблино , м. Перерва , Иловайская улица , 2 60 000 ₽/мес. От года, комм. платежи включены (без счётчиков), комиссия 50%, залог 60 000 ₽ О КВАРТИРЕ: Вас ждет абсолютно новая, светлая квартира с дизайнерским ремонтом и полным комплектом бытовой техники. Заезжай и живи! Кухонная зона укомплектована: • Индукционная плита • Холодильник + морозильник • Микроволновая печь • Посудомоечная машина (редкость для студий) • Мощная вытяжка Комфорт и быт: • Телевизор • Стиральная машина • Современный санузел Условия проживания: Можно с ребенком Официальная временная регистрация по месту жительства — ДА, возможна ТРАНСПОРТНАЯ ДОСТУПНОСТЬ — ВЫШЕ ВСЕХ ПОХВАЛ: • Пешком до метро: 7-8 минут до ст. м. Перерва и платформы МЦД-2. • Автобусы: Остановка Иловайская улица прямо у дома (212 м). Маршруты 35, 524, 646 до м. Люблино, Текстильщики. • Для водителей: Комфортный выезд на ТТК, МСД и МКАД. Есть подземный паркинг в доме.(за доп. плату) О ДОМЕ И ДВОРЕ: • Новый ЖК: Современный 33-этажный монолит, свежий ремонт подъездов. • Управляющая компания: Надежная УК ПИК-Комфорт Сириус. • Территория: Закрытый двор без машин! Современное озеленение, тихие зоны отдыха и оборудованная детская площадка. ИНФРАСТРУКТУРА В ШАГОВОЙ ДОСТУПНОСТИ: Школы и сады (рядом): • ГБОУ Школа в Некрасовке (ул. 2-я Вольская) • СОШ 2051 с дошкольным отделением • Частные детские сады (Забота, ИдеЯ!) Магазины и кафе: • ТЦ Некрасовка с бутиками и ресторанами в 10 минутах. • Продуктовые супермаркеты и пекарня Буханка рядом с домом. • Кафе Династия и рестораны на любой вкус. Медицина: На расстоянии пешей прогулки взрослая, детская и стоматологическая поликлиники. ПАРКИ ДЛЯ НАСТОЯЩЕГО ОТДЫХА: 1. Парк Некрасовка (7-10 мин пешком): Крытый ледовый каток 2. Природный парк Кузьминки-Люблино (15-20 мин пешком или 1 остановка на автобусе): Каскады прудов с лебедями, старинная усадьба, лодочная станция и эко-тропы. 3. Набережная реки Чурилихи и Сквер на Иловайской — прямо у дома для приятных прогулок по вечерам. Звоните или пишите прямо сейчас, чтобы договориться о показе! Квартира новая, долгосрочная аренда! Квартира в управлении, сдается официально-будущий арендатор не контактирует с собственником,только с менеджером! Примечание: у собственника могут быть дополнительные пожелания к жильцам - обсудите их в чате или по телефону Посмотреть копии объявления от других продавцов Риелтор Полина Топилина Документы проверены +7 985 825-00-... Нап",,https://www.cian.ru/cat.php?deal_type=rent&district%5B0%5D=8&engine_version=2&offer_type=flat&room9=1&type=4&p=3,2026-05-04T16:43:05+00:00
2123,329145067,ЮВАО,https://www.cian.ru/rent/flat/329145067/?context=4.z40qFqBa2sw.CCeQim9Oync-htqn1yQUYr2wX9mihWp70d-S2j6jzfn5DdowQZZXAfLH3qhDwMFE0P9jey4mY3_ySA&mlSearchSessionGuid=901dea6805b9a249e0235d11ead432ac,1/34,265000,25.0,8,25,,"1/34 Студия, 25 м², 8/25 этаж Нижегородская 12 минут пешком Москва , ЮВАО , р-н Нижегородский , м. Нижегородская , Рязанский проспект , 2/2к2 65 000 ₽/мес. На несколько месяцев, комм. платежи включены (без счётчиков), комиссия 50%, залог 65 000 ₽ НОВАЯ КВАРТИРА-СТУДИЯ С ДОРОГОЙ КОМПЛЕКТАЦИЕЙ! В интерьере использованы материалы из натурального дуба, многие позиции выполнены на заказ. Качественное постельное белье, ортопедические подушки и одеяло бренда moon. Встроенный холодильник, микроволновая печь, духовая печь, плита, стиральная машина. Новый диван moon стоимостью около 200 тысяч. Телевизор с широкой диагональю, интернет подключен. Гладильная доска, пылесос, утюг, кофеварка, чайник, тостер, всё новое. Много шкафов, чтобы все разместить. Диван раскладывается, есть внутри короб. Также есть кондиционер. Аренда от 6 месяцев платежеспособным арендаторам, которые ценят комфорт. Уже готова к показам и заселению.! Уважаемые арендаторы, пожалуйста, расскажите немного о себе в сообщениях или по телефону, чтобы собственник мог подтвердить просмотр. Благодарю за понимание! Анна Кербес Эту квартиру может подойти по запросу квартира в аренду квартира с новым ремонтом квартира у метро квартира с мебель снять квартиру студия для студента студия для одного квартира в новом доме квартира в новом ЖК Агентство недвижимости Avilu Estate by Anna Kerbes Суперагент +7 980 406-13-... Написать 8 часов назад сегодня, 11:25",,https://www.cian.ru/cat.php?deal_type=rent&district%5B0%5D=8&engine_version=2&offer_type=flat&room9=1&type=4&p=1,2026-05-04T16:43:05+00:00
2126,329477829,ЮВАО,https://www.cian.ru/rent/flat/329477829/?context=4.wcIlAgbJPdA.PG28m5fHzLhThylv3qkc_cURse3j-O5D8JP_qMj212f5RUMJweO8ysW9XpdZxNljOqZ97AAr0Gqr6A&mlSearchSessionGuid=901dea6805b9a249e0235d11ead432ac,1/30,265000,23.5,30,30,,"1/30 Студия, 23,5 м², 30/30 этаж Волгоградский проспект 9 минут пешком Москва , ЮВАО , р-н Южнопортовый , м. Угрешская , Волгоградский проспект , 32/3к2 65 000 ₽/мес. От года, комм. платежи включены (без счётчиков), комиссия 50%, без залога Дoлгоcрочнaя аpенда (договoр нa 11 меcяцeв). Прeдстaвляем вaшeму внимaнию cвeтлую и уютную cтудию площадью 23,5 кв.м., рacпoложeнную в элитном жилом комплeкce, в самoм сeрдце престижнoгo pайoна. Бытoвая техника: стиpaльнaя мaшина, xoлодильник, вapочнaя пaнель, СBЧ, тeлeвизop, элeктрический чaйник, , кондициoнeр. Еcть всё необходимое для жизни, включая постельное белье и посуду. ЖК Метрополия - городской квартал бизнес-класса на границе Центрального административного округа в Москве. Расположенный на юго-востоке столицы. Закрытая охраняемая территория, видеонаблюдение. Во дворе обустроен зеленый сквер, спортивные и детские площадки, комфортные открытые зоны отдыха. В пешей доступности: магазины, аптеки, кафе и кофейни, торговые центры, фитнес, детский сад и школа. Комплекс обладает отличной транспортной доступностью: до метро Волгоградский проспект - 7 минут пешком. до станции МЦК Угрешская - 5 минут пешком Благодаря прямому выезду с территории на Волгоградский проспект (150 м.) и ТТК (300 м) до любого делового и развлекательного центра столицы можно будет добраться в кратчайшее время. Условия проживания по Тарифу Комфортное проживание: - 50% от арендного платежа при заселении; - Раннее бронирование объекта (за 3 дня до заселения); - Персональный менеджер на всех этапах аренды быстро реагирует на запросы - большинство бытовых вопросов решаем за 48 часов; - Страхование гражданской ответственности до 300 т.р.; - Организация мелкого ремонта. Коммунальные платежи: электроэнергия, хвс\гвс, услуги интернет провайдера, расходы за отопление дома/квартиры оплачивает арендатор. Заселение только при наличии постоянной регистрации. Без животных. Агентство недвижимости СМАРЕНТ Документы проверены +7 985 853-93-... Написать шесть дней назад 28 апр, 13:51",,https://www.cian.ru/cat.php?deal_type=rent&district%5B0%5D=8&engine_version=2&offer_type=flat&room9=1&type=4&p=1,2026-05-04T16:43:05+00:00
2142,329619404,ЮВАО,https://www.cian.ru/rent/flat/329619404/?context=4.053bhOxGeAg.Zxpt1Rau-KPlntEOfCpwKPI4iES7TaMav0x8db7-QHnRpNz5qAaJB-IIkniizpTrZWY6b-JfIk4FcQ&mlSearchSessionGuid=5e605e54e634dda4c4d98e70ff69d434,1/12,265000,26.0,20,22,,"1/12 Апартаменты-студия, 26 м², 20/22 этаж Только на Циан Нижегородская 3 минуты пешком Москва , ЮВАО , р-н Нижегородский , м. Нижегородская , Рязанский проспект , 2К2 65 000 ₽/мес. От года, комм. платежи включены (без счётчиков), комиссия 50%, залог 65 000 ₽ Студия 23 м² в ЖК Аквилон Бисайд по адресу Рязанский проспект, 2/2 к.2. 20 этаж из 25, плюс застекленная лоджия. Высоко, светло и с тем самым ощущением, когда город уже где-то внизу, а вы вроде бы все еще в Москве, но уже немного над ней. Квартира после дизайнерского ремонта, и тут приятно, что красота не в формате только смотреть руками нельзя, а с антивандальными покрытиями и нормальной логикой жизни. На стенах обои под покраску, на полу кварцвинил, то есть квартира не только симпатичная, но и готова выдержать реальность, а не только фотосессию для Pinterest. Формат очень понятный и удобный для одного человека. Пары мы не рассматриваем, так как ширина кровати 120 см :( Но! Лоджия застеклена, так что можно устроить себе дополнительный угол для кофе, ноутбука или молчаливого созерцания начала собственной взрослой жизни. По условиям можно с животными, что для нового ремонта всегда звучит почти как акт доверия. Курение запрещено. Стоимость 65 000 ₽ Агентство недвижимости ID 43533329 +7 986 361-79-... Написать вчера вчера, 22:27",,https://www.cian.ru/cat.php?deal_type=rent&district%5B0%5D=8&engine_version=2&offer_type=flat&room9=1&type=4&p=2,2026-05-04T16:43:05+00:00
2132,329360053,ЮВАО,https://www.cian.ru/rent/flat/329360053/?context=4.jVDMHcmVUmE.6VH8yPeF93C3au1uKS-yjEypsnJbB4SPWeTUYsBS-HFroB2m9WNU4RgDaMNbU4Ckw9HISItNnbImAw&mlSearchSessionGuid=5e605e54e634dda4c4d98e70ff69d434,1/22,267000,24.1,3,30,,"1/22 Апартаменты-студия, 24,1 м², 3/30 этаж Волгоградский проспект 12 минут пешком Москва , ЮВАО , р-н Южнопортовый , м. Угрешская , Волгоградский проспект , 32/5к2 67 000 ₽/мес. От года, комм. платежи включены (без счётчиков), комиссия 50%, без залога Долгocpoчнaя арендa (дoговop нa 11 мecяцeв). Представляем вам светлую студию площадью 24,1 кв.м. в новом ЖК ""Метрополия"" башня Афины. Окна в пол, стильный дизайн, оптимальное использование пространства В квартире предусмотрено все для вашего комфортного проживания: - зона для сна и отдыха (раскладной диван с местом для хранения, комплект постельных принадлежностей, телевизор, шторы блэкаут) - кухня (вместительный гарнитур, СВЧ, плита с духовкой, чайник, дизайнерский холодильник, вытяжка, измельчитель мусора, фильтр для воды, ПММ, набор посуды, барная стойка и стулья) - санузел (душевая кабина, зеркало, раковина с тумбой, бойлер) - в коридоре большой шкаф для хранения, кондиционер, стиральная машина в скрытой нише, утюг) Новый развитый ЖК: - стильные входные группы - зоны без машин для отдыха и прогулок, лавочки, столики, дорожки, цветы - магазины, кафе, аптеки Хорошая транспортная доступность: - до ст МЦК Угрешская 4 минут пешком, - до м. Волгоградский пр-т 17 минут - выезд на ТТК и Садовое кольцо - 3 мин до остановок общественного транспорта Условия проживания : - Раннее бронирование объекта (за 3 дня до заселения), - 50% от арендного платежа, - персональный менеджер на всех этапах аренды быстро реагирует на запросы - большинство бытовых вопросов решаем за 48 часов - Страхование гражданской ответственности до 0,3 млн ₽ - Организация мелкого ремонта - Коммунальные платежи: электроэнергия, хвс/гвс, водоотведение, услуги интернет провайдера, расходы за отопление дома/квартиры оплачивает арендатор. - Заселение только при наличии постоянной регистрации и паспоpта РФ. - Без животных Агентство недвижимости СМАРЕНТ Документы проверены +7 985 853-93-... Написать пять дней назад 29 апр, 13:12",,https://www.cian.ru/cat.php?deal_type=rent&district%5B0%5D=8&engine_version=2&offer_type=flat&room9=1&type=4&p=2,2026-05-04T16:43:05+00:00
2166,328908588,ЮВАО,https://www.cian.ru/rent/flat/328908588/?context=4.Ovnq2213R-4.5j3ARcwJJhKBJuFJObbvDJydd8cx09ztXajcdGTtMnlw9nTISY2yKq8zt0ekRc9DdMkSukJpAaAwCw&mlSearchSessionGuid=8bdf152b3e72978e92a58ac0607efffa,1/27,268000,25.0,6,30,,"1/27 Студия, 25 м², 6/30 этаж Только на Циан Угрешская 5 минут пешком Москва , ЮВАО , р-н Южнопортовый , м. Угрешская , Волгоградский проспект , 32/5к2 68 000 ₽/мес. От года, комм. платежи включены (без счётчиков), комиссия 50%, залог 68 000 ₽ Стильная студия с отдельной спальней | Панорамное окно | 5 мин до МЦК Угрешская Если ты ищешь не просто квартиру, а пространство, в которое хочется возвращаться — ты его нашёл. ЖК Метрополия, корпус Афины Главное преимущество — грамотное зонирование: это не студия всё в одном, а полноценный формат: — отдельная зона спальни — кухня-гостиная для жизни и отдыха 25 м², которые ощущаются как больше за счёт: — панорамного окна (много света) — высоких потолков — продуманной планировки Полностью готова к жизни: — кухня с техникой (есть посудомоечная машина — редкость в этом сегменте) — стиральная машина — микроволновка — кондиционер — достаточно мест для хранения — ничего не будет на виду Ванная, а не душ — комфорт на уровне, который обычно встречается в более дорогих вариантах Локация, которая экономит время: — 5 минут до МЦК Угрешская — быстрый доступ до Москва-Сити — удобный выезд в центр Про ЖК: — закрытый двор-парк без машин — стильные входные группы — подземный паркинг — атмосфера современного города Кому подойдет: — одному человеку, который ценит комфорт — паре без детей — тем, кто работает в Сити или в центре Почему стоит написать прямо сейчас: такие квартиры с отдельной спальней в этом бюджете появляются редко и уходят быстро Пишите/звоните — покажу оперативно Предпочтительно рассмотрим без животных КУ оплачиваются отдельно по счетчикам Комиссия 50% Риелтор ID 31619852 Документы проверены +7 985 066-58-... Написать неделю назад 27 апр, 09:45",,https://www.cian.ru/cat.php?deal_type=rent&district%5B0%5D=8&engine_version=2&offer_type=flat&room9=1&type=4&p=3,2026-05-04T16:43:05+00:00
2128,329009883,ЮВАО,https://www.cian.ru/rent/flat/329009883/?context=4.KOLrXS6u-aQ.vJZvCQgBDgiyuipXTAPI45m6VMlDF10djw4_jPhrFJ1Ovx5qdwDiat-ZKk9xsjVrhnth0X_F2L6B3w&mlSearchSessionGuid=901dea6805b9a249e0235d11ead432ac,3/34,270000,30.1,2,4,,"3/34 Студия, 30,1 м², 2/4 этаж Москва-Товарная 8 минут пешком Москва , ЮВАО , р-н Лефортово , м. Москва-Товарная , шоссе Энтузиастов , 3к2 70 000 ₽/мес. От года, комм. платежи включены (без счётчиков), комиссия 50%, без залога Дoлгocрoчная аренда (договoр нa 11 меcяцев). Kвартиpа cдaeтcя впepвые! Представляeм вашему внимaнию студию площадью 30.1 кв.м. pасполoжeнную в ЖК Символ Квартира укомплектована всем необходимым для комфортного проживания: качественная техника и стильная мебель! Бытовая теxника: cтиральнaя мaшина, xoлодильник, варочная панeль, духовой шкаф, пoсудомоечная машина, электрический чайник, утюг, телевизор, кондиционер. Транспортная доступность: Метро Площадь Ильича - 6-10 мин пешком Метро Римская- 6-10 мин пешком - На территории ЖК открыты лицей при МГТУ им. Баумана, детские сады, физкультурно-оздоровительные комплексы, детская и взрослая поликлиники, кафе, супермаркеты, рестораны и многое другое. - Рядом расположены Лефортовский парк и парк Казачьей Славы и набережная реки Яузы. - Напротив квартала находится крупный торгово-развлекательный центр Город. Условия проживания по Тарифу Комфортное проживание: - 50% от арендного платежа при заселении; - Раннее бронирование объекта (за 3 дня до заселения); - Персональный менеджер на всех этапах аренды быстро реагирует на запросы - большинство бытовых вопросов решаем за 48 часов; - Страхование гражданской ответственности до 300 000 ₽; - Организация мелкого ремонта. Коммунальные платежи: электроэнергия, хвс\гвс, услуги интернет-провайдера, расходы за отопление дома/квартиры оплачивает арендатор. Заселение только при наличии постоянной регистрации РФ. Без животных. Агентство недвижимости СМАРЕНТ Документы проверены +7 985 853-93-... Написать 6 часов назад сегодня, 13:36",,https://www.cian.ru/cat.php?deal_type=rent&district%5B0%5D=8&engine_version=2&offer_type=flat&room9=1&type=4&p=1,2026-05-04T16:43:05+00:00
2114,313752293,ЮВАО,https://www.cian.ru/rent/flat/313752293/?context=4.K3aIoecsYQg.y5gGAh1cHbbWgj7pY-zNkzzs9jz5tKB-a-Bi2FUK8lPhSrYYTJ3jm4gDWBX-u64ulEtooxknaRwILQ&mlSearchSessionGuid=901dea6805b9a249e0235d11ead432ac,1/50,293000,43.0,17,17,,"1/50 Просторная студия у МЦК Дубровка Студия, 43 м², 17/17 этаж Проверено в Росреестре Дубровка 7 минут пешком Москва , ЮВАО , р-н Южнопортовый , м. Дубровка , 6-я Кожуховская улица , 15к2 93 000 ₽/мес. От года, комм. платежи включены (без счётчиков), без комиссии, залог 120 000 ₽ На последнем 17 этаже, на южной стороне одноподъездного монолитного дома 2005 года постройки, сдается просторная 43 м. студия с лоджией, полностью оборудованная и укомплектованная всем необходимым. Установлена новая сушильная машина, капсульная Nespresso, индукционная плита, фильтрация питьевой воды с осмосом, бойлер, Oled (именно Олед) телевизор с не замедляемым ютубом, Apple tv 4k с Кинопабом! (Не путать с Кинопоиском и другими бесполезными онлайн кинотеатрами) , колонкой Алисой с элементами умного дома (интерьерное освещение на голосовом управлении), домашним кинотеатром 5.1 B&W мультирум, по необходимости + xbox X. Инверторный кондиционер Fujitsu с ночным режимом 19dB и Конвекционная микроволновая печь Panasonic (оба made in Japan). В наличии хорошая, новая кухонная посуда, приборы Broggi новое белье (икея импорт)) и всё что нужно для жизни, (штопор есть!). Вам, только развесить на 120 вешалках личные вещи, в 2-х шкафах, и в прихожей разместить 27 пар обуви в обувнице. Кровать - 160/200 и доп спальное место из дивана 120/180. Не смотря на то, что дом находится рядом с ТТК, с прекрасной транспортной доступностью, в квартире тихо и можно спать с открытыми окнами. В доме приветливые соседи и круглосуточный консьерж. У дома ВСЕГДА есть бесплатные парковочные места. Рядом, в соседних домах, продуктовые сетевые магазины с алкоголем, работающие до 23:00 и один круглосуточный + большой Магнит Косметик, через дом Яндекс лавка., Аптека и тандыр Пекарня. В трех! минутах ходьбы от дома большой ТРЦ Мозаика, с фудкортом, гипер маркетом, фитнесом (DDX) флагманским Мфц и 2-х минутным переходом на станцию МЦК Дубровка. Метро Кожуховская в 12 минутах ходьбы. Недалеко находится ландшафтный парк Остров Мечты (идеально для велопрогулок) В стоимость аренды включены все платежи кроме электроэнергии. Сдаю без животных, на длительный срок ценящим чистоту, камерность и уют. Если вы хотите жить в современных условиях, но большие ЖК с маленькими деревьями, плохой шумоизоляцией и непрекращающимся ремонтом вам не подходят, тогда это предложение может быть вам интересно. ID 47359882 Документы проверены +7 985 002-22-... Написать 30 минут назад сегодня, 19:10",,https://www.cian.ru/cat.php?deal_type=rent&district%5B0%5D=8&engine_version=2&offer_type=flat&room9=1&type=4&p=1,2026-05-04T16:43:05+00:00
2118,328376795,ЮВАО,https://www.cian.ru/rent/flat/328376795/?context=4.C_znHDCx8nw.7aGrtOMQn8JpdSgq-LGJX9b5JjLG3LGY3EwB3--OclcLhPlgE5sipjC2HzDisyOUZkLJEPan1jmFBQ&mlSearchSessionGuid=901dea6805b9a249e0235d11ead432ac,1/11,334000,12.0,10,15,,"1/11 Студия, 12 м², 10/15 этаж Люблино 15 минут пешком Москва , ЮВАО , р-н Люблино , м. Люблино , Цимлянская улица , 3к3 34 000 ₽/мес. От года, комм. платежи включены (счётчики включены), комиссия 60%, залог 34 000 ₽ Показы 8 апреля СДАМ ДЛЯ ОДНОГО человека на длительный срок квартиру-студию с современным евроремонтом в новом ЖК бизнес-класса ""ВЛюблино"", район Люблино. Депозит возможно разбить на 2 части. Дом 15-этажный монолитный. Этаж 10/15, пластиковые окна, санузел совмещен. Диван двуспальный, микроволновая печь, холодильник, электро-плита, чайник, шкаф, стиральная машина (в коридоре). Инфраструктура развитая, все объекты первой необходимости расположены в пешей доступности: школа, детский сад, супермаркеты и др. Рядом парки. От станции метро Люблино - 9 минут пешком. Автобусные остановки возле дома. Оперативный показ: Москва, Цимлянская 3к3. Агентство недвижимости ЖИЛСЕРВИС Суперагент +7 915 496-36-... Написать вчера 2 май, 23:25",,https://www.cian.ru/cat.php?deal_type=rent&district%5B0%5D=8&engine_version=2&offer_type=flat&room9=1&type=4&p=1,2026-05-04T16:43:05+00:00
2124,329605538,ЮВАО,https://www.cian.ru/rent/flat/329605538/?context=4.HvNa-ML_oL0.oKlRSdSVcWAQXMpbKd9Gy8pGcK2K7Ruog36YjyNWhiFMluRXke4OIzTintHAtysyn_ibVTT437k95g&mlSearchSessionGuid=901dea6805b9a249e0235d11ead432ac,1/13,335000,16.0,2,5,,"1/13 Студия, 16 м², 2/5 этаж Только на Циан Кузьминки 14 минут пешком Москва , ЮВАО , р-н Кузьминки , м. Кузьминки , Окская улица , 28К3 35 000 ₽/мес. От года, комм. платежи включены (без счётчиков), комиссия 70%, залог 35 000 ₽ Сдаеться квартира студия , на длительный срок . Агентство недвижимости Качанова и партнеры Суперагент +7 985 867-89-... Написать два дня назад 2 май, 00:58",,https://www.cian.ru/cat.php?deal_type=rent&district%5B0%5D=8&engine_version=2&offer_type=flat&room9=1&type=4&p=1,2026-05-04T16:43:05+00:00
2147,323118683,ЮВАО,https://www.cian.ru/rent/flat/323118683/?context=4.V88h-xpzgyo.En38xB6YKURkDRotPNKYZzAm2UNVimi9yUmskbDjXPJ0bc8v4ChmVb9UMnI8S1iYJGmG5UORpQMkqw&mlSearchSessionGuid=5e605e54e634dda4c4d98e70ff69d434,1/11,335000,15.0,4,5,,"1/11 Студия, 15 м², 4/5 этаж Окская 14 минут пешком Москва , ЮВАО , р-н Кузьминки , м. Окская , Окская улица , 28К3 35 000 ₽/мес. От года, комм. платежи включены (без счётчиков), комиссия 50%, залог 35 000 ₽ Объект актуален! Вам к нам! Только если: вы любите качество, по адекватной цене! Наша квартира для тех ,кто хочет жить каждое мгновение жизни, а не только приезжать ночевать в арендную квартиру. Уютная квартира. Спокойная атмосфера. Отличная локация. Адекватный собственник!! Тут можно жить и работать не выходя из дома!!! Рассмотрим все ваши предложения, учитывая пожелания от собственника. Звоните, уважаемые клиенты и коллеги!!! P.S. Если не отвечаю на звонок, то напишите SMS с названием улицы, когда я освобожусь, то обязательно перезвоню. просмотры по договоренности. Плюс квитанция жкх 3000. Агентство недвижимости ПАРТНЕР Суперагент +7 980 154-12-... Написать пять дней назад 29 апр, 11:28",,https://www.cian.ru/cat.php?deal_type=rent&district%5B0%5D=8&engine_version=2&offer_type=flat&room9=1&type=4&p=2,2026-05-04T16:43:05+00:00
2106,298226663,ЮВАО,https://www.cian.ru/rent/flat/298226663/?context=4.9wKFKUfjtQk.glJawcYC6mxx0W8pZmme6FGre4TQ5AYdbCidpMDMclqRYE110jNSA5wNtmeVPrLj0GykwAPC1infkw&mlSearchSessionGuid=901dea6805b9a249e0235d11ead432ac,1/11,340000,22.0,3,3,,"1/11 Апартаменты-студия, 22 м², 3/3 этаж Только на Циан Нижегородская 7 минут пешком Москва , ЮВАО , р-н Нижегородский , м. Нижегородская , шоссе Фрезер , 17АС3 40 000 ₽/мес. На несколько месяцев, комм. платежи включены (без счётчиков), комиссия 50%, залог 40 000 ₽ Сдается с МАЯ по СЕНТЯБРЬ студия на ш. Фрейзер. 5 мин. пешком от метро Нижегородская (9 мин. от Курской на МЦД-4) 40.000р + Счетчики (13.000 руб.- сумма не меняется, так как это статус апартаментов) в месяц. Площадь: 22,2 м2. Евро ремонт и хорошая бытовая техника. Кухня оснащена: плитой, печью с функцией СВЧ, стиральной машиной, посудомоечной машиной. Студия в хорошем состоянии. 3 этаж, без лифта, окна во двор. На территории дома имеется собственная парковочная зона. Первый платеж включает в себя: оплата за первый месяц 40.000 руб.+ депозит 40.000 руб. (возвращается при выселении) + 20.000 руб. (услуги риэлтора). Без животных! Агентство недвижимости Правовой Центр Недвижимости Суперагент +7 986 263-99-... Написать четыре дня назад 30 апр, 18:30",,https://www.cian.ru/cat.php?deal_type=rent&district%5B0%5D=8&engine_version=2&offer_type=flat&room9=1&type=4&p=1,2026-05-04T16:43:05+00:00
2109,329495860,ЮВАО,https://www.cian.ru/rent/flat/329495860/?context=4.pZw8Icyu2r4.mNeY0DHJIsxqcKk3nS04UlvvIsIBsQKSlGtKb2Tc37055mQpVCzZTxIph08r4gVHsj57wFQcXNPHNA&mlSearchSessionGuid=901dea6805b9a249e0235d11ead432ac,1/6,340000,20.0,1,12,,"1/6 Студия, 20 м², 1/12 этаж Марьино 6 минут пешком Москва , ЮВАО , р-н Марьино , м. Марьино , Новомарьинская улица , 3К3 40 000 ₽/мес. От года, комм. платежи включены (без счётчиков), комиссия 70%, залог 40 000 ₽ Арт. 135262084 Сдается студия рядом с метро. Сделан свежий ремонт и установлена новая мебель. Есть балкон. Хорошо подойдет для одного человека. Звоните. Агентство недвижимости Самолет Плюс Документы проверены +7 989 151-24-... Написать 3 часа назад сегодня, 15:53",,https://www.cian.ru/cat.php?deal_type=rent&district%5B0%5D=8&engine_version=2&offer_type=flat&room9=1&type=4&p=1,2026-05-04T16:43:05+00:00
2139,329397409,ЮВАО,https://www.cian.ru/rent/flat/329397409/?context=4.I_C-TDWUnQA.dawcWnYZ3Ui7fqXfxGgmIXMFFCdrevW4aFmycZyw0bspfZqjY-AAtFm1vyKyyZghPHVfaGLc9tkrVA&mlSearchSessionGuid=5e605e54e634dda4c4d98e70ff69d434,1/13,347000,20.0,15,33,,"1/13 Студия, 20 м², 15/33 этаж Только на Циан Нижегородская 10 минут пешком Москва , ЮВАО , р-н Нижегородский , м. Нижегородская , Перовское шоссе , 2к3 47 000 ₽/мес. От года, комм. платежи включены (счётчики включены), без комиссии, залог 47 000 ₽ .... *КОПИРОВАНИЕ ОБЪЯВЛЕНИЯ ЗАПРЕЩЕНО* .. Дому три года, работы по обустройству квартир/шумные работы закончены (в отличие от соседних корпусов, которые недавно сдали). ! !СТРОГО БЕЗ ЖИВОТНЫХ, в договоре этот пунк прописан! Курить в квартире нельзя. СВЕТЛАЯ и УЮТНАЯ СТУДИЯ. УКОМПЛЕКТОВАНА ВСЕМ НЕОБХОДИМЫМ для жизни (вплоть до посуды, чайника, сушилки, гладильной доски, швабры и др. мелочей). ОБУСТРАИВАЛИ для себя: в светлых тонах и с хорошей, надежной техникой. Удобный диван moon, стол икея из натурального дерева, два шкафа со штангой и полочками в каждом, шторы блекаут (можно выспаться в любое время суток), установлена мощная (но тихая!) вытяжка, чтобы в квартире было комфортно жить. ХОРОШАЯ ТРАНСПОРТНАЯ ДОСТУПНОСТЬ: в 10 мин. расположена станция метро Нижегородская; можно сесть на БКЛ, Некрасовскую линию, МЦК и МЦД-4 (до Курской 2 станции); еще есть автобус-экспресс, который идет от метро прямиком до м. Таганская и м. Китай-город. Рядом с домом автобусная остановка, откуда можно добраться за 15 минут до Авиамоторной, например. РАЙОН С РАЗВИТОЙ ИНФРАСТРУКТУРОЙ Около дома есть много магазинов, пунктов выдачи различных маркетплейсов, почта, аптеки и т.д. Также в пешей доступности ТЦ Город, Леруа Мерлен, Перовский парк, Кусковский лесопарк, парк Карачарово. *БЕЗ КОМИССИИ* от собственника СТОИМОСТЬ 47000+ СЧЕТЧИКИ (свет, вода). ДЕПОЗИТ 47000. ----- Примечание: у собственника могут быть дополнительные пожелания к жильцам - обсудите их в чате или по телефону Собственник ID 76663105 Назначить просмотр шесть дней назад 28 апр, 16:25",,https://www.cian.ru/cat.php?deal_type=rent&district%5B0%5D=8&engine_version=2&offer_type=flat&room9=1&type=4&p=2,2026-05-04T16:43:05+00:00
2177,304010604,ЮВАО,https://www.cian.ru/rent/flat/304010604/?context=4.hgMw8BuxNGw.sgvDyX_Oop8rlmc1nsUS5mvO9wrPksCh5Y7dcxHWIte_bnNWP87AQDNEjjKc0uanWV_Ukx6lpkZfUg&mlSearchSessionGuid=8bdf152b3e72978e92a58ac0607efffa,1/24,348000,20.0,19,23,,"1/24 Студия, 20 м², 19/23 этаж Новохохловская 12 минут пешком Москва , ЮВАО , р-н Текстильщики , м. Новохохловская , 1-й Грайвороновский проезд , 13к3 48 000 ₽/мес. От года, комм. платежи включены (счётчики включены), комиссия 50%, залог 48 000 ₽ Сдается светлая студия. Есть всё необходимое для проживания: кухня, большой холодильник, шторы blackout, микроволновая печь, стиральная машина, кофемашина, раскладной диван (спальное место 140*200). Установлен кондиционер с возможностью удалённого включения через приложение (на охлаждение и на обогрев) и большой 50 дюймовый android TV 4K.Также имеются два больших шкафа. Риелтор Аркадий Николаевич Алексеев Суперагент +7 980 212-18-... Написать пять дней назад 29 апр, 13:31",,https://www.cian.ru/cat.php?deal_type=rent&district%5B0%5D=8&engine_version=2&offer_type=flat&room9=1&type=4&p=3,2026-05-04T16:43:05+00:00
2121,329618398,ЮВАО,https://www.cian.ru/rent/flat/329618398/?context=4.sHcPRwqMnl8.tN4NwuhZDowUT8GjAdpZ0wVKoi7OsBueIzx5WARWSQ5jfbJ6zxwMQipffLPrCbOdIoo-k--075apqQ&mlSearchSessionGuid=901dea6805b9a249e0235d11ead432ac,1/20,350000,20.0,7,15,,"1/20 Студия, 20 м², 7/15 этаж Только на Циан Новохохловская 4 минуты на транспорте Москва , ЮВАО , р-н Текстильщики , м. Новохохловская , 1-й Грайвороновский проезд , 7Ак3 50 000 ₽/мес. От года, комм. платежи включены (без счётчиков), без комиссии, залог 45 000 ₽ СОБСТВЕННИК! КОМИССИИ АГЕНТОВ НЕТ! Сдается впервые студия в новом ЖК Волжский парк. 10 минут пешком до м.Новохохловская. В квартире никто не жил. Вся мебель и техника новые. Кровать Аскона Мира Нова с подъемным механизмом и анатомическим новым (еще в пленке) матрасом премиум класса Аскона Serta Denver Hard. Кухонный гарнитур Стильные кухни с новой техникой, включая посудомоечную машину. Бесшумный холодильник Gorenje. А также установлен накопительный водонагреватель. Всегда будет горячая вода, даже в новостройке. Полноценный шкаф в потолок. Сплит система Ballu (холод и тепло), шторы блекаут. Управление люстрой в комнате с пульта. Сдам одному человеку, можно с небольшим воспитанным питомцем. Для заселения нужен платеж за первый месяц плюс залог (не разбиваем). Свет и вода по счетчикам. ----- Примечание: у собственника могут быть дополнительные пожелания к жильцам - обсудите их в чате или по телефону Риелтор ID 223686 +7 980 144-64-... Написать 2 часа назад сегодня, 17:05",,https://www.cian.ru/cat.php?deal_type=rent&district%5B0%5D=8&engine_version=2&offer_type=flat&room9=1&type=4&p=1,2026-05-04T16:43:05+00:00
2141,328953032,ЮВАО,https://www.cian.ru/rent/flat/328953032/?context=4.R8Bzq_qU7Lw.WyqrnATbmNF7niE0Fiv9AOfXx8pVPQdkn0833xb3weqiTsn-Yy2bB-DPKf6k-MZxa_AT553Yz86NWg&mlSearchSessionGuid=5e605e54e634dda4c4d98e70ff69d434,1/11,350000,25.0,15,33,,"1/11 Студия, 25 м², 15/33 этаж Новохохловская 13 минут пешком Москва , ЮВАО , р-н Нижегородский , м. Калитники , Новохохловская улица , 15к3 50 000 ₽/мес. От года, комм. платежи включены (без счётчиков), без комиссии, залог 50 000 ₽ ОТ СОБСТВЕННИКА! БЕЗ КОМИССИИ! НОВЫЙ РЕМОНТ! Шаговая доступность до МЦК и МЦД Новохохловская и метро Нижегородская Хорошая входная группа и уютный двор Высокий этаж, очень крутой вид из окна на всю Москву В студии есть все необходимое для комфортного проживания! Большая двуспальная кровать, двусторонний матрас с разными уровнями жесткости. Вместительный шкаф-купе для одежды. Рассмотрим ОДНОГО ЧЕЛОВЕКА, строго без детей и животных. Квартира полностью готова к заселению. Оперативный показ! Собственник ID 57901146 +7 989 146-41-... Написать 6 часов назад сегодня, 12:55",,https://www.cian.ru/cat.php?deal_type=rent&district%5B0%5D=8&engine_version=2&offer_type=flat&room9=1&type=4&p=2,2026-05-04T16:43:05+00:00
2117,329453443,ЮВАО,https://www.cian.ru/rent/flat/329453443/?context=4.t3emohRKyvc.4qllBmPZWie07BINloDd3QYmxy9FeBsGJmDBJh4QxQloYRHY7aoMru08XbGyT5_uVxZ_HAHl5HQGag&mlSearchSessionGuid=901dea6805b9a249e0235d11ead432ac,1/10,360000,23.0,7,23,,"1/10 Студия в двух шагах от метро. Студия, 23 м², 7/23 этаж Только на Циан Стахановская 1 минута пешком Москва , ЮВАО , р-н Рязанский , м. Стахановская , 2-й Грайвороновский проезд , 44к3 60 000 ₽/мес. От года, комм. платежи включены (без счётчиков), без комиссии, залог 60 000 ₽ Сдается в аренду на длительный срок! БЕЗ КОМИССИИ! От собственника! НОВАЯ светлая квартира-студия 23 м2 с мебелью и техникой в двух шагах от метро Стахановская в ЖК Кварталы 21/19. Закрытый двор с детской площадкой, развитая инфраструктура. В пешей доступности продуктовые магазины, кафе. В квартире есть все необходимое: кухня с духовым шкафом, варочной панелью и вытяжкой, холодильник. Двуспальная кровать. Просторный санузел с душевой кабиной. В ванной комнате установлена стиральная машина. Квартира оснащена кондиционером. Окна выходят во двор. Wi-Fi В аренду включена оплата коммунальных услуг (без счетчиков) вода+электричество оплачиваются отдельно. ДЕПОЗИТ за последний месяц 100%/ Просьба к риелторам, не беспокоиться. Собственник ID 16169840 Документы проверены +7 985 577-79-... Написать четыре дня назад 30 апр, 18:49",,https://www.cian.ru/cat.php?deal_type=rent&district%5B0%5D=8&engine_version=2&offer_type=flat&room9=1&type=4&p=1,2026-05-04T16:43:05+00:00
2110,326929061,ЮВАО,https://www.cian.ru/rent/flat/326929061/?context=4.iuQzLC9DyPw.3K-qgFmg8MUXQC2YPp0bio_KML6fAbIKAswR1QhP258nKpCv3xYsJOPbmF8nuQdB442TY96_g1ee5g&mlSearchSessionGuid=901dea6805b9a249e0235d11ead432ac,1/26 Ещё фото,365000,25.3,20,33,,"1/26 Ещё фото Пешком до метро! Залог 0 Студия, 25,3 м², 20/33 этаж Нижегородская 19 минут пешком Москва , ЮВАО , р-н Нижегородский , м. Калитники , Новохохловская улица , 15к3 65 000 ₽/мес. От года, комм. платежи включены (без счётчиков), комиссия 50%, без залога Сдаётся светлая квартира-студия с евроремонтом в ЖК Новохохловская 15, без депозита! Её можно посмотреть когда Вам удобно: бронируете время, забираете ключи и спокойно осматриваете. Если всё понравится, договор подпишем онлайн и будем поддерживать Вас на всех этапах аренды. Квартира оборудована кухонным гарнитуром, мебелью и бытовой техникой. Есть: - Холодильник; - Стиральная машина; - Кондиционер; - Варочная панель; - Духовой шкаф; - Микроволновка; - Посудомоечная машина; - Интернет проведён + Wi-Fi; - Диван; - Стол и стулья. Полы ламинат и плитка. Окна выходят во двор, есть бесплатная парковка. Собственник готов заселить не более 2 взрослых жильцов с детьми и заключить договор с юридическим лицом. Можно с домашним питомцем. Дом находится в районе с развитой инфраструктурой, в пешей доступности школы и детские сады, продуктовые супермаркеты, кафе, автосервисы и заправки, фитнес-клубы, аптеки и медицинские учреждения, отделение почты. До МЦК Новохохловская 10 минут пешком, до м. Нижегородская 15 минут на общественном транспорте. Агентство недвижимости ПИК-Аренда Документы проверены Посмотреть все объекты +7 916 985-86-... Написать 4 часа назад сегодня, 15:26",,https://www.cian.ru/cat.php?deal_type=rent&district%5B0%5D=8&engine_version=2&offer_type=flat&room9=1&type=4&p=1,2026-05-04T16:43:05+00:00
2120,329648683,ЮВАО,https://www.cian.ru/rent/flat/329648683/?context=4.bKsSJjcyKgs.VsiyQdKYQbbo_sTouBxig6qMPJUN9xRxIa1DN528gU4TuNqIgLnp2-Ay4tVcTfpb1hR38zGwIIdJjg&mlSearchSessionGuid=901dea6805b9a249e0235d11ead432ac,1/10,370000,25.0,25,33,,"1/10 Стильная и уютная студия Студия, 25 м², 25/33 этаж Нижегородская 13 минут пешком Москва , ЮВАО , р-н Нижегородский , м. Нижегородская , Перовское шоссе , 2к3 70 000 ₽/мес. От года, комм. платежи включены (без счётчиков), без комиссии, залог 70 000 ₽ Стильная студия с видом на закаты — м. Нижегородская / Москва Уютная студия 25 м² на 25 из 27 этажей — с индустриальным видом и захватывающими закатами. Окна во двор, тихо. 7 минут пешком до метро, МЦК, МЦД, БКЛ — отличная локация для жизни и работы. В квартире: Двуспальная кровать Рабочее место Обеденная зона 2 огромных вместительных шкафа Техника: Индукционная плита, холодильник, стирально-сушильная машина, кондиционер, микроволновка. Уютный двор для прогулок и тренировок: есть зона воркаут и баскетбольная площадка, столы для настольного тенниса В доме есть всё, что нужно для комфортной жизни: ВкусВилл, Пятёрочка, Винлаб Салон красоты SODA, барбершоп BRITVA Пункты выдачи WB, OZON, Яндекс, Авито Аптеки Кофейни, кафе 15 минут пешком до Ашана и Лемана Про Условия: Только на длительный срок 1 жилец, без вредных привычек Без детей, без животных Курение запрещено Залог = 1 месяц Без комиссии Цена: 70.000₽ + коммуналка / без комиссии Квартира готова к Вашему переезду Собственник ID 17538922 Назначить просмотр 4 часа назад сегодня, 15:22",,https://www.cian.ru/cat.php?deal_type=rent&district%5B0%5D=8&engine_version=2&offer_type=flat&room9=1&type=4&p=1,2026-05-04T16:43:05+00:00
2153,329405373,ЮВАО,https://www.cian.ru/rent/flat/329405373/?context=4.QD_NbrfMJgc.jBMa64W1WCG0hScD-GnV-y20Psy1ocqpEgGlMul3yIxRVj_bejlYxbtqU3B3hS57Upw7ZlpQF_ACyw&mlSearchSessionGuid=5e605e54e634dda4c4d98e70ff69d434,1/18,440000,9.0,1,9,,"1/18 Студия, 9 м², 1/9 этаж Только на Циан Юго-Восточная 10 минут пешком Москва , ЮВАО , р-н Выхино-Жулебино , м. Юго-Восточная , Сормовская улица , 4 40 000 ₽/мес. От года, комм. платежи включены (без счётчиков), комиссия 50%, залог 40 000 ₽ Сдам прекрасную компактную и полную оборудованную студию. В квартире есть все необходимое, сделан отличный ремонт. Чистый подъезд, тихий двор. Рядом небольшой торговый центр, а так же много разных магазинов. Дорога до метро и МЦД-3 занимает 5 минут. Квартира теплая и солнечная. Очень уютная. Рассмотрим строго 1 человека на длительный срок. Риелтор Анжелика Мещерякова Суперагент +7 986 254-06-... Написать неделю назад 26 апр, 13:50",,https://www.cian.ru/cat.php?deal_type=rent&district%5B0%5D=8&engine_version=2&offer_type=flat&room9=1&type=4&p=2,2026-05-04T16:43:05+00:00
2105,329333718,ЮВАО,https://www.cian.ru/rent/flat/329333718/?context=4.ua7Rknr1UxU.0KItvWM81Aeg-UxtMp2YYG_dncp0yGVoNQQovOE1wqfe3pbAoqoaB6W-TAuPVRuAxFfboPSSan2zfA&mlSearchSessionGuid=901dea6805b9a249e0235d11ead432ac,1/13 Ещё фото,440600,19.6,21,25,,"1/13 Ещё фото 10 минут до метро! Студия, 19,6 м², 21/25 этаж Перерва 12 минут пешком Москва , ЮВАО , р-н Люблино , м. Перерва , Иловайская улица , 4 40 600 ₽/мес. От года, комм. платежи включены (без счётчиков), комиссия 70%, без залога Сдаётся светлая квартира-студия с евроремонтом и совмещённым санузлом в ЖК Люблинский Парк, без депозита! Её можно посмотреть когда Вам удобно: бронируете время, забираете ключи и спокойно осматриваете. Если всё понравится, договор подпишем онлайн и будем поддерживать Вас на всех этапах аренды. Кухонный гарнитур, мебель и необходимую технику можно приобрести в счёт арендной платы. Полы ламинат и плитка. Окна выходят во двор, на север, есть бесплатная парковка. Собственник готов заселить не более 2 жильцов с детьми и обсудить оформление временной регистрации. С домашним питомцем можно. Недалеко от дома: - Парк имени Артёма Боровика; - Братиславский лесопарк. - ТЦ Люблю Молл; - Парк 850-летия Москвы; - Лес Жары; - Парк Героев Отечественной войны 1812 года. Во дворах обустроены детские площадки, двор без машин. В пешей доступности — школа, детский сад, продуктовые супермаркеты, аптеки, фитнес-клуб, кафе. До МЦД-2 Перерва - 10 минут пешком. Агентство недвижимости ПИК-Аренда Документы проверены Посмотреть все объекты +7 985 362-98-... Написать 2 часа назад сегодня, 17:07",,https://www.cian.ru/cat.php?deal_type=rent&district%5B0%5D=8&engine_version=2&offer_type=flat&room9=1&type=4&p=1,2026-05-04T16:43:05+00:00
2130,329429745,ЮВАО,https://www.cian.ru/rent/flat/329429745/?context=4.f3dcW9sH_6k.EvGoHwwqwjwPAy5HBb6MfzN7BiYQ4Ygoaj6rI2_DI9rgoZ3A9aMMnm9IQGVEZPz0rXn1vFV-S2VnSw&mlSearchSessionGuid=5e605e54e634dda4c4d98e70ff69d434,1/8,445000,21.0,16,25,,"1/8 Студия, 21 м², 16/25 этаж Только на Циан Новохохловская 15 минут пешком Москва , ЮВАО , р-н Текстильщики , м. Новохохловская , 1-й Грайвороновский проезд , 13к4 45 000 ₽/мес. На несколько месяцев, комм. платежи включены (без счётчиков), без комиссии, залог 45 000 ₽ Предлагаем в аренду студию площадью 21 кв. м, расположенную на 16 этаже нового 25-этажного дома. Дом построен в 2023 году и находится по адресу: 1-й Грайвороновский проезд, 13к4. Ближайшее метро — Новохохловская, 15 минут пешком. В квартире сделан косметический ремонт. Высокие потолки 2.6 метра создают ощущение пространства. В студии есть все необходимое для комфортного проживания: холодильник, варочная панель, микроволновая печь, стиральная машина и телевизор. Окна выходят во двор. Санузел совмещенный. Дом оснащен пассажирскими и грузовыми лифтами. Территория вокруг дома благоустроена, есть парковка. Условия аренды: договор заключается напрямую с собственником, без комиссий. Залоговая сумма равна арендной плате за один месяц. Ежемесячно дополнительно к арендой плате оплачиваются расходы воды и электричества по счётчикам. С агентами не работаем. ----- Примечание: у собственника могут быть дополнительные пожелания к жильцам - обсудите их в чате или по телефону Собственник ID 63984637 +7 985 527-59-... Написать неделю назад 27 апр, 13:59",,https://www.cian.ru/cat.php?deal_type=rent&district%5B0%5D=8&engine_version=2&offer_type=flat&room9=1&type=4&p=2,2026-05-04T16:43:05+00:00
2171,328625698,ЮВАО,https://www.cian.ru/rent/flat/328625698/?context=4.ep54tPgLrSQ.s2wkmhqXE_rGXxSV0SmbmMibAeORUuD2KeBMbq8RbX7XbmK0yvKRHiOSZCfLRhdu9SGaTgrbGsumkQ&mlSearchSessionGuid=8bdf152b3e72978e92a58ac0607efffa,1/16,445000,18.0,2,3,,"1/16 Апартаменты-студия, 18 м², 2/3 этаж Только на Циан Текстильщики 14 минут пешком Москва , ЮВАО , р-н Текстильщики , м. Текстильщики , Грайвороновская улица , 4 45 000 ₽/мес. От года, комм. платежи включены (без счётчиков), комиссия 50%, залог 45 000 ₽ Сдаётся двух уровневая уютная студия в 10 минутах пешком от метро Текстильщики. Апартаменты расположены на 2 этаже трёхэтажного дома. Общая площадь составляет 18 кв. м. плюс зона для сна на втором уровне, что делает её идеальной для проживания одного человека или пары. Высокие потолки 3.7 метра придают пространству дополнительный объём. В комнате очень большое окно, что делает жилое пространство светлым. Спальное место на второй уровень покупаем под жильцов. Студия будет еще доукомплектовываться ковриком, пледами, декором, телевизором. Риелтор Екатерина Мамедова Суперагент +7 985 720-76-... Написать 2 недели назад 20 апр, 16:46",,https://www.cian.ru/cat.php?deal_type=rent&district%5B0%5D=8&engine_version=2&offer_type=flat&room9=1&type=4&p=3,2026-05-04T16:43:05+00:00
2135,329409685,ЮВАО,https://www.cian.ru/rent/flat/329409685/?context=4.zvnpmwkcqhU.A1Jtp9qKp-sS20biRtgUl-2JBFpvhcUbSBXyX1MqOng32toYUzMee1DVdJ1BphaocySBMJ0wS7_guA&mlSearchSessionGuid=5e605e54e634dda4c4d98e70ff69d434,1/17,447000,20.0,15,17,,"1/17 Студия, 20 м², 15/17 этаж Проверено в Росреестре Перерва 12 минут пешком Москва , ЮВАО , р-н Люблино , м. Перерва , Иловайская улица , 4 47 000 ₽/мес. От года, комм. платежи включены (без счётчиков), без комиссии, залог 47 000 ₽ Сдается впервые стильная уютная студия, расположенная на 15 этаже, вдали от дорог и в 10 минутах ходьбы до станции МЦД Перерва, Люблинский Парк ПИК. Оснащена всем необходимым для жизни: двумя вместительными шкафами, полноценной кроватью с подъемным механизмом, варочной панелью, микроволновой печью, вытяжкой, полноценным холодильником с морозилкой, стиральной машиной, кондиционером, интернетом. Есть внутренний закрытый двор. Рассматриваются жильцы без домашних животных, временная регистрация не предоставляется. Только долгосрочная сдача на 11 месяцев с последующей пролонгацией. ----- Примечание: у собственника могут быть дополнительные пожелания к жильцам - обсудите их в чате или по телефону Собственник ID 78008679 Документы проверены +7 915 255-19-... Написать 8 часов назад сегодня, 11:24",,https://www.cian.ru/cat.php?deal_type=rent&district%5B0%5D=8&engine_version=2&offer_type=flat&room9=1&type=4&p=2,2026-05-04T16:43:05+00:00
2138,329414620,ЮВАО,https://www.cian.ru/rent/flat/329414620/?context=4.bWVimmnxEy0.IYKB2J4B5szeSVH_TolRKNSUzxK_oN5e82qGZlqOTbNaS4-Cw5TNuWEga_V4NaE2opQgSlzTLHTJLg&mlSearchSessionGuid=5e605e54e634dda4c4d98e70ff69d434,1/15,447000,20.0,6,17,,"1/15 Студия, 20 м², 6/17 этаж Только на Циан Перерва 12 минут пешком Москва , ЮВАО , р-н Люблино , м. Перерва , Иловайская улица , 4 47 000 ₽/мес. От года, комм. платежи включены (без счётчиков), комиссия 60%, залог 47 000 ₽ (В связи с подготовкой к праздничным мероприятиям, в Москве глушится связь, если не проходит звонок, пожалуйста напишите сообщение, отвечу в ближайшее время) Добрый день! Сдается квартира-студия, готова к заселению. Квартира сдается впервые, оборудована всем необходимым для комфортного проживания. Стиральная машина с сушкой, посудомойка, индукционная плита, свч, холодильник, чайник, пылесос и т.д. Важно! собственник ищет только арендатора способного поддерживать в квартире чистоту и порядок, с условием каждые 6 месяцев делать генеральную уборку квартиры собственными силами или с помощью клининга . В генеральную уборку входит мытье и уборка всех поверхностей ( окна, потолок, двери, стены, мебель внутри и снаружи). Аренда долгосрочная от 11 месяцев. Оплата наличными. ----- Примечание: у собственника могут быть дополнительные пожелания к жильцам - обсудите их в чате или по телефону Риелтор ID 77005056 +7 916 279-00-... Написать 18 часов назад сегодня, 01:21",,https://www.cian.ru/cat.php?deal_type=rent&district%5B0%5D=8&engine_version=2&offer_type=flat&room9=1&type=4&p=2,2026-05-04T16:43:05+00:00
2152,329615406,ЮВАО,https://www.cian.ru/rent/flat/329615406/?context=4.06w12McZNYA.vBotk0u3lVJdGT-VQeE4sNGMoJUYZb6UN3XTPC-Ji5y8DdfTcrdNZxJigthz1qYu8XsPwcMm3wDYTg&mlSearchSessionGuid=5e605e54e634dda4c4d98e70ff69d434,1/50,452222,19.5,12,33,,"1/50 Студия, 19,5 м², 12/33 этаж Перерва 12 минут пешком Москва , ЮВАО , р-н Люблино , м. Перерва , Иловайская улица , 4 52 222 ₽/мес. От года, комм. платежи включены (без счётчиков), комиссия 50%, залог 52 222 ₽ Сдаётся уютная студия с евроремонтом, на 12 этаже, что добавляет пространства и света. Окна выходят во двор, прекрасный вид из окна на спортивную и детскую площадку с прекрасным ландшафтном дизайном, двор без машин. Квартира полностью меблирована: есть всё необходимое как на кухне, так и в комнате. Много приятных мелочей. Техника также в полном комплекте: кондиционер, холодильник, телевизор , стиральная машина, вытяжка, чайник и кофеварка. Санузел совмещённый, оснащён современной душевой кабиной. Недалеко от дома: - Парк имени Артёма Боровика; - Братиславский лесопарк. - ТЦ Люблю Молл; - Парк 850-летия Москвы; - Лес жары; - Парк Героев Отечественной войны 1812 года. В пешей доступности - школа, продуктовые супермаркеты, аптеки, фитнес-клуб, кафе. До метро МЦД Перерва всего 8 минут пешком, поэтому транспортная доступность на высоте. Договор заключается напрямую с собственником. Квартира идеально подойдёт для одного человека или пары. Звоните и записывайтесь на просмотр, чтобы убедиться в том, что эта квартира — именно то, что вы искали! Риелтор Татьяна Попова Суперагент +7 981 366-73-... Написать 25 минут назад сегодня, 19:15",,https://www.cian.ru/cat.php?deal_type=rent&district%5B0%5D=8&engine_version=2&offer_type=flat&room9=1&type=4&p=2,2026-05-04T16:43:05+00:00
2129,329447139,ЮВАО,https://www.cian.ru/rent/flat/329447139/?context=4.3j2lGUDnj2Y.AxFY7VfK86vZA0gEdqcUH-EvsOa0im9VnNZ3_dwUxqxtflxV_3xtaadzTesZ0efeMRjix8CJ5mz6sg&mlSearchSessionGuid=5e605e54e634dda4c4d98e70ff69d434,1/34,458000,19.5,11,33,,"1/34 Студия, 19,5 м², 11/33 этаж Перерва 12 минут пешком Москва , ЮВАО , р-н Люблино , м. Перерва , Иловайская улица , 4 58 000 ₽/мес. От года, комм. платежи включены (без счётчиков), комиссия 50%, без залога Kвapтира cдaeтся впервые! Дoлгоcрочнaя apенда (дoговop нa 11 мecяцев). Предcтавляeм вaшему внимaнию свeтлую и уютную квартиру студию, площадью 19,5 кв.м.в ЖК Люблинский парк. Бытoвая техникa: стиpaльнaя машина, кондиционер, микрoволновaя печь, ваpoчная пaнeль, телевизор, электрический чайник. Eсть всё необходимое для жизни, включая постельное белье и посуду. Транспортная доступность: Рядом метро Перерва - 4 минуты пешком Братиславская, Марьино - 15 минут пешком До автобусной остановки - 5 мин пешком До Ж/Д станции -10 мин пешком В пешей доступности сетевые продуктовые магазины, пекарни, салоны красоты, аптеки, школы и детские сады, поликлиника. Условия проживания по Тарифу Комфортное проживание: - 50% от арендного платежа при заселении; - Раннее бронирование объекта (за 3 дня до заселения); - Персональный менеджер на всех этапах аренды быстро реагирует на запросы - большинство бытовых вопросов решаем за 48 часов; - Страхование гражданской ответственности до 1 млн ₽; - Организация мелкого ремонта. Коммунальные платежи: электроэнергия, хвс\гвс, услуги интернет провайдера, расходы за отопление дома/квартиры оплачивает арендатор. Заселение только при наличии постоянной регистрации РФ. Без животных. Агентство недвижимости СМАРЕНТ Документы проверены +7 985 853-93-... Написать 5 часов назад сегодня, 13:58",,https://www.cian.ru/cat.php?deal_type=rent&district%5B0%5D=8&engine_version=2&offer_type=flat&room9=1&type=4&p=2,2026-05-04T16:43:05+00:00
2169,329604877,ЮВАО,https://www.cian.ru/rent/flat/329604877/?context=4.Pp72HLIHv30.-GcSTPebtHlqYFAHEYqO8Lh1NhGosMNwX-TtyzpLUd96F8dNuJv-zUn20iRMJLVv-6M42gKEl7nCxg&mlSearchSessionGuid=8bdf152b3e72978e92a58ac0607efffa,1/12,465000,24.0,3,3,,"1/12 Апартаменты-студия, 24 м², 3/3 этаж Только на Циан Текстильщики 14 минут пешком Москва , ЮВАО , р-н Текстильщики , м. Текстильщики , Грайвороновская улица , 4 65 000 ₽/мес. От года, комм. платежи включены (счётчики включены), без комиссии, залог 65 000 ₽ Предлагаем вашему вниманию стильные апартаменты-студию в Москве на Грайвороновской улице. Апартаменты располагаются на 3-м этаже трехэтажного дома и занимают площадь 24 кв. м. Высокие потолки — 4 метра — создают ощущение простора и свободы. Это идеальное место для тех, кто ищет уютное и современное жилье. Апартаменты с дизайнерским ремонтом, продуманным до мелочей. В студии есть все необходимое для комфортной жизни: холодильник, телевизор и стиральная машина. Просторная ванная комната оборудована душевой кабиной. Окна выходят на улицу, наполняя помещение естественным светом. Дом находится в отличном состоянии, оборудован грузовым лифтом. Для вашего автомобиля предусмотрена наземная охраняемая за шлагбаумом парковка. Важно отметить, что дом расположен в районе с развитой инфраструктурой и отличной транспортной доступностью. Всего в 10 минутах ходьбы — станция метро ""Текстильщики"", что позволяет быстро добраться до центра города. В шаговой доступности: школы, детские сады, клиники и магазины. Здесь есть всё необходимое для комфортной жизни в большом городе. ДЛЯ ЖИТЕЛЕЙ ДОМА ПРЕДОСТАВЛЯЕТСЯ БЕСПЛАТНОЕ ПОСЕЩЕНИЕ СПОРТЗАЛА Аренда этих апартаментов осуществляется без посредников, прямо от собственника. Предоплата и залог обсуждаются индивидуально. Юридически чистая сделка, без обременений. Идеально подходит для одного человека или пары. Приглашаем вас на просмотр! Свяжитесь с нами, чтобы договориться о времени. Мы уверены, что эти апартаменты станут вашим уютным и стильным домом в Москве. Собственник ID 82894432 +7 919 771-75-... Написать два дня назад 1 май, 22:45",,https://www.cian.ru/cat.php?deal_type=rent&district%5B0%5D=8&engine_version=2&offer_type=flat&room9=1&type=4&p=3,2026-05-04T16:43:05+00:00
2143,329403668,ЮВАО,https://www.cian.ru/rent/flat/329403668/?context=4.XjiqtG8_P6g.AuEPOyP3IFrKwWmvVgfGfs-tnCSt4R8GKt11SHOrgXads62cREfc_gACsr-SQF-QqRhGy5jY11L7eA&mlSearchSessionGuid=5e605e54e634dda4c4d98e70ff69d434,1/13,486000,26.6,17,29,,"1/13 Студия, 26,6 м², 17/29 этаж Угрешская 6 минут пешком Москва , ЮВАО , р-н Южнопортовый , м. Угрешская , Волгоградский проспект , 32/5к4 86 000 ₽/мес. На несколько месяцев, комм. платежи включены (без счётчиков), без комиссии, залог 86 000 ₽ Новая, стильная, уютная видовая студия от собственника в доме Бизнес-класса ЖК Метрополия Благодарю за проявленный интерес к моей квартире давайте я познакомлю Вас с ней поближе. Квартира абсолютно новая. Сдается в первый раз! Ранее в ней никто не проживал, вы будете первым Исключительно для проживания! Аренда на длительный срок. На период проживания заключается договор. Немного о квартире: Студия, общая площадь ~27 кв м, Башня Владивосток, этаж 17 Красивый вид из окна на город Сделан новый дорогой дизайнерский ремонт. Квартира полностью укомплектована для комфортной жизни. Зона кухни: гарнитур, встраиваемый холодильник, индукционная плита, встраиваемые духовка и микроволновка, посудомойка, чайник, обеденная зона, посуда. Комната: диван с пружинным блоком раскладной (спальное место 160*200) телевизор 65 дюймов, вместительный комод для одежды, вещей. С/у: совмещенный. Дорогая качественная сантехника, ванна из литьевого мрамора 175 см, теплый пол, электрический полотенцесушитель. Стиральная машина. Проточный водонагреватель В коридоре расположены два больших шкафа, с продуманными зонами хранения. Вместят все вещи! Для поддержания комфортной температуры установлен кондиционер с WI-FI. В квартире имеется много места для хранения одежды и обуви, документов, личных вещей, Wi-Fi роутер. Важные условия: -только для проживания -субаренда ЗАПРЕЩЕНА (в т.ч. под посуточную аренду третьим лицам) -запрещена коммерческая деятельность (маникюр, педикюр, перманент и тд и тп) -без домашних животных (вообще никаких) -курение в квартире строго запрещено Удобное расположение ЖК 5-6 минут пешком до МЦК Угрешская и до станции метро Волгоградский проспект Непосредственная близость к ТТК Без пересадок: -3 станции метро до Китай-город -9 станций по МЦК до Москва-Сити (24 минуты) -7 станций по МЦК до Восточного Вокзала Цена: аренда 86 000 руб./мес. + счетчики (свет, вода горячая и холодная). Залог: 86 000 руб. Без комиссии (я собственник). Срок: на длительный период. ----- Примечание: у собственника могут быть дополнительные пожелания к жильцам - обсудите их в чате или по телефону Собственник ID 140481064 Документы проверены Назначить просмотр 25 минут назад сегодня, 19:15",,https://www.cian.ru/cat.php?deal_type=rent&district%5B0%5D=8&engine_version=2&offer_type=flat&room9=1&type=4&p=2,2026-05-04T16:43:05+00:00
2151,328627739,ЮВАО,https://www.cian.ru/rent/flat/328627739/?context=4.z_JV122XXxc.4DVSfm2b0yMiwgZ-tcmbGdIn7cqIVMtbWadNmTrbE_NMVXX65zfdM51BdVy70rM99t_9c85f5AWFXA&mlSearchSessionGuid=5e605e54e634dda4c4d98e70ff69d434,1/6,525000,19.0,3,21,,"1/6 Апартаменты-студия, 19 м², 3/21 этаж Только на Циан Калитники 11 минут пешком Москва , ЮВАО , р-н Нижегородский , м. Калитники , Автомобильный проезд , 4к5 25 000 ₽/мес. От года, комм. платежи включены (без счётчиков), без комиссии, залог 25 000 ₽ Сдаётся студия площадью 19 кв. м на третьем этаже современного 21-этажного дома. Высокие потолки 3.1 метра создают ощущение простора. Окна выходят во двор. Квартира сдаётся без ремонта и мебели. под склад,пред чистовая отделка(white-box) Дом оснащён двумя пассажирскими и одним грузовым лифтами, поэтому можно без проблем добраться до квартиры. Имеется подземная парковка для вашего автомобиля. . До ближайшей станции метро можно дойти за 10 минут, что удобно для поездок по городу. Условия аренды обсуждаются индивидуально. Возможна аренда по долгосрочному договору. Квартира сдаётся без комиссии. Звоните и записывайтесь на просмотр, чтобы лично оценить все преимущества этого предложения. Мы будем рады ответить на все ваши вопросы и показать квартиру в удобное для вас время. Есть еще апартамент в 6 корпусе на 11 этаже. Собственник ID 91147563 Документы проверены Назначить просмотр 3 недели назад 6 апр, 18:03",,https://www.cian.ru/cat.php?deal_type=rent&district%5B0%5D=8&engine_version=2&offer_type=flat&room9=1&type=4&p=2,2026-05-04T16:43:05+00:00
2172,307056019,ЮВАО,https://www.cian.ru/rent/flat/307056019/?context=4.8364hKjKNEk.BFZYUeABZPvwQ_YqOnb3aYBapg85WY0pY03qsXyfgOyPN72-sApDQCbsUu3uvvu80_3IGM8hN30i7g&mlSearchSessionGuid=8bdf152b3e72978e92a58ac0607efffa,1/22,550000,23.0,6,16,,"1/22 Студия, 23 м², 6/16 этаж Только на Циан Нижегородская 3 минуты пешком Москва , ЮВАО , р-н Нижегородский , м. Нижегородская , Рязанский проспект , 5 50 000 ₽/мес. От года, комм. платежи включены (без счётчиков), комиссия 60%, залог 55 000 ₽ Квартира студия , светлая, уютная! Все есть для комфортного проживания!установлена новая кровать с новым ортопедическим матрасом. Сделана косметика квартиры. Отличное месторасположение дома, рядом МЦК, МЦД и метро Нижегородская. Сеть маркетинговых магазинов Ашан, Леруа Мерлен,т/ц Ашан город . рассматриваем до двух человек. Агентство недвижимости ГОРОД НЕДВИЖИМОСТИ +7 985 421-06-... Написать неделю назад 26 апр, 14:59",,https://www.cian.ru/cat.php?deal_type=rent&district%5B0%5D=8&engine_version=2&offer_type=flat&room9=1&type=4&p=3,2026-05-04T16:43:05+00:00
2159,328544382,ЮВАО,https://www.cian.ru/rent/flat/328544382/?context=4.BGRIjWloTxA.5FCFThHAW4GMsyADrhEyOnQgDCWilRk-09p0YkkikOEjeJSVfLQJOSL_IXnKIYz5Eg2ixbyujo5Faw&mlSearchSessionGuid=8bdf152b3e72978e92a58ac0607efffa,1/11,555000,21.5,11,16,,"1/11 Студия, 21,5 м², 11/16 этаж Авиамоторная 12 минут пешком Москва , ЮВАО , р-н Лефортово , м. Авиамоторная , Красноказарменная улица , 14Ак5 55 000 ₽/мес. От года, комм. платежи включены (без счётчиков), комиссия 60%, залог 55 000 ₽ Сдается отличная , уютная , теплая студия на 11 этаже с прекрасным панорамой. квартире все имеется для комфортного проживания. квартира находится пеший доступности от метро , прекрасном районе . Имеется шикарный двор без машин. оперативный показ и заселение . счетчики и интернет оплачивает наниматель. Риелтор Алия Анашкина Суперагент +7 915 190-89-... Написать вчера 2 май, 20:52",,https://www.cian.ru/cat.php?deal_type=rent&district%5B0%5D=8&engine_version=2&offer_type=flat&room9=1&type=4&p=3,2026-05-04T16:43:05+00:00
2102,326159535,ЮВАО,https://www.cian.ru/rent/flat/326159535/?context=4.dwR3e2cFQaA.j3VP603--4gIB_GTwSVKKSzi--P3s9NrNmPo3vuV4c8LGSbbcfepEGeiq58xmU_d2XNxuzQD1WIUnA&mlSearchSessionGuid=901dea6805b9a249e0235d11ead432ac,1/14 Ещё фото,644900,19.5,14,25,,"1/14 Ещё фото Пешком до метро! Студия, 19,5 м², 14/25 этаж Перерва 12 минут пешком Москва , ЮВАО , р-н Люблино , м. Перерва , Люблинская улица , 80к6 44 900 ₽/мес. От года, комм. платежи включены (без счётчиков), комиссия 50%, без залога Сдаётся светлая квартира-студия с евроремонтом и совмещённым санузлом в ЖК Люблинский парк! Без депозита! Её можно посмотреть когда Вам удобно: бронируете время, забираете ключи или встречаетесь с нашим представителем и спокойно осматриваете. Если всё понравится, договор подпишем онлайн и будем поддерживать Вас на всех этапах аренды. В квартире есть: - Кухонный гарнитур; - Варочная панель; - Холодильник; - Стиральная машина; - Вытяжка. Полы — ламинат и плитка. Окна выходят во двор, на восток. Во дворах обустроены детские площадки, двор без машин. На территории дома есть бесплатные парковочные места. Собственник готов заселить не более 2 взрослых жильцов с детьми, обсудить оформление временной регистрации, докупить мебель/технику или заключить договор с юридическим лицом. Можно с небольшим домашним питомцем по согласованию. Дом находится в районе с развитой инфраструктурой: в пешей доступности находятся продуктовые супермаркеты, школы, детские сады, медицинские учреждения, салоны красоты. Недалеко — парк Героев Отечественной войны 1812 года. В 18 минутах пешком — станция МЦД-2 Перерва, в 20 минутах — м. Братиславская. Автомобилистам будет удобно выезжать на Люблинскую улицу. Агентство недвижимости ПИК-Аренда Документы проверены Посмотреть все объекты +7 916 760-62-... Написать 3 часа назад сегодня, 15:59",,https://www.cian.ru/cat.php?deal_type=rent&district%5B0%5D=8&engine_version=2&offer_type=flat&room9=1&type=4&p=1,2026-05-04T16:43:05+00:00
2184,329325327,ЮВАО,https://www.cian.ru/rent/flat/329325327/?context=4.JC14CeA4Ib4.ANFQ5r3B1RMpe0YQB7NChTsa5q-GznIl-HRFZVBMBf84FokYULBzXKfSYfyn8dlTSDD896bH_pk25w&mlSearchSessionGuid=8bdf152b3e72978e92a58ac0607efffa,1/14,645000,23.0,13,26,,"1/14 Студия, 23 м², 13/26 этаж Онлайн-договор Перерва 12 минут пешком Москва , ЮВАО , р-н Люблино , м. Перерва , Люблинская улица , 80к6 45 000 ₽/мес. От года, комм. платежи включены (без счётчиков), комиссия 50%, залог 48 000 ₽ Сдаётся чистая уютная студия с мебелью и техникой. Есть всё необходимое: плита, холодильник, душевая, спальное место, стол. Светлая квартира с большим окном. Новый ЖК. Подойдёт для 1-4 человек. Можно с детьми и животными Оперативный показ. Заселение день в день. Агентство недвижимости PREMIUM CITY Документы проверены +7 916 213-79-... Написать 4 часа назад сегодня, 15:17",,https://www.cian.ru/cat.php?deal_type=rent&district%5B0%5D=8&engine_version=2&offer_type=flat&room9=1&type=4&p=3,2026-05-04T16:43:05+00:00
2137,329069630,ЮВАО,https://www.cian.ru/rent/flat/329069630/?context=4.KtIhl1UxFqE.DBTpGyqmEbxU94lTUInioPvyKcuzwmiCFJOqSiKebb7HsiGP5FdW5_9e8z56bZDs3SgUNgwsJpdjVg&mlSearchSessionGuid=5e605e54e634dda4c4d98e70ff69d434,1/6,649000,20.0,2,2,,"1/6 Апартаменты-студия, 20 м², 2/2 этаж Текстильщики 13 минут пешком Москва , ЮВАО , р-н Текстильщики , м. Текстильщики , Грайвороновская улица , 4С6 49 000 ₽/мес. От года, комм. платежи включены (без счётчиков), без комиссии, залог 49 000 ₽ Отличная маленькая, тихая, двухуровневая студия для проживания одного человека. Всё необходимое для проживания есть. Предпочтение девушкам и женщинам. Коммунальные платежи оплачивает арендатор полностью. Собственник ID 70587410 +7 916 099-29-... Написать два дня назад 1 май, 22:19",,https://www.cian.ru/cat.php?deal_type=rent&district%5B0%5D=8&engine_version=2&offer_type=flat&room9=1&type=4&p=2,2026-05-04T16:43:05+00:00
2112,329605056,ЮВАО,https://www.cian.ru/rent/flat/329605056/?context=4.DD4hM1L1A2g.wfnmQgAQQ7ibDnoBk-LOh8NSHeYZLUn9mYWHevkSJbZxlU8eB4e_a6qXni4SkRKFX5lCs0PDpoCjKA&mlSearchSessionGuid=901dea6805b9a249e0235d11ead432ac,1/20,655000,18.0,13,21,,"1/20 Апартаменты-студия, 18 м², 13/21 этаж Новохохловская 5 минут на транспорте Москва , ЮВАО , р-н Нижегородский , м. Калитники , Автомобильный проезд , 4к6 55 000 ₽/мес. На несколько месяцев, комм. платежи включены (без счётчиков), комиссия 70%, залог 35 000 ₽ Студия в жилом комплексе бизнескласса. Сдаётся впервые. Квартира с современным ремонтом, укомплектована качественной бытовой техникой и мебелью — готова к заселению. В шаговой доступности магазины, остановки общественного транспорта, кафе, рестораны и фитнесцентры. Рядом — парковая зона с лесом и прудом, подходящая для прогулок и отдыха. Фотографии объекта соответствуют действительности. Для просмотра звоните, или пишите в любое время. Риелтор Рустам Байгильдин Суперагент +7 985 384-74-... Написать вчера вчера, 21:42",,https://www.cian.ru/cat.php?deal_type=rent&district%5B0%5D=8&engine_version=2&offer_type=flat&room9=1&type=4&p=1,2026-05-04T16:43:05+00:00
2163,329632275,ЮВАО,https://www.cian.ru/rent/flat/329632275/?context=4.bez62fMQjWY.kclF_DMJ-T3PCfwIl-J7WOg9RZKpcX3fwUCJVh2m2OJ3ANn0wYfqK9tHveb8uDYGUS426PPSlHunGQ&mlSearchSessionGuid=8bdf152b3e72978e92a58ac0607efffa,1/19,729000,16.0,1,5,,"1/19 Студия, 16 м², 1/5 этаж Люблино 4 минуты пешком Москва , ЮВАО , р-н Люблино , м. Люблино , Новороссийская улица , 7 29 000 ₽/мес. От года, комм. платежи включены (без счётчиков), комиссия 99%, залог 13 500 ₽ От метро 3 минуты пешком. Уютная студия со всем необходимым (диван раскладывается, плита, чайник, СУС, холодильник, сма, свч) Можно со своей мебелью (место освободим). Счётчики фиксированная цена. Торг индивидуально. Депозит разделим на 2 месяца или перенесм на другой месяц. Можно с животным. Ключи на руках. ЗВОНИТЕ ИЛИ СРАЗУ ПИШИТЕ ВАШ НОМЕР ДЛЯ ОПЕРАТИВНОЙ СВЯЗИ. Риелтор ID 56970 +7 915 095-65-... Написать вчера вчера, 22:26",,https://www.cian.ru/cat.php?deal_type=rent&district%5B0%5D=8&engine_version=2&offer_type=flat&room9=1&type=4&p=3,2026-05-04T16:43:05+00:00
2149,271320940,ЮВАО,https://www.cian.ru/rent/flat/271320940/?context=4.J8PV6QcOJic.hHCL15Mo5b9TLwBiROGHfJtBmk0OqgkMyT8vUfj9WUcvhXTTtOMCjXCz7h9w1eOVds3nKiI0M-BpIQ&mlSearchSessionGuid=5e605e54e634dda4c4d98e70ff69d434,1/43,855000,18.7,9,10,,"1/43 Апартаменты-студия, 18,7 м², 9/10 этаж Площадь Ильича 12 минут пешком Москва , ЮВАО , р-н Лефортово , м. Серп и Молот , улица Золоторожский Вал , 8 55 000 ₽/мес. От года, комм. платежи включены (без счётчиков), комиссия 70%, залог 55 000 ₽ Студия в доме бизнес-класса ЖК Золоторожский. Ремонт делали под себя, нанимали дизайнера. Минималистичный, практичный стиль хай-тек, с красными акцентами. Максимально грамотно использовано пространство. Продумано все до мелочей, много мест хранения, источники света в каждой зоне, топовая встроенная техника. В кухонной зоне гарнитур, барная стойка, можно ее использовать как рабочую поверхность, стулья. Индукционная плита Electrolux, духовой шкаф с функцией микроволновки. Встроенная посудомойка, полноценный холодильник Gorenje. Минимальный набор посуды. В зоне спальни, двуспальный диван, стенка, светильники для чтения, жк-телевизор, небольшой столик. В санузеле унитаз с инсталляцией, душ-биде, водонагреватель проточный, стиральная машина с сушкой Hotpoint-Ariston на 9 кг., красный полотенцесушитель) В прихожей галошница, зеркало, шкаф для верхней одежды, кондиционер LG. Презентабельная входная группа. В холле можно встречать гостей, приятная зона ожидания, консьерж. Шлагбаум, охраняемая территория, круглосуточное видеонаблюдение. Два лифта. Подземный паркинг. Отличное расположение. В шаговой доступности несколько супермаркетов. До м. Площадь Ильича ~9 минут ходьбы. Рассмотрим: одного человека, пару, семью или другой состав. Можно с детьми. Можно с животными. Есть определённые пожелания по жильцам. Условия: 55.000+счётчики, 55.000 депозит, 38.500 комиссия. Остальные подробности - личными сообщениями или по телефону. Записывайтесь на просмотр, Илья. Риелтор Илья Хмелярский Суперагент +7 992 129-56-... Написать 2 часа назад сегодня, 17:02",,https://www.cian.ru/cat.php?deal_type=rent&district%5B0%5D=8&engine_version=2&offer_type=flat&room9=1&type=4&p=2,2026-05-04T16:43:05+00:00
2119,328665556,ЮВАО,https://www.cian.ru/rent/flat/328665556/?context=4.4h17AMVJaLU.6GNJJpaTm_uC6hNXI-1kokkyDHTuddl14OTAWp4QY6WUEIdDHDPET9goXrXdKM-AsUBLJRj9_gpzgg&mlSearchSessionGuid=901dea6805b9a249e0235d11ead432ac,1/10,867000,26.7,6,10,,"1/10 Аренда от собственника Апартаменты-студия, 26,7 м², 6/10 этаж Серп и Молот 9 минут пешком Москва , ЮВАО , р-н Лефортово , м. Серп и Молот , улица Золоторожский Вал , 8 67 000 ₽/мес. От года, комм. платежи включены (без счётчиков), без комиссии, залог 67 000 ₽ От собственника сдается уютная студия в современном доме внутри ТТК, бизнес класса Золоторожский на ул. Золоторожский Вал, в Москве. Общая площадь составляет 27 кв.м, что обеспечивает комфортное проживание одному человеку. Студия расположена на 6-м этаже 10- этажного дома построенного в 2018 году, с высотой потолков 2,7 метра. До станции метро ""Площадь Ильича"", Римская, МЦД-2, МЦД-3, всего 7 минут пешком — отличная транспортная доступность. В студии выполнен качественный ремонт, установлена дорогая сантехника, современная мебель и техника: кондиционер, холодильник, микроволновая печь, стиральная машина, телевизор. В ванной комнате есть душевая кабина, что добавляет комфорта в повседневную жизнь. Дом находится в отличном состоянии, охраняемая территория, видеонаблюдение и круглосуточный консьерж сервис, в подъезде работают грузовой и пассажирский лифты ThyssenKrupp, поэтому можно легко перемещаться даже с крупногабаритными предметами. Вокруг дома обустроена территория, есть возможность бесплатной парковки внутри придомовой территории. Район предлагает множество удобств: рядом расположены ВУЗы, школы, детские сады, клиники и магазины, парки, набережная реки Яуза. Вся необходимая инфраструктура в шаговой доступности, поэтому можно с легкостью решать повседневные задачи. Условия аренды: договор заключается напрямую с собственником, без комиссии агента. Предусмотрен залог. Отдельно оплачивается квитанция по счетчикам и интернет. Записывайтесь на просмотр, чтобы увидеть все преимущества помещения своими глазами. Мы с радостью ответим на все ваши вопросы и организуем удобное время для встречи! Собственник ID 71166351 +7 985 827-32-... Написать час назад сегодня, 18:10",,https://www.cian.ru/cat.php?deal_type=rent&district%5B0%5D=8&engine_version=2&offer_type=flat&room9=1&type=4&p=1,2026-05-04T16:43:05+00:00
2125,325424262,ЮВАО,https://www.cian.ru/rent/flat/325424262/?context=4.8xIoluCjr3g.11w988rLv9a6syEw7F30mdo5fXvtim7OstOSXbUzX_U718zHk-NGTLd_QD3sR4r9qtCDtNnVZ1zleA&mlSearchSessionGuid=901dea6805b9a249e0235d11ead432ac,1/14,1070000,25.6,9,31,,"1/14 Студия, 25,6 м², 9/31 этаж Только на Циан Нижегородская 9 минут пешком Москва , ЮВАО , р-н Нижегородский , м. Нижегородская , Газгольдерная улица , 10 70 000 ₽/мес. От года, комм. платежи включены (без счётчиков), без комиссии, залог 75 000 ₽ Сдается новая стильная уютная квартира-студия общей площадью 25,6 кв м. Располагается на 12 этаже. Окна выходят на улицу. Техника в квартире: стиральная машина, индукционная варочная панель с 2 конфорками, полноразмерный холодильник, духовой шкаф с функцией микроволновки, вытяжка, кондиционер, проточный водонагреватель, электрочайник, беспроводной пылесос, утюг. Квартира обставлена удобной мебелью: полноразмерная кровать шириной 160 см с подъемным механизмом, анатомический матрас Askona (высота 17 см), прикроватная тумбочка, стеллаж, комод, большой шкаф для одежды, обеденный стол с 2 стульями, пуфик, зеркало. Также есть стремянка и гладильная доска. Санузел с ванной (170 см) площадью 3,2 кв м. Кроме того имеется набор посуды: кастрюли, сковорода, чашки, тарелки, салатники, столовые приборы. Квартира сдается впервые после ремонта. Договор найма заключается на 11 месяцев Коммунальные платежи: электроэнергия, ХВС, ГВС, отопление, интернет оплачиваются арендатором. Риелтор Марианна Маринычева Суперагент +7 915 267-45-... Написать неделю назад 21 апр, 08:14",,https://www.cian.ru/cat.php?deal_type=rent&district%5B0%5D=8&engine_version=2&offer_type=flat&room9=1&type=4&p=1,2026-05-04T16:43:05+00:00
2168,298608752,ЮВАО,https://www.cian.ru/rent/flat/298608752/?context=4.J_KsmWSQUkM.3RPZi5nUnPWgNPwPOmutxiJTWUY8jQCUz4C0rmLfgjjltWxKtSeTxfip6pH7Ae8nmrlT1sdURZbyww&mlSearchSessionGuid=8bdf152b3e72978e92a58ac0607efffa,1/11,1250000,19.0,10,16,,"1/11 Студия, 19 м², 10/16 этаж Только на Циан Серп и Молот 7 минут пешком Москва , ЮВАО , р-н Лефортово , м. Серп и Молот , Таможенный проезд , 12 50 000 ₽/мес. От года, комм. платежи включены (без счётчиков), комиссия 50%, залог 50 000 ₽ Сдается с 03.02 на длительный срок уютная студия с косметическим ремонтом и всей необходимой мебелью и техникой в 8 минутах пешком от м. Площадь Ильича или Римская или в 6 минутах пешком от станции МЦД Серп и Молот. Угловой диван раскладывается. Можно с небольшими воспитанными животными. Оперативный показ и заселение! Звоните, уважаемые клиенты и коллеги! Риелтор Юрий Старшинов Суперагент +7 994 785-89-... Написать два дня назад 2 май, 15:20",,https://www.cian.ru/cat.php?deal_type=rent&district%5B0%5D=8&engine_version=2&offer_type=flat&room9=1&type=4&p=3,2026-05-04T16:43:05+00:00
2127,329374936,ЮВАО,https://www.cian.ru/rent/flat/329374936/?context=4.5hsAPcIRPC4.djKz5exTHf0KGeG-oE0sR8_CsR_3JuT-ZkWHtJCIbBHpMnx1BhrDvG15tENjtr2aLRM9USD9BfthhA&mlSearchSessionGuid=901dea6805b9a249e0235d11ead432ac,1/8,1838000,14.0,1,5,,"1/8 Студия, 14 м², 1/5 этаж Авиамоторная 3 минуты пешком Москва , ЮВАО , р-н Лефортово , м. Авиамоторная , шоссе Энтузиастов , 18 38 000 ₽/мес. От года, комм. платежи включены (без счётчиков), комиссия 60%, залог 19 000 ₽ Номер лота: 3535402 ПРОСЬБА ЗВОНИТЬ, А НЕ ПИСАТЬ! Предложение для 1-2х человек! Уютная студия в непосредственной близости от метро. Только что закончен качественный косметический ремонт. Вся необходимая мебель и техника для комфортного проживания. Район с развитой инфраструктурой. В пешей доступности супермаркеты, кинотеатр Москино, сквер, ТЦ ""Город"" и многое другое. Удобная транспортная доступность, в пешей доступности станция метро ""Авиамоторная"" калининской линии и БКЛ, остановки наземного транспорта (автобус, трамвай). Залог половина стоимости! ИНКОМ-Проспект Мира. Агентство недвижимости ИНКОМ-Недвижимость Аренда Суперагент +7 939 024-50-... Написать 5 часов назад сегодня, 13:53",,https://www.cian.ru/cat.php?deal_type=rent&district%5B0%5D=8&engine_version=2&offer_type=flat&room9=1&type=4&p=1,2026-05-04T16:43:05+00:00
2115,329430532,ЮВАО,https://www.cian.ru/rent/flat/329430532/?context=4.R-t5rL7uh84.8z0tbnjxqA3kcgx9YbL5IbkxVLrucfyRoJySpREbpLn9PBB6vF11z8mOmSWzSqBZG-KTy3XFqEMHpg&mlSearchSessionGuid=901dea6805b9a249e0235d11ead432ac,1/4,2030000,27.4,9,23,,"1/4 Апартаменты-студия, 27,4 м², 9/23 этаж Только на Циан Волгоградский проспект 3 минуты пешком Москва , ЮВАО , р-н Южнопортовый , м. Волгоградский проспект , Новоостаповская улица , 20 30 000 ₽/мес. От года, комм. платежи включены (без счётчиков), комиссия 100%, залог 30 000 ₽ Id 63080. Студия в современном жилом комплексе HighWay: инвестиция в комфорт и статус в центре Москвы Перед вами уникальное предложение - светлая студия площадью 27,4 квадратных метра в новом жилом комплексе премиум-класса HighWay. Монолитный дом на 23 этажа с высотой потолков три метра дарит ощущение простора, которое редко встречается в квартирах такого метража. Два пассажирских и один грузовой лифт, а также подземный паркинг обеспечивают бесшумную логистику и полное отсутствие бытовых хлопот. Продуманная планировка студии включает объединенную комнату площадью 16,7 квадратных метров, небольшую, но функциональную кухню (3,3 квадратных метра) и совмещенный санузел. Окна выходят на тихую улицу Новоостаповская, что гарантирует спокойный сон даже в оживленном районе. Высокие потолки позволяют реализовать любые дизайнерские решения: от многоуровневого освещения до антресолей для хранения. Квартира полностью готова к заселению — вам останется лишь расставить мебель и наслаждаться жизнью. Отдельный плюс: коммунальные платежи уже включены в стоимость аренды, что делает бюджет проживания полностью предсказуемым. Расположение по адресу: улица Новоостаповская, дом 20 - это настоящий подарок для тех, кто ценит время. До станции метро всего 11 минут пешком, что дает вам доступ к двум веткам метрополитена сразу. В радиусе пяти минут ходьбы находятся супермаркеты, фитнес-клубы, кафе и apotheka. Дом расположен в глубине жилого массива, вдали от крупных магистралей, но при этом в непосредственной близости от набережной Москвы-реки и парка ""Кузьминки"". Для кого эта квартира? Прежде всего, для молодых специалистов и предпринимателей, которые ценят стиль и удобство, но не хотят переплачивать за лишние метры. Это идеальный вариант для складского помещения. Также студия прекрасно подойдет для иногородних студентов или руководителей, которым нужна комфортная ""база"" рядом с офисом и транспортными узлами. Наконец, это отличное вложение для тех, кто ищет надежный актив в строящемся районе с растущей инфраструктурой. Хотите зафиксировать выгодную ставку аренды в 30 000 рублей в месяц на долгий срок? Это разумное предложение на рынке, учитывая класс дома и его местоположение. Не упустите шанс первым оценить",,https://www.cian.ru/cat.php?deal_type=rent&district%5B0%5D=8&engine_version=2&offer_type=flat&room9=1&type=4&p=1,2026-05-04T16:43:05+00:00
2155,329117063,ЮВАО,https://www.cian.ru/rent/flat/329117063/?context=4.cFZX6xhKqfM.0nof6BKYcwtbUz4oxhwDm0n6uN0JbqsI4MIkXy2UvVj4SJkNLrVaP9bxwo_l91md3OiyTx_Rc60K4w&mlSearchSessionGuid=5e605e54e634dda4c4d98e70ff69d434,1/9,2054000,20.4,20,21,,"1/9 Студия, 20,4 м², 20/21 этаж Только на Циан Волгоградский проспект 3 минуты пешком Москва , ЮВАО , р-н Южнопортовый , м. Волгоградский проспект , Новоостаповская улица , 20 54 000 ₽/мес. От года, комм. платежи включены (без счётчиков), комиссия 50%, залог 54 000 ₽ В аренду предлагается СТУДИЯ в ЖК HighWay. В студии выполнен качественный ремонт в современном стиле. Совмещенный санузел оборудован импортной сантехникой (душевая кабина). Кухонный гарнитур с вытяжкой, варочной панелью и посудомоечной машинкой. 2 встроенных шкафа для одежды. Кровать с подъемным механизмом (без матраса). Кондиционер. Двор без машин. До метро 5 минут пешком от подъезда. Временную регистрацию не делают. Не курящих. Длительный срок аренды. Риелтор Антон Смолев Суперагент +7 915 012-09-... Написать два дня назад 2 май, 00:44",,https://www.cian.ru/cat.php?deal_type=rent&district%5B0%5D=8&engine_version=2&offer_type=flat&room9=1&type=4&p=2,2026-05-04T16:43:05+00:00
2156,328729519,ЮВАО,https://www.cian.ru/rent/flat/328729519/?context=4.9qJBiF9RFFg.8Ovw-ILL3n8dHvnlNt0sOuiMn3r_sE_M4HPrd_Ydk92L3eYxgaCpK6mJrrXZzXllENHOGU4d3U4xzA&mlSearchSessionGuid=5e605e54e634dda4c4d98e70ff69d434,1/8,2058000,22.0,19,23,,"1/8 Апартаменты-студия, 22 м², 19/23 этаж Только на Циан Волгоградский проспект 3 минуты пешком Москва , ЮВАО , р-н Южнопортовый , м. Волгоградский проспект , Новоостаповская улица , 20 58 000 ₽/мес. От года, комм. платежи включены (без счётчиков), комиссия 60%, залог 30 000 ₽ Современная студия 23 м2! 2 минуты от станции метро Волгоградский проспект или 7 минут от метро Угрешская. 10 минут до Кремля, рядом Третье транспортное кольцо, удобно добираться в любую точку города. Максимально комфортное проживание вам обеспечено. Круглосуточная охрана подъезда и территории. Высота потолков под 2,8 метра. Современный дизайн, и мебель. Новая техника (кондиционер, встроенный холодильник, плита, стиральная машина, телевизор, СВЧ). Большая ванна Индивидуальное отопление с возможностью регулировки каждой батареи. Коммунальные платежи по счетчикам. Популярный Жилой комплекс ЖК ""Хайвей"". Расположен в отличном районе города Москвы с сложившейся инфраструктурой района. Недалеко от комплекса: Крупнейший развлекательный комплекс ""Остров мечты"", Коломенский парк, Современная архитектура и авторская отделка корпусов. Благоустроенная и охраняемая территория. Собственный подземный паркинг, оригинальные современные детские площадки. Квартира сдается ВПЕРВЫЕ. Порядочный и доброжелательный собственник. Желаю Удачи! Риелтор Дмитрий Сыромятников Суперагент +7 986 323-66-... четыре дня назад 30 апр, 10:03",,https://www.cian.ru/cat.php?deal_type=rent&district%5B0%5D=8&engine_version=2&offer_type=flat&room9=1&type=4&p=2,2026-05-04T16:43:05+00:00
2170,327199828,ЮВАО,https://www.cian.ru/rent/flat/327199828/?context=4.tuM2e4lRPME.ZmZxpUZ9rCgUcUDYqdKGEAqEFbVH-CEUV3-4Blnfhhu3NUgoEIPemq9diPw2Ww0LiYkyeGYQ6zCrWw&mlSearchSessionGuid=8bdf152b3e72978e92a58ac0607efffa,1/17,2060000,25.0,13,23,,"1/17 Апартаменты-студия, 25 м², 13/23 этаж Только на Циан Волгоградский проспект 3 минуты пешком Москва , ЮВАО , р-н Южнопортовый , м. Волгоградский проспект , Новоостаповская улица , 20 60 000 ₽/мес. От года, комм. платежи включены (без счётчиков), комиссия 50%, залог 60 000 ₽ Сдаётся новая квартира-студия 25 м.кв. Апартаменты расположены в пешей доступности от метро ""Волгоградский проспект"" — 2 минуты пешком. Квартира с отличным ремонтом, полностью меблирована: в комнате и на кухне есть вся необходимая мебель (после ремонта никто не жил). В наличии современная техника: кондиционер, холодильник, телевизор и стиральная машина. В шаговой доступности находятся школы, детские сады, клиники и магазины. Оперативный показ. Риелтор Наталья Балескова Суперагент +7 989 403-12-... Написать четыре дня назад 30 апр, 07:18",,https://www.cian.ru/cat.php?deal_type=rent&district%5B0%5D=8&engine_version=2&offer_type=flat&room9=1&type=4&p=3,2026-05-04T16:43:05+00:00
2146,329016274,ЮВАО,https://www.cian.ru/rent/flat/329016274/?context=4._GqHQ2jq_J0.b18GJjorKL93fLUpcsc0vuWqM5l-XA3xSb5QRy8upj0Z0U2YDuWLnZ7vmQYayX7yoJ3EyFTKN-pSpQ&mlSearchSessionGuid=5e605e54e634dda4c4d98e70ff69d434,1/9,2062000,25.0,8,23,,"1/9 Апартаменты-студия, 25 м², 8/23 этаж Волгоградский проспект 3 минуты пешком Москва , ЮВАО , р-н Южнопортовый , м. Волгоградский проспект , Новоостаповская улица , 20 62 000 ₽/мес. От года, комм. платежи включены (без счётчиков), комиссия 50%, залог 66 000 ₽ Предлагается в аренду прекрасная студия в ЖК HighWay. В наличии вся необходимая для комфортного проживания мебель и техника. Просторная кухня-гостиная. Район с развитой инфраструктурой. Просмотры по договорённости. О КВАРТИРЕ: - Квартира полностью укомплектована всем необходимым для комфортного проживания: телевизор, сверхскоростной интернет, посудомоечная машина, стиральная машина, кондиционер, микроволновка, духовой шкаф, варочная панель! - Просторная кухня-гостиная. - Планировка квартиры позволяет комфортно использовать пространство и добавить свои элементы декора или мебели. Транспорт: - Удобная транспортная развязка, в пешей доступности метро - ""Волгоградский проспект""! А так же в транспортной доступности стация ""Угрешская"" и ""Дубровка""! - Удобный выезд на ТТК, Волгоградский проспект, Остаповский проезд и МСД! Парковка: Подземный паркинг. Безопасный двор. Есть охрана. Хороший и адекватный собственник! Оперативный показ! Звоните, с удовольствием отвечу на ваши вопросы! Агентство недвижимости PREMIUM CITY Суперагент +7 917 589-00-... Написать три дня назад 1 май, 15:23",,https://www.cian.ru/cat.php?deal_type=rent&district%5B0%5D=8&engine_version=2&offer_type=flat&room9=1&type=4&p=2,2026-05-04T16:43:05+00:00
2174,329128719,ЮВАО,https://www.cian.ru/rent/flat/329128719/?context=4.Q2gBNQFHvwM.FWe7xxkRKU7P0aGrPX4XMi3zwj1rZ2RRvpi9KLibZotSbu2C1w1XLHOXyV0rCCmLkBxQvSxfTPYhqg&mlSearchSessionGuid=8bdf152b3e72978e92a58ac0607efffa,1/17,2063000,26.2,16,23,,"1/17 Апартаменты-студия, 26,2 м², 16/23 этаж Волгоградский проспект 3 минуты пешком Москва , ЮВАО , р-н Южнопортовый , м. Волгоградский проспект , Новоостаповская улица , 20 63 000 ₽/мес. От года, комм. платежи включены (без счётчиков), комиссия 50%, залог 63 000 ₽ Вашему вниманию предлагается ДИЗАЙНЕРСКАЯ СТУДИЯ в ЖК HighWay в 3 МИНУТАХ от метро Волгоградский проспект. Предлагаю сразу ознакомиться с ВИДЕО и записываться на показ. Квартира оборудована необходимой техникой и мебелью для комфортного проживания: Заезжай и живи! Наполнение продумано собственником до МЕЛОЧЕЙ! Полностью меблированная квартира! Кухня оборудована техникой, а именно: варочная панель, вытяжка, духовой шкаф, СВЧ, посудомоечная машина, чайник, вместительный холодильник. Имеется двуспальная кровать и раскладной диван. Много места для хранения ваших вещей. Совмещенный санузел со стиральной и сушильной машинами. Очень приятный и отзывчивый собственник. Развитая инфраструктура: супермаркет, аптека, ПВ3, кафе, рестораны и торговые центры в шаговой доступности от дома. УДОБНАЯ транспортная доступность: 3 минуты пешком до метро Волгоградский проспект. Рассмотрим семейную пару или одного проживающего. Без детей. Без животных. Если будут вопросы, обращайтесь по телефону или в чате. С уважением, Ольга Риелтор Ольга Мешкова Суперагент +7 916 532-83-... Написать два дня назад 2 май, 11:09",,https://www.cian.ru/cat.php?deal_type=rent&district%5B0%5D=8&engine_version=2&offer_type=flat&room9=1&type=4&p=3,2026-05-04T16:43:05+00:00
2175,328394404,ЮВАО,https://www.cian.ru/rent/flat/328394404/?context=4.iBLpT7PBj3A.iynIvi5F1RuhBev3nmjmFlK752zspsupaLlMLoY0DFSYhSp88jI3640c71qX3MgWZv4EgxXoPo01dw&mlSearchSessionGuid=8bdf152b3e72978e92a58ac0607efffa,1/41,2065000,21.7,11,23,,"1/41 Апартаменты-студия, 21,7 м², 11/23 этаж Волгоградский проспект 3 минуты пешком Москва , ЮВАО , р-н Южнопортовый , м. Волгоградский проспект , Новоостаповская улица , 20 65 000 ₽/мес. От года, комм. платежи включены (без счётчиков), без комиссии, залог 65 000 ₽ долгосрочная аренда! От года! дизайнерский ремонт. бытовая техника Haier, телевизор яндекс с Алисой , интернет вай фай , фильтра на общую и питьевую воду, система протечки нептун, видео домофон, стиральная машинка с сушкой,утюг, ручной пылесос, чайник, фен все Haier. резервный проточный водонагреватель. инверторный бесшумный кондиционер Haier. мастер выключатель. usb розетки в удобных местах. гладильная доска. очень много места для хранения. все продумано и эргономично, диван раскладывается. обеденный Стол раздвигается . шторы в спальной зоне Блэк аут, по факту 3 спальных места. ремонт сделан из качественных материалов! мебель изготовлена из лдсп egger. сантехника качественная! станция метро прям у подъезда. окна выходят не на дорогу!!! в жк есть фитнес зал, бассейн, магазины, кафе. только после ремонта! звонки бывают не проходят, блокирует спам. так что пишите, отвечу! видеообзор по запросу. возможна временная регистрация. возможна оплата по безналу( условия обсуждаются). Собственник ID 61899843 Документы проверены +7 916 478-51-... Написать два дня назад 2 май, 02:06",,https://www.cian.ru/cat.php?deal_type=rent&district%5B0%5D=8&engine_version=2&offer_type=flat&room9=1&type=4&p=3,2026-05-04T16:43:05+00:00
2116,327217402,ЮВАО,https://www.cian.ru/rent/flat/327217402/?context=4.KZrAhPZOwaA.ayr6_FA7pwdmgm7w6d7-rTaCeeNLQvNcf7jQccmN95cq5KLHQ89_gGIaJprf42JqGK4_AAbD0_8CsQ&mlSearchSessionGuid=901dea6805b9a249e0235d11ead432ac,1/20,2069000,23.5,3,21,,"1/20 Возможно снять и на короткий срок Апартаменты-студия, 23,5 м², 3/21 этаж Волгоградский проспект 3 минуты пешком Москва , ЮВАО , р-н Южнопортовый , м. Волгоградский проспект , Новоостаповская улица , 20 69 000 ₽/мес. От года, комм. платежи включены (без счётчиков), без комиссии, залог 69 000 ₽ Я Собственник. Агентов просьба не беспокоить. Без комиссии. Залог можно разделить на части. 1 минута от метро Волгоградский проспект. Светлая, уютная студия (южная сторона). Всё новое: вся бытовая техника и мебель. Сдаётся впервые. Рассматриваются платежеспособные и чистоплотные арендаторы. Развитый и перспективный район. Собственник ID 15146051 +7 916 673-95-... Написать вчера вчера, 21:20",,https://www.cian.ru/cat.php?deal_type=rent&district%5B0%5D=8&engine_version=2&offer_type=flat&room9=1&type=4&p=1,2026-05-04T16:43:05+00:00
2173,329239562,ЮВАО,https://www.cian.ru/rent/flat/329239562/?context=4.KWEGTJMbeF8.aQS3mRBKoz1qQ2auH6DuMJlw9f7ThYYAIWqotYsMUHamGprAGw4fVuTp4SYYONwyjLglUW1hlrXh-Q&mlSearchSessionGuid=8bdf152b3e72978e92a58ac0607efffa,1/16,2074999,27.0,14,23,,"1/16 Студия, 27 м², 14/23 этаж Волгоградский проспект 3 минуты пешком Москва , ЮВАО , р-н Южнопортовый , м. Волгоградский проспект , Новоостаповская улица , 20 74 999 ₽/мес. От года, комм. платежи включены (без счётчиков), без комиссии, залог 74 999 ₽ Aрендa oт 6 мecяцев. Замечательнaя студия c доpогим и cовpеменным peмoнтoм. Пpoдуманная до мeлoчeй. Здесь удобно и жить и рaбoтaть. Большaя куxня cо вceй вcтрoенной тexникой: двухкамepный xoлодильник, пocудомoeчная машина, микpoволнoвaя печь. Вмeстительнaя кpoвaть 160 на 200 c оpтoпeдическим матрасом, телевизор с 55 диагональю. Трехзонное освещение позволит настроить комфортный свет в квартире. Теплые полы по всей площади, кондиционер. Удобная ванная комната полностью оборудованная. Отдельная рабочая зона со своим освещением. Адаптированное место для подключения робот-пылесоса. Спешите, это супер отличный и качественный вариант. Оперативные показы с понедельника по пятницу. Посмотреть копии объявления от других продавцов Агентство недвижимости Джойнио Документы проверены +7 985 586-43-... Написать 6 часов назад сегодня, 12:55",,https://www.cian.ru/cat.php?deal_type=rent&district%5B0%5D=8&engine_version=2&offer_type=flat&room9=1&type=4&p=3,2026-05-04T16:43:05+00:00
2180,329647591,ЮВАО,https://www.cian.ru/rent/flat/329647591/?context=4.qrFnWhz_0WY.X37tQxhBDJkZ-XEaO7OpWYAl_0ZtOk4WbaUP6c1YZRufg9Sk8_9EqeSdmeOipTLR0G9vExfBBL7rFw&mlSearchSessionGuid=8bdf152b3e72978e92a58ac0607efffa,1/29,2085000,28.0,22,30,,"1/29 Апартаменты-студия, 28 м², 22/30 этаж Волгоградский проспект 3 минуты пешком Москва , ЮВАО , р-н Южнопортовый , м. Волгоградский проспект , Новоостаповская улица , 20 85 000 ₽/мес. От года, комм. платежи включены (без счётчиков), комиссия 50%, залог 85 000 ₽ З минуты до метро! Предлагаем в аренду стильные апартаменты-студию . 20-м этаже современного дома. Высота потолков - 2.8 метра, из окон открывается перспектива на Москву.До метро всего 3 минуты пешком, что делает это предложение особенно привлекательным для тех, кто ценит удобное расположение. В квартире выполнен дизайнерский ремонт, все продумано до мелочей,мебель в комнате и на кухне. Оснащена всей необходимой техникой: кондиционер, холодильник, посудомоечная машина, телевизор и стиральная машина. В ванной комнате установлена душевая кабина. Во всей квартире ТЕПЛЫЙ ПОЛ.На время отключения горячей воды есть мощный водонагреватель. Дом оборудован подземной парковкой Вокруг развитая инфраструктура: по близости расположены школы, детские сады, клиники и магазины, поэтому все необходимое будет у вас под рукой. в 15 минутах исторический центр: Крутицкое подворье, Симоновский и Новоспасский монастыри. Договор заключается на удобных условиях. Агентство недвижимости PREMIUM CITY Суперагент +7 916 724-79-... Написать 10 минут назад сегодня, 19:30",,https://www.cian.ru/cat.php?deal_type=rent&district%5B0%5D=8&engine_version=2&offer_type=flat&room9=1&type=4&p=3,2026-05-04T16:43:05+00:00
2111,329613971,ЮВАО,https://www.cian.ru/rent/flat/329613971/?context=4.1aa6t1YSLf0.PprMYgvSGhdXCjm_P5oXYKqHBcHcjqUp8-3o43HZTY1QfhgroGCFrpjHWIGNv9fVTbwbcu-pTzXWVQ&mlSearchSessionGuid=901dea6805b9a249e0235d11ead432ac,1/23,2100000,30.0,10,22,,"1/23 Дизайнерская студия Студия, 30 м², 10/22 этаж Только на Циан Римская 8 минут пешком Москва , ЮВАО , р-н Лефортово , м. Серп и Молот , улица Крузенштерна , 2 100 000 ₽/мес. От года, комм. платежи включены (без счётчиков), без комиссии, залог 90 000 ₽ Студия с дизайнерским ремонтом в доме бизнес-класса. В доме есть ресепшен, презентабельная входная группа, места для отдыха и ожидания гостей. В квартире все продумано для комфортного проживания: два спальных места (двухспальная кровать и диван), рабочая зона, оборудованная кухня, место для отдыха. Квартира полностью укомплектована, есть вся необходимая бытовая техника: стиральная и сушильные машины, микроволновая печь, индукционная плита, духовой шкаф, посудомоечная машина, пылесос, утюг, сплит система. , без животных и маленьких детей. Курение в квартире запрещено. Оперативный показ. ----- Примечание: у собственника могут быть дополнительные пожелания к жильцам - обсудите их в чате или по телефону Риелтор Анна Зинченко Суперагент +7 915 095-90-... Написать 10 часов назад сегодня, 09:08",,https://www.cian.ru/cat.php?deal_type=rent&district%5B0%5D=8&engine_version=2&offer_type=flat&room9=1&type=4&p=1,2026-05-04T16:43:05+00:00
2133,328298801,ЮВАО,https://www.cian.ru/rent/flat/328298801/?context=4.zTQIV4sgBSI.dTBL-8oeD6HgbCfX0xP174UVc-OTYuj2OWRsS0lqBHOMzNJz4WH_ySAkXl0DiuKUNR4mV8hWWRNaiQ&mlSearchSessionGuid=5e605e54e634dda4c4d98e70ff69d434,1/13,2834000,25.0,12,17,,"1/13 Студия, 25 м², 12/17 этаж Только на Циан Некрасовка 10 минут пешком Москва , ЮВАО , р-н Некрасовка , м. Некрасовка , улица Недорубова , 28 34 000 ₽/мес. От года, комм. платежи включены (счётчики включены), комиссия 60%, залог 34 000 ₽ Сдается на длительный период . Предложение строго для одной девушки , женщины.. Качественный рeмoнт, вся мебель и бытовая техника, нeoбходимая для кoмфopтного пpoживaния. Пoлнoстью меблиpoвана мебелью: шкаф, тумба под ТВ, кровать двухспальная , куxонный гарнитур, диван-кресло, барная стойка , высокие стулья . Студия укомплектована всей бытовой техникой: электрическая плита , холодильник, , микроволновка. Сан узел раздельный, ванна, стиральная машина автомат на три изолированные комнаты-студии. Рядом с метро торговые центры фитнес центр, продуктовые магазины в доме и рядом с домом. Шаговая доступность 7 минут до станции метро Некрасовка. Сдается на длительный период . Рассмотрят платежеспособных жильцов, приоритет для девушки, женщины. Оплата 34000 рублей все платежи включены в стоимость и интернет . Депозит 34000 рублей можно разделить на 2 платежа. Комиссия . ID 307387 Документы проверены +7 923 074-33-... Написать пять дней назад 29 апр, 17:01",,https://www.cian.ru/cat.php?deal_type=rent&district%5B0%5D=8&engine_version=2&offer_type=flat&room9=1&type=4&p=2,2026-05-04T16:43:05+00:00
