id,listing_id,district,url,title,price_rub,area_m2,floor,total_floors,metro,address,description_snippet,source_page,scraped_at
700,301543961,ЮВАО,https://www.cian.ru/rent/flat/301543961/?context=3.wCDih1BMhcw.omm6PqcadtDaRhHutu1adpTPhDl5RmpMMhcBFya5pBcQlJ4-oPVfD_AGOuteERW3lep61J9uWoSC8Q&mlSearchSessionGuid=2eaac1f0ddbe1293a4be21184906b386,1/12,40000,17.0,5,5,,"1/12 Текстильщики 15 мин пешком Апартаменты-студия, 17 м², 5/5 этаж Только на Циан Текстильщики 18 минут пешком Москва , ЮВАО , р-н Текстильщики , м. Текстильщики , 1-й Грайвороновский проезд , 2А 40 000 ₽/мес. От года, комм. платежи включены (без счётчиков), комиссия 60%, залог 43 000 ₽ Сдаю студию со всеми удобствами в районе метро Текстильщики, от метро 15 минут пешком или 3 остановки автобусом. В квартире имеется все для комфортного проживания: кухня, микроволновка, чайник, варочная панель, вытяжка, холодильник, кровать двуспальная, обеденный стол, стиральная машинка, совмещённый санузел, шкаф-гардероб. Условия: предоплата за месяц, залог за последний месяц аренды, коммунальные платежи отдельно, комиссия агенту разово при заселении. Риелтор Александр Дворников Документы проверены +7 985 579-70-... Написать 10 часов назад сегодня, 13:11",,https://www.cian.ru/cat.php?deal_type=rent&district%5B0%5D=8&engine_version=2&offer_type=flat&room9=1&type=4&p=1,2026-04-11T20:49:31+00:00
702,328788826,ЮВАО,https://www.cian.ru/rent/flat/328788826/?context=3.KPxyK_M6-zo.qnN3faovLDV_hZ32opXssJt1QLCupszMe5d1qm2-KgzyOq1VSsI05bE1tb4ramAIIJj1dbnk5YSEFg&mlSearchSessionGuid=cc549d925574060a9105847dfa864db6,1/6,54000,24.5,12,25,,"1/6 Студия, 24,5 м², 12/25 этаж Нижегородская 10 минут пешком Москва , ЮВАО , р-н Нижегородский , м. Нижегородская , Рязанский проспект , 2/1к5Т 54 000 ₽/мес. На несколько месяцев, комм. платежи включены (без счётчиков), без комиссии, залог 54 000 ₽ От Собственника Без комиссии На срок от 2 месяцев и более с 19 апреля Сдается полностью готовая к проживанию студия в новом Жк Среда от испанского архитектора вблизи 7 мин от метро Нижегородская .арендная плата составляет 54000. помесячно плюс счетчики . Собственник ID 101614092 +7 915 384-45-... Написать вчера вчера, 12:17",,https://www.cian.ru/cat.php?deal_type=rent&district%5B0%5D=8&engine_version=2&offer_type=flat&room9=1&type=4&p=2,2026-04-11T20:49:31+00:00
695,328835097,ЮВАО,https://www.cian.ru/rent/flat/328835097/?context=3.ms5jLuS2TMg.PwqtcvlZ_ddBWFne4XXcqopAC8ewuHS2jgqgQThwGpWer_1j5JH2SKyghTacOo7X4CYwI57xA7RwmQ&mlSearchSessionGuid=2eaac1f0ddbe1293a4be21184906b386,1/14,80000,27.0,13,27,,"1/14 Студия, 27 м², 13/27 этаж Только на Циан Авиамоторная 13 минут пешком Москва , ЮВАО , р-н Лефортово , м. Авиамоторная , Символ ЖК , Независимость кв-л 80 000 ₽/мес. От года, комм. платежи включены (без счётчиков), комиссия 50%, залог 80 000 ₽ Ждем вас на просмотр! Сдаётся просторная и светлая студия с абсолютно новым ремонтом, мебелью и техникой в ЖК бизнес-класса Символ. Отличная локация за счет своей транспортной и пешей доступности. Станции метро Площадь Ильича, Авиамоторная и Римская в 10-15 минутах пешей доступности. Быстрый выезд на ТТК и комфортная развязка к центру города. В квартире выполнен дизайнерский ремонт, присутствует все необходимое для жизни. Если мы посмотрим из окна, то насладимся спокойным видом на двор, ухоженной придомовой территорией с детской площадкой. Установлена система охраны и видеонаблюдения. На территории комплекса находится охраняемый наземный и подземный паркинг. Закрытая территория. В самом ЖК большое количество ресторанов и кафе. Закрытые дворы без машин с современными детскими площадками и прогулочными зонами. Данная локация славится своей развитой инфраструктурой. Рядом находится ТРЦ Город с невероятным количеством различных магазинов, заведений и развлечений, а также банки, аптеки и пункты выдачи. Через дорогу от дома всеми известный фитнесс клуб World Class. В пешей доступности находятся школы, детские сады. Парк Зеленая река - станет незаменимым местом для прогулок. Большое количество очистных пространств рядом с ЖК. Квартира сдаётся на длительный срок. Звоните, прямо сейчас, чтобы договориться о просмотре. Буду рада ответить на все интересующие вопросы! Номер объекта: #1/537035/24838 Агентство недвижимости Moscow Sales Department Документы проверены +7 916 612-48-... Написать вчера вчера, 13:32",,https://www.cian.ru/cat.php?deal_type=rent&district%5B0%5D=8&engine_version=2&offer_type=flat&room9=1&type=4&p=1,2026-04-11T20:49:31+00:00
693,283229441,ЮВАО,https://www.cian.ru/rent/flat/283229441/?context=3.GuveakhHPwo.2yBEHyYnITtTlSD9_TFbokk2pQK5f46kk-5luO4IX8GnVBUNspgdlpELaIUYDrlmvm4xeYGC3zOWGQ&mlSearchSessionGuid=2eaac1f0ddbe1293a4be21184906b386,1/5,133000,16.0,1,17,,"1/5 Студия, 16 м², 1/17 этаж Люблино 4 минуты на транспорте Москва , ЮВАО , р-н Марьино , м. Люблино , улица Верхние Поля , 42К1 33 000 ₽/мес. От года, комм. платежи включены (счётчики включены), без комиссии, залог 16 500 ₽ В действующем отели, на длительный срок, сдается студия гостиничного типа, без кухни ! В стоимость все включено, страховой депозит - 50%. Рассматривают 1-2 чел., РФ. В комнате минимум мебели - кровать, стол+ 2 стула, телевизор. Кондиционер. Санузел совмещенный, душ-кабина. Подробности по телефону. Агентство недвижимости Лунный Свет +7 923 078-87-... Написать 14 часов назад сегодня, 09:45",,https://www.cian.ru/cat.php?deal_type=rent&district%5B0%5D=8&engine_version=2&offer_type=flat&room9=1&type=4&p=1,2026-04-11T20:49:31+00:00
705,326294321,ЮВАО,https://www.cian.ru/rent/flat/326294321/?context=3.5mVsPXW-EM8.KY6R4XwSEsrXbKjSAkA5DsQ-Yvw7u82GvORxjD9CwsbJjli1mmaKWoGnx50UtFKYfNY8IOShSdOW0A&mlSearchSessionGuid=cc549d925574060a9105847dfa864db6,1/15,135000,11.6,2,10,,"1/15 Студия, 11,6 м², 2/10 этаж Только на Циан Юго-Восточная 8 минут пешком Москва , ЮВАО , р-н Выхино-Жулебино , м. Юго-Восточная , Ташкентская улица , 25К1 35 000 ₽/мес. От года, комм. платежи включены (без счётчиков), комиссия 70%, залог 35 000 ₽ Сдается уютная студия площадью 11.6 кв. м. на длительный срок. До метро Юго-Восточная всего 8 минут пешком. В квартире есть все необходимое для комфортного проживания: косметический ремонт, необходимая мебель, холодильник, стиральная машина, микроволновая плита, электрическая поверхность, электрический чайник. Планировка включает совмещенный санузел с душевой кабиной. В вашем распоряжении также интернет, поэтому можно смело работать или учиться онлайн. Лоджия добавляет дополнительное пространство для хранения или отдыха. Дом находится в районе с развитой инфраструктурой. В шаговой доступности расположены школы, детские сады и клиники, поэтому все важные учреждения будут у вас под рукой. Для любителей шопинга и повседневных покупок поблизости есть магазины. Риелтор ID 116658281 +7 985 254-20-... Написать шесть дней назад 5 апр, 21:12",,https://www.cian.ru/cat.php?deal_type=rent&district%5B0%5D=8&engine_version=2&offer_type=flat&room9=1&type=4&p=2,2026-04-11T20:49:31+00:00
736,328358209,ЮВАО,https://www.cian.ru/rent/flat/328358209/?context=3.jZlwqnMTYeQ.WPxcOPNd3jUkh4WOhnimtPa3Wi8l3V2rsGK56AYA4bOin2jvISD2JvvN1Go68sytoGzNpudJ8zwCJA&mlSearchSessionGuid=013e51d3f12661d99c7759fff9782e5e,1/8,158000,22.0,8,24,,"1/8 Апартаменты-студия, 22 м², 8/24 этаж Авиамоторная 9 минут пешком Москва , ЮВАО , р-н Лефортово , м. Авиамоторная , Красноказарменная улица , 14Ак1 58 000 ₽/мес. От года, комм. платежи включены (без счётчиков), комиссия 40%, залог 59 000 ₽ Сдаётся уютная студия в современном жилом комплексе рядом с метро ""Авиамоторная"". Апартаменты площадью 22 кв. м расположены на 8 этаже 24-этажного монолитного дома, построенного в 2020 году. Высокие потолки 2.85 метра и окна, выходящие во двор, создают атмосферу простора и уюта. В квартире сделан качественный евроремонт, что добавляет комфорта вашему проживанию. Просторная кухня площадью 7 кв. м полностью меблирована и оснащена всей необходимой техникой: здесь есть посудомоечная машина, холодильник и телевизор. В комнате также есть вся необходимая мебель. Санузел совмещённый, оборудован современной душевой кабиной и стиральной машиной. Дом в отличном состоянии, оборудован пассажирским и двумя грузовыми лифтами, что делает передвижение комфортным. Для связи и удобства вы сможете воспользоваться интернетом и телефоном. В пешей доступности от дома находятся школы, детские сады, клиники и магазины, что делает проживание здесь особенно удобным для семей с детьми. До станции метро ""Авиамоторная"" всего 9 минут пешком, поэтому можно легко добраться до любой точки города. Приглашаем вас на просмотр, чтобы убедиться, насколько этот вариант подходит именно вам. Звоните и записывайтесь на удобное для вас время. Посмотреть копии объявления от других продавцов Риелтор Денис Канибор Суперагент +7 985 182-31-... Написать неделю назад 31 мар, 11:01",,https://www.cian.ru/cat.php?deal_type=rent&district%5B0%5D=8&engine_version=2&offer_type=flat&room9=1&type=4&p=3,2026-04-11T20:49:31+00:00
729,328545633,ЮВАО,https://www.cian.ru/rent/flat/328545633/?context=3.zsh4CGFU5Gs.iDkXxqq5PHtoz3_tY8OcDRoVeHxJtz-WQJBKmYZ9ivHgHJsr6NzMvT8q9R91bRpfVljlNrBagh9bhg&mlSearchSessionGuid=013e51d3f12661d99c7759fff9782e5e,1/15,160000,26.0,6,25,,"1/15 Студия, 26 м², 6/25 этаж Только на Циан Нижегородская 11 минут пешком Москва , ЮВАО , р-н Нижегородский , м. Нижегородская , Рязанский проспект , 2/2к1 60 000 ₽/мес. От года, комм. платежи включены (счётчики включены), комиссия 50%, залог 60 000 ₽ Уютная светлая студия в новом ЖК Аквилон Beside. Отличная транспортная доступность, качественный современный ЖК, развитая инфраструктура (много кафе, магазинов, ресторанов на любой вкус). Все абсолютно новое. Комфортно для одного арендатора. Агентство недвижимости SPENСER ESTATE Суперагент +7 985 053-22-... три дня назад 8 апр, 12:58",,https://www.cian.ru/cat.php?deal_type=rent&district%5B0%5D=8&engine_version=2&offer_type=flat&room9=1&type=4&p=3,2026-04-11T20:49:31+00:00
710,328567594,ЮВАО,https://www.cian.ru/rent/flat/328567594/?context=3.TxM_7cH23lA.0T7Sb_M-NKVoEF80Jw4ugIPrsXDKjANNG28vRS0o5Y98AyzpdVZH45uhx6hc4RP2dsq8A-_HdQtcvw&mlSearchSessionGuid=cc549d925574060a9105847dfa864db6,1/22,167000,20.7,27,27,,"1/22 Студия, 20,7 м², 27/27 этаж Авиамоторная 11 минут пешком Москва , ЮВАО , р-н Лефортово , м. Авиамоторная , улица Крузенштерна , 10к1 67 000 ₽/мес. От года, комм. платежи включены (без счётчиков), комиссия 50%, без залога Дoлгоcрочная аренда (договoр нa 11 меcяцeв). Прeдcтaвляeм вaшeму внимaнию пpocторную, уютную студию плoщадью 20,7 кв.м. рacпoложeнную в ЖК Символ. Бытовая техника: кондиционер, телевизор, посудомоечная машина, хoлoдильник, варочная панель, микроволновая печь, cтиpальная машинa, элeктричecкий чайник. Есть все необходимое для комфортного и долгосрочного проживания, в т.ч. посуда. Удобства квартиры: - Встроенная посудомоечная машина; - Вместительные системы хранения; - Уютная просторная комната с красивым видом из окна; - Светлая, уютная ванная комната с современной сантехникой. Дом находится в районе с развитой инфраструктурой: в шаговой доступности остановки общественного транспорта, в 10 минутах пешком находится станция метро ""Авиамоторная"", в 15-20 минутах - станция ""Лефортово"". Рядом с домом расположены: продуктовые супермаркеты, пункты выдачи, аптеки и медицинские учреждения, кафе, рестораны. Преимущество ЖК Символ - безопасные дворы без машин с охраняемой территорией. Во дворе обустроены отдельные детские и спортивные площадки, а также экозоны для прогулок и отдыха. Условия проживания по Тарифу Комфортное проживание: - 50% от арендного платежа при заселении; - Раннее бронирование объекта (за 3 дня до заселения); - Персональный менеджер на всех этапах аренды быстро реагирует на запросы - большинство бытовых вопросов решаем за 48 часов; - Страхование гражданской ответственности до 0,3 млн ₽; - Организация мелкого ремонта. Коммунальные платежи: электроэнергия, хвс\гвс, услуги интернет провайдера, расходы за отопление дома/квартиры оплачивает арендатор. Заселение только при наличии постоянной регистрации РФ. Без животных Агентство недвижимости СМАРЕНТ Документы проверены +7 985 853-93-... Написать четыре дня назад 7 апр, 10:16",,https://www.cian.ru/cat.php?deal_type=rent&district%5B0%5D=8&engine_version=2&offer_type=flat&room9=1&type=4&p=2,2026-04-11T20:49:31+00:00
674,328880801,ЮВАО,https://www.cian.ru/rent/flat/328880801/?context=3.mL55Df5i9JA.BehO1MCAMQ1owzqzoQoECF7zwlLyvuYQqmJzqCa7ZAQy7iqSe6gmg05II4FgqBkdXdEaUs5K8ygs0g&mlSearchSessionGuid=2eaac1f0ddbe1293a4be21184906b386,1/19 Ещё фото,174990,28.0,3,13,,"1/19 Ещё фото Цивилизованная аренда от ДОМ РФ Апартаменты-студия, 28 м², 3/13 этаж Площадь Ильича 8 минут пешком Москва , ЮВАО , р-н Лефортово , м. Москва-Товарная , шоссе Энтузиастов , 3к1 74 990 ₽/мес. От года, комм. платежи включены (без счётчиков), без комиссии, залог 74 990 ₽ Идут показы с датой заселения после 25.04.2026. Апартамент доступен к просмотру и бронированию! Предлагается в долгосрочную аренду светлая студия в арендном доме ""Символ"" от ДОМ.РФ. 163 Доступна рассрочка оплаты депозита на 3 месяца! Без комиссии. Разрешено проживание с животными! Апартамент с индивидуальным интерьерным решением в современном стиле, качественной отделкой, мебелью и техникой для жизни от ведущих брендов (Hotpoint Ariston): - Встраиваемая бытовая техника; - Стиральная машина; - Электрическая варочная панель; - Холодильник; - Кондиционер; - Плазменный телевизор В квартире размещён полный комплект необходимой мебели: - современный кухонный гарнитур; - обеденный стол и 2 стула; - тумба под телевизор; - двуспальный раскладной диван; - вместительный шкаф; В квартире один совмещенный санузел с душевой кабиной, раковиной и зеркалом с подсветкой и стиральной машиной. Услуги консьерж-сервиса 24/7 включены в арендную плату (прием корреспонденции, заявок на ремонт, выдача гостевых пропусков, и т.д.), дополнительно можно заказать: доставку воды, уборку, стирку, глажку, уход за животными и многое другое. Разрешено проживание с животными! Территория ""Символ"" закрытая, установлено видеонаблюдение и действует система электронных пропусков. В доме отапливаемая подземная парковка. Район с развитой инфраструктурой: в 5 минутах езды всевозможные развлекательные кластеры, такие как Винзавод, Артплей, Арма и ТРЦ Атриум. Поблизости располагаются несколько школ, детских садов, поликлиник, фитнес-центров, парков и супермаркетов. Хорошо развита транспортная сеть: в пешей доступности есть несколько станций метро (Римская-6 мин, Площадь Ильича- 6 мин), 350 метров до ТТК, а до Садового кольца всего 2 км. Услуги 24/7 ВКЛЮЧЕНЫ В АРЕНДНУЮ ПЛАТУ! (прием корреспонденции, заявок на ремонт, выдача гостевых пропусков и т.д.). Удобный и доступный сервис дополнительных услуг: уборка, стирка, глажка, а также присмотр за животными и др. При заселении оплачивается стоимость аренды за первый месяц. При заключении договора аренды до 30 апреля доступна рассрочка оплаты депозита на 3 месяца! Дополнительно оплачиваются только счетчики коммунальных услуг. Аренда от ДОМ.РФ - это не просто квадратные метры. ДОМ.РФ",,https://www.cian.ru/cat.php?deal_type=rent&district%5B0%5D=8&engine_version=2&offer_type=flat&room9=1&type=4&p=1,2026-04-11T20:49:31+00:00
673,328499468,ЮВАО,https://www.cian.ru/rent/flat/328499468/?context=3.Xt_aw9MD_Jc.4fbp82YUu6SIJWmZwTujxYlcrLQgHvgXdk5W6o0WE02DqY5fDx91HuZcREDlJOzm3Ooz6AEpCutJMA&mlSearchSessionGuid=2eaac1f0ddbe1293a4be21184906b386,1/19 Ещё фото,178990,29.0,10,13,,"1/19 Ещё фото Цивилизованная аренда от ДОМ РФ Апартаменты-студия, 29 м², 10/13 этаж Только на Циан Площадь Ильича 8 минут пешком Москва , ЮВАО , р-н Лефортово , м. Москва-Товарная , шоссе Энтузиастов , 3к1 78 990 ₽/мес. От года, комм. платежи включены (без счётчиков), без комиссии, залог 78 990 ₽ Идут показы с датой заселения после 25.04.2026. Апартамент доступен к просмотру и бронированию! Предлагается в долгосрочную аренду светлая студия в арендном доме ""Символ"" от ДОМ.РФ. 54 Доступна рассрочка оплаты депозита на 3 месяца! Без комиссии. Разрешено проживание с животными! Апартамент с индивидуальным интерьерным решением в современном стиле, качественной отделкой, мебелью и техникой для жизни от ведущих брендов (Hotpoint Ariston): - Встраиваемая бытовая техника; - Стиральная машина; - Электрическая варочная панель; - Холодильник; - Кондиционер; - Плазменный телевизор В квартире размещён полный комплект необходимой мебели: - современный кухонный гарнитур; - обеденный стол и 2 стула; - тумба под телевизор; - двуспальный раскладной диван; - вместительный шкаф; В квартире один совмещенный санузел с душевой кабиной, раковиной и зеркалом с подсветкой и стиральной машиной. Услуги консьерж-сервиса 24/7 включены в арендную плату (прием корреспонденции, заявок на ремонт, выдача гостевых пропусков, и т.д.), дополнительно можно заказать: доставку воды, уборку, стирку, глажку, уход за животными и многое другое. Разрешено проживание с животными! Территория ""Символ"" закрытая, установлено видеонаблюдение и действует система электронных пропусков. В доме отапливаемая подземная парковка. Район с развитой инфраструктурой: в 5 минутах езды всевозможные развлекательные кластеры, такие как Винзавод, Артплей, Арма и ТРЦ Атриум. Поблизости располагаются несколько школ, детских садов, поликлиник, фитнес-центров, парков и супермаркетов. Хорошо развита транспортная сеть: в пешей доступности есть несколько станций метро (Римская-6 мин, Площадь Ильича- 6 мин), 350 метров до ТТК, а до Садового кольца всего 2 км. Услуги 24/7 ВКЛЮЧЕНЫ В АРЕНДНУЮ ПЛАТУ! (прием корреспонденции, заявок на ремонт, выдача гостевых пропусков и т.д.). Удобный и доступный сервис дополнительных услуг: уборка, стирка, глажка, а также присмотр за животными и др. При заселении оплачивается стоимость аренды за первый месяц. При заключении договора аренды до 30 апреля доступна рассрочка оплаты депозита на 3 месяца! Дополнительно оплачиваются только счетчики коммунальных услуг. Аренда от ДОМ.РФ - это не просто квадратны",,https://www.cian.ru/cat.php?deal_type=rent&district%5B0%5D=8&engine_version=2&offer_type=flat&room9=1&type=4&p=1,2026-04-11T20:49:31+00:00
691,321344783,ЮВАО,https://www.cian.ru/rent/flat/321344783/?context=3.XrJhbBUiKb4.6JIWPPMuX1ABFQevyyfNetVzax0fUH1X_9axDtqRQ426Vh6YQfmUsosnwctbUTs-OdjaKeyPczcL1A&mlSearchSessionGuid=2eaac1f0ddbe1293a4be21184906b386,1/22,190000,32.0,5,14,,"1/22 Студия, 32 м², 5/14 этаж Только на Циан Римская 10 минут пешком Москва , ЮВАО , р-н Лефортово , м. Серп и Молот , проезд Шелихова , 1к1 90 000 ₽/мес. От года, комм. платежи включены (без счётчиков), без комиссии, залог 90 000 ₽ Квартира в ЖК Символ, доме бизнес класса. Сдаётся впервые и на длительный срок. Оборудована всем необходимым: телевизор, интернет, на кухне встроенная техника (духовой шкаф, посудомоечная машина, холодильник, морозильная камера). Грамотно продуманная система хранения. Кондиционер, подогрев пола, видео домофон. Грамотно продуманная входная группа в подъезде с зоной коворкинга. Риелтор Ольга Цегельная Суперагент +7 916 043-84-... Написать 13 часов назад сегодня, 10:40",,https://www.cian.ru/cat.php?deal_type=rent&district%5B0%5D=8&engine_version=2&offer_type=flat&room9=1&type=4&p=1,2026-04-11T20:49:31+00:00
724,328221715,ЮВАО,https://www.cian.ru/rent/flat/328221715/?context=3.L71Q7-2gwC4.eiyr8wuQfe22m20ulw-cDb01sw93jJhNtRoHV-Hxac3QF-9dw5qiPuDEI3cA38gJFlEcxzd13-CFeQ&mlSearchSessionGuid=cc549d925574060a9105847dfa864db6,1/49,199000,32.0,1,14,,"1/49 Студия, 32 м², 1/14 этаж Римская 10 минут пешком Москва , ЮВАО , р-н Лефортово , м. Серп и Молот , проезд Шелихова , 1к1 99 000 ₽/мес. От года, комм. платежи включены (без счётчиков), без комиссии, залог 99 000 ₽ Предлагаем квартиру в ЖК бизнес-класса ""Символ"" с охраняемой территорий, видеонаблюдением и консьерж-сервисом. Свежий дизайнерский ремонт. Все новое, никто не проживал! Квартира представляет собой идеальный вариант для тех, кто ценит комфорт, современный дизайн и удобное расположение. До метро 7 минут пешком. до центра города 4,5 км ЖК ""Символ"" славится своей развитой инфраструктурой, включающей в себя все необходимое для комфортной жизни: магазины, кафе, фитнес-центры, детские площадки и зоны отдыха. Транспортная доступность комплекса также на высоте, что обеспечивает легкий доступ к любой точке города. Огромная территория-парк Зеленая река между всеми корпусами открыт для прогулок и отдыха жителей всех возрастов. В домах жителям доступны различные общественные пространства: детские и подростковые игровые, коворкинги, фитнес-румы, репетиторские, лаунжи. На крышах некоторых корпусов расположены креативные пространства Условия оплаты: аренда + счетчики (вода, электричество) Прямая сдача. Без комиссии. Риэлторы и агенты, просьба не беспокоить. Сдается платежеспособным и аккуратным арендаторам. Залог обязателен. Подробности и запись на просмотр по телефону. Риелтор Наталия Долгих Документы проверены +7 985 065-28-... Написать три дня назад 8 апр, 11:12",,https://www.cian.ru/cat.php?deal_type=rent&district%5B0%5D=8&engine_version=2&offer_type=flat&room9=1&type=4&p=2,2026-04-11T20:49:31+00:00
681,328807224,ЮВАО,https://www.cian.ru/rent/flat/328807224/?context=3.Zjp0mFSx-c0.l1XHmgG84MbNunneh6tIQYlRhb8hHTSNrOatRuB2CWx5DwApPkpT5dAIalyybVF4pkXtr0i-bPq-1g&mlSearchSessionGuid=2eaac1f0ddbe1293a4be21184906b386,1/6,235000,18.0,2,5,,"1/6 Апартаменты-студия, 18 м², 2/5 этаж Только на Циан Текстильщики 12 минут пешком Москва , ЮВАО , р-н Текстильщики , м. Текстильщики , улица Артюхиной , 6К2 35 000 ₽/мес. От года, комм. платежи включены (без счётчиков), без комиссии, залог 17 500 ₽ Внимание!! акция - кто проживёт 11 месяцев 12-й в подарок !!! Сдaется уютная студия с cовременным pемoнтом нa длитeльный cpoк. Метро текстильщики 9 минут!Кoммунaльныe уcлуги oплaчивaются арeндaтoром по cчетчикaм. B дoме paбoтаeт конcьеpж, чтo oбеcпечивaет допoлнительный кoмфopт и бeзопaснocть. Вo двoрe зaкрытая территoрия c парковкoй за шлaгбаумoм. Просторная кухня оборудована необходимой техникой, включая холодильник и стиральную машину. В комнате установлены шкафы для хранения вещей. Санузел совместный, оснащен современной сантехникой и душевой кабиной. В студии также имеется удобная рабочая зона с письменным столом и стулом. Цена 34000 + 17.000 1 человек. До 30 лет!! просьба риэлторов не беспокоить!! Риелтор ID 140263101 +7 985 775-24-... Написать два дня назад 9 апр, 19:41",,https://www.cian.ru/cat.php?deal_type=rent&district%5B0%5D=8&engine_version=2&offer_type=flat&room9=1&type=4&p=1,2026-04-11T20:49:31+00:00
677,328604135,ЮВАО,https://www.cian.ru/rent/flat/328604135/?context=3.iQsj1Vy-lBI.jqaVmw8jNvzv9_G3PsOODy1wniulsskF6I30U9sWzfi_cQc0e4tWe3G15MlZkOLtcvBj3IbG_5sWmA&mlSearchSessionGuid=2eaac1f0ddbe1293a4be21184906b386,1/14 Ещё фото,244500,23.0,9,33,,"1/14 Ещё фото Пешком до МЦД. Без депозита Студия, 23 м², 9/33 этаж Перерва 4 минуты пешком Москва , ЮВАО , р-н Люблино , м. Перерва , Иловайская улица , 2 44 500 ₽/мес. От года, комм. платежи включены (без счётчиков), комиссия 30%, залог 43 000 ₽ Сдаётся светлая студия с евроремонтом и совмещённым санузлом в ЖК Люблинский Парк, без депозита! Её можно посмотреть когда Вам удобно: бронируете время, забираете ключи и спокойно осматриваете. Если всё понравится, договор подпишем онлайн и будем поддерживать Вас на всех этапах аренды. В квартире есть: - Кухонный гарнитур; - Холодильник; - Стиральная машина; - Кондиционер; - Интернет проведён. Полы - ламинат и плитка. Окна выходят во двор, есть бесплатная парковка. Собственник готов заселить не более 2 взрослых жильцов с детьми. С домашним питомцем нельзя. Дом находится в районе с развитой инфраструктурой, рядом расположены: - Гипермаркет Ашан и ТЦ Бум; - Парк им. Артёма Боровика и Парк Героев Отечественной войны 1812. В пешей доступности школы и детские сады, салоны красоты и парикмахерские, кафе и закусочные, заправки и автосервисы, колледж, культурный центр, фитнес-клубы, бассейн и кинотеатр. До МЦД-2 Перерва 7 минут пешком, до м. Братиславская 20 минут. Агентство недвижимости ПИК-Аренда Документы проверены Посмотреть все объекты +7 985 687-95-... Написать час назад сегодня, 22:19",,https://www.cian.ru/cat.php?deal_type=rent&district%5B0%5D=8&engine_version=2&offer_type=flat&room9=1&type=4&p=1,2026-04-11T20:49:31+00:00
730,324338003,ЮВАО,https://www.cian.ru/rent/flat/324338003/?context=3.sdRechVfeL0.LTTm-wUgGgvYsyUJjiJE464INLADA4i5hXzyAkO0irKcw_WNWuewdivL93eNK-8ULVwVbOdBJZfnog&mlSearchSessionGuid=013e51d3f12661d99c7759fff9782e5e,1/14,245000,20.0,10,17,,"1/14 Студия, 20 м², 10/17 этаж Только на Циан Перерва 4 минуты пешком Москва , ЮВАО , р-н Люблино , м. Перерва , Иловайская улица , 2 45 000 ₽/мес. От года, комм. платежи включены (без счётчиков), комиссия 50%, залог 45 000 ₽ Сдается впервые квартира-студия в новом ЖК Люблинский парк. Район с развитой инфраструктурой, в пешей доступности от станции м. Марьино 15-20 минут, и в 5 минутах от МЦД Перерва, двор без машин, имеет закрытую территорию. В квартире имеется все необходимое для комфортного проживания 1-2 человек, новая техника и мебель, раскладывающийся диван с ортопедическим матрасом Аскона, кондиционер. Замечательный собственник рассмотрит 1 человека или пару, на длительный срок. Оперативно покажу, звоните, состав обсуждаем. У собственника могут быть предпочтения по составу проживающих. Риелтор Александр Кириллов Суперагент +7 910 536-87-... Написать пять дней назад 6 апр, 09:33",,https://www.cian.ru/cat.php?deal_type=rent&district%5B0%5D=8&engine_version=2&offer_type=flat&room9=1&type=4&p=3,2026-04-11T20:49:31+00:00
749,327971019,ЮВАО,https://www.cian.ru/rent/flat/327971019/?context=3.Uh1yMVZuSeM.e1nKONqKm9WVdTd7WTC8offcXSsJdrsQadnoBjWhKevIn-W76bKCFEOtawGzZrqjXuPA4EGZCb47MQ&mlSearchSessionGuid=013e51d3f12661d99c7759fff9782e5e,1/14,245000,20.0,2,5,,"1/14 Студия, 20 м², 2/5 этаж Только на Циан Текстильщики 12 минут пешком Москва , ЮВАО , р-н Текстильщики , м. Текстильщики , улица Артюхиной , 6К2 45 000 ₽/мес. От года, комм. платежи включены (без счётчиков), комиссия 40%, залог 45 000 ₽ К сдаче предлагается студия в пешей доступности от станций метро Текстильщики. Хороший район с развитой инфраструктурой. Рядом есть сетевые продуктовые магазины, аптеки, кафе, ПВЗ и многое другое. В квартире выполнен качественный ремонт, есть вся необходимая мебель и бытовая техника: плита, микроволновая печь, стиральная машина, шкаф, раскладной диван. Оперативный показ и заселение. Прекрасный собственник. Агентство недвижимости Лига недвижимости Суперагент +7 923 077-93-... Написать неделю назад 1 апр, 09:12",,https://www.cian.ru/cat.php?deal_type=rent&district%5B0%5D=8&engine_version=2&offer_type=flat&room9=1&type=4&p=3,2026-04-11T20:49:31+00:00
731,328214421,ЮВАО,https://www.cian.ru/rent/flat/328214421/?context=3.bJxJv0TLC48.25Obkxr3dM4lZ44aKws9N20ECAlgJRiYxBEOIRLpvlAcTdPMKUM5hwMVk1OTwaQEkVGt1KmMo5To-g&mlSearchSessionGuid=013e51d3f12661d99c7759fff9782e5e,1/6,247000,20.0,1,17,,"1/6 Студия, 20 м², 1/17 этаж Жулебино 8 минут пешком Москва , ЮВАО , р-н Выхино-Жулебино , м. Котельники , Привольная улица , 73К2 47 000 ₽/мес. От года, комм. платежи включены (без счётчиков), комиссия 60%, без залога Без залога и депозита. Сдаётся квартира- студия, от метро до 5 минут пешком. Район с хорошей инфраструктурой. Высокий первый этаж. Квартира полностью укомплектована современной мебелью и бытовой техникой. Есть всё для комфортного проживания. Рассмотрим всех платежеспособных , показ оперативно. Риелтор Ольга Кадырова Суперагент +7 916 956-33-... Написать неделю назад 31 мар, 09:43",,https://www.cian.ru/cat.php?deal_type=rent&district%5B0%5D=8&engine_version=2&offer_type=flat&room9=1&type=4&p=3,2026-04-11T20:49:31+00:00
755,328406963,ЮВАО,https://www.cian.ru/rent/flat/328406963/?context=3.27bnhWc8zAg.4YfaUVoQATU12jwxZsD8DsxYtgf0ADrNU232vd-4zcFHi7w_h86JFmKFsxIChJCBKRZXB1Fi7KqFLw&mlSearchSessionGuid=013e51d3f12661d99c7759fff9782e5e,1/10,247000,23.4,11,33,,"1/10 Студия, 23,4 м², 11/33 этаж Перерва 4 минуты пешком Москва , ЮВАО , р-н Люблино , м. Перерва , Иловайская улица , 2 47 000 ₽/мес. От года, комм. платежи включены (без счётчиков), комиссия 50%, залог 47 000 ₽ Представляется уютная студия в ЖК ""Люблинский Парк"" вблизи станции Перерва. Предлагаю сразу ознакомиться с видео и записываться на показ. Студия оборудована всей необходимой техникой для комфортного проживания: Заезжай и живи! Имеется удобная кровать, шкафы с местом для хранения вещей, рабочее место. А так же холодильник, СВЧ, душевая кабинка и стиральная машина. Очень приятный и отзывчивый собственник. Шикарная инфраструктура вокруг дома. В 10-ти минутах ходьбы расположена станция МЦД-2 Перерва. В пешей доступности имеются различные сетевые магазины, кафе, ПВЗ и многое другое! Прямо в доме находится супермаркет ""Пятёрочка"". Отличный внутренний двор для прогулок. Рассмотрим одного проживающего или семейную пару. Без детей и животных. Если будут вопросы обращайтесь по телефону. С уважением, Илья. Риелтор Илья Шанава Суперагент +7 986 384-28-... Написать три дня назад 8 апр, 13:00",,https://www.cian.ru/cat.php?deal_type=rent&district%5B0%5D=8&engine_version=2&offer_type=flat&room9=1&type=4&p=3,2026-04-11T20:49:31+00:00
751,328104848,ЮВАО,https://www.cian.ru/rent/flat/328104848/?context=3.ecQTA9YyP9M.9iZ6D0YP8aWvVXEyPlnEegHD9XkYeGTTs34Zhb_60cQ6BQiHvPzf23eU16MarCchS1szg6PZ5vsiOQ&mlSearchSessionGuid=013e51d3f12661d99c7759fff9782e5e,1/6,250000,21.0,23,25,,"1/6 Студия, 21 м², 23/25 этаж Депо 18 минут пешком Москва , ЮВАО , р-н Люблино , м. Депо , Люблинская улица , 72Ак2 50 000 ₽/мес. От года, комм. платежи включены (без счётчиков), комиссия 50%, залог 50 000 ₽ Новая студия в ЖК Люблинский парк | никто не жил | 23 этаж Сдаётся новая студия с современным ремонтом в ЖК Люблинский парк. Квартира ранее не сдавалась — никто не жил, полностью укомплектована мебелью и техникой. Формат заезжай и живи. Квартира расположена на высоком 23 этаже, благодаря чему открывается просторный городской вид без эффекта окно в окно, что редкость для плотной застройки района. Высокий этаж делает квартиру более светлой, тихой и приватной. Транспортная доступность: • 15 минут пешком до метро Братиславская • 20 минут до метро Люблино • 12 минут транспортом до метро Текстильщики (другая ветка метро) • остановки общественного транспорта в 35 минутах от дома • удобный выезд на Люблинскую улицу • 7 км до МКАД, 8 км до ТТК Функциональная планировка: — кухня-гостиная с барной зоной — диван — вместительный шкаф — удобная прихожая с системой хранения В квартире есть вся необходимая техника: • варочная панель • духовой шкаф • холодильник • стиральная машина Современный санузел с душевой кабиной. Квартира светлая, аккуратная и очень уютная. Подойдёт для одного человека или пары. В квартире нет системы умный дом, но в комплексе предусмотрено удобное управление через специальный планшет, который выдаётся жителям — можно дистанционно управлять некоторыми функциями квартиры. Квартира новая, ранее не сдавалась. Собственник заинтересован в аккуратных и долгосрочных арендаторах. В доме и во дворе уже работает вся инфраструктура: магазины, кафе, сервисы и пункты выдачи. Стоимость аренды: 50 000 ₽ в месяц. Квартира свободна и готова к заселению. Оперативный показ. Риелтор Александр Жабин Суперагент +7 917 580-51-... Написать 2 недели назад 23 мар, 16:51",,https://www.cian.ru/cat.php?deal_type=rent&district%5B0%5D=8&engine_version=2&offer_type=flat&room9=1&type=4&p=3,2026-04-11T20:49:31+00:00
685,328068984,ЮВАО,https://www.cian.ru/rent/flat/328068984/?context=3.eXvbR_Sdis0.Es5SpovTSDikzdWqIVOjxDbdziUzpUaIGUCXqA6HNXQCoLZJ61Zl29fQXfT5UU10n3M6cWjq9nR-zA&mlSearchSessionGuid=2eaac1f0ddbe1293a4be21184906b386,1/15 Ещё фото,251000,21.0,22,25,,"1/15 Ещё фото Без залога! Пешком до МЦД Студия, 21 м², 22/25 этаж Депо 18 минут пешком Москва , ЮВАО , р-н Люблино , м. Депо , Люблинская улица , 72Ак2 51 000 ₽/мес. От года, комм. платежи включены (без счётчиков), комиссия 60%, без залога Сдаётся светлая квартира-студия с евроремонтом и совмещённым санузлом в ЖК Люблинский Парк, без депозита! Её можно посмотреть когда Вам удобно: бронируете время, забираете ключи и спокойно осматриваете. Если всё понравится, договор подпишем онлайн и будем поддерживать Вас на всех этапах аренды. В квартире есть: - кухонный гарнитур; - кондиционер; - холодильник; - стиральная машина; - варочная панель; - духовой шкаф; - микроволновая печь. Под диваном есть место для хранения. Проведён интернет. Полы ламинат и плитка. Окна выходят во двор, на север. Есть бесплатная парковка. Собственник готов заселить не более 2 взрослых жильцов с детьми, докупить мебель/технику или заключить договор с юридическим лицом. Возможно заселиться с собакой или питомцем в клетке/аквариуме. Дом находится в районе с развитой инфраструктурой: в пешей доступности школы и детские сады, салоны красоты и парикмахерские, кафе и закусочные, заправки и автосервисы, колледж, культурный центр, фитнес-клубы, бассейн и кинотеатр. Недалеко гипермаркет Ашан, ТЦ Бум, парк им. Артёма Боровика и парк Героев Отечественной войны 1812 года. До МЦД-2 Перерва 20 минут пешком, до м. Братиславская 20 минут на общественном транспорте. Агентство недвижимости ПИК-Аренда Документы проверены Посмотреть все объекты +7 986 274-33-... Написать 9 часов назад сегодня, 14:42",,https://www.cian.ru/cat.php?deal_type=rent&district%5B0%5D=8&engine_version=2&offer_type=flat&room9=1&type=4&p=1,2026-04-11T20:49:31+00:00
721,328008898,ЮВАО,https://www.cian.ru/rent/flat/328008898/?context=3.l18S4HXqNKM.Mb7XDFFZIRMwaHoXJ1aXo24BogcLOftVm8132ausuHA2_wBrQ5A0AMxsyRKC6hSbISoIUEM5v4U1ug&mlSearchSessionGuid=cc549d925574060a9105847dfa864db6,1/24,253000,23.6,26,33,,"1/24 Студия, 23,6 м², 26/33 этаж Окская 10 минут пешком Москва , ЮВАО , р-н Рязанский , м. Окская , улица Михайлова , 30Ак2 53 000 ₽/мес. От года, комм. платежи включены (без счётчиков), комиссия 50%, без залога Дoлгocрoчная аpенда (договoр нa 11 месяцeв). Cтильнaя и cветлaя студия в ЖК Михaйлoвский Пapк, площадь кв.м. 23.6. Meбель: вмeститeльный шкaф, удобный pасклaднoй диван, куxoнный гаpнитуp, обeденная зона, pабoчая зoнa, кoмод. Бытовая техника: Стиральная машина, холодильник, вытяжка, варочная панель, электрический чайник, микроволновая печь. Район обладает развитой инфраструктурой: В пешей доступности детские сады, школы, поликлиники, магазины, фитнес-клуб, ТЦ Рязанский. До большого Кусковского лесопарка со старинной усадьбой Кусково и прудом 20 минут пешком по прямой. 10 мин. ходьбы до метро Окская и в 15 мин. пешком до метро Рязанский проспект Условия проживания по Тарифу Комфортное проживание - комиссия 50% от арендного платежа; - Раннее бронирование объекта (за 3 дней до заселения); - Персональный менеджер на всех этапах аренды быстро реагирует на запросы - большинство бытовых вопросов решаем за 48 часов; - Страхование гражданской ответственности до 300 000 ₽; - Организация мелкого ремонта. - Заселение с детьми (возраст детей от 6 лет). Коммунальные платежи: электроэнергия, хвс\гвс, услуги интернет провайдера, расходы за отопление (при наличии счетчика) дома/квартиры оплачивает арендатор. Заселение только при наличии постоянной регистрации РФ Без животных Агентство недвижимости СМАРЕНТ Документы проверены +7 985 853-93-... Написать три дня назад 8 апр, 14:16",,https://www.cian.ru/cat.php?deal_type=rent&district%5B0%5D=8&engine_version=2&offer_type=flat&room9=1&type=4&p=2,2026-04-11T20:49:31+00:00
682,328651703,ЮВАО,https://www.cian.ru/rent/flat/328651703/?context=3.41T7aljadkM.8MbtZK971WZtfOqnv_6Hx_SJor-jmwbPP0XAIdZPsg1bRGnbo25At7mz_wJnMyk6XnPAjKJ9KXbE9g&mlSearchSessionGuid=2eaac1f0ddbe1293a4be21184906b386,1/16 Ещё фото,253100,19.6,2,15,,"1/16 Ещё фото Без депозита! Рядом МЦД Студия, 19,6 м², 2/15 этаж Депо 18 минут пешком Москва , ЮВАО , р-н Люблино , м. Депо , Люблинская улица , 72Ак2 53 100 ₽/мес. От года, комм. платежи включены (без счётчиков), комиссия 30%, без залога Сдаётся квартира-студия с евроремонтом и совмещённым санузлом в ЖК Люблинский Парк, без депозита! Её можно посмотреть когда Вам удобно: бронируете время, забираете ключи и спокойно осматриваете. Если всё понравится, договор подпишем онлайн и будем поддерживать Вас на всех этапах аренды. Квартира оборудована кухонным гарнитуром, можно обсудить покупку необходимой мебели в счёт арендной платы. Интернет проведён. Полы ламинат и плитка. Окна выходят на улицу, есть бесплатная парковка. Собственник готов заселить не более 2 взрослых жильцов с детьми, оформить и заключить договор с юридическим лицом. Можно с домашним питомцем. Дом находится в районе с развитой инфраструктурой, рядом: - Гипермаркет Ашан; - ТЦ Бум; - Парк им. Артёма Боровика; - Парк Героев Отечественной войны 1812 года. Также в пешей доступности школы и детские сады, салоны красоты, кафе, заправки и автосервисы, колледж, культурный центр, фитнес-клуб, бассейн и кинотеатр. До МЦД-2 Перерва 20 минут пешком, до м. Братиславская 20 минут на общественном транспорте. Агентство недвижимости ПИК-Аренда Документы проверены Посмотреть все объекты +7 986 248-10-... Написать 8 часов назад сегодня, 15:40",,https://www.cian.ru/cat.php?deal_type=rent&district%5B0%5D=8&engine_version=2&offer_type=flat&room9=1&type=4&p=1,2026-04-11T20:49:31+00:00
683,328778955,ЮВАО,https://www.cian.ru/rent/flat/328778955/?context=3.nadMMkuRC5M.eV8VCjmwqorYVS1-jV4_2LxKosvI8D7peT6hDk5EFXDlQqKIuZ8-1eGVaD6bTcukjbGwQ_neygbZdw&mlSearchSessionGuid=2eaac1f0ddbe1293a4be21184906b386,1/10 Ещё фото,254900,19.6,16,25,,"1/10 Ещё фото Впервые и без депозита! Студия, 19,6 м², 16/25 этаж Депо 18 минут пешком Москва , ЮВАО , р-н Люблино , м. Депо , Люблинская улица , 72Ак2 54 900 ₽/мес. От года, комм. платежи включены (без счётчиков), комиссия 60%, без залога Впервые сдаётся светлая квартира-студия с евроремонтом и совмещённым санузлом в ЖК Люблинский Парк. Без депозита! Её можно посмотреть когда Вам удобно: бронируете время, забираете ключи и спокойно осматриваете. Если всё понравится, договор подпишем онлайн и будем поддерживать Вас на всех этапах аренды. В квартире: - Кухонный гарнитур; - Холодильник; - Стиральная машина; - Кондиционер; - Телевизор; - Интернет проведён + Wi-Fi. Полы - ламинат и плитка. Окна выходят во двор, есть бесплатная парковка. Собственник готов заселить не более 3 взрослых жильцов с детьми. Можно с домашним питомцем по согласованию. Дом находится в районе с развитой инфраструктурой, рядом: - Гипермаркет Ашан; - Парк им. Артёма Боровика; - Парк Героев Отечественной войны 1812 года. Также в пешей доступности школы и детские сады, салоны красоты и парикмахерские, кафе и закусочные, заправки и автосервисы, колледж, культурный центр, фитнес-клубы, бассейн и кинотеатр. До МЦД-2 Перерва 20 минут пешком, до м. Братиславская 20 минут на общественном транспорте. Агентство недвижимости ПИК-Аренда Документы проверены Посмотреть все объекты +7 916 478-65-... Написать 4 часа назад сегодня, 19:45",,https://www.cian.ru/cat.php?deal_type=rent&district%5B0%5D=8&engine_version=2&offer_type=flat&room9=1&type=4&p=1,2026-04-11T20:49:31+00:00
686,327434422,ЮВАО,https://www.cian.ru/rent/flat/327434422/?context=3.dGrp6G6kRj0.igCcgWENIUrUN-oNPDFxDrGqXc3v7cEPe1xqvJLPzdpvoVgrfXprNwu9CsV6nDx2ChUAJHwmbp00Eg&mlSearchSessionGuid=2eaac1f0ddbe1293a4be21184906b386,1/14 Ещё фото,255000,23.2,18,25,,"1/14 Ещё фото Без депозита! Евроремонт! Студия, 23,2 м², 18/25 этаж Депо 18 минут пешком Москва , ЮВАО , р-н Люблино , м. Депо , Люблинская улица , 72Ак2 55 000 ₽/мес. От года, комм. платежи включены (без счётчиков), комиссия 60%, без залога Сдаётся светлая квартира-студия со смежным санузлом в современном ЖК Люблинский Парк, без депозита! Её можно посмотреть когда Вам удобно: бронируете время, забираете ключи и спокойно осматриваете. Если всё понравится, договор подпишем онлайн и будем поддерживать Вас на всех этапах аренды. Квартира оснащена вместительным кухонным гарнитуром, мебелью и бытовой техникой: - Холодильник; - Телевизор; - Микроволновка; - Варочная панель; - Стиральная машина; - Вытяжка; - Робот-пылесос; - Проведён интернет + WI-FI. Полы ламинат и плитка. Окна выходят во двор, на восток, есть бесплатная парковка. Собственник готов заселить не более 2 взрослых жильцов с детьми старше 3 лет и заключить договор с юридическим лицом. Можно с домашним питомцем по согласованию. Недалеко от дома: - Гипермаркет Ашан; - ТЦ Бум; - Парк им. Артёма Боровика; - Парк Героев Отечественной войны 1812 года. В пешей доступности школы и детские сады, салоны красоты, кафе, заправки и автосервисы, колледж, культурный центр, фитнес-клубы, бассейн и кинотеатр. До МЦД-2 Перерва 20 минут пешком, до м. Братиславская 19 минут на общественном транспорте. Агентство недвижимости ПИК-Аренда Документы проверены Посмотреть все объекты +7 915 255-17-... Написать 11 часов назад сегодня, 12:40",,https://www.cian.ru/cat.php?deal_type=rent&district%5B0%5D=8&engine_version=2&offer_type=flat&room9=1&type=4&p=1,2026-04-11T20:49:31+00:00
741,323960207,ЮВАО,https://www.cian.ru/rent/flat/323960207/?context=3.5y3wDBIvO98.E8bAhFpD7hNgFz1oLK-srugtVWa67JQpV13Q-jH5ZeXEo49LQPRmiAJxq_FnD9ozh7kAUy7go20B6g&mlSearchSessionGuid=013e51d3f12661d99c7759fff9782e5e,1/26,255000,28.0,21,33,,"1/26 Студия, 28 м², 21/33 этаж Перерва 4 минуты пешком Москва , ЮВАО , р-н Люблино , м. Перерва , Иловайская улица , 2 55 000 ₽/мес. От года, комм. платежи включены (без счётчиков), комиссия 80%, залог 60 000 ₽ Сдается уютная квартира свободной планировки в новом ЖК. В квартире есть всё для комфортного проживания: мебель, бытовая техника телевизор, холодильник, стиральная машина, кондиционер, духовка, электроплита от западных брендов, ортопедическая кровать 160200, продуманы зоны отдыха, сна, хранения и т.д. ЖК находится в окружении развитой социальной и коммерческой инфраструктуры - детский сад, различные образовательные учреждения, сетевые супермаркеты (Пятёрочка, ВкусВилл) , ПВЗ (Озон, WB), скоро открытие нескольких кафе и ресторанов. В пешей доступности - Люблинский парк, станции метро Перерва, Братиславская и Марьино. Квартира сдается на длительный срок одному 1 человеку от 30 лет без вредных привычек, без детей и животных. Риелтор Жанна Шойбекова Суперагент +7 916 632-93-... Написать 3 недели назад 14 мар, 18:18",,https://www.cian.ru/cat.php?deal_type=rent&district%5B0%5D=8&engine_version=2&offer_type=flat&room9=1&type=4&p=3,2026-04-11T20:49:31+00:00
746,328145829,ЮВАО,https://www.cian.ru/rent/flat/328145829/?context=3.0tjjOctJ5Ts.K8uNm5FGIZ8mKSMBaPjzQjqrAn-68_aWVxgUr65JuLXKGotfGWHoJxC5yh_jESBYSQ-N1TQXRdh_5w&mlSearchSessionGuid=013e51d3f12661d99c7759fff9782e5e,1/22,255000,22.0,8,23,,"1/22 Студия, 22 м², 8/23 этаж Только на Циан Новохохловская 14 минут пешком Москва , ЮВАО , р-н Текстильщики , м. Новохохловская , 1-й Грайвороновский проезд , 13к2 55 000 ₽/мес. От года, комм. платежи включены (без счётчиков), без комиссии, залог 55 000 ₽ Уютная студия, общей площадью 22 кв.м.Для комфортного проживания есть вся необходимая мебель и бытовая техника. Санузел совмещенный, душевая кабина. Вместительный шкаф. Хорошо развитая инфраструктура. Агентство недвижимости Триумф Суперагент +7 968 237-87-... Написать неделю назад 4 апр, 11:15",,https://www.cian.ru/cat.php?deal_type=rent&district%5B0%5D=8&engine_version=2&offer_type=flat&room9=1&type=4&p=3,2026-04-11T20:49:31+00:00
752,327867999,ЮВАО,https://www.cian.ru/rent/flat/327867999/?context=3.fIP-5YqYCjk.-9JaFg4jh_ZXZY7MoGmZ5LCM-6Jhs6JCENCJIIo8aOaoxEziHCme3bUtn2YZBT86aquWwGg6QaHDYA&mlSearchSessionGuid=013e51d3f12661d99c7759fff9782e5e,1/9,257000,22.0,9,25,,"1/9 Студия, 22 м², 9/25 этаж Нижегородская 12 минут пешком Москва , ЮВАО , р-н Нижегородский , м. Нижегородская , Рязанский проспект , 2/2к2 57 000 ₽/мес. От года, комм. платежи включены (без счётчиков), комиссия 50%, залог 25 000 ₽ Новая студия с балконом | 22 м² | 10 мин до транспортного хаба | метро + МЦК + БКЛ + МЦД ЖК Аквилон Beside Параметры квартиры • площадь 22 м² • 9 этаж из 25 • балкон • новый современный дом комфорт-плюс класса • система умный дом • квартира абсолютно новая — никто не жил Светлая студия с современным ремонтом и функциональной мебелью. Продуманная система хранения в прихожей, аккуратный интерьер и рациональная планировка — комфортно для проживания одного человека или пары. Удобная транспортная доступность: 10 минут пешком до крупного транспортного узла Нижегородская (метро, МЦК, БКЛ, МЦД). Рядом также станция Стахановская. Формат — заезжай и живи. Стоимость: 57 000 ₽ / месяц. Риелтор Александр Жабин Суперагент +7 917 580-51-... Написать неделю назад 3 апр, 00:18",,https://www.cian.ru/cat.php?deal_type=rent&district%5B0%5D=8&engine_version=2&offer_type=flat&room9=1&type=4&p=3,2026-04-11T20:49:31+00:00
719,328571046,ЮВАО,https://www.cian.ru/rent/flat/328571046/?context=3.kGbCK5vWslY.ySaEejidPy2LTUGQ0nbi-nhyoyHPdLAK_8idffm4horKltLKa3K-nm2eH8WLKo2lJ2sn99GRFm3Dmw&mlSearchSessionGuid=cc549d925574060a9105847dfa864db6,1/19,260000,23.6,18,37,,"1/19 Студия, 23,6 м², 18/37 этаж Нижегородская 10 минут пешком Москва , ЮВАО , р-н Нижегородский , м. Нижегородская , Перовское шоссе , 2к2 60 000 ₽/мес. От года, комм. платежи включены (без счётчиков), комиссия 50%, без залога Дoлгоcрочная аренда (договoр нa 11 меcяцeв). Прeдcтaвляeм вaшeму внимaнию пpocторную, уютную студию плoщадью 23,6 кв.м. рacпoложeнную в ЖК Перовское. Бытовая техника: кондиционер, телевизор, хoлoдильник, варочная панель, микроволновая печь, cтиpальная машинa, элeктричecкий чайник, утюг, гладильная доска, сушилка для одежды. Есть все необходимое для комфортного и долгосрочного проживания, в т.ч. посуда. Удобства квартиры: - Вместительные системы хранения; - Обеденная зона с телевизором; - Уютная просторная комната с красивым видом из окна; - Светлая, уютная ванная комната с современной сантехникой. Дом находится в районе с развитой инфраструктурой: в шаговой доступности остановки общественного транспорта, в пешей доступности станция метро Нижегородская. Рядом с домом расположены: продуктовые супермаркеты, пункты выдачи, аптеки, кафе, рестораны. Условия проживания по Тарифу Комфортное проживание: - 50% от арендного платежа при заселении; - Раннее бронирование объекта (за 3 дня до заселения); - Персональный менеджер на всех этапах аренды быстро реагирует на запросы - большинство бытовых вопросов решаем за 48 часов; - Страхование гражданской ответственности до 0,3 млн ₽; - Организация мелкого ремонта. Коммунальные платежи: электроэнергия, хвс\гвс, услуги интернет провайдера, расходы за отопление дома/квартиры оплачивает арендатор. Заселение только при наличии постоянной регистрации РФ. Без животных Агентство недвижимости СМАРЕНТ Документы проверены +7 985 853-93-... Написать три дня назад 8 апр, 13:53",,https://www.cian.ru/cat.php?deal_type=rent&district%5B0%5D=8&engine_version=2&offer_type=flat&room9=1&type=4&p=2,2026-04-11T20:49:31+00:00
727,328600340,ЮВАО,https://www.cian.ru/rent/flat/328600340/?context=3.CMNr--T8c5c.2GrG0_IF5Xb2MoSn-ec78LigF8A_otHOWDj6pwse2STXYmdZV8-mnuR1miCC6iS_XQgtPtBYQ60FeA&mlSearchSessionGuid=cc549d925574060a9105847dfa864db6,1/15,260000,23.0,23,25,,"1/15 Студия, 23 м², 23/25 этаж Только на Циан Нижегородская 12 минут пешком Москва , ЮВАО , р-н Нижегородский , м. Нижегородская , Рязанский проспект , 2/2к2 60 000 ₽/мес. От года, комм. платежи включены (счётчики включены), без комиссии, залог 60 000 ₽ Сдается новая студия от собственника, без агентской комиссии. Есть все необходимое для комфортного проживания, очень удобное спальное место. Собственник ID 112154994 +7 916 663-37-... Написать пять дней назад 6 апр, 13:44",,https://www.cian.ru/cat.php?deal_type=rent&district%5B0%5D=8&engine_version=2&offer_type=flat&room9=1&type=4&p=2,2026-04-11T20:49:31+00:00
743,327066332,ЮВАО,https://www.cian.ru/rent/flat/327066332/?context=3.EPSvDDcUVls.gPNs60EePcM3ixpWSMHrblnQeVZtPtUpHXMf4TYhBgZL8Zooy6mTtJp8QsqZHlKC9CJHvZh0O8NrCQ&mlSearchSessionGuid=013e51d3f12661d99c7759fff9782e5e,1/21,275000,25.0,4,20,,"1/21 Студия, 25 м², 4/20 этаж Авиамоторная 14 минут пешком Москва , ЮВАО , р-н Лефортово , м. Авиамоторная , проезд Невельского , 1к2 75 000 ₽/мес. От года, комм. платежи включены (без счётчиков), без комиссии, залог 75 000 ₽ Здравствуйте! Предлагаем вашему вниманию стильную студию в аренду, расположенную в современном доме, построенном в 2021 году. Квартира находится на 4 этаже 20-этажного здания. Общая площадь студии составляет 25 кв. м, из которых 20 кв. м — жилая зона и 5 кв. м — кухня. Высокие потолки (3.1 метра) и окна, выходящие во двор, создают ощущение простора и уюта. В квартире выполнен дизайнерский ремонт, что придаёт особый шарм и стиль. Удобная и функциональная планировка студии позволяет рационально использовать пространство. В комнате и на кухне есть вся необходимая мебель. Из техники в вашем распоряжении: кондиционер, холодильник, посудомоечная и стиральная машины, а также телевизор. Ванная комната оборудована просторной душевой кабиной, что делает её использование комфортным. Дом оснащён подземной парковкой, поэтому можно не беспокоиться о месте для автомобиля. В здании работают один пассажирский и два грузовых лифта, что удобно для жильцов. Также предусмотрен пандус для удобного доступа. Дом находится в хорошем состоянии, так как был построен совсем недавно. Рядом с домом вы найдёте всё необходимое для комфортной жизни: школы, детские сады, клиники и магазины. До станции метро Авиамоторная можно дойти пешком за 14 минут, что делает транспортную доступность довольно удобной. выезд на 3-кольцо в 5 минутах. прямой выезд на ш. Энтузиастов в сторону центра. Условия аренды: договор аренды, залог по договорённости. Квартира подходит для проживания одного-двух человек без домашних животных. Приглашаем вас записаться на просмотр, чтобы оценить все преимущества этой уютной студии. Не упустите возможность арендовать современное жильё в новом доме. Ждём вашего звонка! Риелтор Дарья Егорова Суперагент +7 989 107-87-... Написать неделю назад 3 апр, 17:36",,https://www.cian.ru/cat.php?deal_type=rent&district%5B0%5D=8&engine_version=2&offer_type=flat&room9=1&type=4&p=3,2026-04-11T20:49:31+00:00
740,327763524,ЮВАО,https://www.cian.ru/rent/flat/327763524/?context=3.uetkAzrwkyo.UeQVV9I1oZhBZL31k_B3kXUxauHOJHNdD2XAewq8f66pPqoJvtfQzTtGbogle50rZFlpDeS1c_yTig&mlSearchSessionGuid=013e51d3f12661d99c7759fff9782e5e,1/34,285000,24.7,22,30,,"1/34 Студия, 24,7 м², 22/30 этаж Волгоградский проспект 12 минут пешком Москва , ЮВАО , р-н Южнопортовый , м. Угрешская , Волгоградский проспект , 32/5к2 85 000 ₽/мес. От года, комм. платежи включены (без счётчиков), без комиссии, залог 85 000 ₽ БЕЗ КОМИССИИ!!! Корпус Афины, ЖК Метрополия. Шикарный вид из окна!!! 22 этаж, панорамное окно, обзор на город, а не на соседние корпуса. Статус жилое помещение. Площадь 24,7 кв.м. Дизайнерский абсолютно новый ремонт, дорогие отделочные материалы, вся мебель под заказ: - много мест хранения - двуспальный диван-кровать (подушки, одеяло) - встроенные шкафы - встроенная кухня с бытовой техникой - холодильник, варочная индукционная панель, ПММ, аэрогриль, мощная вытяжка, чайник - посуда, кухонная утварь - столовые приборы, кастрюли, сковородки - стиральная машинка с функцией сушки - проточный водонагреватель, аквастоп, гигиенический душ - встроенная гладильная доска - утюг - телевизор - пылесос - кондиционер - удобный доступ/без ключа Стоимость 85.000 + свет и вода Риелтор Яна Котова Суперагент +7 923 078-69-... Написать 2 недели назад 26 мар, 21:14",,https://www.cian.ru/cat.php?deal_type=rent&district%5B0%5D=8&engine_version=2&offer_type=flat&room9=1&type=4&p=3,2026-04-11T20:49:31+00:00
711,328376795,ЮВАО,https://www.cian.ru/rent/flat/328376795/?context=3.DW_klKdsS2M.ILVbqE5ojdrZXFHNDkVzq6FzUfb9MeuEsxgYMfdiNKZbdhRgx9gi304VkQIibD04lHjVlDxSk_fbuQ&mlSearchSessionGuid=cc549d925574060a9105847dfa864db6,1/11,336000,12.0,10,15,,"1/11 Студия, 12 м², 10/15 этаж Люблино 15 минут пешком Москва , ЮВАО , р-н Люблино , м. Люблино , Цимлянская улица , 3к3 36 000 ₽/мес. От года, комм. платежи включены (счётчики включены), комиссия 100%, залог 36 000 ₽ Показы 8 апреля СДАМ ДЛЯ ОДНОГО человека на длительный срок квартиру-студию с современным евроремонтом в новом ЖК бизнес-класса ""ВЛюблино"", район Люблино. Депозит возможно разбить на 2 части. Дом 15-этажный монолитный. Этаж 10/15, пластиковые окна, санузел совмещен. Диван двуспальный, микроволновая печь, холодильник, электро-плита, чайник, шкаф, стиральная машина (в коридоре). Инфраструктура развитая, все объекты первой необходимости расположены в пешей доступности: школа, детский сад, супермаркеты и др. Рядом парки. От станции метро Люблино - 9 минут пешком. Автобусные остановки возле дома. Оперативный показ: Москва, Цимлянская 3к3. Агентство недвижимости ЖИЛСЕРВИС Суперагент +7 915 496-36-... Написать неделю назад 1 апр, 16:49",,https://www.cian.ru/cat.php?deal_type=rent&district%5B0%5D=8&engine_version=2&offer_type=flat&room9=1&type=4&p=2,2026-04-11T20:49:31+00:00
699,328447926,ЮВАО,https://www.cian.ru/rent/flat/328447926/?context=3.CnLUijBxfmQ.mE-3p9Al0rGKf9gdbvkpLund5ccVAsYyQUCrktSiyKD8yDwWYFQt-zs2t0xG6srFcxFvT4ajwD77SA&mlSearchSessionGuid=2eaac1f0ddbe1293a4be21184906b386,1/6,342000,24.0,24,25,,"1/6 Студия, 24 м², 24/25 этаж Братиславская 18 минут пешком Москва , ЮВАО , р-н Люблино , м. Перерва , Люблинская улица , 80к3 42 000 ₽/мес. От года, комм. платежи включены (без счётчиков), комиссия 50%, залог 42 000 ₽ Сдается студия с хорошим косметическим ремонтом. В квартире имеется вся необходимая мебель и техника для комфортного проживания. Развитая инфраструктура : сетевые магазины, салоны красоты, остановка общественного транспорта в пешей доступности. Рассмотрим не более двух человек, порядочных и платежеспособных. Оперативный показ и заселение, ключи на руках По всем вопросам пишите в сообщения Агентство недвижимости CAPITAL SOLUTIONS Суперагент +7 985 383-81-... Написать неделю назад 3 апр, 13:24",,https://www.cian.ru/cat.php?deal_type=rent&district%5B0%5D=8&engine_version=2&offer_type=flat&room9=1&type=4&p=1,2026-04-11T20:49:31+00:00
707,328043825,ЮВАО,https://www.cian.ru/rent/flat/328043825/?context=3.DIk8YzjkBSU.Enz4oDjUVpeXQsiYYEXEbK3C1LQHiw48qgpzMFRVRBjuw4gWTr-IGcLFjMvXEfaQdLjRyKUe4nSEpg&mlSearchSessionGuid=cc549d925574060a9105847dfa864db6,1/6,343000,20.0,1,12,,"1/6 Студия, 20 м², 1/12 этаж Марьино 6 минут пешком Москва , ЮВАО , р-н Марьино , м. Марьино , Новомарьинская улица , 3К3 43 000 ₽/мес. От года, комм. платежи включены (без счётчиков), комиссия 70%, залог 43 000 ₽ Арт. 133103315 Сдается студия рядом с метро. Сделан свежий ремонт и установлена новая мебель. Есть балкон. Хорошо подойдет для одного человека. Звоните. Агентство недвижимости Самолет Плюс Документы проверены +7 989 151-24-... Написать 8 часов назад сегодня, 14:52",,https://www.cian.ru/cat.php?deal_type=rent&district%5B0%5D=8&engine_version=2&offer_type=flat&room9=1&type=4&p=2,2026-04-11T20:49:31+00:00
720,298565498,ЮВАО,https://www.cian.ru/rent/flat/298565498/?context=3.DXb-DMgY1h0.pEGWPnqagdu28HpSe-n38KPecWj2r9xMpqyJsmdnGfP9VitneQqPO8hyYF-OVXk_Ja68DiIH8TpXLA&mlSearchSessionGuid=cc549d925574060a9105847dfa864db6,1/22,343000,23.2,13,25,,"1/22 Студия, 23,2 м², 13/25 этаж Только на Циан Люблино 5 минут на транспорте Москва , ЮВАО , р-н Люблино , м. Депо , Люблинская улица , 72к3 43 000 ₽/мес. От года, комм. платежи включены (без счётчиков), комиссия 50%, залог 43 000 ₽ Квартира-студия в современном ЖК ""Люблинский парк"" комфорт-класса. Свежий ремонт. Новая мебель и бытовая техника. Полы: ламинат, плитка. Стеклопакеты. Совмещенный санузел. Душ-кабина. Кухня под единой столешницей. Варочная панель. Электрическая духовка. Вытяжка. Стиральная машина-автомат. Холодильник. Телевизор - по запросу. Развитая инфраструктура: школы, детские сады, сетевые магазины, кафе, фитнес-клубы, кинотеатр, парки. Транспортная доступность до метро Братиславская, Люблино и пешая до ж/д станции ""Перерва"". Длительный срок аренды. Оперативный показ. Ключи на руках. Рассматриваем одного человека или семейную пару. Риелтор Инна Романова Суперагент +7 915 196-07-... 2 недели назад 23 мар, 11:18",,https://www.cian.ru/cat.php?deal_type=rent&district%5B0%5D=8&engine_version=2&offer_type=flat&room9=1&type=4&p=2,2026-04-11T20:49:31+00:00
725,312717465,ЮВАО,https://www.cian.ru/rent/flat/312717465/?context=3.MnVGMY-DTXc.NcyepqDLiO33_KnGtnaspE1xmXDjY4o1IOjb4v2AuDaJ4PypvBa23KoloqZ9KgKsGkfz9X63OhPubQ&mlSearchSessionGuid=cc549d925574060a9105847dfa864db6,1/22,350000,21.5,7,25,,"1/22 Студия, 21,5 м², 7/25 этаж Проверено в Росреестре Депо 18 минут пешком Москва , ЮВАО , р-н Люблино , м. Депо , Люблинская улица , 72к3 50 000 ₽/мес. От года, комм. платежи включены (счётчики включены), без комиссии, залог 50 000 ₽ АГЕНТАМ ПРОСЬБА - НЕ БЕСПОКОИТЬ! Я собственник. Оперативный показ в любое время дня с 9 до 21. Сдается стильная, светлая квартира-студия в современном новом доме. В квартире современная мебель и техника. Оборудована всем необходимым для проживания: большой и вместительный кухонный гарнитур, c индукционной плитой, вытяжкой, микроволновкой, есть фильтр воды, холодильник; Кондиционер, комфортный раскладывающийся диван с большими отсеками для хранения постельного белья; комод для личных вещей; телевизор smart tv; в коридоре очень вместительный гардероб(260*170*50см) с большим зеркалом; стиральная машина в совмещенном санузле. В квартире проведен интернет, есть вайфай роутер. Большие окна с видом во двор. В ЖК есть остановки общественного транспорта до метро Братиславская/Текстильщики, до МЦД-2. Пешком до метро Братиславская-20 минут и до МЦД-2 Перерва-15 минут. В ЖК очень развитая инфраструктура: супермаркеты ВкуссВилл, Пятерочка, Магнит, Красное и Белое, Бристоль, Винлаб, Мираторг, большое количество пунктов выдачи маркетплейсов, кофейни, мужские и женские салоны красоты, аптеки, фитнес-клуб, магазины косметики и бытовой химии. Рядом есть ТЦ Люблино Молл(бывший Л-153) со всеми основными магазинами: крупный Ашан, МВидео, Эльдорадо, Кари, Аскона, Летуаль и большой фитнес клуб DDX Fitness. В 30 минутах пешком находится Люблинский Парк и Парк Кузьминки - красивейшие старинные усадебные парки с живописными прудами и пешеходными зонами. Оплата за первый и последний месяцы проживания + квитанции по счетчикам + интернет. Аренда строго максимум 2 человека (пара), без детей и животных, и только при наличии постоянной регистрации в РФ. Долгосрочная аренда от 10 месяц!!! Собственник ID 120959 Документы проверены +7 916 174-81-... Написать два дня назад 9 апр, 10:13",,https://www.cian.ru/cat.php?deal_type=rent&district%5B0%5D=8&engine_version=2&offer_type=flat&room9=1&type=4&p=2,2026-04-11T20:49:31+00:00
748,309140389,ЮВАО,https://www.cian.ru/rent/flat/309140389/?context=3.AeTp1NWamQo.HRqUjiGRglBHXO6-5o432rPwQE37mR99AhpTHNv29UXOidNr63X2g9AkzkSMlgAR7WJOMDipLvQhpA&mlSearchSessionGuid=013e51d3f12661d99c7759fff9782e5e,1/5,354000,30.0,23,24,,"1/5 Студия, 30 м², 23/24 этаж Только на Циан Текстильщики 19 минут пешком Москва , ЮВАО , р-н Текстильщики , м. Текстильщики , 1-й Грайвороновский проезд , 3 54 000 ₽/мес. От года, комм. платежи включены (без счётчиков), комиссия 50%, залог 54 000 ₽ Сдаётся на длительный срок просторная светлая Студия с двумя окнами, в новом доме. Состояние отличное. Имеется вся необходимая мебель и техника для комфортного проживания. Закрытая территория. Арендная оплата+ все коммунальные платежи. Депозит разбивается на два платежа. Рассматриваем граждан Европы, Азии, добропорядочных и платежеспособных жильцов. Можно с ребёнком, животное обговаривается. Риелтор Алексей Дементьев Суперагент +7 916 242-41-... Написать неделю назад 4 апр, 00:35",,https://www.cian.ru/cat.php?deal_type=rent&district%5B0%5D=8&engine_version=2&offer_type=flat&room9=1&type=4&p=3,2026-04-11T20:49:31+00:00
709,328527436,ЮВАО,https://www.cian.ru/rent/flat/328527436/?context=3.5xCP4-YIvRI.fAD6Cn-wwu8NYDVgfmUjfTAftTQSTOTSwfn3sy7dVceK_-SkEq5W7IHBpfjMvleVuHbvlCmGB-K9lA&mlSearchSessionGuid=cc549d925574060a9105847dfa864db6,1/33,356000,20.0,20,24,,"1/33 Студия, 20 м², 20/24 этаж Текстильщики 19 минут пешком Москва , ЮВАО , р-н Текстильщики , м. Текстильщики , 1-й Грайвороновский проезд , 3Ак3 56 000 ₽/мес. От года, комм. платежи включены (без счётчиков), комиссия 50%, без залога Kвapтирa cдaется впервые Дoлгоcрoчная аpенда (дoгoвop нa 11 мecяцев). Предcтавляeм вашему внимaнию cвeтлую и уютную cтудию в ЖK Bолжский пaрк площадью 20 кв.м., раcполoжeнную на юго-востoкe Mоcквы в рaйоне Тeкстильщики. B кваpтиpе выпoлнeна меблировка по индивидуaльнoму дизайнеpскому пpоeкту от кoмпании SМАRЕNТ. Бытовая техника: стиральная машина, холодильник, варочная панель, СВЧ, телевизор, электрический чайник. Район обладает насыщенной и развитой инфраструктурой: - в 15 минутах пешком от метро Текстильщики - подземные и наземные паркинги, дворы-парки - поликлиники, магазины и фитнес-клубы. - в окружении находятся ТЦ Город, Леруа Мерлен, кинотеатр Олимпик Синема и стадион Москвич. Поблизости благоустроенные зелёные зоны: Волжский бульвар, большой Кузьминский лесопарк, пруд Садки и музей-усадьба Кусково ПРАВИЛА ПРОЖИВАНИЯ: Тариф Комфортное проживание: Заселение без домашних животных. - Раннее бронирование объекта (за 3 дней до заселения) - Персональный менеджер на всех этапах аренды быстро реагирует на запросы - большинство бытовых вопросов решаем за 48 часов - Страхование гражданской ответственности до 300 000 ₽ - Организация мелкого ремонта Коммунальные платежи: электроэнергия, хвс\гвс, услуги интернет провайдера, расходы за отопление дома/квартиры оплачивает арендатор. Заселение только при наличии постоянной регистрации РФ. - комиссия 50% от арендного платежа Агентство недвижимости СМАРЕНТ Документы проверены +7 985 853-93-... Написать три дня назад 8 апр, 11:33",,https://www.cian.ru/cat.php?deal_type=rent&district%5B0%5D=8&engine_version=2&offer_type=flat&room9=1&type=4&p=2,2026-04-11T20:49:31+00:00
715,322072059,ЮВАО,https://www.cian.ru/rent/flat/322072059/?context=3.kuL8m9RSt1Y.KG7TfsZOA8jixp0rnkacPVlqLziOXa6DDHJFWAV05qpC6m2tdxACfFwr5swpGHkQz4NlXCQTleN0Ig&mlSearchSessionGuid=cc549d925574060a9105847dfa864db6,1/22,356000,21.5,23,24,,"1/22 Студия, 21,5 м², 23/24 этаж Только на Циан Текстильщики 19 минут пешком Москва , ЮВАО , р-н Текстильщики , м. Текстильщики , 1-й Грайвороновский проезд , 3 56 000 ₽/мес. От года, комм. платежи включены (без счётчиков), без комиссии, залог 56 000 ₽ Сдаётся на долгий срок студия в современном жилом комплексе Волжский парк, расположенном по адресу: Россия, Москва, 1-й Грайвороновский проезд, 3. Квартира площадью 21,5 кв. м находится на 23-м этаже 24-этажного дома, построенного в 2022 году. В этом корпусе уже давно сложившаяся инфраструктура с магазинами, пунктами выдачи, кафе, салонами красоты и т д Из окон открывается панорамный вид на центр города. В квартире выполнен качественный ремонт . Пространство студии продумано до мелочей: компактная кухня, оборудована необходимой мебелью и техникой, включая холодильник, свч, варочную поверхность, вытяжку. Двухспальный раскладной диван, мебель для хранения и телевизор. Совмещённый санузел оснащён душевой кабиной и стиральной машиной Жилой комплекс расположен в районе с развитой инфраструктурой. До станции метро ""Текстильщики"" можно дойти за 19 минут, что обеспечит вам быстрый доступ к другим районам Москвы. Риелтор ID 13350839 Документы проверены +7 985 148-15-... Написать неделю назад 30 мар, 11:33",,https://www.cian.ru/cat.php?deal_type=rent&district%5B0%5D=8&engine_version=2&offer_type=flat&room9=1&type=4&p=2,2026-04-11T20:49:31+00:00
712,328636540,ЮВАО,https://www.cian.ru/rent/flat/328636540/?context=3.ZyVYt_rDOjU.BQfdnpHTuGs7zK6ZRPbCKKzCoXx5mQ2NecIb3it2M8kWlKIFk4MyPeBjJ1aLTMAGb193QJLu_Q5qeg&mlSearchSessionGuid=cc549d925574060a9105847dfa864db6,1/38,357000,23.4,12,24,,"1/38 Студия, 23,4 м², 12/24 этаж Текстильщики 19 минут пешком Москва , ЮВАО , р-н Текстильщики , м. Текстильщики , 1-й Грайвороновский проезд , 3Ак3 57 000 ₽/мес. От года, комм. платежи включены (без счётчиков), комиссия 50%, без залога Дoлгocрoчная аренда (договoр нa 11 меcяцев). Представляeм вашему внимaнию уютную светлую студию площадью 23,4 кв.м. pасполoжeнную в ЖК Волжский парк Квартира укомплектована всем необходимым для комфортного проживания: качественная техника и стильная мебель! Бытовая теxника: cтиральнaя мaшина, xoлодильник, микpоволновка, варочная панeль, пoсудомоечная машина, электрический чайник, утюг, телевизор, кондиционер. Транспортная доступность: Метро Текстильщики -15 мин пешком МЦК Новохоловская - 3 мин на машине - Район с развитой инфраструктурой: дворы-парки, поликлиники, магазины и фитнес-клубы. - В окружении находятся ТЦ Город, кинотеатр Олимпик Синема и стадион Москвич. - Поблизости благоустроенные зелёные зоны: Волжский бульвар, большой Кузьминский лесопарк, пруд Садки и музей-усадьба Кусково Условия проживания по Тарифу Комфортное проживание: - 50% от арендного платежа при заселении; - Раннее бронирование объекта (за 3 дня до заселения); - Персональный менеджер на всех этапах аренды быстро реагирует на запросы - большинство бытовых вопросов решаем за 48 часов; - Страхование гражданской ответственности до 300 000 ₽; - Организация мелкого ремонта. Коммунальные платежи: электроэнергия, хвс\гвс, услуги интернет-провайдера, расходы за отопление дома/квартиры оплачивает арендатор. Заселение только при наличии постоянной регистрации РФ. Без животных. Агентство недвижимости СМАРЕНТ Документы проверены +7 985 853-93-... Написать два дня назад 9 апр, 10:43",,https://www.cian.ru/cat.php?deal_type=rent&district%5B0%5D=8&engine_version=2&offer_type=flat&room9=1&type=4&p=2,2026-04-11T20:49:31+00:00
750,327917884,ЮВАО,https://www.cian.ru/rent/flat/327917884/?context=3.E6dSpBodUR8.vwY09vTwrFso4zCPvloXtEes8WU1oquBFcdlfY5XLA2zeCJYHgSYSTi9l_sMHR8zbcPucrAT_L357A&mlSearchSessionGuid=013e51d3f12661d99c7759fff9782e5e,1/9,362000,23.0,7,24,,"1/9 Студия, 23 м², 7/24 этаж Волгоградский проспект 7 минут пешком Москва , ЮВАО , р-н Южнопортовый , м. Волгоградский проспект , Волгоградский проспект , 32/5к3 62 000 ₽/мес. От года, комм. платежи включены (без счётчиков), комиссия 50%, залог 62 000 ₽ Звоните, рассмотрим всех приличных. Сдаётся современная и уютная квартира-студия в новом Жилом комплексе Метрополия. Есть место в подземном паркинге. Башня Флоренция. Это полностью готовая для жизни квартира с уютным ремонтом. Всё необходимое для комфорта уже есть: вся техника (холодильник, плита, стиральная машина, телевизор), мебель и Wi-Fi. Расположение удобное. Пешая доступность до метро Волгоградский проспект и станции Угрешская. Квартира рассчитана на 1-2 человек. Идеально подойдёт для пары, девушки или мужчины. Без вредных привычек, аккуратных и платёжеспособных. Тихие соседи. Агентство недвижимости Престиж Суперагент +7 923 072-52-... Написать неделю назад 2 апр, 13:55",,https://www.cian.ru/cat.php?deal_type=rent&district%5B0%5D=8&engine_version=2&offer_type=flat&room9=1&type=4&p=3,2026-04-11T20:49:31+00:00
680,327050820,ЮВАО,https://www.cian.ru/rent/flat/327050820/?context=3.jMbypPLYZAc.AEbpstutt3DC5hGVKuA8kyG4cpgrdnkKwlDESZEn9Hpy59bklXyX8dbEnk_L_2_W0yBwRsrOy3vcBg&mlSearchSessionGuid=2eaac1f0ddbe1293a4be21184906b386,1/18 Ещё фото,363500,25.3,11,27,,"1/18 Ещё фото Пешком до метро! Залог 0 Студия, 25,3 м², 11/27 этаж Нижегородская 10 минут пешком Москва , ЮВАО , р-н Нижегородский , м. Нижегородская , Перовское шоссе , 2к3 63 500 ₽/мес. От года, комм. платежи включены (без счётчиков), комиссия 60%, без залога Сдаётся уютная квартира-студия с хорошим ремонтом в ЖК Перовское 2, без депозита! Её можно посмотреть когда Вам удобно: бронируете время, забираете ключи или встречаетесь с нашим представителем и спокойно осматриваете. Если всё понравится, договор подпишем онлайн и будем поддерживать Вас на всех этапах аренды. Квартира оснащена вместительным кухонным гарнитуром, мебелью и бытовой техникой. Есть: - Стиральная машина; - Холодильник; - Плита; - Микроволновка; - Телевизор; - Кондиционер; - Посудомоечная машина; - Проведён интернет с Wi-Fi и подключено кабельное/цифровое ТВ. Можно обсудить покупку необходимой мебели в счёт арендной платы. Полы ламинат и плитка. Окна выходят во двор и на улицу, на северо-запад. Есть бесплатная парковка. Собственник готов заселить не более 2 взрослых жильцов с детьми, оформить временную регистрацию или заключить договор с юридическим лицом. Можно с домашним питомцем по согласованию. Дом расположен в районе с развитой инфраструктурой, рядом находятся: - ТЦ Город; - Перовский парк, Кусковский лесопарк и парк Карачарово. В пешей доступности школы, продуктовые супермаркеты, заправки, спортивные клубы, почта, аптеки и медицинские учреждения, бассейн, салоны красоты, кафе. До м. Нижегородская можно дойти за 10 минут, до м. Стахановская 18 минут пешком. Агентство недвижимости ПИК-Аренда Документы проверены Посмотреть все объекты +7 916 942-34-... Написать 12 часов назад сегодня, 11:10",,https://www.cian.ru/cat.php?deal_type=rent&district%5B0%5D=8&engine_version=2&offer_type=flat&room9=1&type=4&p=1,2026-04-11T20:49:31+00:00
698,328521012,ЮВАО,https://www.cian.ru/rent/flat/328521012/?context=3.4C2BsjpTpro.Pp-UMWv1XIJhxGkNQOMxLRDdbzQTec8jnuyfk89wqUheI3CL_nKG-scNSWiMb9Oze2iVblBpPvXgXg&mlSearchSessionGuid=2eaac1f0ddbe1293a4be21184906b386,1/22,365000,26.0,17,33,,"1/22 Студия, 26 м², 17/33 этаж Нижегородская 10 минут пешком Москва , ЮВАО , р-н Нижегородский , м. Нижегородская , Перовское шоссе , 2к3 65 000 ₽/мес. От года, комм. платежи включены (без счётчиков), без комиссии, залог 65 000 ₽ Собственник! Сдается прекрасная квартира студия. Вся мебель и техника новые. Полностью укомплектована. Комплектация квартиры видна на фото. ID 154442 Документы проверены +7 986 264-20-... Написать 11 часов назад сегодня, 12:34",,https://www.cian.ru/cat.php?deal_type=rent&district%5B0%5D=8&engine_version=2&offer_type=flat&room9=1&type=4&p=1,2026-04-11T20:49:31+00:00
701,316033389,ЮВАО,https://www.cian.ru/rent/flat/316033389/?context=3.Q8c3KG-yI_Q.gjpKcJCJ82yHq11atHBRWMUyEBcXAh1xh1-ld4JLmctD1dOnImmJPmXIWvGIWunoDahaeolPUq3PSQ&mlSearchSessionGuid=cc549d925574060a9105847dfa864db6,1/15,365000,25.0,6,30,,"1/15 Студия 25 кв.м Апартаменты-студия, 25 м², 6/30 этаж Проверено в Росреестре Волгоградский проспект 7 минут пешком Москва , ЮВАО , р-н Южнопортовый , м. Волгоградский проспект , Волгоградский проспект , 32/5к3 65 000 ₽/мес. От года, комм. платежи включены (без счётчиков), без комиссии, залог 65 000 ₽ Сдается собственником!!! Студия в ЖК Метрополия башня Флоренция у станции метро ""Волгоградский проспект"" - Таганско-Краснопресненская линия метрополитена (фиолетовая ветка на карте Московского метро). Южнопортовый район, Юго-Восточный административный округ столицы. Всего 3 минуты пешком от корпуса Флоренция до станции метро ""Волгоградский проспект"". Район внутри ТТК на границе с ЦАО. Идеальная локация для жизни и работы! Дизайнерский ремонт студии Транспортная доступность: • 15 минут на транспорте до Садового кольца. • Удобные выезды на ТТК, МЦК УГРЕШСКАЯ и в центр Москвы. • Рядом остановки наземного транспорта. Инфраструктура внутри ЖК: • Магазины: ВкусВилл, Клевер, Монголия, Ароматный Мир, Винлаб, Красное&Белое,Барин Дома, Точка Дыма, Деликатеска. • Аптеки Ригла,36,6, Горздрав. • Кафе и рестораны на любой вкус:Sense, Surf Coffe, Здрасте, Дом Winner, French Bakery,Деликатеска и многое другое. • Пункты выдачи заказов в соседнем доме: OZON, Wildberries, Яндекс. • Сервисы: барбершопы, салоны красоты, груминг. Химчистка LEDA. • Круглосуточная доставка всего. Образование рядом: • Школа им. Маяковского. • Частная Ломоносовская гимназия (20 минут пешком). • Вузы: МТУ, МЛГУ, МФЮА, Институт психоанализа, ИПИ НОУ. О доме - корпус Флоренция: • Вход по чип-ключу, круглосуточная охрана и видеонаблюдение на всех этажах. • 3 лифта с WIFI (1 грузовой). • В холле охрана, мягкая мебель для жильцов и гостей, видеонаблюдение. • Лаунж-зона во дворе, двор без машин. В соседнем доме со двора - ПВЗ: WB и OZON. • Подземная парковка (возможна аренда машино-места). • Территория для выгула домашних питомцев в 50 метрах от подъезда. Студия с дизайнерским ремонтом: Высота потолков 280 см • Мебель: двуспальный диван-кровать, функциональная кухня. • Техника: холодильник, индукционная плита, СВЧ, посудомоечная машина, угольная вытяжка, принудительная вентиляция в тч. В ванной - стиральная машина. • Бытовая техника: пылесос, парогенератор, фен, ТВ, Wi-Fi 500 Мбит/сек. • Дополнительно: док-станция JBL (Apple), датчики дыма в прихожей и зале, противопожарная система оповещения - громкоговоритель. Условия проживания: • Курение запрещено в апартаментах и МОП (в том числе электронных сигарет).",,https://www.cian.ru/cat.php?deal_type=rent&district%5B0%5D=8&engine_version=2&offer_type=flat&room9=1&type=4&p=2,2026-04-11T20:49:31+00:00
689,321407694,ЮВАО,https://www.cian.ru/rent/flat/321407694/?context=3.KM1WcZy4xnk.tuozXYSyrxZQy6TQxOAj2ArncBfVfkHWOvuiMIlY6JkhyWFIqyjoCQ1_fIJivhHIrnjB4QxYB7g-Qw&mlSearchSessionGuid=2eaac1f0ddbe1293a4be21184906b386,1/15 Ещё фото,375000,30.0,20,23,,"1/15 Ещё фото Студия рядом с метро Студия, 30 м², 20/23 этаж Только на Циан Стахановская 1 минута пешком Москва , ЮВАО , р-н Рязанский , м. Стахановская , 2-й Грайвороновский проезд , 44к3 75 000 ₽/мес. От года, комм. платежи включены (без счётчиков), без комиссии, залог 75 000 ₽ Собственник предлагает аккуратным и порядочным людям студию с оптимальным метражем для аренды на длительный срок. 2 минуты пешком до м. Стахановская. Квартира находится в новом ЖК с развитой инфраструктурой- кафе, рестораны, студии фитнеса и йоги, салоны красоты, массажа, барбершопы, химчистки, пункты выдачи маркетплейсов, разнообразные продуктовые магазины и т.д. Охраняемая закрытая территория, вдоль ЖК расположен пешеходный бульвар с открытыми спортивными площадками, футбольным полем, скейт парком. Удобное транспортное расположение. Квартира с интересными интерьерными решениями , качественной отделкой, сантехникой и мебелью. В квартире предусмотрено всё для Вашего комфортного проживания: посудомоечная машина, микроволновая печь, духовой шкаф, индукционная плита, фильтр для воды,электрический чайник, холодильник, стиральная и сушильная машина, водонагреватель, smart TV, продумано много мест для хранения. Оплата: за первый месяц плюс обеспечительный платеж (стоимость аренды за месяц), который возвращается после выселения из квартиры. отдельно оплачивается интернет+коммунальные платежи по счётчикам. Собственник ID 99121972 Документы проверены Посмотреть все объекты +7 916 536-94-... Написать вчера вчера, 11:48",,https://www.cian.ru/cat.php?deal_type=rent&district%5B0%5D=8&engine_version=2&offer_type=flat&room9=1&type=4&p=1,2026-04-11T20:49:31+00:00
714,328204522,ЮВАО,https://www.cian.ru/rent/flat/328204522/?context=3.0CgNtNmjlpQ.fY9DGMXa9gl2P99iTYtnlsILcqpgKyFJR-SGGP1D0FZ5gd_lew3t7J7Vq4i3IGY2-YHH7wpnBxasvQ&mlSearchSessionGuid=cc549d925574060a9105847dfa864db6,1/11,420000,18.0,1,22,,"1/11 Апартаменты-студия, 18 м², 1/22 этаж Только на Циан Волгоградский проспект 5 минут на транспорте Москва , ЮВАО , р-н Нижегородский , м. Калитники , Автомобильный проезд , 4 20 000 ₽/мес. От года, комм. платежи включены (без счётчиков), комиссия 60%, без залога ВАШЕМУ ВНИМАНИЮ! Описание обязательно к прочтению! Сдаются апартаменты в ЧЕРНОВОЙ отделке, как под проживание так и под свободное назначение! Ограничений к составу проживающих нет. Все разводки под коммуникации присутствуют (туалета и ванной нет!), а именно: Отопление есть Гор\хол вода есть Труба под водоотвод есть. Фото нет, есть только видео, могу выслать в личные сообщения в мессенджер. Студия теплая, если требуется лёгкий ремонт, можете сделать под себя, либо же арендовать под склад, рабочее помещение и любые другие задачи. Помещение высокое, рассчитано под двухэтажный проект. Улучшение условий проживания за счёт наймодателя не рассматриваем! В наличии есть несколько объектов схожей планировки и квадратуры в собственности, поэтому предложение всегда актуально. Показ и заселение возможно в любой день! Оперативный просмотр! Агентство недвижимости PREMIUM CITY Суперагент +7 923 077-63-... Написать 2 недели назад 26 мар, 12:17",,https://www.cian.ru/cat.php?deal_type=rent&district%5B0%5D=8&engine_version=2&offer_type=flat&room9=1&type=4&p=2,2026-04-11T20:49:31+00:00
690,328751223,ЮВАО,https://www.cian.ru/rent/flat/328751223/?context=3.veCIZ43zmwo.fMQKDRwzV7ViL2s5d1o0wYv1OZJ0k4nNx62X5hzvZDRw1RGdZKqqP_UZAwc-tbSc9w7xVZ-ykWWYPA&mlSearchSessionGuid=2eaac1f0ddbe1293a4be21184906b386,1/6,425000,17.5,11,21,,"1/6 Апартаменты-студия, 17,5 м², 11/21 этаж Только на Циан Волгоградский проспект 5 минут на транспорте Москва , ЮВАО , р-н Нижегородский , м. Калитники , Автомобильный проезд , 4 25 000 ₽/мес. От года, комм. платежи включены (без счётчиков), без комиссии, без залога Сдам на длительный срок. Если не ответил.пишите. я перезвоню. Собственник ID 130770500 +7 985 558-57-... Написать три дня назад 8 апр, 14:38",,https://www.cian.ru/cat.php?deal_type=rent&district%5B0%5D=8&engine_version=2&offer_type=flat&room9=1&type=4&p=1,2026-04-11T20:49:31+00:00
718,328430199,ЮВАО,https://www.cian.ru/rent/flat/328430199/?context=3.IvZEvqiH3kM.6jah8Sb_JCmqg4o3egFj3mbY8vyCl8cxSG1VF-RPga-Tztrb0s44jqXe8ZpTQO5XeoBXsO5b5ZTVTA&mlSearchSessionGuid=cc549d925574060a9105847dfa864db6,1/5,450000,26.0,12,34,,"1/5 Студия, 26 м², 12/34 этаж Окская 11 минут пешком Москва , ЮВАО , р-н Рязанский , м. Плющево , улица Михайлова , 30Ак4 50 000 ₽/мес. От года, комм. платежи включены (без счётчиков), комиссия 50%, залог 50 000 ₽ Вашему вниманию, предлагается уютная студия, в нoвом доме с хорошей транспортной доступностью. ГАРАНТИЯ ЛУЧШЕЙ ЦЕНЫ ЗА ДАННОЕ ПРЕДЛОЖЕНИЕ. Hовый ремoнт выполнeн в coврeменном стиле. В квapтирe имeетcя вce нeобxoдимое для проживaния. Развитая инфраструктура района: шкoлы инocтранных языкoв, маpкeтплeйсы, мaгазин цветов, медклиника, caлон кpaсoты, рядом детскиe сады и шкoлы. Bo двoрe дeтская площадкa. B пeшей дocтупности МФЦ, мaгaзины, фитнес-цeнтры. Во двopе много парковочного места, а также рядом расположена многоуровневая парковка. Рассмотрим всех платежеспособных и порядочных людей! Квартира полностью готова к проживанию! Оперативный показ! Звоните в любое время, с удовольствием отвечу на ваши вопросы! Агентство недвижимости Агентство Андрея Медведева Документы проверены +7 916 957-73-... Написать вчера вчера, 11:11",,https://www.cian.ru/cat.php?deal_type=rent&district%5B0%5D=8&engine_version=2&offer_type=flat&room9=1&type=4&p=2,2026-04-11T20:49:31+00:00
753,328625698,ЮВАО,https://www.cian.ru/rent/flat/328625698/?context=3.nyoxEuMXThQ.2htHVJsZYQpqes-a-Pvdh7KKGX1qfk_dzyTV5MPuKWhq3Hr-5Y2LHUfeob2jeXfLrOMj4xxxc9bSlg&mlSearchSessionGuid=013e51d3f12661d99c7759fff9782e5e,1/16,450000,18.0,2,3,,"1/16 Апартаменты-студия, 18 м², 2/3 этаж Текстильщики 14 минут пешком Москва , ЮВАО , р-н Текстильщики , м. Текстильщики , Грайвороновская улица , 4 50 000 ₽/мес. От года, комм. платежи включены (без счётчиков), комиссия 60%, залог 50 000 ₽ Сдаётся уютная студия в 10 минутах пешком от метро Текстильщики. Апартаменты расположены на 2 этаже трёхэтажного дома. Общая площадь составляет 18 кв. м. плюс зона для сна на втором уровне, что делает её идеальной для проживания одного человека или пары. Высокие потолки 3.7 метра придают пространству дополнительный объём. Студия выполнена с евроремонтом, что гарантирует современное и стильное оформление. В комнате и на кухне есть вся необходимая мебель, а также техника: холодильник, телевизор и стиральная машина. Санузел совмещённый и оборудован душевой кабиной. Окна выходят на улицу, поэтому в помещении всегда будет достаточно естественного света. Дом в хорошем состоянии с грузовым лифтом, что удобно для перевозки крупногабаритных вещей. В шаговой доступности от дома находятся школы, детские сады, клиники и магазины, что делает район удобным для жизни. До метро Текстильщики можно дойти за 10 минут, обеспечивая хорошие транспортные связи с другими частями города. Аренда осуществляется по договору. Залог составляет сумму месячной аренды. Приезжайте и убедитесь в уюте и комфорте этой студии сами! Записывайтесь на просмотр прямо сейчас. Риелтор Екатерина Мамедова Суперагент +7 985 720-76-... Написать шесть дней назад 5 апр, 20:42",,https://www.cian.ru/cat.php?deal_type=rent&district%5B0%5D=8&engine_version=2&offer_type=flat&room9=1&type=4&p=3,2026-04-11T20:49:31+00:00
744,326768811,ЮВАО,https://www.cian.ru/rent/flat/326768811/?context=3.P4ep_OmzMFM.Js-6NPeQYlTXxt-mmMx5MsAoJrtQj45RTRA5Ii_zF8mSDk-qYtK_nt2agWvTgO-oIjqVBBVsHv4dCg&mlSearchSessionGuid=013e51d3f12661d99c7759fff9782e5e,1/23,454990,11.0,4,21,,"1/23 Апартаменты-студия, 11 м², 4/21 этаж Только на Циан Калитники 10 минут пешком Москва , ЮВАО , р-н Нижегородский , м. Калитники , Автомобильный проезд , 4 54 990 ₽/мес. На несколько месяцев, комм. платежи включены (счётчики включены), без комиссии, залог 10 000 ₽ КЛИНИНГ ВКЛЮЧЕН В СТОИМОСТЬ. СРЕДНЕСРОЧНАЯ АРЕНДА на 1-6-12 мес. ЖК Nice Loft | Студия с кондиционером рядом с метро | Постельное белье и полотенца | Кондиционер | Двуспальная кровать | Smart TV | Высокоскоростной Wi-Fi | Полный пакет отчетных документов с чеками | Высокий Рейтинг | _ _ _ Дизайнерская Студия в ЖК Nice Loft. Чистая, уютная и новая студия, откуда не хочется уезжать. Интерьер продуман до мелочей. Заходи и Живи! Метро Калитники D2 (10 минут пешком) В квартире есть все необходимое для проживания 2-х человек: — двуспальная кровать; — кондиционер; — Wi-Fi, Smart-TV; — гладильная доска, утюг, сушилка; — постельное белье, комплект полотенец. Кухня: — плита, вытяжка, микроволновая печь, холодильник, чайник; — набор посуды и вся необходимая утварь; — чай, кофе, соль, сахар. Ванная комната: — душевая, фен; — стиральная машина, сушильная машина (в прихожей); — косметические принадлежности (шампунь, гель для душа, мыло). _ _ _ Инфраструктура: — метро Калитники D2 (10 минут пешком); — Калитниковский пруд (7 минут пешком); — Московский кёрлинг-клуб (15 минут пешком) — Международный университет психолого-педагогических инноваций (15 минут пешком); — Первый Московский кадетский корпус, Таганская кадетская школа (15 минут пешком); — Высшая школа телевидения Останкино (3 минут на авто); — Московский дайвинг (5 минут на авто); — квесты ""Клаустрофобия"" и ""Quest Stars"" (7 минут на авто); — Московский финансово-юридический университет (10 минут на авто); — Театр на Мельникова (10 минут на авто); — Товарищество артистов МХАТ (10 минут на авто); — завод ЦНИИТМАШ (12 минут на авто); — спортивный комплекс ""Центральный"" (13 минут на авто) _ _ _ Правила проживания: — от 18 лет при наличии паспорта; — проживание с детьми разрешено; — курение и шумные мероприятия в квартире не допускаются; При бронировании вносится предоплата за 1 месяц проживания 50 000 рублей Залог - 10 000 рублей. Коммунальные услуги не включены в стоимость - 5000 руб. Будем рады встретить Вас у нас в гостях! Забронируйте прямо сейчас! Ждем наших дорогих гостей! Агентство недвижимости ФУЛЛ ХАУС Суперагент +7 933 938-47-... Написать 2 недели назад 25 мар, 18:02",,https://www.cian.ru/cat.php?deal_type=rent&district%5B0%5D=8&engine_version=2&offer_type=flat&room9=1&type=4&p=3,2026-04-11T20:49:31+00:00
745,326768340,ЮВАО,https://www.cian.ru/rent/flat/326768340/?context=3.rYFImK891xU.wBdlvn9go3j0UOj7WP2bxAnFqq-b006sqSaKFRBQFiH1jRd1N5XhQTIMwGyrFqFgKgCFM8VbEOBnVA&mlSearchSessionGuid=013e51d3f12661d99c7759fff9782e5e,1/20,454990,10.0,2,21,,"1/20 Студия, 10 м², 2/21 этаж Только на Циан Калитники 10 минут пешком Москва , ЮВАО , р-н Нижегородский , м. Калитники , Автомобильный проезд , 4 54 990 ₽/мес. На несколько месяцев, комм. платежи включены (без счётчиков), без комиссии, залог 10 000 ₽ КЛИНИНГ ВКЛЮЧЕН В СТОИМОСТЬ. СРЕДНЕСРОЧНАЯ АРЕНДА на 1-6-12 мес. ЖК Nice Loft | Студия с кондиционером рядом с метро | Постельное белье и полотенца | Кондиционер | Двуспальная кровать | Smart TV | Высокоскоростной Wi-Fi | Полный пакет отчетных документов с чеками | Высокий Рейтинг | _ _ _ Дизайнерская Студия в ЖК Nice Loft. Чистая, уютная и новая студия, откуда не хочется уезжать. Интерьер продуман до мелочей. Заходи и Живи! Метро Калитники D2 (10 минут пешком) В квартире есть все необходимое для проживания 2-х человек: — двуспальная кровать; — кондиционер; — Wi-Fi, Smart-TV; — гладильная доска, утюг, сушилка; — постельное белье, комплект полотенец. Кухня: — плита, вытяжка, микроволновая печь, холодильник, чайник; — набор посуды и вся необходимая утварь; — чай, кофе, соль, сахар. Ванная комната: — душевая, фен; — стиральная машина, сушильная машина (в прихожей); — косметические принадлежности (шампунь, гель для душа, мыло). _ _ _ Инфраструктура: — метро Калитники D2 (10 минут пешком); — Калитниковский пруд (7 минут пешком); — Московский кёрлинг-клуб (15 минут пешком) — Международный университет психолого-педагогических инноваций (15 минут пешком); — Первый Московский кадетский корпус, Таганская кадетская школа (15 минут пешком); — Высшая школа телевидения Останкино (3 минут на авто); — Московский дайвинг (5 минут на авто); — квесты ""Клаустрофобия"" и ""Quest Stars"" (7 минут на авто); — Московский финансово-юридический университет (10 минут на авто); — Театр на Мельникова (10 минут на авто); — Товарищество артистов МХАТ (10 минут на авто); — завод ЦНИИТМАШ (12 минут на авто); — спортивный комплекс ""Центральный"" (13 минут на авто) _ _ _ Правила проживания: — от 18 лет при наличии паспорта; — проживание с детьми разрешено; — курение и шумные мероприятия в квартире не допускаются; При бронировании вносится предоплата за 1 месяц проживания 50 000 рублей Залог - 10 000 рублей. Коммунальные услуги не включены в стоимость - 5000 руб. Будем рады встретить Вас у нас в гостях! Забронируйте прямо сейчас! Ждем наших дорогих гостей! Агентство недвижимости ФУЛЛ ХАУС Суперагент +7 933 938-47-... Написать 2 недели назад 25 мар, 18:05",,https://www.cian.ru/cat.php?deal_type=rent&district%5B0%5D=8&engine_version=2&offer_type=flat&room9=1&type=4&p=3,2026-04-11T20:49:31+00:00
706,328071464,ЮВАО,https://www.cian.ru/rent/flat/328071464/?context=3.PnN07yZKpbA.Wl6zMa2kpjOT5ZGvkw0V2EA8V59GQd3B8L0k78pRyAwRT8cLuy9JnCgXAEvjnPy4RMFInXSTdRTBQA&mlSearchSessionGuid=cc549d925574060a9105847dfa864db6,1/24,456000,20.0,7,19,,"1/24 Апартаменты-студия, 20 м², 7/19 этаж Только на Циан Калитники 11 минут пешком Москва , ЮВАО , р-н Нижегородский , м. Калитники , Автомобильный проезд , 4к4 56 000 ₽/мес. От года, комм. платежи включены (без счётчиков), без комиссии, залог 56 000 ₽ Я собственник, сдается без комиссии. Сдается впервые уютная студия в ЖК бизнес класса Nice loft. В студии имеется все необходимое для длительного комфортного проживания. Из техники: кондиционер, смарт тв, пмм, свч, индукционная плита, холодильник, стиральная машина, проточный водонагреватель (в случае отключения горячей воды), встроенный в кран фильтр питьевой воды. Дом оснащен двумя пассажирскими и одним грузовым лифтами. Для автовладельцев в ЖК имеется подземная парковка (не входит в стоимость аренды). ЖК расположен на границе ЦАО. В пешей доступности МЦД Калитники, 10 минут и вы на Курской. Рядом с ЖК находится автобусная остановка, от которой можно доехать за 15 минут до метро Волгоградский проспект. Также в пешей доступности ходит трамвай А, который домчит вас до метро Павелецкая, Третьяковская и Чистые пруды. Студия идеально подходит для проживания одного человека. Ждем аккуратного и ответственного жильца. Условия: Свет, вода и интернет оплачиваются отдельно. Без животных и детей. Курение в студии строго запрещено. Риелтор Анна Ковашова Суперагент +7 985 238-11-... Написать 6 часов назад сегодня, 16:53",,https://www.cian.ru/cat.php?deal_type=rent&district%5B0%5D=8&engine_version=2&offer_type=flat&room9=1&type=4&p=2,2026-04-11T20:49:31+00:00
684,328650937,ЮВАО,https://www.cian.ru/rent/flat/328650937/?context=3.09se11AmAUk.kVoQMsV7-P6wUVgpmJtYGcwChBE794_hw7Ig0KEvZmijciz65nWNYxVxP_k2_QPb6ItVc_W6ZREwWQ&mlSearchSessionGuid=2eaac1f0ddbe1293a4be21184906b386,1/16,460000,19.8,15,17,,"1/16 Студия, 19,8 м², 15/17 этаж Текстильщики 10 минут на транспорте Москва , ЮВАО , р-н Текстильщики , м. Новохохловская , 1-й Грайвороновский проезд , 3Ак4 60 000 ₽/мес. На несколько месяцев, комм. платежи включены (без счётчиков), без комиссии, залог 60 000 ₽ Предлагается студия в современном жилом комплексе. Квартира никогда не сдавалась и не использовалась для аренды — вы станете первыми жильцами. В квартире выполнен ремонт ""под ключ"" с продуманной эргономикой и качественными материалами. Идеально подойдет для аккуратного человека или семейной пары. Квартира с окнами во двор. Планировка и мебель: Установлена кровать с орто-основанием и подъемным механизмом. Под матрасом — глубокий короб для хранения. Обеденная зона с раздвижным столом. Большой распашной шкаф для одежды и обуви. Письменный стол с удобным креслом. Техника и оснащение: — индукционная варочная панель (2 конфорки, быстрый нагрев); — посудомоечная машина; — вытяжка, микроволновая печь, чайник, холодильник no frost; — кондиционер; — фильтр для воды под мойкой (питьевая вода без бутылок и кулеров); — в ванной: стиральная машина с функцией сушки, шкаф и тумба для хранения; — несколько сценариев освещения. Ecть всe нeoбxодимoe для комфopтного прoживания, в т.ч нaбoр посуды для пригoтовлeния, нaбор столoвoй поcуды и cтоловыx прибoров, разделочная доска. Подушки, одеяло, гладильная доска. Инфраструктура и расположение: Дом находится в районе с полностью сформированной инфраструктурой ""в шаге от дома"". В пешей доступности : — детский сад и общеобразовательная школа; — городская поликлиника и частный медицинский центр; — продуктовые супермаркеты и круглосуточные аптеки; — кофейни, кафе для завтраков, салоны красоты и барбершопы. Условия: — Аренда долгосрочная, договор на 11 месяцев. Если съезжаете ранее чем через 6 месяцев, депозит не возвращается) — Залог 100% — Коммунальные платежи в стоимость не входят, оплачиваются дополнительно — Без домашних животных (индивидуально обговаривается маленькая собака) — В квартире нельзя курить (стоят датчики дыма). Собственник ID 39546126 +7 985 627-68-... Написать четыре дня назад 7 апр, 09:41",,https://www.cian.ru/cat.php?deal_type=rent&district%5B0%5D=8&engine_version=2&offer_type=flat&room9=1&type=4&p=1,2026-04-11T20:49:31+00:00
716,328298236,ЮВАО,https://www.cian.ru/rent/flat/328298236/?context=3.uyeCT8c36QA.vaTYQiJJXMeiyPUNhzxAQZKZeu5CqR8lNHcre6jtMbT2YiI86LHULtX3is4r4rpIgMv-270CfrfN5Q&mlSearchSessionGuid=cc549d925574060a9105847dfa864db6,1/13,460000,17.0,11,17,,"1/13 Студия, 17 м², 11/17 этаж Только на Циан Волгоградский проспект 19 минут пешком Москва , ЮВАО , р-н Нижегородский , м. Калитники , Автомобильный проезд , 4 60 000 ₽/мес. От года, комм. платежи включены (без счётчиков), комиссия 50%, залог 60 000 ₽ Представляю вашему вниманию уникальную квартиру с дизайнерским ремонтом в современном монолитно-кирпичном доме 2025 года постройки. Расположенная в новом спортивном жилом комплексе Найс Лофт, эта квартира находится в пределах Третьего транспортного кольца, предлагая идеальное сочетание спокойной жизни и легкого доступа ко всем преимуществам центра Москвы. Пространство и комфорт: Просторная комната: Идеальное место для отдыха и сна. Удобная кровать и вместительный шкаф для хранения обеспечат максимальный комфорт. Современная кухня: Оснащена стильной мебелью и всей необходимой встроенной бытовой техникой, включая холодильник и микроволновую печь. Здесь вы сможете с удовольствием готовить любимые блюда. Удобства: Квартира оборудована стиральной машиной для вашего удобства. Совмещенный санузел: Выполнен в современном стиле с акцентом на качество. Высококлассная сантехника и просторная душевая кабина создают атмосферу спа-салона. Преимущества дома и ЖК: Высокий этаж: Квартира расположена на11 этаже 24-этажного дома, откуда открывается приятный вид. Современная инфраструктура: В доме функционируют два пассажирских и один грузовой лифт, обеспечивая быстрый и удобный доступ к вашему этажу. Безопасность и удобство: Для жителей комплекса предусмотрена парковка за шлагбаумом во дворе, что гарантирует безопасность ваших автомобилей. Новый спортивный ЖК: Найс Лофт — это современный жилой комплекс, где вы сможете наслаждаться активным образом жизни. Эта квартира — идеальный выбор для тех, кто ценит стиль, комфорт и удобное расположение. Добро пожаловать в ваш новый дом! Номер объекта: #1/536958/24838 Агентство недвижимости City Real Estate Документы проверены +7 916 935-64-... Написать 7 часов назад сегодня, 16:11",,https://www.cian.ru/cat.php?deal_type=rent&district%5B0%5D=8&engine_version=2&offer_type=flat&room9=1&type=4&p=2,2026-04-11T20:49:31+00:00
696,328464105,ЮВАО,https://www.cian.ru/rent/flat/328464105/?context=3.5B2sp66QSio.AGN_KKXf7UWf4x5fYj5qLtneXTe2OVCiQH0T7EZllB0qZKQr5Am7oS0Q-Xrdb9hrAwLtxRJmYOVF8Q&mlSearchSessionGuid=2eaac1f0ddbe1293a4be21184906b386,1/25,565000,25.9,5,8,,"1/25 Студия, 25,9 м², 5/8 этаж Только на Циан Волгоградский проспект 5 минут пешком Москва , ЮВАО , р-н Южнопортовый , м. Волгоградский проспект , Волгоградский проспект , 32к5 65 000 ₽/мес. От года, комм. платежи включены (без счётчиков), комиссия 50%, без залога Дoлгоcpочная aренда (договoр нa 11 меcяцeв) Пpeдставляeм вашeму внимaнию cтильную пpoсторную студию в ЖК Бизнec-клаcсa ""Метрополия "" площaдью 25 кв.м. Бытoвая теxникa: стиpaльная машинa, пocудомoечная машинa, холодильник, микpoвoлновaя пeчь, ваpoчная панель, духoвка, вытяжка,утюг, cушилкa для бeлья,а так жe вcе неoбxодимое для комфортного проживания, в т.ч. посуда и постельное белье. В квартире имеются теплые полы Район обладает насыщенной и развитой инфраструктурой: до метро "" Угрешская"" 6-10 минут пешком до метро ""Волгоградский проспект"" 11-15 минут пешком до метро ""Дубровка"" 16-20 мин. прогулочным шагом В пешей доступности продуктовые супермаркеты- Пятерочка,Магнит,Вкус Вил,салоны красоты, кафе-рестораны, закусочные, автосервисы, аптеки и медицинские учреждения. Условия проживания по Тарифу Комфортное проживание: - 50% от арендного платежа при заселении; - Раннее бронирование объекта (за 3 дня до заселения); - Персональный менеджер на всех этапах аренды быстро реагирует на запросы - большинство бытовых вопросов решаем за 48 часов; - Страхование гражданской ответственности до 300 т.р.; - Организация мелкого ремонта. Коммунальные платежи: электроэнергия, хвс\гвс, услуги интернет провайдера, расходы за отопление дома/квартиры оплачивает арендатор. Заселение только при наличии постоянной регистрации. Без животных. Агентство недвижимости СМАРЕНТ Документы проверены +7 985 853-93-... Написать пять дней назад 6 апр, 12:14",,https://www.cian.ru/cat.php?deal_type=rent&district%5B0%5D=8&engine_version=2&offer_type=flat&room9=1&type=4&p=1,2026-04-11T20:49:31+00:00
734,328641785,ЮВАО,https://www.cian.ru/rent/flat/328641785/?context=3.vYZZZLHr6nY.KFNT7LNemm7C1rIWk9K1NMkGbgsodNjuJwCuyIU8caKoxSWAhs4aWdSKpNrRscnDCRXvRS_gjmTXMQ&mlSearchSessionGuid=013e51d3f12661d99c7759fff9782e5e,1/12,575000,23.0,4,17,,"1/12 Студия, 23 м², 4/17 этаж Только на Циан Калитники 10 минут пешком Москва , ЮВАО , р-н Нижегородский , м. Калитники , Автомобильный проезд , 4АС5 75 000 ₽/мес. На несколько месяцев, комм. платежи включены (без счётчиков), комиссия 50%, залог 75 000 ₽ Сдается впервые уютная студия в ЖК Nice Loft Общая площадь - 23 кв.м. Несмотря на компактный формат, пространство продумано до мелочей: каждый сантиметр используется максимально эффективно. В квартире: много мест для хранения вся необходимая бытовая техника кровать с подъемным механизмом шторы blackout для комфортного сна полноценное рабочее место Санузел компактный, но с полноценной ванной - редкость для студий такого формата. Идеальный вариант для одного человека или пары, ценящих комфорт и функциональность. Риелтор Светлана Савосткина Суперагент +7 915 397-79-... Написать пять дней назад 6 апр, 12:18",,https://www.cian.ru/cat.php?deal_type=rent&district%5B0%5D=8&engine_version=2&offer_type=flat&room9=1&type=4&p=3,2026-04-11T20:49:31+00:00
679,326159535,ЮВАО,https://www.cian.ru/rent/flat/326159535/?context=3.ozMDj0uOS80.2U81IV4sZ7OBMcx99egFPXnR_kCgC_MREz5E0EIqCD9wKdKpcXeBRPs2aWtgfpHRhAPlQF0D06TxuQ&mlSearchSessionGuid=2eaac1f0ddbe1293a4be21184906b386,1/14 Ещё фото,647000,19.5,14,25,,"1/14 Ещё фото Пешком до метро! Студия, 19,5 м², 14/25 этаж Перерва 12 минут пешком Москва , ЮВАО , р-н Люблино , м. Перерва , Люблинская улица , 80к6 47 000 ₽/мес. От года, комм. платежи включены (без счётчиков), комиссия 60%, без залога Сдаётся светлая квартира-студия с евроремонтом и совмещённым санузлом в ЖК Люблинский парк! Без депозита! Её можно посмотреть когда Вам удобно: бронируете время, забираете ключи или встречаетесь с нашим представителем и спокойно осматриваете. Если всё понравится, договор подпишем онлайн и будем поддерживать Вас на всех этапах аренды. В квартире есть: - Кухонный гарнитур; - Варочная панель; - Холодильник; - Стиральная машина; - Вытяжка. Полы — ламинат и плитка. Окна выходят во двор, на восток. Во дворах обустроены детские площадки, двор без машин. На территории дома есть бесплатные парковочные места. Собственник готов заселить не более 2 взрослых жильцов с детьми, обсудить оформление временной регистрации, докупить мебель/технику или заключить договор с юридическим лицом. Можно с небольшим домашним питомцем по согласованию. Дом находится в районе с развитой инфраструктурой: в пешей доступности находятся продуктовые супермаркеты, школы, детские сады, медицинские учреждения, салоны красоты. Недалеко — парк Героев Отечественной войны 1812 года. В 18 минутах пешком — станция МЦД-2 Перерва, в 20 минутах — м. Братиславская. Автомобилистам будет удобно выезжать на Люблинскую улицу. Агентство недвижимости ПИК-Аренда Документы проверены Посмотреть все объекты +7 916 760-62-... Написать 8 часов назад сегодня, 15:40",,https://www.cian.ru/cat.php?deal_type=rent&district%5B0%5D=8&engine_version=2&offer_type=flat&room9=1&type=4&p=1,2026-04-11T20:49:31+00:00
726,328616758,ЮВАО,https://www.cian.ru/rent/flat/328616758/?context=3.A25YyUE_fNc.6nIG_y_zSwbU7KueyupZ_2FvpnyhYmq4rvHJosZNZPXi3-9SNxMWvZReNv2Ub1UYO--WzADr33bXdg&mlSearchSessionGuid=cc549d925574060a9105847dfa864db6,1/10,743000,17.6,4,21,,"1/10 Апартаменты-студия, 17,6 м², 4/21 этаж Только на Циан Калитники 10 минут пешком Москва , ЮВАО , р-н Нижегородский , м. Калитники , Автомобильный проезд , 4к7 43 000 ₽/мес. На несколько месяцев, комм. платежи включены (счётчики включены), комиссия 50%, залог 43 000 ₽ студия с новым хорошим ремонтом , в помещении никто не жил, подойдет для молодой пары. залог можно разбить до трех месяцев. Риелтор Олег Алексеевич Суперагент +7 986 264-10-... Написать вчера вчера, 07:34",,https://www.cian.ru/cat.php?deal_type=rent&district%5B0%5D=8&engine_version=2&offer_type=flat&room9=1&type=4&p=2,2026-04-11T20:49:31+00:00
738,324999536,ЮВАО,https://www.cian.ru/rent/flat/324999536/?context=3.iiXrW2gHCTs.ByOGwmfu8VjfYHHrae2hcAZu5iB5z4UL3Ff17IAPcsSaLi3SHDlx4yFeCkKHKhTn4ccSDAhBD5rihg&mlSearchSessionGuid=013e51d3f12661d99c7759fff9782e5e,1/14,768000,30.0,3,24,,"1/14 Апартаменты-студия, 30 м², 3/24 этаж Авиамоторная 16 минут пешком Москва , ЮВАО , р-н Лефортово , м. Авиамоторная , улица Крузенштерна , 7 68 000 ₽/мес. От года, комм. платежи включены (без счётчиков), комиссия 40%, залог 70 000 ₽ Сдается тихая и уютная студия в новом ЖК бизнес клаcса Cимвол. Дом с отдельной огороженной территорией, внутренним двором. В студии выполнен евроремонт, меблирована, встроенный кухонный гарнитур, холодильник, кондиционер. Высокие потолки — 3.1 м. Высокие окна. У дома — своя закрытая благоустроенная территория с Лобби с высокими потолками и зонами отдыха, туалетом. Безопасность — на максимально высоком уровне: 2 контроля на вход — на территорию самого ЖК и в подъезде в зоне Ресепшн. Вход — только для жителей по магнитным пропускам. У дома очень хорошее расположение, свой большой парк Зеленая река — один из самых современных в Москве. В 5 минутах от дома недорогой (от 5000 в месяц) паркинг БЦ Интеграл. Удобная транспортная доступность, рядом ТТК, в 7 минутах пешком — станция метро узловая станция Авиамоторная (метро, Бкл, Мцд и Мцк). Риелтор Наталья Пугачева Суперагент +7 989 114-66-... Написать 3 недели назад 16 мар, 21:29",,https://www.cian.ru/cat.php?deal_type=rent&district%5B0%5D=8&engine_version=2&offer_type=flat&room9=1&type=4&p=3,2026-04-11T20:49:31+00:00
737,328356685,ЮВАО,https://www.cian.ru/rent/flat/328356685/?context=3.TblVV8A_d-w.43FA0oCUJIChiFTevn22_3lP2RqcG8MFar4EMRT09WKy0l2aLxz_f-1phZUmymf493-OGCEaSDf93Q&mlSearchSessionGuid=013e51d3f12661d99c7759fff9782e5e,1/29,790000,30.8,6,17,,"1/29 Апартаменты-студия, 30,8 м², 6/17 этаж Только на Циан Авиамоторная 16 минут пешком Москва , ЮВАО , р-н Лефортово , м. Авиамоторная , улица Крузенштерна , 7 90 000 ₽/мес. От года, комм. платежи включены (без счётчиков), комиссия 50%, залог 90 000 ₽ Сдается уютная, стильная квартира-студия 30,8 м² на 6-м этаже в ЖК Символ с дизайнерским ремонтом. Вся необходимая для жизни мебель и техника, включая посуду, телевизор, кондиционер, посудомоечную машину, измельчитель, фильтр. Все новое современное и стильное, есть гардеробная. Функциональный диван-кровать с раскладным механизмом Огороженная территория, видеонаблюдение по всему комплексу, 2 контура контроля на вход по магнитным пропускам. Лобби с зонами отдыха, гостевым туалетом, колясочной, детской комнатой; есть коворкинг с переговорными комнатами, бесплатный спортзал с тренажерами. Выход на крышу с зоной отдыха (летом на шезлонгах) и занятия спортом. Рядом уникальный ландшафтный парк Зеленая река — для прогулок и активного досуга. Очень развитая инфраструктура: ТЦ Город, сетевые супермаркеты , ПВЗ, пекарни, аптеки, кафе, рестораны, фитнес-клубы. В шаговой доступности концертный зал МТС- Холл, МГТУ им. Баумана. Удобный выезд на ТТК, 15 минут пешком метро Площадь Ильича, Римская, Авиамоторная. Депозит, комиссия агента. Электричество, вода и интернет оплачиваются отдельно. Звоните. Оперативный показ. Агентство недвижимости ЗЕМГЕОИНФОРМ Суперагент +7 989 095-63-... Написать пять дней назад 6 апр, 14:30",,https://www.cian.ru/cat.php?deal_type=rent&district%5B0%5D=8&engine_version=2&offer_type=flat&room9=1&type=4&p=3,2026-04-11T20:49:31+00:00
688,315513391,ЮВАО,https://www.cian.ru/rent/flat/315513391/?context=3.KduY7tRqRZ4.X3c4BErMRH9DEhAxDOD6ADbKvTPafuh5qv9pZd_4agdpgJKhzen5tbDNzZV5e6g--030MTXMLJ2M4A&mlSearchSessionGuid=2eaac1f0ddbe1293a4be21184906b386,1/12 Ещё фото,880000,35.1,10,12,,"1/12 Ещё фото 1-комнатная студия (собственник) Студия, 35,1 м², 10/12 этаж Проверено в Росреестре Лефортово 13 минут пешком Москва , ЮВАО , р-н Лефортово , м. Лефортово , Боровая улица , 8 80 000 ₽/мес. От года, комм. платежи включены (без счётчиков), без комиссии, залог 80 000 ₽ Собственник Студия с хорошим современным ремонтом Все фото соответствуют реальности В квартире большое панорамное окно от стены до стены - квартира светлая В квартире имеется: встроенный холодильник, плита, духовка с функцией подогрева, стиральная машина, нагреватель воды, биде, кондиционер В пешей доступности станции метро: Лефортово, Электрозаводская, Семеновская, Авиамоторная, Приятный обустроенный район, много зелени Рядом магазин Пятерочка, банк, почта, поликлиника Недалёко Лефортовский парк Цена: 80000 руб + переменные расходы Депозит: 80000 руб ( можно разбить) Собственник ID 17298783 Документы проверены Посмотреть все объекты +7 985 611-19-... Написать 3 часа назад сегодня, 20:42",,https://www.cian.ru/cat.php?deal_type=rent&district%5B0%5D=8&engine_version=2&offer_type=flat&room9=1&type=4&p=1,2026-04-11T20:49:31+00:00
732,328371177,ЮВАО,https://www.cian.ru/rent/flat/328371177/?context=3.urJYkVH4c94.JWdlxVpo-d-yDdfPezEgGY0iz1OFrnySHScyzj12iEU95zU395F85o_tXa3puThillT9QF0YJMTqkg&mlSearchSessionGuid=013e51d3f12661d99c7759fff9782e5e,1/22,1059000,18.23,1,2,,"1/22 Апартаменты-студия, 18,23 м², 1/2 этаж Лефортово 7 минут пешком Москва , ЮВАО , р-н Лефортово , м. Лефортово , Госпитальная площадь , 1/10 59 000 ₽/мес. На несколько месяцев, комм. платежи включены (без счётчиков), комиссия 35%, залог 59 000 ₽ Сдаётся просторный номер в молодёжном коливинге, размещённом в особняке XVIII века у метро Лефортово (5 минут пешком). Идеальное жильё для ценителей атмосферы исторической Москвы и комфорта современного жилья. В номере есть всё необходимое для комфортной жизни: — двуспальная кровать, прикроватный столик и торшер; — большое окно с широким подоконником; — шкаф, комод и зеркало в полный рост; — рабочая зона: стол, барный стул; — базовая техника: микроволновка, чайник; — посуда и предметы быта; — совмещённый санузел; — дизайнерский ремонт; — дверь закрывается на ключ. Общие зоны дома (2 этажа): — просторная кухня на 1 этаже: кухонный гарнитур, 5 плит, посудомоечная машина и 3 общих холодильника (помимо холодильников в номерах); — обеденная зона с барными стойками и большим столом; — холл с лобби-зоной и мини-библиотекой; — переговорная (до 10 человек); — две прачечные с машинами и сушилками; — буфет на 2 этаже с кофемашиной, микроволновкой и кухонным гарнитуром; — ресепшн для жильцов и гостей. Про комьюнити Colife: Colife — это не только жильё, но и дружное сообщество творческих и талантливых молодых людей. Каждую неделю проводим бесплатные мероприятия, которые делают жизнь интереснее: — тренировки по йоге и дыхательные практики; — разговорные клубы в уютной атмосфере; — спортивные соревнования и культурные выезды (музеи, выставки); — вечеринки Colife — от масштабных костюмированных до уютных камерных посиделок; — кинопросмотры, книжный клуб, настолки, спиддейтинги и нетворкинги. Здесь легко завести новые знакомства, найти друзей и окружение, которое вдохновляет. Расположение: До м. Лефортово — 5 минут пешком (680 м), до м. Бауманская — около 20 минут (1,7 км). Дом — объект культурного наследия, полностью восстановленный в современном лофт-стиле. Есть огороженная парковка. В 1 минуте остановка автобуса, рядом продуктовый магазин, кафе и кофейни. Для прогулок — Лефортовский парк (4 минуты пешком) с теннисными кортами, беговой дорожкой, футбольным полем и прудами. Формат аренды Номер в особняке сдаём мы - компания Colife Комфорт. Мы не сторонние агенты или риелторы, вы подписываете договор напрямую с нами, а в стоимость уже включен сервис и поддержка 24/7: например, если что-то сломается мы бесплатно и быстро починим.",,https://www.cian.ru/cat.php?deal_type=rent&district%5B0%5D=8&engine_version=2&offer_type=flat&room9=1&type=4&p=3,2026-04-11T20:49:31+00:00
713,327375667,ЮВАО,https://www.cian.ru/rent/flat/327375667/?context=3.W64_9E0bDbo.fz322UMEUxv0OYA1IoMTglnR2HSdX3aFs-Pb9ZZ59wGob46LmKk-58cLBkYQLVoODRoWFGt4UUmVkA&mlSearchSessionGuid=cc549d925574060a9105847dfa864db6,1/18,1060000,26.9,9,32,,"1/18 Студия, 26,9 м², 9/32 этаж Только на Циан Нижегородская 8 минут пешком Москва , ЮВАО , р-н Нижегородский , м. Нижегородская , Газгольдерная улица , 10 60 000 ₽/мес. От года, комм. платежи включены (без счётчиков), комиссия 50%, без залога За объект уже внесли аванс Cдаетcя уютнaя студия ЖK Пpофит новая, свeтлая cтудия с дизaйнepcким pемoнтoм oт кoмпaнии Smarent. Квартира рacполoжeна на 9 этаже . Идeaльная тpaнcпoртнaя доступность - в 5 минутах xодьбы нaходится ст. мeтрo Hижeгорoдcкая, кoтoрая входит в крупнейший в Eвропе тpанспоpтнo-пepесадочный узел. В его составе: две станции метро, станции МЦК, МЦД и Горьковского направления МЖД. До ст. м Таганская можно добраться наземным транспортом за 20 мин, МЦК Москва Сити (Деловой Центр) 30 мин., Нескучный Сад в Парке Горького - 25 минут. Для автомобилистов удобный быстрый выезд на ТТК и Садовое Кольцо. Рядом большой торговый центр ""Город"", Леруа. Закрытый двор с детскими площадками и фитнес-зоной, а также большой подземный паркинг. Машиноместо можно снять по доступной цене. Бытовая техника: стиральная машина, холодильник, варочная панель, СВЧ печь, телевизор, электрический чайник. Есть всё необходимое для жизни УСЛОВИЯ ПРОЖИВАНИЯ: Тариф Комфортное проживание -50% от арендного платежа - Раннее бронирование объекта (за 3 дня до заселения) - Персональный менеджер на всех этапах аренды быстро реагирует на запросы - большинство бытовых вопросов решаем за 48 часов - Страхование гражданской ответственности до 0,3 млн ₽ - Организация мелкого ремонта ! Коммунальные платежи: электроэнергия, хвс\гвс, услуги интернет провайдера, расходы за отопление дома/квартиры оплачивает арендатор. ! Заселение только при наличии постоянной регистрации РФ. Строго без животных. Агентство недвижимости СМАРЕНТ Документы проверены +7 985 853-93-... Написать вчера вчера, 16:10",,https://www.cian.ru/cat.php?deal_type=rent&district%5B0%5D=8&engine_version=2&offer_type=flat&room9=1&type=4&p=2,2026-04-11T20:49:31+00:00
733,328371256,ЮВАО,https://www.cian.ru/rent/flat/328371256/?context=3.8azIIzyptWU.xTwMFhWsrgRi4WW9-m9kTcTMetwLTPR5ADSIpBN5C7FiMXkXi4CNCotdx8cHgiAn4UTide0Z3HmyZw&mlSearchSessionGuid=013e51d3f12661d99c7759fff9782e5e,1/23,1060000,17.24,2,2,,"1/23 Апартаменты-студия, 17,24 м², 2/2 этаж Лефортово 7 минут пешком Москва , ЮВАО , р-н Лефортово , м. Лефортово , Госпитальная площадь , 1/10 60 000 ₽/мес. На несколько месяцев, комм. платежи включены (без счётчиков), комиссия 35%, залог 60 000 ₽ Сдаётся просторный номер в молодёжном коливинге, размещённом в особняке XVIII века у метро Лефортово (5 минут пешком). Идеальное жильё для ценителей атмосферы исторической Москвы и комфорта современного жилья. В номере есть всё необходимое для комфортной жизни: — двуспальная кровать, прикроватный столик и торшер; — большое окно с широким подоконником; — шкаф, комод и зеркало в полный рост; — рабочая зона: стол, барный стул; — базовая техника: микроволновка, чайник; — посуда и предметы быта; — совмещённый санузел; — дизайнерский ремонт; — дверь закрывается на ключ. Общие зоны дома (2 этажа): — просторная кухня на 1 этаже: кухонный гарнитур, 5 плит, посудомоечная машина и 3 общих холодильника (помимо холодильников в номерах); — обеденная зона с барными стойками и большим столом; — холл с лобби-зоной и мини-библиотекой; — переговорная (до 10 человек); — две прачечные с машинами и сушилками; — буфет на 2 этаже с кофемашиной, микроволновкой и кухонным гарнитуром; — ресепшн для жильцов и гостей. Про комьюнити Colife: Colife — это не только жильё, но и дружное сообщество творческих и талантливых молодых людей. Каждую неделю проводим бесплатные мероприятия, которые делают жизнь интереснее: — тренировки по йоге и дыхательные практики; — разговорные клубы в уютной атмосфере; — спортивные соревнования и культурные выезды (музеи, выставки); — вечеринки Colife — от масштабных костюмированных до уютных камерных посиделок; — кинопросмотры, книжный клуб, настолки, спиддейтинги и нетворкинги. Здесь легко завести новые знакомства, найти друзей и окружение, которое вдохновляет. Расположение: До м. Лефортово — 5 минут пешком (680 м), до м. Бауманская — около 20 минут (1,7 км). Дом — объект культурного наследия, полностью восстановленный в современном лофт-стиле. Есть огороженная парковка. В 1 минуте остановка автобуса, рядом продуктовый магазин, кафе и кофейни. Для прогулок — Лефортовский парк (4 минуты пешком) с теннисными кортами, беговой дорожкой, футбольным полем и прудами. Формат аренды Номер в особняке сдаём мы - компания Colife Комфорт. Мы не сторонние агенты или риелторы, вы подписываете договор напрямую с нами, а в стоимость уже включен сервис и поддержка 24/7: например, если что-то сломается мы бесплатно и быстро починим.",,https://www.cian.ru/cat.php?deal_type=rent&district%5B0%5D=8&engine_version=2&offer_type=flat&room9=1&type=4&p=3,2026-04-11T20:49:31+00:00
747,328178389,ЮВАО,https://www.cian.ru/rent/flat/328178389/?context=3.KRkY0XGq5Zc.AT99Gebe-dfGNoqgtd93AoIsx3UOA9CnxLeNb8qb0hDu8cUSgDr-urMT6J-_vTvdIGF1oF8nuHN8Hg&mlSearchSessionGuid=013e51d3f12661d99c7759fff9782e5e,1/11,1060000,23.0,8,31,,"1/11 Студия, 23 м², 8/31 этаж Только на Циан Нижегородская 8 минут пешком Москва , ЮВАО , р-н Нижегородский , м. Нижегородская , Газгольдерная улица , 10 60 000 ₽/мес. От года, комм. платежи включены (счётчики включены), комиссия 80%, залог 60 000 ₽ Сдается уютная стадия 23 метра на 8 этаже. Полностью меблирована: Кровать, кухня, варочная панель, холодильник, стиральная машина. Прекрасная транспортная доступность: До метро Нижегородская - 7 минут пешком! Отличная инфраструктура: Рядом торговый центр, магазины, кафе, рестораны. Риелтор Татьяна Стерехова Суперагент +7 923 074-04-... Написать неделю назад 4 апр, 10:57",,https://www.cian.ru/cat.php?deal_type=rent&district%5B0%5D=8&engine_version=2&offer_type=flat&room9=1&type=4&p=3,2026-04-11T20:49:31+00:00
735,328371372,ЮВАО,https://www.cian.ru/rent/flat/328371372/?context=3.DAk_aHQhC3M.rAjAZCml08WyOpif1sxJ2L36nrIAqjPScprD_2-DzO9_aE8-jZWPK1SQu8dwkb-3C79OGRdUIfL4Xw&mlSearchSessionGuid=013e51d3f12661d99c7759fff9782e5e,1/23,1068000,18.9,1,2,,"1/23 Апартаменты-студия, 18,9 м², 1/2 этаж Только на Циан Лефортово 7 минут пешком Москва , ЮВАО , р-н Лефортово , м. Лефортово , Госпитальная площадь , 1/10 68 000 ₽/мес. На несколько месяцев, комм. платежи включены (без счётчиков), комиссия 35%, залог 68 000 ₽ Сдаётся просторный номер в молодёжном коливинге, размещённом в особняке XVIII века у метро Лефортово (5 минут пешком). Идеальное жильё для ценителей атмосферы исторической Москвы и комфорта современного жилья. В номере есть всё необходимое для комфортной жизни: — двуспальная кровать, прикроватный столик и торшер; — большое окно с широким подоконником; — шкаф, комод и зеркало в полный рост; — рабочая зона: стол, барный стул; — базовая техника: микроволновка, чайник; — посуда и предметы быта; — совмещённый санузел; — дизайнерский ремонт; — дверь закрывается на ключ. Общие зоны дома (2 этажа): — просторная кухня на 1 этаже: кухонный гарнитур, 5 плит, посудомоечная машина и 3 общих холодильника (помимо холодильников в номерах); — обеденная зона с барными стойками и большим столом; — холл с лобби-зоной и мини-библиотекой; — переговорная (до 10 человек); — две прачечные с машинами и сушилками; — буфет на 2 этаже с кофемашиной, микроволновкой и кухонным гарнитуром; — ресепшн для жильцов и гостей. Про комьюнити Colife: Colife — это не только жильё, но и дружное сообщество творческих и талантливых молодых людей. Каждую неделю проводим бесплатные мероприятия, которые делают жизнь интереснее: — тренировки по йоге и дыхательные практики; — разговорные клубы в уютной атмосфере; — спортивные соревнования и культурные выезды (музеи, выставки); — вечеринки Colife — от масштабных костюмированных до уютных камерных посиделок; — кинопросмотры, книжный клуб, настолки, спиддейтинги и нетворкинги. Здесь легко завести новые знакомства, найти друзей и окружение, которое вдохновляет. Расположение: До м. Лефортово — 5 минут пешком (680 м), до м. Бауманская — около 20 минут (1,7 км). Дом — объект культурного наследия, полностью восстановленный в современном лофт-стиле. Есть огороженная парковка. В 1 минуте остановка автобуса, рядом продуктовый магазин, кафе и кофейни. Для прогулок — Лефортовский парк (4 минуты пешком) с теннисными кортами, беговой дорожкой, футбольным полем и прудами. Формат аренды Номер в особняке сдаём мы - компания Colife Комфорт. Мы не сторонние агенты или риелторы, вы подписываете договор напрямую с нами, а в стоимость уже включен сервис и поддержка 24/7: например, если что-то сломается мы бесплатно и б",,https://www.cian.ru/cat.php?deal_type=rent&district%5B0%5D=8&engine_version=2&offer_type=flat&room9=1&type=4&p=3,2026-04-11T20:49:31+00:00
692,325424262,ЮВАО,https://www.cian.ru/rent/flat/325424262/?context=3.3KPDvJbmSFQ.WvH2E6THtYJdgnJky86BrK59h_0rGevOTx9gNrh1o-njWLUST2xYNovUPgzNiqZWaDQc_j3yjEPSlw&mlSearchSessionGuid=2eaac1f0ddbe1293a4be21184906b386,1/14,1070000,25.6,9,31,,"1/14 Сдается впервые помле ремонта Студия, 25,6 м², 9/31 этаж Только на Циан Нижегородская 9 минут пешком Москва , ЮВАО , р-н Нижегородский , м. Нижегородская , Газгольдерная улица , 10 70 000 ₽/мес. От года, комм. платежи включены (без счётчиков), без комиссии, залог 75 000 ₽ Сдается новая стильная уютная квартира-студия общей площадью 25,6 кв м. Располагается на 12 этаже. Окна выходят на улицу. Техника в квартире: стиральная машина, индукционная варочная панель с 2 конфорками, полноразмерный холодильник, духовой шкаф с функцией микроволновки, вытяжка, кондиционер, проточный водонагреватель, электрочайник, беспроводной пылесос, утюг. Квартира обставлена удобной мебелью: полноразмерная кровать шириной 160 см с подъемным механизмом, анатомический матрас Askona (высота 17 см), прикроватная тумбочка, стеллаж, комод, большой шкаф для одежды, обеденный стол с 2 стульями, пуфик, зеркало. Также есть стремянка и гладильная доска. Санузел с ванной (170 см) площадью 3,2 кв м. Кроме того имеется набор посуды: кастрюли, сковорода, чашки, тарелки, салатники, столовые приборы. Квартира сдается впервые после ремонта. Договор найма заключается на 11 месяцев Коммунальные платежи: электроэнергия, ХВС, ГВС, отопление, интернет оплачиваются арендатором. Риелтор Марианна Маринычева Суперагент +7 915 267-45-... Написать 8 часов назад сегодня, 15:40",,https://www.cian.ru/cat.php?deal_type=rent&district%5B0%5D=8&engine_version=2&offer_type=flat&room9=1&type=4&p=1,2026-04-11T20:49:31+00:00
723,323461704,ЮВАО,https://www.cian.ru/rent/flat/323461704/?context=3.4Gy5cjL0sWo.UynRemcqlhH4T1GCzEFGecjlhUIS9i435plvEcch6QQOmq0YL3aVF3OEnTWXH-TfyDzMuDn4RDQCcg&mlSearchSessionGuid=cc549d925574060a9105847dfa864db6,1/11,1648000,26.0,1,6,,"1/11 Апартаменты-студия, 26 м², 1/6 этаж Только на Циан Марьино 19 минут пешком Москва , ЮВАО , р-н Марьино , м. Перерва , улица Перерва , 16 48 000 ₽/мес. От года, комм. платежи включены (без счётчиков), без комиссии, залог 53 000 ₽ Сдаются уютные комфортабельные апартаменты, с дизайнерским ремонтом. Все готово для комфортного проживания! Расположены на цокольном этаже, БЕЗ ОКОН, апартаменты оснащены приточно-вытяжной вентиляцией ID 29917666 +7 985 476-77-... Написать 2 недели назад 28 мар, 13:55",,https://www.cian.ru/cat.php?deal_type=rent&district%5B0%5D=8&engine_version=2&offer_type=flat&room9=1&type=4&p=2,2026-04-11T20:49:31+00:00
675,328737255,ЮВАО,https://www.cian.ru/rent/flat/328737255/?context=3.MjVb2MY3_kQ.52Mq4_ZCIWESKHTHxRvGqiUmKg9jpxB7uyPD0yAyMaZX_mMU74fthzNZm7uPmuCP_XPZ8TkrX8PXAw&mlSearchSessionGuid=2eaac1f0ddbe1293a4be21184906b386,1/5,2045000,23.0,1,4,,"1/5 Апартаменты-студия, 23 м², 1/4 этаж Только на Циан Авиамоторная 16 минут пешком Москва , ЮВАО , р-н Лефортово , м. Авиамоторная , Душинская улица , 20 45 000 ₽/мес. На несколько месяцев, комм. платежи включены (без счётчиков), без комиссии, залог 25 000 ₽ Отличный вариант для тех, кто ценит комфорт, порядок и спокойную атмосферу. Первый этаж, отдельный подьезд с выходом прямо на автобусную остановку. До метро Площадь Ильича 10 минут на автобусе. Рядом ТЦ Город (Ашан, Леруа). * стабильный Wi-Fi 100 Мбит * электрический чайник, фильтр * электрическая плита и духовка. * холодильник, * стиральная машина, * сушилка для белья, * диван, + ТВ 32"" (можно использовать как дополнительный монитор для ноутбука/ * санузел с душевой. Важно: - До 2-х человек. - Допустимо с котом. - курение в апартаментах запрещено. - Просьба соблюдать тишину после 23:00. Отдельный подьезд, всего 14 апартаментов. Спокойные и адекватные соседи. Условия аренды: - 55 000 ₽ в месяц - Залог 25 000 ₽ — Оплата раз в месяц С риэлторами не сотрудничаю, просьба не беспокоить Собственник ID 124190025 Документы проверены +7 985 004-78-... Написать вчера вчера, 17:52",,https://www.cian.ru/cat.php?deal_type=rent&district%5B0%5D=8&engine_version=2&offer_type=flat&room9=1&type=4&p=1,2026-04-11T20:49:31+00:00
694,328323673,ЮВАО,https://www.cian.ru/rent/flat/328323673/?context=3.Qgp3XoLXsUE.z28SuzCTQnILtHIMXA1AqvPxRWUqV8hbTCYvVTLOhC22D4EuyMGvovywfRqvut5SEYc30FBMvQzV6w&mlSearchSessionGuid=2eaac1f0ddbe1293a4be21184906b386,1/15,2057500,23.0,16,25,,"1/15 Комиссия 0% + Самая низкая цена! Апартаменты-студия, 23 м², 16/25 этаж Волгоградский проспект 3 минуты пешком Москва , ЮВАО , р-н Южнопортовый , м. Волгоградский проспект , Новоостаповская улица , 20 57 500 ₽/мес. От года, комм. платежи включены (без счётчиков), без комиссии, залог 57 500 ₽ УНИКАЛЬНОЕ ПРЕДЛОЖЕНИЕ: 1) Без комиссии для арендатора ! 2) Самая низкая цена за дизайнерскую студию в ЖК бизнес-класса в пределах ТТК ! 3) До метро 1 мин пешком ! Сдается на длительный срок стильная студия 23 кв.м. с дизайнерским ремонтом в современном ЖК бизнес-класса ХайВэй. АДРЕС: г. Москва, ул. Новоостаповская, д. 20. ЭТАЖ: 16 из 25. ПЛОЩАДЬ: 23 кв.м. (комната 18 кв.м., кухня-гостиная 5 кв.м.). РЕМОНТ: Объект в идеальном состоянии, дизайнерский ремонт. ОТДЕЛКА САНУЗЛА: Совмещенный санузел с душевой кабиной. ПОЛНОЕ ОСНАЩЕНИЕ МЕБЕЛЬЮ И ТЕХНИКОЙ: • Кондиционер. • Большой холодильник. • Стиральная машина. • Стеклокерамическая варочная панель. • Вытяжной шкаф. • Микроволновая печь. • ! 3 ОГРОМНЫХ ГАРДЕРОБНЫХ ШКАФА ! ЛОКАЦИЯ И ТРАНСПОРТ: • 1 минута пешком до м. Волгоградский проспект. • 10 минут пешком до м. Дубровка. • 12 минут пешком до м. Угрешская. • 10 минут на автомобиле до Садового кольца. • 10 минут до центра Москвы на метро. ИНФРАСТРУКТУРА ЖК ХАЙВЭЙ: • Комплекс бизнес-класса с подземным паркингом. • Вся необходимая инфраструктура. •Прямо в доме продуктовый супермаркет Дикси. • Скоро в ЖК будет открыт собственный фитнес-центр с бассейном World Class. • Закрытая охраняемая территория с видеонаблюдением. • Благоустроенный двор. ФИНАНСОВЫЕ И ОРГАНИЗАЦИОННЫЕ УСЛОВИЯ: • Собственник действует как ИП. Аренда возможна как для физических лиц, так и для юридических лиц (для проживания конкретного сотрудника, указываемого в договоре). • ВСЯ ОПЛАТА СТРОГО ПО БЕЗНАЛИЧНОМУ РАСЧЕТУ. • ДЛЯ ПРОЖИВАНИЯ 1 ЧЕЛОВЕКА ИЛИ СЕМЕЙНОЙ ПАРЫ БЕЗ ДЕТЕЙ! • ПРОЖИВАНИЕ С ЖИВОТНЫМИ НЕ ДОПУСКАЕТСЯ. • В стоимость аренды включены коммунальные платежи. Дополнительно оплачиваются: электроэнергия, вода по счетчикам, интернет. Риелтор ID 123676766 Документы проверены +7 985 041-16-... Написать 3 часа назад сегодня, 20:25",,https://www.cian.ru/cat.php?deal_type=rent&district%5B0%5D=8&engine_version=2&offer_type=flat&room9=1&type=4&p=1,2026-04-11T20:49:31+00:00
687,328729519,ЮВАО,https://www.cian.ru/rent/flat/328729519/?context=3.Lu7P0lr-qTE.3DPI4O0onaKaunyCAV5JfER5o3_bLB3LOexbgpSam0T7E880sbSO5okPllO_Rp8aGDV4rjox7YPs5g&mlSearchSessionGuid=2eaac1f0ddbe1293a4be21184906b386,1/8,2058000,23.5,21,23,,"1/8 Апартаменты-студия, 23,5 м², 21/23 этаж Только на Циан Волгоградский проспект 3 минуты пешком Москва , ЮВАО , р-н Южнопортовый , м. Волгоградский проспект , Новоостаповская улица , 20 58 000 ₽/мес. От года, комм. платежи включены (без счётчиков), комиссия 60%, залог 30 000 ₽ Современная студия 23 м2! 2 минуты от станции метро Волгоградский проспект или 7 минут от метро Угрешская. 10 минут до Кремля, рядом Третье транспортное кольцо, удобно добираться в любую точку города. Максимально комфортное проживание вам обеспечено. Круглосуточная охрана подъезда и территории. Высота потолков под 2,8 метра. Современный дизайн, и мебель. Новая техника (кондиционер, встроенный холодильник, плита, стиральная машина, телевизор, СВЧ). Большая ванна Индивидуальное отопление с возможностью регулировки каждой батареи. Коммунальные платежи по счетчикам. Популярный Жилой комплекс ЖК ""Хайвей"". Расположен в отличном районе города Москвы с сложившейся инфраструктурой района. Недалеко от комплекса: Крупнейший развлекательный комплекс ""Остров мечты"", Коломенский парк, Современная архитектура и авторская отделка корпусов. Благоустроенная и охраняемая территория. Собственный подземный паркинг, оригинальные современные детские площадки. Квартира сдается ВПЕРВЫЕ. Порядочный и доброжелательный собственник. Желаю Удачи! Риелтор Дмитрий Сыромятников Суперагент +7 986 323-66-... 12 часов назад сегодня, 11:15",,https://www.cian.ru/cat.php?deal_type=rent&district%5B0%5D=8&engine_version=2&offer_type=flat&room9=1&type=4&p=1,2026-04-11T20:49:31+00:00
756,328057567,ЮВАО,https://www.cian.ru/rent/flat/328057567/?context=3.kmsmxJRiud4.oEquUe3W43KUq5STY3VTyqpBr2Z9AgAk3fwAG_z82FuB_UwnJT15fb8ZsQSoaz3WRx9tXMGo-or4qQ&mlSearchSessionGuid=013e51d3f12661d99c7759fff9782e5e,1/10,2060000,23.0,3,23,,"1/10 Апартаменты-студия, 23 м², 3/23 этаж Только на Циан Волгоградский проспект 3 минуты пешком Москва , ЮВАО , р-н Южнопортовый , м. Волгоградский проспект , Новоостаповская улица , 20 60 000 ₽/мес. От года, комм. платежи включены (без счётчиков), комиссия 50%, залог 60 000 ₽ К Вашему вниманию предлагается: Новые Светлые апартаменты с удобным месторасположением, с качественной современной отделкой, разные вариации освещения, мягкий диван- кровать на два спальных места, сделанная на заказ кухня со встроенной техникой и большим количеством места под хранения вещей, смесители из латуни. Весь комплект посуды и кухонной утвари для комфортного проживания есть, ничего с собой привозить нет необходимости. Туалетная комната оснащена стиральной- сушильной машиной, огромной столешницей с раковиной из искусственного камня, большое зеркало с подсветкой, душевая кабина с тропическим душем, шкафы для хранения. В прихожей огромный шкаф- гардеробная для хранения одежды. Наполнение апартаментов: пылесос, кондиционер, холодильник, посудомоечная машина, стирально-сушильная машина, телевизор, доп кровать, 3 комплекта постельного белья, полотенца, чистящие средства. Расположение рядом с метро и центром Москвы, светлые комфортабельные апартаменты, закрытая охраняемая территория, собственный двухэтажный фитнес-клуб с бассейном, подземный паркинг, благоустроенный закрытый двор с ландшафтным озеленением и детскими площадками, модные кафе, магазины, салоны красоты, высокий уровень сервиса. Риелтор Людмила Сухорукова Суперагент +7 986 807-79-... Написать вчера вчера, 09:02",,https://www.cian.ru/cat.php?deal_type=rent&district%5B0%5D=8&engine_version=2&offer_type=flat&room9=1&type=4&p=3,2026-04-11T20:49:31+00:00
697,328255372,ЮВАО,https://www.cian.ru/rent/flat/328255372/?context=3.IcamEgOPyqE.lhxawfY8h1XK-8jS6V5enJBOnaDsd9rr7vT3YdEEX61Fn7_1OZodX5V-Hag4UwaBjMNX-RiG8PnKNA&mlSearchSessionGuid=2eaac1f0ddbe1293a4be21184906b386,1/18,2067000,27.0,11,23,,"1/18 Апартаменты-студия, 27 м², 11/23 этаж Волгоградский проспект 3 минуты пешком Москва , ЮВАО , р-н Южнопортовый , м. Волгоградский проспект , Новоостаповская улица , 20 67 000 ₽/мес. От года, комм. платежи включены (без счётчиков), комиссия 60%, залог 67 000 ₽ ВАШЕМУ ВНИМАНИЮ! м.Волгоградский проспект - 2 минуты пешком! Предлагается, светлая, уютная квартира. Квартира в отличном состоянии, после ремонта. Полностью укомплектована всей необходимой мебелью и техникой для комфортного проживания. В шаговой доступности магазины одежды и обуви, салоны красоты, бытовые услуги, спортклуб, продуктовые магазины. Заселение день в день. Оперативный показ. По всем вопросам звонить 24/7. Агентство недвижимости PREMIUM CITY Документы проверены +7 985 586-44-... Написать 2 часа назад сегодня, 21:49",,https://www.cian.ru/cat.php?deal_type=rent&district%5B0%5D=8&engine_version=2&offer_type=flat&room9=1&type=4&p=1,2026-04-11T20:49:31+00:00
722,327143324,ЮВАО,https://www.cian.ru/rent/flat/327143324/?context=3.kD7Kf_Qql_M.i818pTT2koyU5PgdaEsNnltx4HxwPgpB8hoobIQuLFzOJvt0-l29czGMd-0CPAEgvuHkBM5_fdC7FA&mlSearchSessionGuid=cc549d925574060a9105847dfa864db6,1/9,2069900,26.0,22,23,,"1/9 Апартаменты-студия, 26 м², 22/23 этаж Волгоградский проспект 3 минуты пешком Москва , ЮВАО , р-н Южнопортовый , м. Волгоградский проспект , Новоостаповская улица , 20 69 900 ₽/мес. От года, комм. платежи включены (без счётчиков), комиссия 50%, залог 75 000 ₽ Id 60982. Сдается просторная студия в ЖК ""HighWay"" ! Об апартаменте: - Квартира оснащена всей необходимой мебелью и техникой. - Большое панорамное окно. - Дизайнерский ремонт на стадии завершения. - Полностью укомплектована Главные преимущества комплекса Хайвей: - Метро ""Волгоградский проспект"" в 3 минутах ходьбы. - До центра города 10 минут на метро! - На первых этаж уже работает продуктовый магазин ""Дикси"", также в комплексе открыты пункты выдачи ""Ozon"" и ""Wildberries"" - Летом будет открыт фитнес-клуб с бассейном, до которых можно добраться не выходя из подъезда! - Закрытая территория с пропускной системой. - Подземный паркинг. - ЖК находится в активно развивающемся районе Москвы. - Рядом расположен торговый центр ""Дубровка"" известный своими положительными отзывами. Рассмотрим предложения, звоните для записи на показ, отвечаю быстро! Агентство недвижимости EstateLiga Документы проверены +7 916 863-15-... Написать три дня назад 8 апр, 19:25",,https://www.cian.ru/cat.php?deal_type=rent&district%5B0%5D=8&engine_version=2&offer_type=flat&room9=1&type=4&p=2,2026-04-11T20:49:31+00:00
703,328359692,ЮВАО,https://www.cian.ru/rent/flat/328359692/?context=3.LiJlLl2nNoU.LIip9sMYv1JJwpNvruYqW1ziLEgkDDk0Z55ZBzDxm7Yj0z8Li40FE5DD2eutHo278ywy9U2AKATbEA&mlSearchSessionGuid=cc549d925574060a9105847dfa864db6,1/10,2070000,29.0,14,22,,"1/10 студия, 29 м² в ЖК ""HighWay"" Апартаменты-студия, 29 м², 14/22 этаж Только на Циан Проверено в Росреестре Волгоградский проспект 3 минуты пешком Москва , ЮВАО , р-н Южнопортовый , м. Волгоградский проспект , Новоостаповская улица , 20 70 000 ₽/мес. От года, комм. платежи включены (без счётчиков), без комиссии, залог 70 000 ₽ Сдается апартаменты-студия, 29 м² на долгий срок уютная студия в первый раз, 2 минуты пешком до метро Волгоградский проспект. Удобный и быстрый выезд на 3-е транспортное кольцо. До садового кольца 2 станции метро, до метро Дубровка идти 10 минут. Новый ремонт, никто не жил. Сдается от собственника, без комиссии. Есть вся необходимая новая техника: телевизор 55 дюймов, кондиционер с функцией обогрева, посудомоечная и стиральная машинки, духовка, плита 4-х комфорки, встраиваемая микроволновка, вытяжка, водонагреватель, шторы блек аут. Предусмотрено огромное количество мест для хранения (в комнате и в ванной шкафы до потолка), есть гардеробная комната, в прихожей тумба для обуви и вешалка. Диван удобный, разбирается в 2-х спальное место. Территория ЖК огорожена и охраняется. Во дворе есть детская площадка, двор без машин. Квартира сдается 1 человеку без животных на срок от 11 месяцев. Без комиссии, отдельно оплачиваются свет, электричество и интернет. Апартаменты сдаются для одного человека, без детей и животных. С риелторами договора не заключаю. Собственник ID 50705515 +7 923 076-91-... Написать 13 часов назад сегодня, 10:40",,https://www.cian.ru/cat.php?deal_type=rent&district%5B0%5D=8&engine_version=2&offer_type=flat&room9=1&type=4&p=2,2026-04-11T20:49:31+00:00
704,327283374,ЮВАО,https://www.cian.ru/rent/flat/327283374/?context=3.TkDESEQYxOk.oCLoOqHszwUrdeMuWbuQpw2rLFoWxNXPSwodqA8LEvpVxKy6x3iPpfDp4PnBwRbmZ7XzmJ8xL5wJ7A&mlSearchSessionGuid=cc549d925574060a9105847dfa864db6,1/27,2070000,37.0,6,23,,"1/27 Апартаменты-студия, 37 м², 6/23 этаж Только на Циан Дубровка 15 минут пешком Москва , ЮВАО , р-н Южнопортовый , м. Волгоградский проспект , Новоостаповская улица , 20 70 000 ₽/мес. От года, комм. платежи включены (без счётчиков), комиссия 70%, залог 70 000 ₽ Впервые,любовь с первого взгляда ! Это та самая квартира в которой хочется жить! Она прекрасна! поторопитесь ! Всего в минуте ходьбы от метро,в новом стильном доме HighWay сдается обалденная ,комфортная,просторная студия 37 кв.м,для современных людей. Она просто куколка! Натяжные потолки,теплые полы,выполнен качественный свежий евро ремонт. Техника и мебель дорогая,красивая. Большой,вместительный шкаф ! Установлена шикарная кухня,установлены фильтры для чистки воды. Имеется посуда,встроенная посудомоечная машина! Все абсолютно новое! Уютная атмосфера создана для вашего комфортного проживания. Оплата коммунальных услуг полностью оплачивается нанимателем,согласно квитанции,сверху арендной оплаты. Достойная студия. Собственники замечательные люди. Рассмотрим на длительный срок платежеспособных,аккуратных людей. Риелтор Инна Светлова Суперагент +7 986 304-21-... Написать 6 часов назад сегодня, 17:11",,https://www.cian.ru/cat.php?deal_type=rent&district%5B0%5D=8&engine_version=2&offer_type=flat&room9=1&type=4&p=2,2026-04-11T20:49:31+00:00
739,327199828,ЮВАО,https://www.cian.ru/rent/flat/327199828/?context=3.zK4cnKg1MWo.GMSel9t0IFQSIOPnZK_gpJuz9NaCgqsxI5-V2cGUngaRcYKOwU0gXRPLd-3b0X5JXs8-sPBzZkmQ-w&mlSearchSessionGuid=013e51d3f12661d99c7759fff9782e5e,1/17,2070000,25.0,13,23,,"1/17 Апартаменты-студия, 25 м², 13/23 этаж Только на Циан Волгоградский проспект 3 минуты пешком Москва , ЮВАО , р-н Южнопортовый , м. Волгоградский проспект , Новоостаповская улица , 20 70 000 ₽/мес. От года, комм. платежи включены (без счётчиков), комиссия 40%, залог 70 000 ₽ Сдаётся новая квартира-студия 25 м.кв. Апартаменты расположены в пешей доступности от метро ""Волгоградский проспект"" — 2 минуты пешком. Квартира с отличным ремонтом, полностью меблирована: в комнате и на кухне есть вся необходимая мебель (после ремонта никто не жил). В наличии современная техника: кондиционер, холодильник, телевизор и стиральная машина. В шаговой доступности находятся школы, детские сады, клиники и магазины. Оперативный показ. Риелтор Наталья Балескова Суперагент +7 989 403-12-... Написать 2 недели назад 27 мар, 08:13",,https://www.cian.ru/cat.php?deal_type=rent&district%5B0%5D=8&engine_version=2&offer_type=flat&room9=1&type=4&p=3,2026-04-11T20:49:31+00:00
676,328009833,ЮВАО,https://www.cian.ru/rent/flat/328009833/?context=3.5c917psa_-g.mUTZch6WvF_L8CdCe4CiAOxjMK-K_7-dfMDHXlit0y98vcXY0xqiAWCitwkTusuMlgZZ1JlIsWwBvg&mlSearchSessionGuid=2eaac1f0ddbe1293a4be21184906b386,1/41 Ещё фото,2074999,27.0,14,22,,"1/41 Ещё фото Видовая, можно с мини собакой/кот Апартаменты-студия, 27 м², 14/22 этаж Волгоградский проспект 3 минуты пешком Москва , ЮВАО , р-н Южнопортовый , м. Волгоградский проспект , Новоостаповская улица , 20 74 999 ₽/мес. На несколько месяцев, комм. платежи включены (без счётчиков), без комиссии, залог 74 999 ₽ Замечательная студия с дорогим и современным ремонтом. Продуманная до мелочей. Здесь удобно и жить и работать. Большая кухня со всей встроенной техникой: двухкамерный холодильник, посудомоечная машина, микроволновая печь. Вместительная кровать 160 на 200 с ортопедическим матрасом, телевизор с 55 диагональю. Трехзонное освещение позволит настроить комфортный свет в квартире. Теплые полы по всей площади, кондиционер. Удобная ванная комната полностью оборудованная. Отдельная рабочая зона со своим освещением. Адаптированное место для подключения робот-пылесоса. Спешите, это супер отличный и качественный вариант. Оперативные показы с понедельника по пятницу. Риелтор Ильдар Канафеев Суперагент Посмотреть все объекты +7 917 566-42-... Написать 6 часов назад сегодня, 17:11 Как опередить это объявление?",,https://www.cian.ru/cat.php?deal_type=rent&district%5B0%5D=8&engine_version=2&offer_type=flat&room9=1&type=4&p=1,2026-04-11T20:49:31+00:00
728,328879254,ЮВАО,https://www.cian.ru/rent/flat/328879254/?context=3.u7r5ycFt7MM.Ux08awrJ7jsniIg4JVAh6VkaQkYueORQr1v0nwGinxijg_fE8eEntNbDcESFN8Z07_DfLke5ipGG0g&mlSearchSessionGuid=cc549d925574060a9105847dfa864db6,1/14,2075000,27.5,2,23,,"1/14 Апартаменты-студия, 27,5 м², 2/23 этаж Волгоградский проспект 3 минуты пешком Москва , ЮВАО , р-н Южнопортовый , м. Волгоградский проспект , Новоостаповская улица , 20 75 000 ₽/мес. От года, комм. платежи включены (счётчики включены), без комиссии, залог 70 000 ₽ Сдается на длительный срок студия 27,5 м2 с дизайнерским ремонтом в современном ЖК ХайВэй. Расположение ЖК 1 мин пешком до м. Волгоградский пр-т, 5 мин до м. Дубровка, 10 мин до м.Угрешская, вся необходимая инфраструктура, рядом магазин Дикси и др, закрытая охраняемая территория, благоустроенный двор и подземный паркинг. Ремонт: новый дизайнерский, идеальное состояние. санузел совместный с душевой зоной. Техника в квартире вся стильная и новая: большой холодильник, стиральная машина, микроволновая печь, духовой шкаф, телевизор, кондиционер, стеклокерамическая варочная панель, вытяжка. Мебель: кухня, большой шкаф купе, кровать с ортопедическим матрасом 200*160. полка под телевизор, кухонный стол и стулья. Сдается для одного человека или семейной пары, без детей и без животных. Дополнительно оплачивается стоимость коммунальных услуг ( вода, электричество, отопление) и интернет. Посредников прошу не беспокоить. Собственник ID 90497284 +7 915 243-42-... Написать 2 часа назад сегодня, 20:50",,https://www.cian.ru/cat.php?deal_type=rent&district%5B0%5D=8&engine_version=2&offer_type=flat&room9=1&type=4&p=2,2026-04-11T20:49:31+00:00
717,295985967,ЮВАО,https://www.cian.ru/rent/flat/295985967/?context=3.OQ6A5egfP0g.7AXdQTrAL3gbOQ-50mzxE3OMvb5ZIJAMbo0pLDvRA9iSRGv-X-cMKcYTQlGmaTidXpyHWI6rAkbszQ&mlSearchSessionGuid=cc549d925574060a9105847dfa864db6,1/17,2550000,13.7,4,4,,"1/17 Апартаменты-студия, 13,7 м², 4/4 этаж Только на Циан Авиамоторная 17 минут пешком Москва , ЮВАО , р-н Нижегородский , м. Авиамоторная , Подъемная улица , 14С25 50 000 ₽/мес. От года, комм. платежи включены (без счётчиков), комиссия 50%, залог 50 000 ₽ Сдается двухуровневая студия после косметического ремонта и клиннинга. Готова к заезду от 11 месяцев. Счетчики включены в стоимость аренды, которая указана в объявлении! В 12 минутах на транспорте от метро площадь Ильича, в 18ти минутах пешком до авиамоторной, в 10 минутах на транспорте мцд катилники. В студии есть все необходимое для проживания: кровать, холодильник, электрическая плита, духовая печь, микроволновая печка, стиральная машина, посудомоечная машина, кондиционер, телевизор, интернет, душевая кабина с санузлом, отопление. В 5 минутах от дома большое количество продуктовых магазинов, в 8 минутах от дома большой трц Город. Все документы в порядке. Без животных. ----- Примечание: у собственника могут быть дополнительные пожелания к жильцам - обсудите их в чате или по телефону Риелтор Максим Афонин Суперагент +7 916 910-49-... Написать 2 недели назад 26 мар, 04:47",,https://www.cian.ru/cat.php?deal_type=rent&district%5B0%5D=8&engine_version=2&offer_type=flat&room9=1&type=4&p=2,2026-04-11T20:49:31+00:00
678,328298801,ЮВАО,https://www.cian.ru/rent/flat/328298801/?context=3.k5hXZukTxs0.sK8nsx5rqdRZz82ut24ttG00qth3Ro7iAvqiASWxHj0h7NJmWEgQy3_RHw4ecg8MADw8kbdHDsX9-w&mlSearchSessionGuid=2eaac1f0ddbe1293a4be21184906b386,1/7,2835000,25.0,12,17,,"1/7 Студия, 25 м², 12/17 этаж Некрасовка 10 минут пешком Москва , ЮВАО , р-н Некрасовка , м. Некрасовка , улица Недорубова , 28 35 000 ₽/мес. От года, комм. платежи включены (счётчики включены), комиссия 60%, залог 35 000 ₽ Сдается на длительный период . Качественный рeмoнт, вся мебель и бытовая техника, нeoбходимая для кoмфopтного пpoживaния. Пoлнoстью меблиpoвана мебелью: шкаф,комод, кровать двухспальная , куxонный гарнитур, диван-кресло, барная стойка , высокие стулья . Квартира укомплектована всей бытовой техникой: электрическая плита , холодильник, стиральная машина, микроволновка. Сан узел раздельный, ванна, стиральная машина автомат раздельный в пользовании 3 комнат. Рядом с метро торговые центры, фитнес центр, продуктовые магазины в доме и рядом с домом. Шаговая доступность 7 минут до станции метро Некрасовка. Сдается на длительный период . Рассмотрят платежеспособных жильцов, приоритет для девушки, женщины. Оплата 35000 рублей все платежи включены в стоимость. Депозит 35000 рублей можно разделить на 2 платежа. Комиссия . ID 307387 Документы проверены +7 923 074-33-... Написать четыре дня назад 7 апр, 13:27",,https://www.cian.ru/cat.php?deal_type=rent&district%5B0%5D=8&engine_version=2&offer_type=flat&room9=1&type=4&p=1,2026-04-11T20:49:31+00:00
708,328835465,ЮВАО,https://www.cian.ru/rent/flat/328835465/?context=3.fe0BylKMMjQ.ZIFKalM_EOi_v_7hVQJrvXOQSAZnTEgSKiA078K41oPv4ziFYQljN6eFf-FWQaM9KViJQENedbSG4A&mlSearchSessionGuid=cc549d925574060a9105847dfa864db6,1/8,4540000,18.0,3,8,,"1/8 Апартаменты-студия, 18 м², 3/8 этаж Только на Циан Текстильщики 11 минут пешком Москва , ЮВАО , р-н Печатники , м. Текстильщики , Волгоградский проспект , 45 40 000 ₽/мес. На несколько месяцев, комм. платежи включены (без счётчиков), без комиссии, залог 40 000 ₽ Студия рядом с метро и БКЛ Текстильщики(6-9 минут )в здании магазин, недорогая уютная столовая , проходная система . Без комиссии .от 5 месяцев. Квитанция оплачивается отдельно . Собственник ID 51522630 Документы проверены +7 985 289-26-... Написать 2 часа назад сегодня, 21:46",,https://www.cian.ru/cat.php?deal_type=rent&district%5B0%5D=8&engine_version=2&offer_type=flat&room9=1&type=4&p=2,2026-04-11T20:49:31+00:00
