id,listing_id,district,url,title,price_rub,area_m2,floor,total_floors,metro,address,description_snippet,source_page,scraped_at
532,301543961,ЮВАО,https://www.cian.ru/rent/flat/301543961/?context=3.lWbJO0G7xR8.GgRBh0_L5G8rqGRfgy89poREXPJCjJuzEWeoY5t7wXd1OtZgVvKqqRh_cK39TpiN1x9DpDb1xT7TiA&mlSearchSessionGuid=e659bedbda63cc26d61c25390e643aa8,1/12,40000,17.0,5,5,,"1/12 Текстильщики 15 мин пешком Апартаменты-студия, 17 м², 5/5 этаж Только на Циан Текстильщики 18 минут пешком Москва , ЮВАО , р-н Текстильщики , м. Текстильщики , 1-й Грайвороновский проезд , 2А 40 000 ₽/мес. От года, комм. платежи включены (без счётчиков), комиссия 60%, залог 43 000 ₽ Сдаю студию со всеми удобствами в районе метро Текстильщики, от метро 15 минут пешком или 3 остановки автобусом. В квартире имеется все для комфортного проживания: кухня, микроволновка, чайник, варочная панель, вытяжка, холодильник, кровать двуспальная, обеденный стол, стиральная машинка, совмещённый санузел, шкаф-гардероб. Условия: предоплата за месяц, залог за последний месяц аренды, коммунальные платежи отдельно, комиссия агенту разово при заселении. Риелтор Александр Дворников Документы проверены +7 985 579-70-... Написать 4 часа назад сегодня, 13:11",,https://www.cian.ru/cat.php?deal_type=rent&district%5B0%5D=8&engine_version=2&offer_type=flat&room9=1&type=4&p=1,2026-04-11T14:26:55+00:00
549,328788826,ЮВАО,https://www.cian.ru/rent/flat/328788826/?context=3.v55g7x1wqQ4.HYvGoD9Qu79xG6fdeJIfy76E8-cevJ0IuipUZJXCJQpaiusLrW1ZJ6GU6WK1KAnQletpPsL059nAOg&mlSearchSessionGuid=1e05aaf253d5761008cc3c0936d6bf8e,1/6,54000,24.5,12,25,,"1/6 Студия, 24,5 м², 12/25 этаж Нижегородская 10 минут пешком Москва , ЮВАО , р-н Нижегородский , м. Нижегородская , Рязанский проспект , 2/1к5Т 54 000 ₽/мес. На несколько месяцев, комм. платежи включены (без счётчиков), без комиссии, залог 54 000 ₽ От Собственника Без комиссии На срок от 2 месяцев и более с 19 апреля Сдается полностью готовая к проживанию студия в новом Жк Среда от испанского архитектора вблизи 7 мин от метро Нижегородская .арендная плата составляет 54000. помесячно плюс счетчики . Собственник ID 101614092 +7 915 384-45-... Написать вчера вчера, 12:17",,https://www.cian.ru/cat.php?deal_type=rent&district%5B0%5D=8&engine_version=2&offer_type=flat&room9=1&type=4&p=2,2026-04-11T14:26:55+00:00
527,328835097,ЮВАО,https://www.cian.ru/rent/flat/328835097/?context=3.fQzShbst6KI.H35bjpvh5_EFUgSn6N_NjlQoInrLPoNJaaM3QA4leU2IMaNxNPz9DY2qjzVOr-u_s88yR3X0fWj_XA&mlSearchSessionGuid=e659bedbda63cc26d61c25390e643aa8,1/14,80000,27.0,13,27,,"1/14 Студия, 27 м², 13/27 этаж Только на Циан Авиамоторная 13 минут пешком Москва , ЮВАО , р-н Лефортово , м. Авиамоторная , Символ ЖК , Независимость кв-л 80 000 ₽/мес. От года, комм. платежи включены (без счётчиков), комиссия 50%, залог 80 000 ₽ Ждем вас на просмотр! Сдаётся просторная и светлая студия с абсолютно новым ремонтом, мебелью и техникой в ЖК бизнес-класса Символ. Отличная локация за счет своей транспортной и пешей доступности. Станции метро Площадь Ильича, Авиамоторная и Римская в 10-15 минутах пешей доступности. Быстрый выезд на ТТК и комфортная развязка к центру города. В квартире выполнен дизайнерский ремонт, присутствует все необходимое для жизни. Если мы посмотрим из окна, то насладимся спокойным видом на двор, ухоженной придомовой территорией с детской площадкой. Установлена система охраны и видеонаблюдения. На территории комплекса находится охраняемый наземный и подземный паркинг. Закрытая территория. В самом ЖК большое количество ресторанов и кафе. Закрытые дворы без машин с современными детскими площадками и прогулочными зонами. Данная локация славится своей развитой инфраструктурой. Рядом находится ТРЦ Город с невероятным количеством различных магазинов, заведений и развлечений, а также банки, аптеки и пункты выдачи. Через дорогу от дома всеми известный фитнесс клуб World Class. В пешей доступности находятся школы, детские сады. Парк Зеленая река - станет незаменимым местом для прогулок. Большое количество очистных пространств рядом с ЖК. Квартира сдаётся на длительный срок. Звоните, прямо сейчас, чтобы договориться о просмотре. Буду рада ответить на все интересующие вопросы! Номер объекта: #1/537035/24838 Агентство недвижимости Moscow Sales Department Документы проверены +7 916 612-48-... Написать вчера вчера, 13:32",,https://www.cian.ru/cat.php?deal_type=rent&district%5B0%5D=8&engine_version=2&offer_type=flat&room9=1&type=4&p=1,2026-04-11T14:26:55+00:00
528,283229441,ЮВАО,https://www.cian.ru/rent/flat/283229441/?context=3.70lmeq74d3Q.9BkD7qmkqL61ThR7IWYVPzMQVgSS16jggpq_qQFi3BeefJ2IAkH2LmK3ucCjFhKtjnIfcId9jnmFiA&mlSearchSessionGuid=e659bedbda63cc26d61c25390e643aa8,1/5,133000,16.0,1,17,,"1/5 Студия, 16 м², 1/17 этаж Люблино 4 минуты на транспорте Москва , ЮВАО , р-н Марьино , м. Люблино , улица Верхние Поля , 42К1 33 000 ₽/мес. От года, комм. платежи включены (счётчики включены), без комиссии, залог 16 500 ₽ В действующем отели, на длительный срок, сдается студия гостиничного типа, без кухни ! В стоимость все включено, страховой депозит - 50%. Рассматривают 1-2 чел., РФ. В комнате минимум мебели - кровать, стол+ 2 стула, телевизор. Кондиционер. Санузел совмещенный, душ-кабина. Подробности по телефону. Агентство недвижимости Лунный Свет +7 923 078-87-... Написать 7 часов назад сегодня, 09:45",,https://www.cian.ru/cat.php?deal_type=rent&district%5B0%5D=8&engine_version=2&offer_type=flat&room9=1&type=4&p=1,2026-04-11T14:26:55+00:00
540,326294321,ЮВАО,https://www.cian.ru/rent/flat/326294321/?context=3.x5UVi3hFUgE.y4ZpbaOhXHdp53zqBBmBY7ecODU0P1moF1EwGfNQ3odEokfWku2DOFT42EGgOBYe3w70NDiQMODo5Q&mlSearchSessionGuid=1e05aaf253d5761008cc3c0936d6bf8e,1/15,135000,11.6,2,10,,"1/15 Студия, 11,6 м², 2/10 этаж Только на Циан Юго-Восточная 8 минут пешком Москва , ЮВАО , р-н Выхино-Жулебино , м. Юго-Восточная , Ташкентская улица , 25К1 35 000 ₽/мес. От года, комм. платежи включены (без счётчиков), комиссия 70%, залог 35 000 ₽ Сдается уютная студия площадью 11.6 кв. м. на длительный срок. До метро Юго-Восточная всего 8 минут пешком. В квартире есть все необходимое для комфортного проживания: косметический ремонт, необходимая мебель, холодильник, стиральная машина, микроволновая плита, электрическая поверхность, электрический чайник. Планировка включает совмещенный санузел с душевой кабиной. В вашем распоряжении также интернет, поэтому можно смело работать или учиться онлайн. Лоджия добавляет дополнительное пространство для хранения или отдыха. Дом находится в районе с развитой инфраструктурой. В шаговой доступности расположены школы, детские сады и клиники, поэтому все важные учреждения будут у вас под рукой. Для любителей шопинга и повседневных покупок поблизости есть магазины. Риелтор ID 116658281 +7 985 254-20-... Написать пять дней назад 5 апр, 21:12",,https://www.cian.ru/cat.php?deal_type=rent&district%5B0%5D=8&engine_version=2&offer_type=flat&room9=1&type=4&p=2,2026-04-11T14:26:55+00:00
577,328795692,ЮВАО,https://www.cian.ru/rent/flat/328795692/?context=3.ciXSWpTWnX8.sUKHEI93K6bsnuvj4tbNTMJ-qWhmMzFsNzqPWmRyvj-6aOp926qi-hVSVhKH-k6oyOpPwtwkOk-wlw&mlSearchSessionGuid=cf4d8c55dcd1a3175c1e507aca009f40,1/7,135000,22.0,8,19,,"1/7 Студия, 22 м², 8/19 этаж Некрасовка 13 минут пешком Москва , ЮВАО , р-н Некрасовка , м. Некрасовка , улица Вертолетчиков , 4к1 35 000 ₽/мес. От года, комм. платежи включены (без счётчиков), комиссия 60%, залог 20 000 ₽ ВАШЕМУ ВНИМАНИЮ! В КОМНАТЕ ЗАМЕНЕНЫ ДВЕ КРОВАТИ, НА ОДНУ НОВУЮ ДВУХСПАЛЬНЮ КРОВАТЬ! ПОЛОВИНА ЗАЛОГА! Предлагается чистая, уютная, приятная квартира. В квартире имеется всё необходимое для проживания: мебель и техника. Удобная транспортная развязка, шаговая доступность до метро. Развитая инфраструктура, все необходимые магазины, аптеки, парикмахерские и т.д.. Хороший собственник, адекватные соседи. Оперативный показ. По всем вопросам звонить 24/7. Агентство недвижимости АНЮА ГРУПП Суперагент +7 915 391-37-... Написать вчера вчера, 07:06",,https://www.cian.ru/cat.php?deal_type=rent&district%5B0%5D=8&engine_version=2&offer_type=flat&room9=1&type=4&p=3,2026-04-11T14:26:55+00:00
551,328812860,ЮВАО,https://www.cian.ru/rent/flat/328812860/?context=3.6jnDsYE5p_g.2MOxKxstNkhSUnxu1fGaxA81hs5h1XEz7wNy0ypB5SR4D_9NUAKr7gUHoICGBY8EgHKi77Xl4iATHA&mlSearchSessionGuid=1e05aaf253d5761008cc3c0936d6bf8e,1/9,160000,25.0,3,8,,"1/9 Студия, 25 м², 3/8 этаж Только на Циан Волгоградский проспект 11 минут пешком Москва , ЮВАО , р-н Южнопортовый , м. Угрешская , Волгоградский проспект , 32/5к1 60 000 ₽/мес. От года, комм. платежи включены (без счётчиков), комиссия 50%, залог 60 000 ₽ Сдается студия с лучшей планировкой в ЖК Метрополия Квартира площадью 25 м² выполнена с полной современной отделкой и полностью укомплектована всей необходимой техникой и мебелью. В вашем распоряжении стильная мебель, полноценная кухня с техникой (посудомоечная машина, холодильник, варочная панель), кондиционер, стиральная машина, телевизор и высокоскоростной интернет. Высокие потолки 2.8 метра и панорамные окна создают ощущение простора и наполняют пространство светом. Жилой комплекс Метрополия предлагает уровень жизни, который ценится выше среднего. В доме работают два пассажирских и один грузовой лифт, что гарантирует отсутствие очередей. Ваш автомобиль будет в безопасности в охраняемом подземном паркинге. Ключевое преимущество — фантастическая транспортная доступность: всего 6 минут пешком до станции метро Волгоградский проспект, 9 минут до Пролетарской и 11 минут до Крестьянской Заставы. Это открывает быстрый доступ к центру города и основным деловым кластерам. Район отличается развитой инфраструктурой и зелеными зонами. В шаговой доступности находятся кафе, рестораны, фитнес-центры и супермаркеты. Звоните, записывайтесь на показ! Номер объекта: #1/537026/24838 Агентство недвижимости Moscow Sales Department Документы проверены +7 915 429-54-... Написать вчера 9 апр, 20:19",,https://www.cian.ru/cat.php?deal_type=rent&district%5B0%5D=8&engine_version=2&offer_type=flat&room9=1&type=4&p=2,2026-04-11T14:26:55+00:00
547,328567594,ЮВАО,https://www.cian.ru/rent/flat/328567594/?context=3.1vGnLss7hnc.y_Ry5MrosYqPP7q-Lw9-cQFGZLgFgDmesgAQnzoxTGHGNSA-gb39mdMybxybObgI9jrc_oTWyUyZtQ&mlSearchSessionGuid=1e05aaf253d5761008cc3c0936d6bf8e,1/22,167000,20.7,27,27,,"1/22 Студия, 20,7 м², 27/27 этаж Авиамоторная 11 минут пешком Москва , ЮВАО , р-н Лефортово , м. Авиамоторная , улица Крузенштерна , 10к1 67 000 ₽/мес. От года, комм. платежи включены (без счётчиков), комиссия 50%, без залога Дoлгоcрочная аренда (договoр нa 11 меcяцeв). Прeдcтaвляeм вaшeму внимaнию пpocторную, уютную студию плoщадью 20,7 кв.м. рacпoложeнную в ЖК Символ. Бытовая техника: кондиционер, телевизор, посудомоечная машина, хoлoдильник, варочная панель, микроволновая печь, cтиpальная машинa, элeктричecкий чайник. Есть все необходимое для комфортного и долгосрочного проживания, в т.ч. посуда. Удобства квартиры: - Встроенная посудомоечная машина; - Вместительные системы хранения; - Уютная просторная комната с красивым видом из окна; - Светлая, уютная ванная комната с современной сантехникой. Дом находится в районе с развитой инфраструктурой: в шаговой доступности остановки общественного транспорта, в 10 минутах пешком находится станция метро ""Авиамоторная"", в 15-20 минутах - станция ""Лефортово"". Рядом с домом расположены: продуктовые супермаркеты, пункты выдачи, аптеки и медицинские учреждения, кафе, рестораны. Преимущество ЖК Символ - безопасные дворы без машин с охраняемой территорией. Во дворе обустроены отдельные детские и спортивные площадки, а также экозоны для прогулок и отдыха. Условия проживания по Тарифу Комфортное проживание: - 50% от арендного платежа при заселении; - Раннее бронирование объекта (за 3 дня до заселения); - Персональный менеджер на всех этапах аренды быстро реагирует на запросы - большинство бытовых вопросов решаем за 48 часов; - Страхование гражданской ответственности до 0,3 млн ₽; - Организация мелкого ремонта. Коммунальные платежи: электроэнергия, хвс\гвс, услуги интернет провайдера, расходы за отопление дома/квартиры оплачивает арендатор. Заселение только при наличии постоянной регистрации РФ. Без животных Агентство недвижимости СМАРЕНТ Документы проверены +7 985 853-93-... Написать четыре дня назад 7 апр, 10:16",,https://www.cian.ru/cat.php?deal_type=rent&district%5B0%5D=8&engine_version=2&offer_type=flat&room9=1&type=4&p=2,2026-04-11T14:26:55+00:00
505,328499468,ЮВАО,https://www.cian.ru/rent/flat/328499468/?context=3.SodizoQ92hc.kVTuNRqM3ZhrIj6Sa8CL1dWtkTbLe2n9dr5XTi74nIbmZBpGgTyQn_SSyPOUGniuOdk1mn9w852EfQ&mlSearchSessionGuid=e659bedbda63cc26d61c25390e643aa8,1/19 Ещё фото,178990,29.0,10,13,,"1/19 Ещё фото Цивилизованная аренда от ДОМ РФ Апартаменты-студия, 29 м², 10/13 этаж Только на Циан Площадь Ильича 8 минут пешком Москва , ЮВАО , р-н Лефортово , м. Москва-Товарная , шоссе Энтузиастов , 3к1 78 990 ₽/мес. От года, комм. платежи включены (без счётчиков), без комиссии, залог 78 990 ₽ Идут показы с датой заселения после 25.04.2026. Апартамент доступен к просмотру и бронированию! Предлагается в долгосрочную аренду светлая студия в арендном доме ""Символ"" от ДОМ.РФ. 54 Доступна рассрочка оплаты депозита на 3 месяца! Без комиссии. Разрешено проживание с животными! Апартамент с индивидуальным интерьерным решением в современном стиле, качественной отделкой, мебелью и техникой для жизни от ведущих брендов (Hotpoint Ariston): - Встраиваемая бытовая техника; - Стиральная машина; - Электрическая варочная панель; - Холодильник; - Кондиционер; - Плазменный телевизор В квартире размещён полный комплект необходимой мебели: - современный кухонный гарнитур; - обеденный стол и 2 стула; - тумба под телевизор; - двуспальный раскладной диван; - вместительный шкаф; В квартире один совмещенный санузел с душевой кабиной, раковиной и зеркалом с подсветкой и стиральной машиной. Услуги консьерж-сервиса 24/7 включены в арендную плату (прием корреспонденции, заявок на ремонт, выдача гостевых пропусков, и т.д.), дополнительно можно заказать: доставку воды, уборку, стирку, глажку, уход за животными и многое другое. Разрешено проживание с животными! Территория ""Символ"" закрытая, установлено видеонаблюдение и действует система электронных пропусков. В доме отапливаемая подземная парковка. Район с развитой инфраструктурой: в 5 минутах езды всевозможные развлекательные кластеры, такие как Винзавод, Артплей, Арма и ТРЦ Атриум. Поблизости располагаются несколько школ, детских садов, поликлиник, фитнес-центров, парков и супермаркетов. Хорошо развита транспортная сеть: в пешей доступности есть несколько станций метро (Римская-6 мин, Площадь Ильича- 6 мин), 350 метров до ТТК, а до Садового кольца всего 2 км. Услуги 24/7 ВКЛЮЧЕНЫ В АРЕНДНУЮ ПЛАТУ! (прием корреспонденции, заявок на ремонт, выдача гостевых пропусков и т.д.). Удобный и доступный сервис дополнительных услуг: уборка, стирка, глажка, а также присмотр за животными и др. При заселении оплачивается стоимость аренды за первый месяц. При заключении договора аренды до 30 апреля доступна рассрочка оплаты депозита на 3 месяца! Дополнительно оплачиваются только счетчики коммунальных услуг. Аренда от ДОМ.РФ - это не просто квадратны",,https://www.cian.ru/cat.php?deal_type=rent&district%5B0%5D=8&engine_version=2&offer_type=flat&room9=1&type=4&p=1,2026-04-11T14:26:55+00:00
521,321344783,ЮВАО,https://www.cian.ru/rent/flat/321344783/?context=3.A_IRZrHBrcg.vJp2YR06ByiCpJVpDi3FhVcygR-Nf_QWwXs-C-a5zuk3yKTpah99uKZf1uaHt6kz0YvJL4WetD5-fw&mlSearchSessionGuid=e659bedbda63cc26d61c25390e643aa8,1/22,190000,32.0,5,14,,"1/22 Студия, 32 м², 5/14 этаж Только на Циан Римская 10 минут пешком Москва , ЮВАО , р-н Лефортово , м. Серп и Молот , проезд Шелихова , 1к1 90 000 ₽/мес. От года, комм. платежи включены (без счётчиков), без комиссии, залог 90 000 ₽ Квартира в ЖК Символ, доме бизнес класса. Сдаётся впервые и на длительный срок. Оборудована всем необходимым: телевизор, интернет, на кухне встроенная техника (духовой шкаф, посудомоечная машина, холодильник, морозильная камера). Грамотно продуманная система хранения. Кондиционер, подогрев пола, видео домофон. Грамотно продуманная входная группа в подъезде с зоной коворкинга. Риелтор Ольга Цегельная Суперагент +7 916 043-84-... Написать 6 часов назад сегодня, 10:40",,https://www.cian.ru/cat.php?deal_type=rent&district%5B0%5D=8&engine_version=2&offer_type=flat&room9=1&type=4&p=1,2026-04-11T14:26:55+00:00
560,328221715,ЮВАО,https://www.cian.ru/rent/flat/328221715/?context=3.eFuDULfSENI.FFPV2vkdsarA-A7uGraio2N345Y3Qz2Nil8Ciu138KLqfY1_qYH4A85kBaUFX8UilLtoqRxSzonyJA&mlSearchSessionGuid=1e05aaf253d5761008cc3c0936d6bf8e,1/49,199000,32.0,1,14,,"1/49 Студия, 32 м², 1/14 этаж Римская 10 минут пешком Москва , ЮВАО , р-н Лефортово , м. Серп и Молот , проезд Шелихова , 1к1 99 000 ₽/мес. От года, комм. платежи включены (без счётчиков), без комиссии, залог 99 000 ₽ Предлагаем квартиру в ЖК бизнес-класса ""Символ"" с охраняемой территорий, видеонаблюдением и консьерж-сервисом. Свежий дизайнерский ремонт. Все новое, никто не проживал! Квартира представляет собой идеальный вариант для тех, кто ценит комфорт, современный дизайн и удобное расположение. До метро 7 минут пешком. до центра города 4,5 км ЖК ""Символ"" славится своей развитой инфраструктурой, включающей в себя все необходимое для комфортной жизни: магазины, кафе, фитнес-центры, детские площадки и зоны отдыха. Транспортная доступность комплекса также на высоте, что обеспечивает легкий доступ к любой точке города. Огромная территория-парк Зеленая река между всеми корпусами открыт для прогулок и отдыха жителей всех возрастов. В домах жителям доступны различные общественные пространства: детские и подростковые игровые, коворкинги, фитнес-румы, репетиторские, лаунжи. На крышах некоторых корпусов расположены креативные пространства Условия оплаты: аренда + счетчики (вода, электричество) Прямая сдача. Без комиссии. Риэлторы и агенты, просьба не беспокоить. Сдается платежеспособным и аккуратным арендаторам. Залог обязателен. Подробности и запись на просмотр по телефону. Риелтор Наталия Долгих Документы проверены +7 985 065-28-... Написать три дня назад 8 апр, 11:12",,https://www.cian.ru/cat.php?deal_type=rent&district%5B0%5D=8&engine_version=2&offer_type=flat&room9=1&type=4&p=2,2026-04-11T14:26:55+00:00
507,323840974,ЮВАО,https://www.cian.ru/rent/flat/323840974/?context=3.PWyU3eFb5U8.aRd1nUQsB3T0d4QJCEWmx3-6zUh-E0edOP-g81OUXv1tgPw_sQ_CEu3v7gDHZScRAnhZWFGoBekWdQ&mlSearchSessionGuid=e659bedbda63cc26d61c25390e643aa8,1/6,219500,12.0,1,16,,"1/6 Апартаменты-студия, 12 м², 1/16 этаж Только на Циан Текстильщики 14 минут пешком Москва , ЮВАО , р-н Текстильщики , м. Текстильщики , улица 8-я Текстильщиков , 13К2 19 500 ₽/мес. На несколько месяцев, комм. платежи включены (без счётчиков), без комиссии, без залога СОБСТВЕННИК! Читайте пожалуйста внимательно, полностью! Сдается комната 12м² в апартаментах. Комната изолированна. Сдам исключительно адекватному, чистоплотному, спокойному, ответственному гp. PФ без вредных привычек арендатору!!! Регистрация и амино невозможна! Для ОДНОГО человека! Санузел, душ общий. Есть возможность подключить мокрую точку в комнате (своими силами) и сделать студию. Приточно-вытяжная вентиляция, без окна, шумоизоляции. Комната находится в районе с развитой инфраструктурой, в шаговой доступности от метро, БКЛ, МЦД-2. Ценик на длительный срок(год), если комнату снять на меньший срок, то цена увеличится. Подойдёт как под жилое, так и не под жилое, мастерская, салон красоты, массаж, типография, офис, склад, упаковка, производство, ателье и т.д. ----- Примечание: у собственника могут быть дополнительные пожелания к жильцам - обсудите их в чате или по телефону Собственник ID 8531476 Документы проверены +7 916 936-41-... Написать шесть дней назад 4 апр, 23:37",,https://www.cian.ru/cat.php?deal_type=rent&district%5B0%5D=8&engine_version=2&offer_type=flat&room9=1&type=4&p=1,2026-04-11T14:26:55+00:00
519,328807224,ЮВАО,https://www.cian.ru/rent/flat/328807224/?context=3.k8z4-mmYBGQ.mRdlFeAazzbniSY9XvM9vX4zDBmD7q0ULcshZlPTDZK45kgxiExj38w1ifGpkVvvaeUIAqXW7Ccmxw&mlSearchSessionGuid=e659bedbda63cc26d61c25390e643aa8,1/6,235000,18.0,2,5,,"1/6 Апартаменты-студия, 18 м², 2/5 этаж Только на Циан Текстильщики 12 минут пешком Москва , ЮВАО , р-н Текстильщики , м. Текстильщики , улица Артюхиной , 6К2 35 000 ₽/мес. От года, комм. платежи включены (без счётчиков), без комиссии, залог 17 500 ₽ Внимание!! акция - кто проживёт 11 месяцев 12-й в подарок !!! Сдaется уютная студия с cовременным pемoнтом нa длитeльный cpoк. Метро текстильщики 9 минут!Кoммунaльныe уcлуги oплaчивaются арeндaтoром по cчетчикaм. B дoме paбoтаeт конcьеpж, чтo oбеcпечивaет допoлнительный кoмфopт и бeзопaснocть. Вo двoрe зaкрытая территoрия c парковкoй за шлaгбаумoм. Просторная кухня оборудована необходимой техникой, включая холодильник и стиральную машину. В комнате установлены шкафы для хранения вещей. Санузел совместный, оснащен современной сантехникой и душевой кабиной. В студии также имеется удобная рабочая зона с письменным столом и стулом. Цена 34000 + 17.000 1 человек. До 30 лет!! просьба риэлторов не беспокоить!! Риелтор ID 140263101 +7 985 775-24-... Написать вчера 9 апр, 19:41",,https://www.cian.ru/cat.php?deal_type=rent&district%5B0%5D=8&engine_version=2&offer_type=flat&room9=1&type=4&p=1,2026-04-11T14:26:55+00:00
588,328555787,ЮВАО,https://www.cian.ru/rent/flat/328555787/?context=3.QpwF7V_FbWk.FccernVtleo9Zj5PIK72LiSM5oTvldNCPoswlE5-87UNhYDAh1J9HJx_gHBRRz8XP4ShjR8FtNgv9g&mlSearchSessionGuid=cf4d8c55dcd1a3175c1e507aca009f40,1/11,243000,20.6,8,16,,"1/11 Студия, 20,6 м², 8/16 этаж Депо 18 минут пешком Москва , ЮВАО , р-н Люблино , м. Депо , Люблинская улица , 72Ак2 43 000 ₽/мес. От года, комм. платежи включены (без счётчиков), комиссия 50%, залог 46 000 ₽ Сдается стильная студия с современным ремонтом на длительный срок. В квартире выполнен евро ремонт, что создает уютную атмосферу. Просторная кухня оборудована необходимой техникой: холодильник, плита, микроволновая печь и стиральная машина. В комнате установлен удобный диван и шкафы для хранения вещей. Дом панельного типа, оснащён двумя грузовыми лифтами, что обеспечивает удобство перемещения. На территории двора предусмотрена открытая парковка. Из окон открывается приятный вид на городские пейзажи. Курение запрещено, но можно проживать с детьми. Животные не допускаются. Риелтор ID 10604813 +7 916 956-14-... Написать пять дней назад 6 апр, 09:30",,https://www.cian.ru/cat.php?deal_type=rent&district%5B0%5D=8&engine_version=2&offer_type=flat&room9=1&type=4&p=3,2026-04-11T14:26:55+00:00
578,327823855,ЮВАО,https://www.cian.ru/rent/flat/327823855/?context=3.kOcFvsBZy0I.OPl65qAXkLzgObT07GqJguY9Ev7jttjt0aX0PMgYWWHqSITytd6kq2do3hdKONHFnxNv5dfReOXUGA&mlSearchSessionGuid=cf4d8c55dcd1a3175c1e507aca009f40,1/36,244000,20.0,6,33,,"1/36 Студия, 20 м², 6/33 этаж Только на Циан Перерва 4 минуты пешком Москва , ЮВАО , р-н Люблино , м. Перерва , Иловайская улица , 2 44 000 ₽/мес. От года, комм. платежи включены (без счётчиков), комиссия 50%, залог 44 000 ₽ ПРЕДЛОЖЕНИЕ, ДОСТОЙНОЕ ВАШЕГО ВНИМАНИЯ! Сдаётся уютная светлая квартира-студия с новым ремонтом в ЖК Люблинский Парк. Престижный район с развитой инфраструктурой. Обстановка квартиры располагает своим комфортом и положительной энергетикой. Функциональная, оснащенная всей необходимой бытовой техникой и мебелью: КОНДИЦИОНЕР, телевизор, стиральная машина, плита, микроволновка, чайник и холодильник, набор посуды, кровать с ортопедическим матрасом (спальное место 190х140), вместительный шкаф. Интернет проведён. Дом расположен в районе с развитой инфраструктурой, рядом находятся: Парк имени Артёма Боровика, Дюссельдорфский парк, парк 850-летия Москвы, западные Марьинские пруды. В пешей доступности школы и детские сады, салоны красоты и парикмахерские, кафе, пекарни и закусочные, заправки и автосервисы, колледж, культурный центр и кинотеатр, аптеки, медицинские учреждения. Mетpo: вcего 4 минуты пешком до станции МЦД (D2) Перерва, 20 минут пешком до станции метро Марьино и Братиславская. Рассмотрим одного аккуратного и ответственного нанимателя, без детей и животных. Депозит можно разбить на 2 месяца. Гибкий, профессионально составленный шаблон договора аренды. Показы по договоренности. Риелтор Лариса Бернадская Суперагент +7 985 305-10-... Написать 2 часа назад сегодня, 14:35",,https://www.cian.ru/cat.php?deal_type=rent&district%5B0%5D=8&engine_version=2&offer_type=flat&room9=1&type=4&p=3,2026-04-11T14:26:55+00:00
580,324338003,ЮВАО,https://www.cian.ru/rent/flat/324338003/?context=3.GwmBssZaXuk.UNkVFv_s2EX7i-1vmO-cAybAT0xBI1cu_yhSU_uSkYtNaYTbtFfh96Oebory7m3-Agb_9zn_86rvOw&mlSearchSessionGuid=cf4d8c55dcd1a3175c1e507aca009f40,1/14,245000,20.0,10,17,,"1/14 Студия, 20 м², 10/17 этаж Только на Циан Перерва 4 минуты пешком Москва , ЮВАО , р-н Люблино , м. Перерва , Иловайская улица , 2 45 000 ₽/мес. От года, комм. платежи включены (без счётчиков), комиссия 50%, залог 45 000 ₽ Сдается впервые квартира-студия в новом ЖК Люблинский парк. Район с развитой инфраструктурой, в пешей доступности от станции м. Марьино 15-20 минут, и в 5 минутах от МЦД Перерва, двор без машин, имеет закрытую территорию. В квартире имеется все необходимое для комфортного проживания 1-2 человек, новая техника и мебель, раскладывающийся диван с ортопедическим матрасом Аскона, кондиционер. Замечательный собственник рассмотрит 1 человека или пару, на длительный срок. Оперативно покажу, звоните, состав обсуждаем. У собственника могут быть предпочтения по составу проживающих. Риелтор Александр Кириллов Суперагент +7 910 536-87-... Написать пять дней назад 6 апр, 09:33",,https://www.cian.ru/cat.php?deal_type=rent&district%5B0%5D=8&engine_version=2&offer_type=flat&room9=1&type=4&p=3,2026-04-11T14:26:55+00:00
582,328051633,ЮВАО,https://www.cian.ru/rent/flat/328051633/?context=3.z7baQABIteI.2ex26x1WM5H0kqPqD43H1zSywXNICsdqSZ1erwr39oH7L5tY_4xRkPDeKysTBJUBM1R4iNKIxaDiIA&mlSearchSessionGuid=cf4d8c55dcd1a3175c1e507aca009f40,1/12,247000,20.0,23,33,,"1/12 Студия, 20 м², 23/33 этаж Только на Циан Перерва 4 минуты пешком Москва , ЮВАО , р-н Люблино , м. Перерва , Иловайская улица , 2 47 000 ₽/мес. От года, комм. платежи включены (без счётчиков), без комиссии, залог 47 000 ₽ Без комиссии! Напрямую от собственника. Сдаем уютную студию площадью 20 кв. м на 23-м этаже нового дома 2025 года постройки. Квартира находится всего в 4 минутах пешком от станции МЦД, что делает ее расположение особенно удобным для тех, кто ценит время. В квартире свежий ремонт, который создает современную и стильную атмосферу. Оборудована всей необходимой техникой: кондиционером, холодильником, посудомоечной и стиральной машинами. Удобная кровать 140*200 с ортопедическим матрасом подарит отличный сон. Комната и кухня полностью меблированы, а в ванной комнате установлена душевая кабина, что делает проживание здесь максимально комфортным. Дом оснащен четырьмя грузовыми лифтами и подземной парковкой, поэтому можно не беспокоиться о парковке вашего автомобиля. Это современное здание с высоким уровнем комфорта и безопасности. Вокруг дома развита инфраструктура. Квартира сдается в аренду от собственника без комиссии! Собственник ID 19467203 Документы проверены Назначить просмотр 4 часа назад сегодня, 13:15",,https://www.cian.ru/cat.php?deal_type=rent&district%5B0%5D=8&engine_version=2&offer_type=flat&room9=1&type=4&p=3,2026-04-11T14:26:55+00:00
586,328406963,ЮВАО,https://www.cian.ru/rent/flat/328406963/?context=3.XytawCjmduQ.eerPrzcvb_sRh-FGra3BuzP0CyPcuyfRQ1plkkg2jrKkmt1cOtvk-hOzaqrzOsnMOz_h1IHvF8U-vA&mlSearchSessionGuid=cf4d8c55dcd1a3175c1e507aca009f40,1/10,247000,23.4,11,33,,"1/10 Студия, 23,4 м², 11/33 этаж Перерва 4 минуты пешком Москва , ЮВАО , р-н Люблино , м. Перерва , Иловайская улица , 2 47 000 ₽/мес. От года, комм. платежи включены (без счётчиков), комиссия 50%, залог 47 000 ₽ Представляется уютная студия в ЖК ""Люблинский Парк"" вблизи станции Перерва. Предлагаю сразу ознакомиться с видео и записываться на показ. Студия оборудована всей необходимой техникой для комфортного проживания: Заезжай и живи! Имеется удобная кровать, шкафы с местом для хранения вещей, рабочее место. А так же холодильник, СВЧ, душевая кабинка и стиральная машина. Очень приятный и отзывчивый собственник. Шикарная инфраструктура вокруг дома. В 10-ти минутах ходьбы расположена станция МЦД-2 Перерва. В пешей доступности имеются различные сетевые магазины, кафе, ПВЗ и многое другое! Прямо в доме находится супермаркет ""Пятёрочка"". Отличный внутренний двор для прогулок. Рассмотрим одного проживающего или семейную пару. Без детей и животных. Если будут вопросы обращайтесь по телефону. С уважением, Илья. Риелтор Илья Шанава Суперагент +7 986 384-28-... Написать три дня назад 8 апр, 13:00",,https://www.cian.ru/cat.php?deal_type=rent&district%5B0%5D=8&engine_version=2&offer_type=flat&room9=1&type=4&p=3,2026-04-11T14:26:55+00:00
508,328604135,ЮВАО,https://www.cian.ru/rent/flat/328604135/?context=3.ji8CCdI4Brs.bGNsClrEqI658JGuaIW8oULfN9tPSuxviMO3Onay2qtrM5P3zFwBU7U-SzdnC3E4LDcU2DgJY-ukWw&mlSearchSessionGuid=e659bedbda63cc26d61c25390e643aa8,1/14 Ещё фото,247200,23.0,9,33,,"1/14 Ещё фото Пешком до МЦД. Без депозита Студия, 23 м², 9/33 этаж Перерва 4 минуты пешком Москва , ЮВАО , р-н Люблино , м. Перерва , Иловайская улица , 2 47 200 ₽/мес. От года, комм. платежи включены (без счётчиков), комиссия 30%, без залога Сдаётся светлая студия с евроремонтом и совмещённым санузлом в ЖК Люблинский Парк, без депозита! Её можно посмотреть когда Вам удобно: бронируете время, забираете ключи и спокойно осматриваете. Если всё понравится, договор подпишем онлайн и будем поддерживать Вас на всех этапах аренды. В квартире есть: - Кухонный гарнитур; - Холодильник; - Стиральная машина; - Кондиционер; - Интернет проведён. Полы - ламинат и плитка. Окна выходят во двор, есть бесплатная парковка. Собственник готов заселить не более 2 взрослых жильцов с детьми. С домашним питомцем нельзя. Дом находится в районе с развитой инфраструктурой, рядом расположены: - Гипермаркет Ашан и ТЦ Бум; - Парк им. Артёма Боровика и Парк Героев Отечественной войны 1812. В пешей доступности школы и детские сады, салоны красоты и парикмахерские, кафе и закусочные, заправки и автосервисы, колледж, культурный центр, фитнес-клубы, бассейн и кинотеатр. До МЦД-2 Перерва 7 минут пешком, до м. Братиславская 20 минут. Агентство недвижимости ПИК-Аренда Документы проверены Посмотреть все объекты +7 985 687-95-... Написать час назад сегодня, 15:55",,https://www.cian.ru/cat.php?deal_type=rent&district%5B0%5D=8&engine_version=2&offer_type=flat&room9=1&type=4&p=1,2026-04-11T14:26:55+00:00
569,327968811,ЮВАО,https://www.cian.ru/rent/flat/327968811/?context=3.kG3t5n52n1c.-QB7fltf5sx5SLsL8dODOmcN-mkooItcxf2NCD5AK0mt4544WamRaQuk-D4FY-q-SkgmC_ERPFNpaA&mlSearchSessionGuid=cf4d8c55dcd1a3175c1e507aca009f40,1/5,250000,20.0,18,26,,"1/5 Студия, 20 м², 18/26 этаж Только на Циан Депо 18 минут пешком Москва , ЮВАО , р-н Люблино , м. Депо , Люблинская улица , 72Ак2 50 000 ₽/мес. От года, комм. платежи включены (без счётчиков), без комиссии, залог 50 000 ₽ Сдаётся студия 20 м² — пешком до метро. Оперативный показ! Описание: уютная студия 20 кв.м, меблирована: диван, шкаф, оборудованная кухонная зона. Чистая, светлая, готова к заезду. Удобное расположение — в пешей доступности от станции метро, развита инфраструктура. Условия: быстрый показ по договорённости. Коммунальные услуги оплачиваются отдельно (или: уточняется — по счётчикам). Подходит для одного или пары. Звоните/пишите в WhatsApp/Teлеграмм для записи на просмотр и уточнения деталей. Собственник ID 44750309 Документы проверены +7 910 443-72-... Написать вчера вчера, 13:30",,https://www.cian.ru/cat.php?deal_type=rent&district%5B0%5D=8&engine_version=2&offer_type=flat&room9=1&type=4&p=3,2026-04-11T14:26:55+00:00
515,328068984,ЮВАО,https://www.cian.ru/rent/flat/328068984/?context=3.ZPpk6nttMrw.r_W9tBgWWShX6GHK8zKn9pvf7kmZKysTztZmi1G9h-5BEfePoO9IHXnr8S7QbayrQhbNq0adUB6HiA&mlSearchSessionGuid=e659bedbda63cc26d61c25390e643aa8,1/15 Ещё фото,251000,21.0,22,25,,"1/15 Ещё фото Без залога! Пешком до МЦД Студия, 21 м², 22/25 этаж Депо 18 минут пешком Москва , ЮВАО , р-н Люблино , м. Депо , Люблинская улица , 72Ак2 51 000 ₽/мес. От года, комм. платежи включены (без счётчиков), комиссия 60%, без залога Сдаётся светлая квартира-студия с евроремонтом и совмещённым санузлом в ЖК Люблинский Парк, без депозита! Её можно посмотреть когда Вам удобно: бронируете время, забираете ключи и спокойно осматриваете. Если всё понравится, договор подпишем онлайн и будем поддерживать Вас на всех этапах аренды. В квартире есть: - кухонный гарнитур; - кондиционер; - холодильник; - стиральная машина; - варочная панель; - духовой шкаф; - микроволновая печь. Под диваном есть место для хранения. Проведён интернет. Полы ламинат и плитка. Окна выходят во двор, на север. Есть бесплатная парковка. Собственник готов заселить не более 2 взрослых жильцов с детьми, докупить мебель/технику или заключить договор с юридическим лицом. Возможно заселиться с собакой или питомцем в клетке/аквариуме. Дом находится в районе с развитой инфраструктурой: в пешей доступности школы и детские сады, салоны красоты и парикмахерские, кафе и закусочные, заправки и автосервисы, колледж, культурный центр, фитнес-клубы, бассейн и кинотеатр. Недалеко гипермаркет Ашан, ТЦ Бум, парк им. Артёма Боровика и парк Героев Отечественной войны 1812 года. До МЦД-2 Перерва 20 минут пешком, до м. Братиславская 20 минут на общественном транспорте. Агентство недвижимости ПИК-Аренда Документы проверены Посмотреть все объекты +7 986 274-33-... Написать 2 часа назад сегодня, 14:42",,https://www.cian.ru/cat.php?deal_type=rent&district%5B0%5D=8&engine_version=2&offer_type=flat&room9=1&type=4&p=1,2026-04-11T14:26:55+00:00
557,328008898,ЮВАО,https://www.cian.ru/rent/flat/328008898/?context=3.DZnw6tYmDC4.w_NXQfv2G6H77X4yj4zZU6DTlX11_fnJKXw5g5eS-5-iPhPoPyYQaxFwtpeyXoEK2zgpytBcONV6Nw&mlSearchSessionGuid=1e05aaf253d5761008cc3c0936d6bf8e,1/24,253000,23.6,26,33,,"1/24 Студия, 23,6 м², 26/33 этаж Окская 10 минут пешком Москва , ЮВАО , р-н Рязанский , м. Окская , улица Михайлова , 30Ак2 53 000 ₽/мес. От года, комм. платежи включены (без счётчиков), комиссия 50%, без залога Дoлгocрoчная аpенда (договoр нa 11 месяцeв). Cтильнaя и cветлaя студия в ЖК Михaйлoвский Пapк, площадь кв.м. 23.6. Meбель: вмeститeльный шкaф, удобный pасклaднoй диван, куxoнный гаpнитуp, обeденная зона, pабoчая зoнa, кoмод. Бытовая техника: Стиральная машина, холодильник, вытяжка, варочная панель, электрический чайник, микроволновая печь. Район обладает развитой инфраструктурой: В пешей доступности детские сады, школы, поликлиники, магазины, фитнес-клуб, ТЦ Рязанский. До большого Кусковского лесопарка со старинной усадьбой Кусково и прудом 20 минут пешком по прямой. 10 мин. ходьбы до метро Окская и в 15 мин. пешком до метро Рязанский проспект Условия проживания по Тарифу Комфортное проживание - комиссия 50% от арендного платежа; - Раннее бронирование объекта (за 3 дней до заселения); - Персональный менеджер на всех этапах аренды быстро реагирует на запросы - большинство бытовых вопросов решаем за 48 часов; - Страхование гражданской ответственности до 300 000 ₽; - Организация мелкого ремонта. - Заселение с детьми (возраст детей от 6 лет). Коммунальные платежи: электроэнергия, хвс\гвс, услуги интернет провайдера, расходы за отопление (при наличии счетчика) дома/квартиры оплачивает арендатор. Заселение только при наличии постоянной регистрации РФ Без животных Агентство недвижимости СМАРЕНТ Документы проверены +7 985 853-93-... Написать три дня назад 8 апр, 14:16",,https://www.cian.ru/cat.php?deal_type=rent&district%5B0%5D=8&engine_version=2&offer_type=flat&room9=1&type=4&p=2,2026-04-11T14:26:55+00:00
514,328651703,ЮВАО,https://www.cian.ru/rent/flat/328651703/?context=3.QsAG6wjZWNM.tRGJLZulW_ODr1n6MnpdwGjzVHR6qbTbNVJQlqCYn4goi0rbnqMNYBdalFIJuWFjvRpT07lv6Re7RQ&mlSearchSessionGuid=e659bedbda63cc26d61c25390e643aa8,1/16 Ещё фото,253100,19.6,2,15,,"1/16 Ещё фото Без депозита! Рядом МЦД Студия, 19,6 м², 2/15 этаж Депо 18 минут пешком Москва , ЮВАО , р-н Люблино , м. Депо , Люблинская улица , 72Ак2 53 100 ₽/мес. От года, комм. платежи включены (без счётчиков), комиссия 30%, без залога Сдаётся квартира-студия с евроремонтом и совмещённым санузлом в ЖК Люблинский Парк, без депозита! Её можно посмотреть когда Вам удобно: бронируете время, забираете ключи и спокойно осматриваете. Если всё понравится, договор подпишем онлайн и будем поддерживать Вас на всех этапах аренды. Квартира оборудована кухонным гарнитуром, можно обсудить покупку необходимой мебели в счёт арендной платы. Интернет проведён. Полы ламинат и плитка. Окна выходят на улицу, есть бесплатная парковка. Собственник готов заселить не более 2 взрослых жильцов с детьми, оформить и заключить договор с юридическим лицом. Можно с домашним питомцем. Дом находится в районе с развитой инфраструктурой, рядом: - Гипермаркет Ашан; - ТЦ Бум; - Парк им. Артёма Боровика; - Парк Героев Отечественной войны 1812 года. Также в пешей доступности школы и детские сады, салоны красоты, кафе, заправки и автосервисы, колледж, культурный центр, фитнес-клуб, бассейн и кинотеатр. До МЦД-2 Перерва 20 минут пешком, до м. Братиславская 20 минут на общественном транспорте. Агентство недвижимости ПИК-Аренда Документы проверены Посмотреть все объекты +7 986 248-10-... Написать час назад сегодня, 15:40",,https://www.cian.ru/cat.php?deal_type=rent&district%5B0%5D=8&engine_version=2&offer_type=flat&room9=1&type=4&p=1,2026-04-11T14:26:55+00:00
512,328778955,ЮВАО,https://www.cian.ru/rent/flat/328778955/?context=3.ZNwS5LLdtls.tlToPtTFFPGpwNDOSkL0x0eeFzt4PSegAxuy02t007VcE2rqDl4hX8TBS6sd3RNYq4m4bBr3bG0_jw&mlSearchSessionGuid=e659bedbda63cc26d61c25390e643aa8,1/10 Ещё фото,254900,20.0,16,25,,"1/10 Ещё фото Впервые и без депозита! Студия, 20 м², 16/25 этаж Депо 18 минут пешком Москва , ЮВАО , р-н Люблино , м. Депо , Люблинская улица , 72Ак2 54 900 ₽/мес. От года, комм. платежи включены (без счётчиков), комиссия 60%, без залога Впервые сдаётся светлая квартира-студия с евроремонтом и совмещённым санузлом в ЖК Люблинский Парк. Без депозита! Её можно посмотреть когда Вам удобно: бронируете время, забираете ключи и спокойно осматриваете. Если всё понравится, договор подпишем онлайн и будем поддерживать Вас на всех этапах аренды. В квартире: - Кухонный гарнитур; - Холодильник; - Стиральная машина; - Кондиционер; - Телевизор; - Интернет проведён + Wi-Fi. Полы - ламинат и плитка. Окна выходят во двор, есть бесплатная парковка. Собственник готов заселить не более 3 взрослых жильцов с детьми. Можно с домашним питомцем по согласованию. Дом находится в районе с развитой инфраструктурой, рядом: - Гипермаркет Ашан; - Парк им. Артёма Боровика; - Парк Героев Отечественной войны 1812 года. Также в пешей доступности школы и детские сады, салоны красоты и парикмахерские, кафе и закусочные, заправки и автосервисы, колледж, культурный центр, фитнес-клубы, бассейн и кинотеатр. До МЦД-2 Перерва 20 минут пешком, до м. Братиславская 20 минут на общественном транспорте. Агентство недвижимости ПИК-Аренда Документы проверены Посмотреть все объекты +7 916 478-65-... Написать час назад сегодня, 15:41",,https://www.cian.ru/cat.php?deal_type=rent&district%5B0%5D=8&engine_version=2&offer_type=flat&room9=1&type=4&p=1,2026-04-11T14:26:55+00:00
517,327434422,ЮВАО,https://www.cian.ru/rent/flat/327434422/?context=3.IwRmn92wYM8.ZNYJkjeF17CoRpHxpi6qQnUS7SxJAh4XrkWrllQ-as1Sckh3EiJP4g_HOLiba5QkudjtZUXrC5v3tg&mlSearchSessionGuid=e659bedbda63cc26d61c25390e643aa8,1/14 Ещё фото,255000,23.2,18,25,,"1/14 Ещё фото Без депозита! Евроремонт! Студия, 23,2 м², 18/25 этаж Депо 18 минут пешком Москва , ЮВАО , р-н Люблино , м. Депо , Люблинская улица , 72Ак2 55 000 ₽/мес. От года, комм. платежи включены (без счётчиков), комиссия 60%, без залога Сдаётся светлая квартира-студия со смежным санузлом в современном ЖК Люблинский Парк, без депозита! Её можно посмотреть когда Вам удобно: бронируете время, забираете ключи и спокойно осматриваете. Если всё понравится, договор подпишем онлайн и будем поддерживать Вас на всех этапах аренды. Квартира оснащена вместительным кухонным гарнитуром, мебелью и бытовой техникой: - Холодильник; - Телевизор; - Микроволновка; - Варочная панель; - Стиральная машина; - Вытяжка; - Робот-пылесос; - Проведён интернет + WI-FI. Полы ламинат и плитка. Окна выходят во двор, на восток, есть бесплатная парковка. Собственник готов заселить не более 2 взрослых жильцов с детьми старше 3 лет и заключить договор с юридическим лицом. Можно с домашним питомцем по согласованию. Недалеко от дома: - Гипермаркет Ашан; - ТЦ Бум; - Парк им. Артёма Боровика; - Парк Героев Отечественной войны 1812 года. В пешей доступности школы и детские сады, салоны красоты, кафе, заправки и автосервисы, колледж, культурный центр, фитнес-клубы, бассейн и кинотеатр. До МЦД-2 Перерва 20 минут пешком, до м. Братиславская 19 минут на общественном транспорте. Агентство недвижимости ПИК-Аренда Документы проверены Посмотреть все объекты +7 915 255-17-... Написать 4 часа назад сегодня, 12:40",,https://www.cian.ru/cat.php?deal_type=rent&district%5B0%5D=8&engine_version=2&offer_type=flat&room9=1&type=4&p=1,2026-04-11T14:26:55+00:00
581,323960207,ЮВАО,https://www.cian.ru/rent/flat/323960207/?context=3.3qsF3wC9ZiQ.MlKzJOqdOq0OHXQ1KSAvtZ9gZRywaks679h65UYiVyMIZoGOs3BVnAf98qxsFhnY3CKlkSL-SdOaEg&mlSearchSessionGuid=cf4d8c55dcd1a3175c1e507aca009f40,1/26,255000,28.0,21,33,,"1/26 Студия, 28 м², 21/33 этаж Перерва 4 минуты пешком Москва , ЮВАО , р-н Люблино , м. Перерва , Иловайская улица , 2 55 000 ₽/мес. От года, комм. платежи включены (без счётчиков), комиссия 80%, залог 60 000 ₽ Сдается уютная квартира свободной планировки в новом ЖК. В квартире есть всё для комфортного проживания: мебель, бытовая техника телевизор, холодильник, стиральная машина, кондиционер, духовка, электроплита от западных брендов, ортопедическая кровать 160200, продуманы зоны отдыха, сна, хранения и т.д. ЖК находится в окружении развитой социальной и коммерческой инфраструктуры - детский сад, различные образовательные учреждения, сетевые супермаркеты (Пятёрочка, ВкусВилл) , ПВЗ (Озон, WB), скоро открытие нескольких кафе и ресторанов. В пешей доступности - Люблинский парк, станции метро Перерва, Братиславская и Марьино. Квартира сдается на длительный срок одному 1 человеку от 30 лет без вредных привычек, без детей и животных. Риелтор Жанна Шойбекова Суперагент +7 916 632-93-... Написать 3 недели назад 14 мар, 18:18",,https://www.cian.ru/cat.php?deal_type=rent&district%5B0%5D=8&engine_version=2&offer_type=flat&room9=1&type=4&p=3,2026-04-11T14:26:55+00:00
566,327344692,ЮВАО,https://www.cian.ru/rent/flat/327344692/?context=3.SD8EK8wHvXE.koisryMGSmB_BwMSQJNEYV9C-yYOqIGlVUo4Rc3ZKX0PW_qXJMHfcb4oe7rzZFbYB8ngKePJ93GcjA&mlSearchSessionGuid=cf4d8c55dcd1a3175c1e507aca009f40,1/11,258000,20.0,10,24,,"1/11 Студия, 20 м², 10/24 этаж Текстильщики 18 минут пешком Москва , ЮВАО , р-н Текстильщики , м. Текстильщики , 1-й Грайвороновский проезд , 3Ак2 58 000 ₽/мес. От года, комм. платежи включены (без счётчиков), без комиссии, залог 60 000 ₽ Сдаётся впервые уютная студия в новом доме в районе Текстильщики. Площадь квартиры — 20 кв. м, расположена на 10 этаже 24-этажного дома. До метро Текстильщики можно дойти пешком всего за 18 минут, до метро Новохохловская - 13 минут . В квартире сделан дизайнерский ремонт, который создаёт атмосферу современности и уюта. Обстановка продумана до мелочей: в наличии вся необходимая мебель как на кухне, так и в жилой зоне. Из техники установлены кондиционер, холодильник, духовой шкаф, индукционная варочная панель, микроволновая печь, телевизор и стиральная машина, что позволит вам чувствовать себя комфортно с первых дней проживания. В санузле — душевая кабина. Дом оборудован двумя пассажирскими и одним грузовым лифтом, а на территории имеется наземная и многоуровневая парковка. Район с развитой инфраструктурой: рядом находятся школы, детские сады, клиники и магазины. Это позволит вам решать все бытовые вопросы, не покидая район. Условия аренды: залог Квартира сдаётся на длительный срок. Без животных! Идеально подойдёт для одного человека или пары. Записывайтесь на просмотр, чтобы лично оценить эту замечательную студию! Агентам не беспокоить! Риелтор ID 309175 Документы проверены +7 985 554-52-... Написать 7 часов назад сегодня, 09:34",,https://www.cian.ru/cat.php?deal_type=rent&district%5B0%5D=8&engine_version=2&offer_type=flat&room9=1&type=4&p=3,2026-04-11T14:26:55+00:00
556,328571046,ЮВАО,https://www.cian.ru/rent/flat/328571046/?context=3.28tXitMFG_0.lA8mMnk1jiDI1HiGi0G-LJJOUmrGzBB3YMkxcJKSuDK0RoKsGW0IrKiqD-vPk1lQu_6Cs8p2dNujrA&mlSearchSessionGuid=1e05aaf253d5761008cc3c0936d6bf8e,1/19,260000,23.6,18,37,,"1/19 Студия, 23,6 м², 18/37 этаж Нижегородская 10 минут пешком Москва , ЮВАО , р-н Нижегородский , м. Нижегородская , Перовское шоссе , 2к2 60 000 ₽/мес. От года, комм. платежи включены (без счётчиков), комиссия 50%, без залога Дoлгоcрочная аренда (договoр нa 11 меcяцeв). Прeдcтaвляeм вaшeму внимaнию пpocторную, уютную студию плoщадью 23,6 кв.м. рacпoложeнную в ЖК Перовское. Бытовая техника: кондиционер, телевизор, хoлoдильник, варочная панель, микроволновая печь, cтиpальная машинa, элeктричecкий чайник, утюг, гладильная доска, сушилка для одежды. Есть все необходимое для комфортного и долгосрочного проживания, в т.ч. посуда. Удобства квартиры: - Вместительные системы хранения; - Обеденная зона с телевизором; - Уютная просторная комната с красивым видом из окна; - Светлая, уютная ванная комната с современной сантехникой. Дом находится в районе с развитой инфраструктурой: в шаговой доступности остановки общественного транспорта, в пешей доступности станция метро Нижегородская. Рядом с домом расположены: продуктовые супермаркеты, пункты выдачи, аптеки, кафе, рестораны. Условия проживания по Тарифу Комфортное проживание: - 50% от арендного платежа при заселении; - Раннее бронирование объекта (за 3 дня до заселения); - Персональный менеджер на всех этапах аренды быстро реагирует на запросы - большинство бытовых вопросов решаем за 48 часов; - Страхование гражданской ответственности до 0,3 млн ₽; - Организация мелкого ремонта. Коммунальные платежи: электроэнергия, хвс\гвс, услуги интернет провайдера, расходы за отопление дома/квартиры оплачивает арендатор. Заселение только при наличии постоянной регистрации РФ. Без животных Агентство недвижимости СМАРЕНТ Документы проверены +7 985 853-93-... Написать три дня назад 8 апр, 13:53",,https://www.cian.ru/cat.php?deal_type=rent&district%5B0%5D=8&engine_version=2&offer_type=flat&room9=1&type=4&p=2,2026-04-11T14:26:55+00:00
565,328600340,ЮВАО,https://www.cian.ru/rent/flat/328600340/?context=3.Kxhy_Q8DNw0.MUynJ74DT5BFtAUEkuGpvONININRT1fJGSgGc04TSyzjhqSGR_BjXMZIdRAYXUvoFMRpul387ggC5Q&mlSearchSessionGuid=cf4d8c55dcd1a3175c1e507aca009f40,1/15,260000,23.0,23,25,,"1/15 Студия, 23 м², 23/25 этаж Только на Циан Нижегородская 12 минут пешком Москва , ЮВАО , р-н Нижегородский , м. Нижегородская , Рязанский проспект , 2/2к2 60 000 ₽/мес. От года, комм. платежи включены (счётчики включены), без комиссии, залог 60 000 ₽ Сдается новая студия от собственника, без агентской комиссии. Есть все необходимое для комфортного проживания, очень удобное спальное место. Собственник ID 112154994 +7 916 663-37-... Написать пять дней назад 6 апр, 13:44",,https://www.cian.ru/cat.php?deal_type=rent&district%5B0%5D=8&engine_version=2&offer_type=flat&room9=1&type=4&p=3,2026-04-11T14:26:55+00:00
568,327451459,ЮВАО,https://www.cian.ru/rent/flat/327451459/?context=3.OcvhOzuwhdw.disaPcFJJ74omguoo0wYZMfitI80X3w3QfCs_ySK0mv9ltxcPLn36bmhw2MMIklndzXOqJwyW5JX0A&mlSearchSessionGuid=cf4d8c55dcd1a3175c1e507aca009f40,1/5,260000,20.0,26,27,,"1/5 Студия, 20 м², 26/27 этаж Только на Циан Нижегородская 10 минут пешком Москва , ЮВАО , р-н Нижегородский , м. Нижегородская , Перовское шоссе , 2к2 60 000 ₽/мес. От года, комм. платежи включены (без счётчиков), без комиссии, залог 50 000 ₽ Сдаётся уютная студия площадью 20 кв. м на 26 этаже нового дома, построенного в 2023 году. Дом расположен всего в 10 минутах пешком от метро ""Нижегородская"", что делает его идеальным местом для тех, кто ценит удобство и доступность транспорта. В квартире сделан современный ремонт, установлена вся необходимая мебель и техника. В вашем распоряжении будет кондиционер, холодильник, посудомоечная и стиральная машины. Для комфортного принятия душа предусмотрена душевая кабина. Удачная планировка студии позволяет максимально эффективно использовать пространство. Дом оснащён двумя пассажирскими и двумя грузовыми лифтами.Высокоскоростной интернет позволит вам оставаться на связи и работать из дома без помех. В шаговой доступности находятся школы, детские сады, клиники и магазины, что делает это предложение отличным вариантом для семей и профессионалов. Все необходимые инфраструктурные объекты буквально под рукой. Условия аренды: без комиссии, возможна долгосрочная аренда. Владелец квартиры открыт для обсуждения деталей и готов рассмотреть ваши предложения. Собственник ID 139628622 Документы проверены +7 916 709-67-... Написать 4 часа назад сегодня, 13:15",,https://www.cian.ru/cat.php?deal_type=rent&district%5B0%5D=8&engine_version=2&offer_type=flat&room9=1&type=4&p=3,2026-04-11T14:26:55+00:00
552,328376795,ЮВАО,https://www.cian.ru/rent/flat/328376795/?context=3.iB8OoIgVJnM.5GcGelQZkRsDX2YGK4YP1R3o4Zb-LPSWIMN7Iv-BYsU8gQ1jqOpkrqHh78WCZ0HFmfMehiwj-_rZCg&mlSearchSessionGuid=1e05aaf253d5761008cc3c0936d6bf8e,1/11,336000,12.0,10,15,,"1/11 Студия, 12 м², 10/15 этаж Люблино 15 минут пешком Москва , ЮВАО , р-н Люблино , м. Люблино , Цимлянская улица , 3к3 36 000 ₽/мес. От года, комм. платежи включены (счётчики включены), комиссия 100%, залог 36 000 ₽ Показы 8 апреля СДАМ ДЛЯ ОДНОГО человека на длительный срок квартиру-студию с современным евроремонтом в новом ЖК бизнес-класса ""ВЛюблино"", район Люблино. Депозит возможно разбить на 2 части. Дом 15-этажный монолитный. Этаж 10/15, пластиковые окна, санузел совмещен. Диван двуспальный, микроволновая печь, холодильник, электро-плита, чайник, шкаф, стиральная машина (в коридоре). Инфраструктура развитая, все объекты первой необходимости расположены в пешей доступности: школа, детский сад, супермаркеты и др. Рядом парки. От станции метро Люблино - 9 минут пешком. Автобусные остановки возле дома. Оперативный показ: Москва, Цимлянская 3к3. Агентство недвижимости ЖИЛСЕРВИС Суперагент +7 915 496-36-... Написать неделю назад 1 апр, 16:49",,https://www.cian.ru/cat.php?deal_type=rent&district%5B0%5D=8&engine_version=2&offer_type=flat&room9=1&type=4&p=2,2026-04-11T14:26:55+00:00
561,277860670,ЮВАО,https://www.cian.ru/rent/flat/277860670/?context=3.pX0t2DuQ9n8.mZIQijmxgGuXo7O_YEpTaH8afrmpRyi72QckC8ZitsO3pjnOXwbmrZRpCJlIlyh1QLlbo0kKNBqEPw&mlSearchSessionGuid=cf4d8c55dcd1a3175c1e507aca009f40,1/7,340000,15.5,2,5,,"1/7 Студия, 15,5 м², 2/5 этаж Только на Циан Кузьминки 14 минут пешком Москва , ЮВАО , р-н Кузьминки , м. Кузьминки , Окская улица , 28К3 40 000 ₽/мес. От года, комм. платежи включены (без счётчиков), без комиссии, залог 40 000 ₽ прошу писать, а не звонить Квартира светлая со свежим ремонтом. предыдущий жилец оставил загрязнения, поэтому на первый месяц будет предоставлена скидка 5 тыс.руб. показы не провожу, прошу писать если готовы снять сразу Собственник ID 88806947 Документы проверены +7 985 865-37-... Написать 2 недели назад 28 мар, 10:54",,https://www.cian.ru/cat.php?deal_type=rent&district%5B0%5D=8&engine_version=2&offer_type=flat&room9=1&type=4&p=3,2026-04-11T14:26:55+00:00
537,328447926,ЮВАО,https://www.cian.ru/rent/flat/328447926/?context=3.a3vZgxyfB9E.oSS5zdO-kY5aRyAkALSZUGN5Mz8abpI3q4q7Aw45A-iGpxnq73uTEGUcAnj9KVesUVQkVeKDmeY_Gw&mlSearchSessionGuid=1e05aaf253d5761008cc3c0936d6bf8e,1/6,342000,24.0,24,25,,"1/6 Студия, 24 м², 24/25 этаж Братиславская 18 минут пешком Москва , ЮВАО , р-н Люблино , м. Перерва , Люблинская улица , 80к3 42 000 ₽/мес. От года, комм. платежи включены (без счётчиков), комиссия 50%, залог 42 000 ₽ Сдается студия с хорошим косметическим ремонтом. В квартире имеется вся необходимая мебель и техника для комфортного проживания. Развитая инфраструктура : сетевые магазины, салоны красоты, остановка общественного транспорта в пешей доступности. Рассмотрим не более двух человек, порядочных и платежеспособных. Оперативный показ и заселение, ключи на руках По всем вопросам пишите в сообщения Агентство недвижимости CAPITAL SOLUTIONS Суперагент +7 985 383-81-... Написать неделю назад 3 апр, 13:24",,https://www.cian.ru/cat.php?deal_type=rent&district%5B0%5D=8&engine_version=2&offer_type=flat&room9=1&type=4&p=2,2026-04-11T14:26:55+00:00
542,328043825,ЮВАО,https://www.cian.ru/rent/flat/328043825/?context=3.BYQsOFyTZxA.F5lkfkTrSR1cjd-kxzCMPdr-cR8tAG1HkExjhEv2Ab31nJzXgm-O2RBHPU-A2XyXw-b10E3TvpJPCA&mlSearchSessionGuid=1e05aaf253d5761008cc3c0936d6bf8e,1/6,343000,20.0,1,12,,"1/6 Студия, 20 м², 1/12 этаж Марьино 6 минут пешком Москва , ЮВАО , р-н Марьино , м. Марьино , Новомарьинская улица , 3К3 43 000 ₽/мес. От года, комм. платежи включены (без счётчиков), комиссия 70%, залог 43 000 ₽ Арт. 133103315 Сдается студия рядом с метро. Сделан свежий ремонт и установлена новая мебель. Есть балкон. Хорошо подойдет для одного человека. Звоните. Агентство недвижимости Самолет Плюс Документы проверены +7 989 151-24-... Написать 2 часа назад сегодня, 14:52",,https://www.cian.ru/cat.php?deal_type=rent&district%5B0%5D=8&engine_version=2&offer_type=flat&room9=1&type=4&p=2,2026-04-11T14:26:55+00:00
564,298565498,ЮВАО,https://www.cian.ru/rent/flat/298565498/?context=3.4yMI-4VPr_o.qwx5855zaTpVjSuCKw_Y_UPQjBRCnXzmc_fFezkiHsbxX7zQ5Ao_gSh7ePfDh_ts6IxehbYUg_NdTA&mlSearchSessionGuid=cf4d8c55dcd1a3175c1e507aca009f40,1/22,343000,23.2,13,25,,"1/22 Студия, 23,2 м², 13/25 этаж Только на Циан Люблино 5 минут на транспорте Москва , ЮВАО , р-н Люблино , м. Депо , Люблинская улица , 72к3 43 000 ₽/мес. От года, комм. платежи включены (без счётчиков), комиссия 50%, залог 43 000 ₽ Квартира-студия в современном ЖК ""Люблинский парк"" комфорт-класса. Свежий ремонт. Новая мебель и бытовая техника. Полы: ламинат, плитка. Стеклопакеты. Совмещенный санузел. Душ-кабина. Кухня под единой столешницей. Варочная панель. Электрическая духовка. Вытяжка. Стиральная машина-автомат. Холодильник. Телевизор - по запросу. Развитая инфраструктура: школы, детские сады, сетевые магазины, кафе, фитнес-клубы, кинотеатр, парки. Транспортная доступность до метро Братиславская, Люблино и пешая до ж/д станции ""Перерва"". Длительный срок аренды. Оперативный показ. Ключи на руках. Рассматриваем одного человека или семейную пару. Риелтор Инна Романова Суперагент +7 915 196-07-... 2 недели назад 23 мар, 11:18",,https://www.cian.ru/cat.php?deal_type=rent&district%5B0%5D=8&engine_version=2&offer_type=flat&room9=1&type=4&p=3,2026-04-11T14:26:55+00:00
543,328292841,ЮВАО,https://www.cian.ru/rent/flat/328292841/?context=3.PmcjQ_x-1Gs.u9jR5AVXq6zR4qAY5c_4dIkEiNd3YEAkw-k2dfMcDYT1G4I9oCCaClXECjlwgw6JatsTqPJh3HT5mQ&mlSearchSessionGuid=1e05aaf253d5761008cc3c0936d6bf8e,1/10,345000,26.8,22,25,,"1/10 Студия, 26,8 м², 22/25 этаж Перерва 4 минуты на транспорте Москва , ЮВАО , р-н Люблино , м. Перерва , Люблинская улица , 74к3 45 000 ₽/мес. От года, комм. платежи включены (без счётчиков), комиссия 50%, залог 45 000 ₽ Id 62144. Показы возможны с 11.04.2026г В долгосрочную аренду сдается студия в новом жилом комплексе комфорт класса ""Люблинский парк"" О квартире: -яркий ремонт -имеется вся необходимая мебель и техника -большие окна, благодаря которым студия становится очень яркой О жилом комплексе: Жилой квартал ""Люблинский парк"" расположен на юго-востоке Москвы, в шаговой доступности от станции ""Братиславская"" и МЦД ""Перерва"", также в 10ти минутах находится автобусная остановка. В проекте 54 жилых корпуса, три школы, семь детских садов, поликлиника. В районе есть все условия для комфортной жизни: торговые центры, школы, детские сады, поликлиники и спортивные центры. Рядом находятся усадьба Люблино, скверы и парки. Различные магазины, кафе и другие сервисы откроются на первых этажах, а на подземных будут паркинги с удобной навигацией. В зелёных дворах без автомобилей строятся детские площадки и места для отдыха. А ещё ""Люблинский парк"" стал третьим проектом ПИК с большой игровой площадкой PlayHub, которая уже открылась между 1-м и 2-м блоками на безопасном расстоянии от дороги. Условия аренды прозрачны и конкурентны. Стоимость составляет 45 000 рублей в месяц + счётчики. Залог равен месячной плате. Это предложение оптимально сочетает отличное качество жизни и разумные финансовые условия. Агентство недвижимости EstateLiga Документы проверены +7 916 863-15-... Написать вчера вчера, 10:10",,https://www.cian.ru/cat.php?deal_type=rent&district%5B0%5D=8&engine_version=2&offer_type=flat&room9=1&type=4&p=2,2026-04-11T14:26:55+00:00
563,312717465,ЮВАО,https://www.cian.ru/rent/flat/312717465/?context=3.7pjP4-TIPvU.5zsTSfBFGyTq-JC8EVcSV9ufPCTduQP9ysmFQK04kAAjUtdGMnHPgouhkVxy5ARK0N8Wpu8KRbVvqA&mlSearchSessionGuid=cf4d8c55dcd1a3175c1e507aca009f40,1/22,350000,21.5,7,25,,"1/22 Студия, 21,5 м², 7/25 этаж Проверено в Росреестре Депо 18 минут пешком Москва , ЮВАО , р-н Люблино , м. Депо , Люблинская улица , 72к3 50 000 ₽/мес. От года, комм. платежи включены (счётчики включены), без комиссии, залог 50 000 ₽ АГЕНТАМ ПРОСЬБА - НЕ БЕСПОКОИТЬ! Я собственник. Оперативный показ в любое время дня с 9 до 21. Сдается стильная, светлая квартира-студия в современном новом доме. В квартире современная мебель и техника. Оборудована всем необходимым для проживания: большой и вместительный кухонный гарнитур, c индукционной плитой, вытяжкой, микроволновкой, есть фильтр воды, холодильник; Кондиционер, комфортный раскладывающийся диван с большими отсеками для хранения постельного белья; комод для личных вещей; телевизор smart tv; в коридоре очень вместительный гардероб(260*170*50см) с большим зеркалом; стиральная машина в совмещенном санузле. В квартире проведен интернет, есть вайфай роутер. Большие окна с видом во двор. В ЖК есть остановки общественного транспорта до метро Братиславская/Текстильщики, до МЦД-2. Пешком до метро Братиславская-20 минут и до МЦД-2 Перерва-15 минут. В ЖК очень развитая инфраструктура: супермаркеты ВкуссВилл, Пятерочка, Магнит, Красное и Белое, Бристоль, Винлаб, Мираторг, большое количество пунктов выдачи маркетплейсов, кофейни, мужские и женские салоны красоты, аптеки, фитнес-клуб, магазины косметики и бытовой химии. Рядом есть ТЦ Люблино Молл(бывший Л-153) со всеми основными магазинами: крупный Ашан, МВидео, Эльдорадо, Кари, Аскона, Летуаль и большой фитнес клуб DDX Fitness. В 30 минутах пешком находится Люблинский Парк и Парк Кузьминки - красивейшие старинные усадебные парки с живописными прудами и пешеходными зонами. Оплата за первый и последний месяцы проживания + квитанции по счетчикам + интернет. Аренда строго максимум 2 человека (пара), без детей и животных, и только при наличии постоянной регистрации в РФ. Долгосрочная аренда от 10 месяц!!! Собственник ID 120959 Документы проверены +7 916 174-81-... Написать два дня назад 9 апр, 10:13",,https://www.cian.ru/cat.php?deal_type=rent&district%5B0%5D=8&engine_version=2&offer_type=flat&room9=1&type=4&p=3,2026-04-11T14:26:55+00:00
545,328527436,ЮВАО,https://www.cian.ru/rent/flat/328527436/?context=3.Eboss9ZZVW0.TiQivqn1_Cpiq-YFy_z1EQ6GU2a_8VR6WY2ZDF8vyBMosC6ERlGDuEoE8ln2MhCSUEhxlDNpQZV0sA&mlSearchSessionGuid=1e05aaf253d5761008cc3c0936d6bf8e,1/33,356000,20.0,20,24,,"1/33 Студия, 20 м², 20/24 этаж Текстильщики 19 минут пешком Москва , ЮВАО , р-н Текстильщики , м. Текстильщики , 1-й Грайвороновский проезд , 3Ак3 56 000 ₽/мес. От года, комм. платежи включены (без счётчиков), комиссия 50%, без залога Kвapтирa cдaется впервые Дoлгоcрoчная аpенда (дoгoвop нa 11 мecяцев). Предcтавляeм вашему внимaнию cвeтлую и уютную cтудию в ЖK Bолжский пaрк площадью 20 кв.м., раcполoжeнную на юго-востoкe Mоcквы в рaйоне Тeкстильщики. B кваpтиpе выпoлнeна меблировка по индивидуaльнoму дизайнеpскому пpоeкту от кoмпании SМАRЕNТ. Бытовая техника: стиральная машина, холодильник, варочная панель, СВЧ, телевизор, электрический чайник. Район обладает насыщенной и развитой инфраструктурой: - в 15 минутах пешком от метро Текстильщики - подземные и наземные паркинги, дворы-парки - поликлиники, магазины и фитнес-клубы. - в окружении находятся ТЦ Город, Леруа Мерлен, кинотеатр Олимпик Синема и стадион Москвич. Поблизости благоустроенные зелёные зоны: Волжский бульвар, большой Кузьминский лесопарк, пруд Садки и музей-усадьба Кусково ПРАВИЛА ПРОЖИВАНИЯ: Тариф Комфортное проживание: Заселение без домашних животных. - Раннее бронирование объекта (за 3 дней до заселения) - Персональный менеджер на всех этапах аренды быстро реагирует на запросы - большинство бытовых вопросов решаем за 48 часов - Страхование гражданской ответственности до 300 000 ₽ - Организация мелкого ремонта Коммунальные платежи: электроэнергия, хвс\гвс, услуги интернет провайдера, расходы за отопление дома/квартиры оплачивает арендатор. Заселение только при наличии постоянной регистрации РФ. - комиссия 50% от арендного платежа Агентство недвижимости СМАРЕНТ Документы проверены +7 985 853-93-... Написать три дня назад 8 апр, 11:33",,https://www.cian.ru/cat.php?deal_type=rent&district%5B0%5D=8&engine_version=2&offer_type=flat&room9=1&type=4&p=2,2026-04-11T14:26:55+00:00
550,322072059,ЮВАО,https://www.cian.ru/rent/flat/322072059/?context=3.hW49W_L8-m0.nkUZ_h0VneanEDwpOrSluR07w0h0c73Xc1fML11hECl7YgxhByDl2bNaVawZjKfdH08jasd7ai7v5g&mlSearchSessionGuid=1e05aaf253d5761008cc3c0936d6bf8e,1/22,356000,21.5,23,24,,"1/22 Студия, 21,5 м², 23/24 этаж Только на Циан Текстильщики 19 минут пешком Москва , ЮВАО , р-н Текстильщики , м. Текстильщики , 1-й Грайвороновский проезд , 3 56 000 ₽/мес. От года, комм. платежи включены (без счётчиков), без комиссии, залог 56 000 ₽ Сдаётся на долгий срок студия в современном жилом комплексе Волжский парк, расположенном по адресу: Россия, Москва, 1-й Грайвороновский проезд, 3. Квартира площадью 21,5 кв. м находится на 23-м этаже 24-этажного дома, построенного в 2022 году. В этом корпусе уже давно сложившаяся инфраструктура с магазинами, пунктами выдачи, кафе, салонами красоты и т д Из окон открывается панорамный вид на центр города. В квартире выполнен качественный ремонт . Пространство студии продумано до мелочей: компактная кухня, оборудована необходимой мебелью и техникой, включая холодильник, свч, варочную поверхность, вытяжку. Двухспальный раскладной диван, мебель для хранения и телевизор. Совмещённый санузел оснащён душевой кабиной и стиральной машиной Жилой комплекс расположен в районе с развитой инфраструктурой. До станции метро ""Текстильщики"" можно дойти за 19 минут, что обеспечит вам быстрый доступ к другим районам Москвы. Риелтор ID 13350839 Документы проверены +7 985 148-15-... Написать неделю назад 30 мар, 11:33",,https://www.cian.ru/cat.php?deal_type=rent&district%5B0%5D=8&engine_version=2&offer_type=flat&room9=1&type=4&p=2,2026-04-11T14:26:55+00:00
544,328636540,ЮВАО,https://www.cian.ru/rent/flat/328636540/?context=3.cc_U3MoOOVc.tKvJlvqYuppc7jiB6srQccX6O77yspInu4K8REJOlkKyVnRFhaIG45AGVKM6kzP1679WA0ezEqodgg&mlSearchSessionGuid=1e05aaf253d5761008cc3c0936d6bf8e,1/38,357000,23.4,12,24,,"1/38 Студия, 23,4 м², 12/24 этаж Текстильщики 19 минут пешком Москва , ЮВАО , р-н Текстильщики , м. Текстильщики , 1-й Грайвороновский проезд , 3Ак3 57 000 ₽/мес. От года, комм. платежи включены (без счётчиков), комиссия 50%, без залога Дoлгocрoчная аренда (договoр нa 11 меcяцев). Представляeм вашему внимaнию уютную светлую студию площадью 23,4 кв.м. pасполoжeнную в ЖК Волжский парк Квартира укомплектована всем необходимым для комфортного проживания: качественная техника и стильная мебель! Бытовая теxника: cтиральнaя мaшина, xoлодильник, микpоволновка, варочная панeль, пoсудомоечная машина, электрический чайник, утюг, телевизор, кондиционер. Транспортная доступность: Метро Текстильщики -15 мин пешком МЦК Новохоловская - 3 мин на машине - Район с развитой инфраструктурой: дворы-парки, поликлиники, магазины и фитнес-клубы. - В окружении находятся ТЦ Город, кинотеатр Олимпик Синема и стадион Москвич. - Поблизости благоустроенные зелёные зоны: Волжский бульвар, большой Кузьминский лесопарк, пруд Садки и музей-усадьба Кусково Условия проживания по Тарифу Комфортное проживание: - 50% от арендного платежа при заселении; - Раннее бронирование объекта (за 3 дня до заселения); - Персональный менеджер на всех этапах аренды быстро реагирует на запросы - большинство бытовых вопросов решаем за 48 часов; - Страхование гражданской ответственности до 300 000 ₽; - Организация мелкого ремонта. Коммунальные платежи: электроэнергия, хвс\гвс, услуги интернет-провайдера, расходы за отопление дома/квартиры оплачивает арендатор. Заселение только при наличии постоянной регистрации РФ. Без животных. Агентство недвижимости СМАРЕНТ Документы проверены +7 985 853-93-... Написать два дня назад 9 апр, 10:43",,https://www.cian.ru/cat.php?deal_type=rent&district%5B0%5D=8&engine_version=2&offer_type=flat&room9=1&type=4&p=2,2026-04-11T14:26:55+00:00
573,328835250,ЮВАО,https://www.cian.ru/rent/flat/328835250/?context=3.MlitP3nXY3U.A2g95rHIoR0L5t4KvRIDiYDDMQQF7wW-QxSr059iJXmzP5jC1juymsPOJ6LqoXFZhevQX4v1Hp8kPA&mlSearchSessionGuid=cf4d8c55dcd1a3175c1e507aca009f40,1/10,360000,23.2,13,33,,"1/10 Студия, 23,2 м², 13/33 этаж Нижегородская 10 минут пешком Москва , ЮВАО , р-н Нижегородский , м. Нижегородская , Перовское шоссе , 2к3 60 000 ₽/мес. От года, комм. платежи включены (без счётчиков), без комиссии, залог 60 000 ₽ Сдаётся современная студия с евроремонтом в новом доме. Квартира площадью 23,2 кв. м расположена на 13 этаже 33-этажного дома, построенного в 2022 году. Всего в шаговой доступности от метро — всего 10 минут пешком. Окна выходят как на улицу, так и во двор, что обеспечивает хорошую освещённость и возможность наслаждаться тишиной, а также наблюдать за красивым видом на ночную Москву. В квартире сделан свежий евроремонт, есть вся необходимая мебель как в комнате, так и на кухне. Из техники в вашем распоряжении холодильник, микроволновая печь, варочная панель, телевизор и стиральная машина. В совмещённом санузле установлена душевая кабина, что делает проживание ещё более комфортным. Дом оснащён четырьмя грузовыми лифтами и наземной парковкой для удобства жильцов. Территория благоустроена и находится в отличном состоянии. Здесь есть всё необходимое для комфортной жизни. Рядом с домом расположены школы, детские сады, клиники и магазины, поэтому все нужные услуги и товары будут в шаговой доступности. Хорошая транспортная доступность позволяет быстро добраться до других районов города. Аренда квартиры от собственника, без комиссии. Идеально подойдёт для одного человека или пары. Залог и предоплата обсуждаются индивидуально. Все документы в полном порядке, юридически чистая сделка. Приглашаем вас на просмотр! Записывайтесь, и мы с радостью покажем вам квартиру, которая может стать вашим новым уютным домом. Собственник ID 137080699 +7 985 544-17-... Написать вчера вчера, 13:49",,https://www.cian.ru/cat.php?deal_type=rent&district%5B0%5D=8&engine_version=2&offer_type=flat&room9=1&type=4&p=3,2026-04-11T14:26:55+00:00
587,327804370,ЮВАО,https://www.cian.ru/rent/flat/327804370/?context=3.RDyb6OX_f7Q.p7sX628b-QzrQlC7OA56gSuYRo5sk7GrA1J6E69Mq1U1L8OU3e1OiWw0lDUPBNFoMrrt_aBO81ekow&mlSearchSessionGuid=cf4d8c55dcd1a3175c1e507aca009f40,1/25,362000,22.5,4,8,,"1/25 Апартаменты-студия, 22,5 м², 4/8 этаж Только на Циан Волгоградский проспект 7 минут пешком Москва , ЮВАО , р-н Южнопортовый , м. Волгоградский проспект , Волгоградский проспект , 32/5к3 62 000 ₽/мес. От года, комм. платежи включены (без счётчиков), комиссия 50%, залог 62 000 ₽ НОВАЯ, ДИЗАЙНЕРСКАЯ КВАРТИРА-СТУДИЯ В АРЕНДУ !!! Новая квартира в ЖК Бизнес-класса ""Метрополия"", внутри ТТК, 15 минут на машине до центра, 7 минут до метро Волгоградский проспект, МЦК Угрешская, 8 минут до м. Волгоградский пр-т, 15 минут до м. Дубровка. Есть парковочное место в паркинге, готовы сдать в аренду за 13 000 рублей. Светлая, совершенно новая студия. Качественный ремонт, высокие потолки. Студия оборудована всей необходимой НОВОЙ техникой: индукционная плита, вытяжка, стиральная машинка, посудомойка, холодильник, кондиционер, электрический чайник. В квартире много места для хранения, большой удобный диван, кухня в идеальном состоянии.Все коммунальные услуги оплачиваются отдельно. В шаговой доступности кофейни (Surf Coffee в 3 мин), продуктовые магазины (ВкусВилл 1 мин), салоны красоты, аптеки, винотеки и все возможные пункты выдачи заказов. Подземная парковка, закрытый двор, круглосуточная охрана и консьерж. Удобная транспортная развязка позволяет быстро добраться до любой точки города. Также для вашего удобства комплекс оборудован подземным паркингом. Если у вас еще остались вопросы, звоните или пишите, с удовольствием ответим. Осмотр квартиры, организуем по договоренности. Риелтор Светлана Чернова Суперагент +7 985 271-14-... Написать два дня назад 9 апр, 02:13",,https://www.cian.ru/cat.php?deal_type=rent&district%5B0%5D=8&engine_version=2&offer_type=flat&room9=1&type=4&p=3,2026-04-11T14:26:55+00:00
518,328818476,ЮВАО,https://www.cian.ru/rent/flat/328818476/?context=3.S6LDGHdwYMs.yb9O5B66Y-dwtyWD4acLDHdp4UwB1pMRSkcqIyo5CBhRflo2CGzq0fQq_8BflOmvEOz09_1DsdHUqw&mlSearchSessionGuid=e659bedbda63cc26d61c25390e643aa8,1/13 Ещё фото,363000,23.6,19,33,,"1/13 Ещё фото Студия, 23,6 м², 19/33 этаж Нижегородская 10 минут пешком Москва , ЮВАО , р-н Нижегородский , м. Нижегородская , Перовское шоссе , 2к3 63 000 ₽/мес. От года, комм. платежи включены (счётчики включены), без комиссии, залог 65 000 ₽ Сдается от СОБСТВЕННИКА !!! Без КОМИССИИ !!!Стильная студия с дизайнерским ремонтом на длительный срок. Несмотря на маленькую квадратура, очень вместительная, все продумано до мелочей. Залог составляет 65,000 рублей. Коммунальные услуги оплачиваются арендатором по счетчикам. Проживание с детьми разрешено, но без животных. Квартира расположена на 19 этаже монолитно-панельного дома, построенного в 2022 году.. Из окон открывается вид на городскую застройку. В квартире имеется вся необходимая мебель: вместительные шкафы, удобный диван и обеденный стол. Современная кухня оборудована холодильником, микроволновой печью и стиральной машиной. Ванная комната совмещенная, с душевой кабиной и современной сантехникой. Парковка открытая во дворе. В подъезде установлены современные лифты. Интернет и телевидение подключены через Wi-Fi. Собственник ID 15432574 Документы проверены Посмотреть все объекты +7 932 720-36-... Написать вчера вчера, 22:08",,https://www.cian.ru/cat.php?deal_type=rent&district%5B0%5D=8&engine_version=2&offer_type=flat&room9=1&type=4&p=1,2026-04-11T14:26:55+00:00
511,327050820,ЮВАО,https://www.cian.ru/rent/flat/327050820/?context=3.HJEo8NfIYdU.N6XwCqGhShceG_KAZeUaOQfPGuZGRnH5pdZECQxmjXcdZg2p6dVQPf6Pb7YggLSVCuq4sHIrTJh1mw&mlSearchSessionGuid=e659bedbda63cc26d61c25390e643aa8,1/18 Ещё фото,363500,25.3,11,27,,"1/18 Ещё фото Пешком до метро! Залог 0 Студия, 25,3 м², 11/27 этаж Нижегородская 10 минут пешком Москва , ЮВАО , р-н Нижегородский , м. Нижегородская , Перовское шоссе , 2к3 63 500 ₽/мес. От года, комм. платежи включены (без счётчиков), комиссия 60%, без залога Сдаётся уютная квартира-студия с хорошим ремонтом в ЖК Перовское 2, без депозита! Её можно посмотреть когда Вам удобно: бронируете время, забираете ключи или встречаетесь с нашим представителем и спокойно осматриваете. Если всё понравится, договор подпишем онлайн и будем поддерживать Вас на всех этапах аренды. Квартира оснащена вместительным кухонным гарнитуром, мебелью и бытовой техникой. Есть: - Стиральная машина; - Холодильник; - Плита; - Микроволновка; - Телевизор; - Кондиционер; - Посудомоечная машина; - Проведён интернет с Wi-Fi и подключено кабельное/цифровое ТВ. Можно обсудить покупку необходимой мебели в счёт арендной платы. Полы ламинат и плитка. Окна выходят во двор и на улицу, на северо-запад. Есть бесплатная парковка. Собственник готов заселить не более 2 взрослых жильцов с детьми, оформить временную регистрацию или заключить договор с юридическим лицом. Можно с домашним питомцем по согласованию. Дом расположен в районе с развитой инфраструктурой, рядом находятся: - ТЦ Город; - Перовский парк, Кусковский лесопарк и парк Карачарово. В пешей доступности школы, продуктовые супермаркеты, заправки, спортивные клубы, почта, аптеки и медицинские учреждения, бассейн, салоны красоты, кафе. До м. Нижегородская можно дойти за 10 минут, до м. Стахановская 18 минут пешком. Агентство недвижимости ПИК-Аренда Документы проверены Посмотреть все объекты +7 916 942-34-... Написать 6 часов назад сегодня, 11:10",,https://www.cian.ru/cat.php?deal_type=rent&district%5B0%5D=8&engine_version=2&offer_type=flat&room9=1&type=4&p=1,2026-04-11T14:26:55+00:00
530,328521012,ЮВАО,https://www.cian.ru/rent/flat/328521012/?context=3.-FonCtiJHKs.Yfm2qcsEtk48qpC-8q3XF0I5JHuPISG-dbesGVxwmoHLH7uWnF9s1REAqROz2lB-NkyvFIGfyCO5QA&mlSearchSessionGuid=e659bedbda63cc26d61c25390e643aa8,1/22,365000,26.0,17,33,,"1/22 Студия, 26 м², 17/33 этаж Нижегородская 10 минут пешком Москва , ЮВАО , р-н Нижегородский , м. Нижегородская , Перовское шоссе , 2к3 65 000 ₽/мес. От года, комм. платежи включены (без счётчиков), без комиссии, залог 65 000 ₽ Собственник! Сдается прекрасная квартира студия. Вся мебель и техника новые. Полностью укомплектована. Комплектация квартиры видна на фото. ID 154442 Документы проверены +7 986 264-20-... Написать 4 часа назад сегодня, 12:34",,https://www.cian.ru/cat.php?deal_type=rent&district%5B0%5D=8&engine_version=2&offer_type=flat&room9=1&type=4&p=1,2026-04-11T14:26:55+00:00
533,316033389,ЮВАО,https://www.cian.ru/rent/flat/316033389/?context=3.C_DwwM1-PTM.kK44L6BRLeuQmKkQ1V7whjvu68TVnJju3PnwNJYWyt3aWhyukJ75Ipau-0po4xbOxtQzpiGeKBBnHQ&mlSearchSessionGuid=1e05aaf253d5761008cc3c0936d6bf8e,1/15,365000,25.0,6,30,,"1/15 Студия 25 кв.м Апартаменты-студия, 25 м², 6/30 этаж Проверено в Росреестре Волгоградский проспект 7 минут пешком Москва , ЮВАО , р-н Южнопортовый , м. Волгоградский проспект , Волгоградский проспект , 32/5к3 65 000 ₽/мес. От года, комм. платежи включены (без счётчиков), без комиссии, залог 65 000 ₽ Сдается собственником!!! Студия в ЖК Метрополия башня Флоренция у станции метро ""Волгоградский проспект"" - Таганско-Краснопресненская линия метрополитена (фиолетовая ветка на карте Московского метро). Южнопортовый район, Юго-Восточный административный округ столицы. Всего 3 минуты пешком от корпуса Флоренция до станции метро ""Волгоградский проспект"". Район внутри ТТК на границе с ЦАО. Идеальная локация для жизни и работы! Дизайнерский ремонт студии Транспортная доступность: • 15 минут на транспорте до Садового кольца. • Удобные выезды на ТТК, МЦК УГРЕШСКАЯ и в центр Москвы. • Рядом остановки наземного транспорта. Инфраструктура внутри ЖК: • Магазины: ВкусВилл, Клевер, Монголия, Ароматный Мир, Винлаб, Красное&Белое,Барин Дома, Точка Дыма, Деликатеска. • Аптеки Ригла,36,6, Горздрав. • Кафе и рестораны на любой вкус:Sense, Surf Coffe, Здрасте, Дом Winner, French Bakery,Деликатеска и многое другое. • Пункты выдачи заказов в соседнем доме: OZON, Wildberries, Яндекс. • Сервисы: барбершопы, салоны красоты, груминг. Химчистка LEDA. • Круглосуточная доставка всего. Образование рядом: • Школа им. Маяковского. • Частная Ломоносовская гимназия (20 минут пешком). • Вузы: МТУ, МЛГУ, МФЮА, Институт психоанализа, ИПИ НОУ. О доме - корпус Флоренция: • Вход по чип-ключу, круглосуточная охрана и видеонаблюдение на всех этажах. • 3 лифта с WIFI (1 грузовой). • В холле охрана, мягкая мебель для жильцов и гостей, видеонаблюдение. • Лаунж-зона во дворе, двор без машин. В соседнем доме со двора - ПВЗ: WB и OZON. • Подземная парковка (возможна аренда машино-места). • Территория для выгула домашних питомцев в 50 метрах от подъезда. Студия с дизайнерским ремонтом: Высота потолков 280 см • Мебель: двуспальный диван-кровать, функциональная кухня. • Техника: холодильник, индукционная плита, СВЧ, посудомоечная машина, угольная вытяжка, принудительная вентиляция в тч. В ванной - стиральная машина. • Бытовая техника: пылесос, парогенератор, фен, ТВ, Wi-Fi 500 Мбит/сек. • Дополнительно: док-станция JBL (Apple), датчики дыма в прихожей и зале, противопожарная система оповещения - громкоговоритель. Условия проживания: • Курение запрещено в апартаментах и МОП (в том числе электронных сигарет).",,https://www.cian.ru/cat.php?deal_type=rent&district%5B0%5D=8&engine_version=2&offer_type=flat&room9=1&type=4&p=2,2026-04-11T14:26:55+00:00
520,321407694,ЮВАО,https://www.cian.ru/rent/flat/321407694/?context=3.D7ml9Qs1sCU.kostJb-h0AIaN3ZQgCPDQnjf84jsBQT9Bvs6MqUSRpqa3_XBCv5XklDpFD6PU_hZsjDOKtoGbRZ_mA&mlSearchSessionGuid=e659bedbda63cc26d61c25390e643aa8,1/15 Ещё фото,375000,30.0,20,23,,"1/15 Ещё фото Студия рядом с метро Студия, 30 м², 20/23 этаж Только на Циан Стахановская 1 минута пешком Москва , ЮВАО , р-н Рязанский , м. Стахановская , 2-й Грайвороновский проезд , 44к3 75 000 ₽/мес. От года, комм. платежи включены (без счётчиков), без комиссии, залог 75 000 ₽ Собственник предлагает аккуратным и порядочным людям студию с оптимальным метражем для аренды на длительный срок. 2 минуты пешком до м. Стахановская. Квартира находится в новом ЖК с развитой инфраструктурой- кафе, рестораны, студии фитнеса и йоги, салоны красоты, массажа, барбершопы, химчистки, пункты выдачи маркетплейсов, разнообразные продуктовые магазины и т.д. Охраняемая закрытая территория, вдоль ЖК расположен пешеходный бульвар с открытыми спортивными площадками, футбольным полем, скейт парком. Удобное транспортное расположение. Квартира с интересными интерьерными решениями , качественной отделкой, сантехникой и мебелью. В квартире предусмотрено всё для Вашего комфортного проживания: посудомоечная машина, микроволновая печь, духовой шкаф, индукционная плита, фильтр для воды,электрический чайник, холодильник, стиральная и сушильная машина, водонагреватель, smart TV, продумано много мест для хранения. Оплата: за первый месяц плюс обеспечительный платеж (стоимость аренды за месяц), который возвращается после выселения из квартиры. отдельно оплачивается интернет+коммунальные платежи по счётчикам. Собственник ID 99121972 Документы проверены Посмотреть все объекты +7 916 536-94-... Написать вчера вчера, 11:48",,https://www.cian.ru/cat.php?deal_type=rent&district%5B0%5D=8&engine_version=2&offer_type=flat&room9=1&type=4&p=1,2026-04-11T14:26:55+00:00
558,328204522,ЮВАО,https://www.cian.ru/rent/flat/328204522/?context=3.zbDKxzU7s8Q.zM2vMFmLT9MTiEG-T66MSokb8oWkSoakhLrQhBk3AHnUXydbxXtsQIPXqXUyKPyla04hCe5QCt-l8g&mlSearchSessionGuid=1e05aaf253d5761008cc3c0936d6bf8e,1/11,420000,18.0,1,22,,"1/11 Апартаменты-студия, 18 м², 1/22 этаж Только на Циан Волгоградский проспект 5 минут на транспорте Москва , ЮВАО , р-н Нижегородский , м. Калитники , Автомобильный проезд , 4 20 000 ₽/мес. От года, комм. платежи включены (без счётчиков), комиссия 60%, без залога ВАШЕМУ ВНИМАНИЮ! Описание обязательно к прочтению! Сдаются апартаменты в ЧЕРНОВОЙ отделке, как под проживание так и под свободное назначение! Ограничений к составу проживающих нет. Все разводки под коммуникации присутствуют (туалета и ванной нет!), а именно: Отопление есть Гор\хол вода есть Труба под водоотвод есть. Фото нет, есть только видео, могу выслать в личные сообщения в мессенджер. Студия теплая, если требуется лёгкий ремонт, можете сделать под себя, либо же арендовать под склад, рабочее помещение и любые другие задачи. Помещение высокое, рассчитано под двухэтажный проект. Улучшение условий проживания за счёт наймодателя не рассматриваем! В наличии есть несколько объектов схожей планировки и квадратуры в собственности, поэтому предложение всегда актуально. Показ и заселение возможно в любой день! Оперативный просмотр! Агентство недвижимости PREMIUM CITY Суперагент +7 923 077-63-... Написать 2 недели назад 26 мар, 12:17",,https://www.cian.ru/cat.php?deal_type=rent&district%5B0%5D=8&engine_version=2&offer_type=flat&room9=1&type=4&p=2,2026-04-11T14:26:55+00:00
531,328751223,ЮВАО,https://www.cian.ru/rent/flat/328751223/?context=3.5SRKJ2XMjls.P1-h2RyLsppVkGqmgUznDh2pPGZpcE5sMeDBjoIl1-FM2Wua5V3l6vdh94xPZ2mxjrYIkmbwXWHIXg&mlSearchSessionGuid=e659bedbda63cc26d61c25390e643aa8,1/6,425000,17.5,11,21,,"1/6 Апартаменты-студия, 17,5 м², 11/21 этаж Только на Циан Волгоградский проспект 5 минут на транспорте Москва , ЮВАО , р-н Нижегородский , м. Калитники , Автомобильный проезд , 4 25 000 ₽/мес. От года, комм. платежи включены (без счётчиков), без комиссии, без залога Сдам на длительный срок. Если не ответил.пишите. я перезвоню. Собственник ID 130770500 +7 985 558-57-... Написать три дня назад 8 апр, 14:38",,https://www.cian.ru/cat.php?deal_type=rent&district%5B0%5D=8&engine_version=2&offer_type=flat&room9=1&type=4&p=1,2026-04-11T14:26:55+00:00
555,327983413,ЮВАО,https://www.cian.ru/rent/flat/327983413/?context=3.XAQEd8xUxzc.JbppoyuGjxDokSubHQDcE-kK1pKEjP5Qrnv-CG7n12ZWa9xSu0doeCD2cWmHL1aH_YS5yOC1zcNqGA&mlSearchSessionGuid=1e05aaf253d5761008cc3c0936d6bf8e,1/10,448000,22.0,2,25,,"1/10 Апартаменты-студия, 22 м², 2/25 этаж Только на Циан Калитники 10 минут пешком Москва , ЮВАО , р-н Нижегородский , м. Калитники , Автомобильный проезд , 4 48 000 ₽/мес. На несколько месяцев, комм. платежи включены (счётчики включены), комиссия 50%, залог 48 000 ₽ Квартира в центре, элитный реально очень тихий центр, уютный почти частный дворик охраняемая территория приличные соседи. Окна на восток. Светлая, новая, со вкусом оформленная квартира., кондиционер, стиральная машина, плита электрическая стеклокерамика, великолепный холодильник, печь СВЧ, вытяжка, подключен скоростной интернет и ТВ. Шкаф- купе вместить в себя гардероб любой сложности. Мебель и техника все новое. Добро пожаловать дорогие жильцы любящий чистоту. Торг возможен) Риелтор Надежда Трусова Суперагент +7 917 532-17-... Написать неделю назад 3 апр, 12:38",,https://www.cian.ru/cat.php?deal_type=rent&district%5B0%5D=8&engine_version=2&offer_type=flat&room9=1&type=4&p=2,2026-04-11T14:26:55+00:00
554,328430199,ЮВАО,https://www.cian.ru/rent/flat/328430199/?context=3.XrKv9eVxZ-M.fKJrPSjj_WfIn6J8TpFKo5zvKE8c-1MEpGjksjHuPZBTf1ACLdKtwGW4Ue8-CCHBksP2yn_v7TqByw&mlSearchSessionGuid=1e05aaf253d5761008cc3c0936d6bf8e,1/5,450000,26.0,12,34,,"1/5 Студия, 26 м², 12/34 этаж Окская 11 минут пешком Москва , ЮВАО , р-н Рязанский , м. Плющево , улица Михайлова , 30Ак4 50 000 ₽/мес. От года, комм. платежи включены (без счётчиков), комиссия 50%, залог 50 000 ₽ Вашему вниманию, предлагается уютная студия, в нoвом доме с хорошей транспортной доступностью. ГАРАНТИЯ ЛУЧШЕЙ ЦЕНЫ ЗА ДАННОЕ ПРЕДЛОЖЕНИЕ. Hовый ремoнт выполнeн в coврeменном стиле. В квapтирe имeетcя вce нeобxoдимое для проживaния. Развитая инфраструктура района: шкoлы инocтранных языкoв, маpкeтплeйсы, мaгазин цветов, медклиника, caлон кpaсoты, рядом детскиe сады и шкoлы. Bo двoрe дeтская площадкa. B пeшей дocтупности МФЦ, мaгaзины, фитнес-цeнтры. Во двopе много парковочного места, а также рядом расположена многоуровневая парковка. Рассмотрим всех платежеспособных и порядочных людей! Квартира полностью готова к проживанию! Оперативный показ! Звоните в любое время, с удовольствием отвечу на ваши вопросы! Агентство недвижимости Агентство Андрея Медведева Документы проверены +7 916 957-73-... Написать вчера вчера, 11:11",,https://www.cian.ru/cat.php?deal_type=rent&district%5B0%5D=8&engine_version=2&offer_type=flat&room9=1&type=4&p=2,2026-04-11T14:26:55+00:00
541,328071464,ЮВАО,https://www.cian.ru/rent/flat/328071464/?context=3.lwW_Zw-3iv4.4IYTGh_Z8vZNpmDQoBU_gQIS_Ks1kQDbTJU7ELc_3itL92Uzk3OH636dWXG9qkqzKr3Dy7vlupjQVQ&mlSearchSessionGuid=1e05aaf253d5761008cc3c0936d6bf8e,1/24,456000,20.0,7,19,,"1/24 Апартаменты-студия, 20 м², 7/19 этаж Только на Циан Калитники 11 минут пешком Москва , ЮВАО , р-н Нижегородский , м. Калитники , Автомобильный проезд , 4к4 56 000 ₽/мес. От года, комм. платежи включены (без счётчиков), без комиссии, залог 56 000 ₽ Я собственник, сдается без комиссии. Сдается впервые уютная студия в ЖК бизнес класса Nice loft. В студии имеется все необходимое для длительного комфортного проживания. Из техники: кондиционер, смарт тв, пмм, свч, индукционная плита, холодильник, стиральная машина, проточный водонагреватель (в случае отключения горячей воды), встроенный в кран фильтр питьевой воды. Дом оснащен двумя пассажирскими и одним грузовым лифтами. Для автовладельцев в ЖК имеется подземная парковка (не входит в стоимость аренды). ЖК расположен на границе ЦАО. В пешей доступности МЦД Калитники, 10 минут и вы на Курской. Рядом с ЖК находится автобусная остановка, от которой можно доехать за 15 минут до метро Волгоградский проспект. Также в пешей доступности ходит трамвай А, который домчит вас до метро Павелецкая, Третьяковская и Чистые пруды. Студия идеально подходит для проживания одного человека. Ждем аккуратного и ответственного жильца. Условия: Свет, вода и интернет оплачиваются отдельно. Без животных и детей. Курение в студии строго запрещено. Риелтор Анна Ковашова Суперагент +7 985 238-11-... Написать 30 минут назад сегодня, 16:53",,https://www.cian.ru/cat.php?deal_type=rent&district%5B0%5D=8&engine_version=2&offer_type=flat&room9=1&type=4&p=2,2026-04-11T14:26:55+00:00
525,328650937,ЮВАО,https://www.cian.ru/rent/flat/328650937/?context=3.q032NQVjf0Y.hb54tDa7WwwG2YGLiQK8PqRKnFOZQpGjXTZ3EWyxMMF2asu7Ysbb6zY-IoUf5v0w83bTDtWQ0arjVA&mlSearchSessionGuid=e659bedbda63cc26d61c25390e643aa8,1/16,460000,19.8,15,17,,"1/16 Студия, 19,8 м², 15/17 этаж Текстильщики 10 минут на транспорте Москва , ЮВАО , р-н Текстильщики , м. Новохохловская , 1-й Грайвороновский проезд , 3Ак4 60 000 ₽/мес. На несколько месяцев, комм. платежи включены (без счётчиков), без комиссии, залог 60 000 ₽ Предлагается студия в современном жилом комплексе. Квартира никогда не сдавалась и не использовалась для аренды — вы станете первыми жильцами. В квартире выполнен ремонт ""под ключ"" с продуманной эргономикой и качественными материалами. Идеально подойдет для аккуратного человека или семейной пары. Квартира с окнами во двор. Планировка и мебель: Установлена кровать с орто-основанием и подъемным механизмом. Под матрасом — глубокий короб для хранения. Обеденная зона с раздвижным столом. Большой распашной шкаф для одежды и обуви. Письменный стол с удобным креслом. Техника и оснащение: — индукционная варочная панель (2 конфорки, быстрый нагрев); — посудомоечная машина; — вытяжка, микроволновая печь, чайник, холодильник no frost; — кондиционер; — фильтр для воды под мойкой (питьевая вода без бутылок и кулеров); — в ванной: стиральная машина с функцией сушки, шкаф и тумба для хранения; — несколько сценариев освещения. Ecть всe нeoбxодимoe для комфopтного прoживания, в т.ч нaбoр посуды для пригoтовлeния, нaбор столoвoй поcуды и cтоловыx прибoров, разделочная доска. Подушки, одеяло, гладильная доска. Инфраструктура и расположение: Дом находится в районе с полностью сформированной инфраструктурой ""в шаге от дома"". В пешей доступности : — детский сад и общеобразовательная школа; — городская поликлиника и частный медицинский центр; — продуктовые супермаркеты и круглосуточные аптеки; — кофейни, кафе для завтраков, салоны красоты и барбершопы. Условия: — Аренда долгосрочная, договор на 11 месяцев. Если съезжаете ранее чем через 6 месяцев, депозит не возвращается) — Залог 100% — Коммунальные платежи в стоимость не входят, оплачиваются дополнительно — Без домашних животных (индивидуально обговаривается маленькая собака) — В квартире нельзя курить (стоят датчики дыма). Собственник ID 39546126 +7 985 627-68-... Написать четыре дня назад 7 апр, 09:41",,https://www.cian.ru/cat.php?deal_type=rent&district%5B0%5D=8&engine_version=2&offer_type=flat&room9=1&type=4&p=1,2026-04-11T14:26:55+00:00
553,328298236,ЮВАО,https://www.cian.ru/rent/flat/328298236/?context=3.W4u_zEVaYCs.5SWHS69igPygbQZnMCq9-PSKogNhNGib2819QZH_Pfq6sTGUEWm5Ib-Tme-WymwjddrXJsNbgSMKEg&mlSearchSessionGuid=1e05aaf253d5761008cc3c0936d6bf8e,1/13,460000,17.0,11,17,,"1/13 Студия, 17 м², 11/17 этаж Только на Циан Волгоградский проспект 19 минут пешком Москва , ЮВАО , р-н Нижегородский , м. Калитники , Автомобильный проезд , 4 60 000 ₽/мес. От года, комм. платежи включены (без счётчиков), комиссия 50%, залог 60 000 ₽ Представляю вашему вниманию уникальную квартиру с дизайнерским ремонтом в современном монолитно-кирпичном доме 2025 года постройки. Расположенная в новом спортивном жилом комплексе Найс Лофт, эта квартира находится в пределах Третьего транспортного кольца, предлагая идеальное сочетание спокойной жизни и легкого доступа ко всем преимуществам центра Москвы. Пространство и комфорт: Просторная комната: Идеальное место для отдыха и сна. Удобная кровать и вместительный шкаф для хранения обеспечат максимальный комфорт. Современная кухня: Оснащена стильной мебелью и всей необходимой встроенной бытовой техникой, включая холодильник и микроволновую печь. Здесь вы сможете с удовольствием готовить любимые блюда. Удобства: Квартира оборудована стиральной машиной для вашего удобства. Совмещенный санузел: Выполнен в современном стиле с акцентом на качество. Высококлассная сантехника и просторная душевая кабина создают атмосферу спа-салона. Преимущества дома и ЖК: Высокий этаж: Квартира расположена на11 этаже 24-этажного дома, откуда открывается приятный вид. Современная инфраструктура: В доме функционируют два пассажирских и один грузовой лифт, обеспечивая быстрый и удобный доступ к вашему этажу. Безопасность и удобство: Для жителей комплекса предусмотрена парковка за шлагбаумом во дворе, что гарантирует безопасность ваших автомобилей. Новый спортивный ЖК: Найс Лофт — это современный жилой комплекс, где вы сможете наслаждаться активным образом жизни. Эта квартира — идеальный выбор для тех, кто ценит стиль, комфорт и удобное расположение. Добро пожаловать в ваш новый дом! Номер объекта: #1/536958/24838 Агентство недвижимости City Real Estate Документы проверены +7 916 935-64-... Написать час назад сегодня, 16:11",,https://www.cian.ru/cat.php?deal_type=rent&district%5B0%5D=8&engine_version=2&offer_type=flat&room9=1&type=4&p=2,2026-04-11T14:26:55+00:00
571,327561933,ЮВАО,https://www.cian.ru/rent/flat/327561933/?context=3.sBgElq9FGPQ.r4FjaXkmvKWhkLR0WqjgnPzRVQz_l5YcdJ9TsyWFd5Oa1G4gpr9wiSM5vhOqmg2VFlcxQsWk-Bvf2w&mlSearchSessionGuid=cf4d8c55dcd1a3175c1e507aca009f40,1/19,460000,20.0,6,21,,"1/19 Апартаменты-студия, 20 м², 6/21 этаж Проверено в Росреестре Калитники 10 минут пешком Москва , ЮВАО , р-н Нижегородский , м. Калитники , Автомобильный проезд , 4 60 000 ₽/мес. На несколько месяцев, комм. платежи включены (без счётчиков), без комиссии, залог 50 000 ₽ Стильные апартаменты-студия с дизайнерским ремонтом. Интерьер, выполненный в натуральных оттенках, создает атмосферу комфорта и уюта, а большие окна заметно расширяют пространство. УСЛОВИЯ АРЕНДЫ: Проживание 4-6 месяца - 60 000 руб / мес; Проживание 2-3 месяца - 75 000 руб/мес; Проживание 1 месяц - 85 000 руб / мес; ______________________________________________ Счетчики и интернет оплачиваются Арендатором Арендные отношения оформляются договором. АПАРТАМЕНТЫ УКОМПЛЕКТОВАНЫ вплоть до деталей: от посуды до уборочного инвентаря. МЕБЕЛЬ И ТЕХНИКА — новые и качественные: - кухня с варочной панелью, микроволновкой и холодильником; - вместительные шкафы и гардероб; - кондиционер, стиральная машина, чайник, фен, гладильная доска, утюг, водонагреватель; - ортопедический матрас; ОСОБЕННОСТИ: - современный дом бизнес-класса с чистыми подъездами; - панорамные окна; - ресепшен и большое лобби; - закрытая охраняемая территория, видеонаблюдение; - двор без машин; - просторная терраса для жильцов; - магазины расположены в доме РАСПОЛОЖЕНИЕ И ТРАНСПОРТНАЯ ДОСТУПНОСТЬ: - район с развитой инфраструктурой — рядом магазины, кафе, спортзал, аптека. - быстрый выезд на ТТК и центр Ук・оф.Представитель ID 131469501 Документы проверены +7 916 210-00-... Написать вчера вчера, 15:45",,https://www.cian.ru/cat.php?deal_type=rent&district%5B0%5D=8&engine_version=2&offer_type=flat&room9=1&type=4&p=3,2026-04-11T14:26:55+00:00
584,328043091,ЮВАО,https://www.cian.ru/rent/flat/328043091/?context=3._dvuubXl3vE.I5GXsS74YsaJPBXM2K2Y51-J_WEKg-A6P_3Mh4OI-m7xFaG6rTXcd9uKCQUzo-nkRRNZdoT4EXtKPg&mlSearchSessionGuid=cf4d8c55dcd1a3175c1e507aca009f40,1/37,460000,24.0,10,32,,"1/37 Студия, 24 м², 10/32 этаж Только на Циан Угрешская 6 минут пешком Москва , ЮВАО , р-н Южнопортовый , м. Угрешская , Волгоградский проспект , 32/5к4 60 000 ₽/мес. От года, комм. платежи включены (без счётчиков), комиссия 50%, залог 60 000 ₽ ВНИМАНИЕ! СООБЩЕНИЯ НЕ ЧИТАЕМ!!! В ЦИАНе очень криво сделана функция отражения графика работы риэлторов и полностью привязана к включению сообщений-поэтому сообщения включены формально. Пожалуйста, ЗВОНИТЕ!! строго с 11 до 23ч. Юлия, Москва, ЖК ""МЕТРОПОЛИЯ"", корпус ""Владивосток"", Волгоградский проспект 32/5 к4 -5 мин. пешком от метро Волгоградский проспект. СДАЁТСЯ ВПЕРВЫЕ ВЕЛИКОЛЕПНАЯ, СТИЛЬНАЯ, УЮТНАЯ, НОВАЯ СОВРЕМЕННАЯ КВАРТИРА-СТУДИЯ С ДИЗАЙНЕРСКИМ ЕВРОРЕМОНТОМ, выполненным из качественных и дорогих материалов - грамотно-продуманное решение пространства, использован каждый сантиметр! Большое количество встроенных шкафов позволит вам комфортно разместить вам все вещи и гардероб. Встроенная евро-кухня под единой столешницей с абсолютно всей новой бытовой техникой: варочная поверхность, духовой шкаф, вытяжка, СВЧ, двухкамерный холодильник, ПОСУДОМОЕЧНАЯ МАШИНА. Диван-аккордеон легко превращается в комфортную двуспальную кровать с независимыми пружинами. ЖК ТВ. Санузел евростандарт совмещенный С ВАННОЙ! Стиральная машина-автомат.СУШИЛЬНАЯ МАШИНА. КОНДИЦИОНЕР. Панорамный вид из окна на солнечную внешнюю сторону. ПОЛНОСТЬЮ ГОТОВА К ЗАСЕЛЕНИЮ! Показ оперативно - по договорённости, КЛЮЧИ НА РУКАХ! На длительный срок. Оплата+счётчики. Риелтор Юлия Шарапова Суперагент +7 985 102-75-... Написать 16 часов назад сегодня, 01:20",,https://www.cian.ru/cat.php?deal_type=rent&district%5B0%5D=8&engine_version=2&offer_type=flat&room9=1&type=4&p=3,2026-04-11T14:26:55+00:00
585,316217430,ЮВАО,https://www.cian.ru/rent/flat/316217430/?context=3.FVMS25UMa-k.EbmrP6Jd9CLJofUz7mhmrbpJJeOaoMKIUd2uLwpVT3fNELvMTSHORS5Ad_tpunCrRQ9qlFaXXkBUdw&mlSearchSessionGuid=cf4d8c55dcd1a3175c1e507aca009f40,1/16,552500,21.0,9,16,,"1/16 Студия, 21 м², 9/16 этаж Только на Циан Проверено в Росреестре Нижегородская 3 минуты пешком Москва , ЮВАО , р-н Нижегородский , м. Нижегородская , Рязанский проспект , 5 52 500 ₽/мес. От года, комм. платежи включены (без счётчиков), без комиссии, залог 52 500 ₽ Комфортабельная гармоничная студия, отличный капитальный ремонт, в шаговой доступности от метро, МЦД и МЦК Нижегородская. Быстрый выезд на авто на ТТК и МСД. До метро Китай-город 15 минут на автобусе. Огромный встроенный шкаф во всю стену. Дорогой двуспальный диван с пружинным блоком и положением комфорт. Качественная исправная техника. Полностью укомплектованная кухня. Кондиционер. Ванна 170 см. 9 этаж 16-этажного дома. Красивый вид из окна. Рядом торговый центр Город - фуд-корт, Ашан, много разных магазинов. Адекватная хозяйка. Тихие соседи. Сдается напрямую без риэлтора без детей и животных. ----- Примечание: у собственника могут быть дополнительные пожелания к жильцам - обсудите их в чате или по телефону Собственник ID 101070698 Документы проверены +7 917 542-43-... Написать три дня назад 8 апр, 13:11",,https://www.cian.ru/cat.php?deal_type=rent&district%5B0%5D=8&engine_version=2&offer_type=flat&room9=1&type=4&p=3,2026-04-11T14:26:55+00:00
534,328464105,ЮВАО,https://www.cian.ru/rent/flat/328464105/?context=3.swAqeFl_I4M.b2bkOTdBq2EC6shr5KemJrujqJf3M4Ie9JMCD6c9v3dzeOT3lfr53M3GMGUU0eSdeIvrUI5-WPjgAQ&mlSearchSessionGuid=1e05aaf253d5761008cc3c0936d6bf8e,1/25,565000,25.9,5,8,,"1/25 Студия, 25,9 м², 5/8 этаж Только на Циан Волгоградский проспект 5 минут пешком Москва , ЮВАО , р-н Южнопортовый , м. Волгоградский проспект , Волгоградский проспект , 32к5 65 000 ₽/мес. От года, комм. платежи включены (без счётчиков), комиссия 50%, без залога Дoлгоcpочная aренда (договoр нa 11 меcяцeв) Пpeдставляeм вашeму внимaнию cтильную пpoсторную студию в ЖК Бизнec-клаcсa ""Метрополия "" площaдью 25 кв.м. Бытoвая теxникa: стиpaльная машинa, пocудомoечная машинa, холодильник, микpoвoлновaя пeчь, ваpoчная панель, духoвка, вытяжка,утюг, cушилкa для бeлья,а так жe вcе неoбxодимое для комфортного проживания, в т.ч. посуда и постельное белье. В квартире имеются теплые полы Район обладает насыщенной и развитой инфраструктурой: до метро "" Угрешская"" 6-10 минут пешком до метро ""Волгоградский проспект"" 11-15 минут пешком до метро ""Дубровка"" 16-20 мин. прогулочным шагом В пешей доступности продуктовые супермаркеты- Пятерочка,Магнит,Вкус Вил,салоны красоты, кафе-рестораны, закусочные, автосервисы, аптеки и медицинские учреждения. Условия проживания по Тарифу Комфортное проживание: - 50% от арендного платежа при заселении; - Раннее бронирование объекта (за 3 дня до заселения); - Персональный менеджер на всех этапах аренды быстро реагирует на запросы - большинство бытовых вопросов решаем за 48 часов; - Страхование гражданской ответственности до 300 т.р.; - Организация мелкого ремонта. Коммунальные платежи: электроэнергия, хвс\гвс, услуги интернет провайдера, расходы за отопление дома/квартиры оплачивает арендатор. Заселение только при наличии постоянной регистрации. Без животных. Агентство недвижимости СМАРЕНТ Документы проверены +7 985 853-93-... Написать пять дней назад 6 апр, 12:14",,https://www.cian.ru/cat.php?deal_type=rent&district%5B0%5D=8&engine_version=2&offer_type=flat&room9=1&type=4&p=2,2026-04-11T14:26:55+00:00
509,326159535,ЮВАО,https://www.cian.ru/rent/flat/326159535/?context=3.CZGrlWmBhOc.jaxh7PxI4befL2HT9BE8pmNZWaJThCwRm57CsdsJA3AjsTNWK-NWLM540RceXN9o7gnbCGIsx7KmMQ&mlSearchSessionGuid=e659bedbda63cc26d61c25390e643aa8,1/14 Ещё фото,647000,19.5,14,25,,"1/14 Ещё фото Пешком до метро! Студия, 19,5 м², 14/25 этаж Перерва 12 минут пешком Москва , ЮВАО , р-н Люблино , м. Перерва , Люблинская улица , 80к6 47 000 ₽/мес. От года, комм. платежи включены (без счётчиков), комиссия 60%, без залога Сдаётся светлая квартира-студия с евроремонтом и совмещённым санузлом в ЖК Люблинский парк! Без депозита! Её можно посмотреть когда Вам удобно: бронируете время, забираете ключи или встречаетесь с нашим представителем и спокойно осматриваете. Если всё понравится, договор подпишем онлайн и будем поддерживать Вас на всех этапах аренды. В квартире есть: - Кухонный гарнитур; - Варочная панель; - Холодильник; - Стиральная машина; - Вытяжка. Полы — ламинат и плитка. Окна выходят во двор, на восток. Во дворах обустроены детские площадки, двор без машин. На территории дома есть бесплатные парковочные места. Собственник готов заселить не более 2 взрослых жильцов с детьми, обсудить оформление временной регистрации, докупить мебель/технику или заключить договор с юридическим лицом. Можно с небольшим домашним питомцем по согласованию. Дом находится в районе с развитой инфраструктурой: в пешей доступности находятся продуктовые супермаркеты, школы, детские сады, медицинские учреждения, салоны красоты. Недалеко — парк Героев Отечественной войны 1812 года. В 18 минутах пешком — станция МЦД-2 Перерва, в 20 минутах — м. Братиславская. Автомобилистам будет удобно выезжать на Люблинскую улицу. Агентство недвижимости ПИК-Аренда Документы проверены Посмотреть все объекты +7 916 760-62-... Написать час назад сегодня, 15:40",,https://www.cian.ru/cat.php?deal_type=rent&district%5B0%5D=8&engine_version=2&offer_type=flat&room9=1&type=4&p=1,2026-04-11T14:26:55+00:00
574,328616758,ЮВАО,https://www.cian.ru/rent/flat/328616758/?context=3.cYIV2bZsWkI.lXWP6fVDmo2md2MOnxBbztWe3DSovug2LYxDJIC3Z5u2KH9MchsnnbnekvObF7Zm3WYVfSA59R6_jQ&mlSearchSessionGuid=cf4d8c55dcd1a3175c1e507aca009f40,1/10,743000,17.6,4,21,,"1/10 Апартаменты-студия, 17,6 м², 4/21 этаж Только на Циан Калитники 10 минут пешком Москва , ЮВАО , р-н Нижегородский , м. Калитники , Автомобильный проезд , 4к7 43 000 ₽/мес. На несколько месяцев, комм. платежи включены (счётчики включены), комиссия 50%, залог 43 000 ₽ студия с новым хорошим ремонтом , в помещении никто не жил, подойдет для молодой пары. залог можно разбить до трех месяцев. Риелтор Олег Алексеевич Суперагент +7 986 264-10-... Написать вчера вчера, 07:34",,https://www.cian.ru/cat.php?deal_type=rent&district%5B0%5D=8&engine_version=2&offer_type=flat&room9=1&type=4&p=3,2026-04-11T14:26:55+00:00
510,326186237,ЮВАО,https://www.cian.ru/rent/flat/326186237/?context=3.U7mxyDL04b4.IXl1OwqdaVDhVXDgpGxtP9-6aYSt_8G9G87gO8zHb-kMfIpbtPHmgyCWCZ-FyCXyewf9XifAOns6hg&mlSearchSessionGuid=e659bedbda63cc26d61c25390e643aa8,1/9,825000,18.0,1,19,,"1/9 Студия, 18 м², 1/19 этаж Только на Циан Некрасовка 7 минут пешком Москва , ЮВАО , р-н Некрасовка , м. Некрасовка , улица Ухтомского Ополчения , 8 25 000 ₽/мес. От года, комм. платежи включены (без счётчиков), комиссия 50%, залог 25 000 ₽ Для одной девушки или женщины, Другим составам не звонить! Без исключений! Соседки по лестничной клетке также женщины/девушки. На длительный срок. Стиральная машина общая на несколько таких же студий, стоит в тамбуре.( ЗАСЕЛЯЕМ ТОЛЬКО ДЕВУШЕК) Очень уютная студия! Она НЕБОЛЬШАЯ! Но компактная!! Вся техника и мебель современная, дополнительно оплачивается только горячая вода и электричество(в среднем 300 рублей летом и 2тр зимой), Договор на длительный срок. От метро Некрасовка 7 минут пешком! от ж/д станции Люберцы 5 мин на маршрутке, остановка 3 мин/пешк. Замечательный собственник! Комиссия 50% по факту заселения! Звоните, уважаемые клиенты! Риелтор Юлия Максимюк Документы проверены +7 923 079-41-... Написать неделю назад 2 апр, 15:41",,https://www.cian.ru/cat.php?deal_type=rent&district%5B0%5D=8&engine_version=2&offer_type=flat&room9=1&type=4&p=1,2026-04-11T14:26:55+00:00
523,328667187,ЮВАО,https://www.cian.ru/rent/flat/328667187/?context=3.FgxsCK0sHSc.l9It4uFrAH4ypS6gx0kO4ShGbXtZYBknsYbLxA4gF1UXEvUUNjQxAms-BrsbYeGh1qlXhOBQE2dxfw&mlSearchSessionGuid=e659bedbda63cc26d61c25390e643aa8,1/21,1057000,30.0,13,31,,"1/21 Студия, 30 м², 13/31 этаж Только на Циан Нижегородская 9 минут пешком Москва , ЮВАО , р-н Нижегородский , м. Нижегородская , Газгольдерная улица , 10 57 000 ₽/мес. От года, комм. платежи включены (без счётчиков), комиссия 50%, залог 57 000 ₽ Квартира в монолитном доме класса комфорт +. Современный ремонт. В квартире есть все необходимое для комфортного проживания: посудомоечная машина, кондиционер, телевизор, пылесос, гладильная сушильная доска и т.д. На длительный срок. Закрытый двор без автомобилей. Метро в шаговой доступности. Оперативный показ и заселение Риелтор Вадим Белов Суперагент +7 988 194-26-... Написать вчера вчера, 18:06",,https://www.cian.ru/cat.php?deal_type=rent&district%5B0%5D=8&engine_version=2&offer_type=flat&room9=1&type=4&p=1,2026-04-11T14:26:55+00:00
572,328104952,ЮВАО,https://www.cian.ru/rent/flat/328104952/?context=3.1nBYrqnRKvk.C0r7Z3cMomiaU1Lkmsn2prG-ab_BwgbV8M4-isSxQ83NHJr9QqbOY4QBX5gOE94bIWJIHCUa6C5L-g&mlSearchSessionGuid=cf4d8c55dcd1a3175c1e507aca009f40,1/23,1058000,17.0,1,2,,"1/23 Апартаменты-студия, 17 м², 1/2 этаж Только на Циан Лефортово 7 минут пешком Москва , ЮВАО , р-н Лефортово , м. Лефортово , Госпитальная площадь , 1/10 58 000 ₽/мес. На несколько месяцев, комм. платежи включены (без счётчиков), комиссия 35%, залог 58 000 ₽ Сдаётся просторный номер в молодёжном коливинге, размещённом в особняке XVIII века у метро Лефортово (5 минут пешком). Идеальное жильё для ценителей атмосферы исторической Москвы и комфорта современного жилья. В номере есть всё необходимое для комфортной жизни: — двуспальная кровать, прикроватный столик и торшер; — большое окно с широким подоконником; — шкаф, комод и зеркало в полный рост; — рабочая зона: стол, барный стул; — базовая техника: микроволновка, чайник; — посуда и предметы быта; — совмещённый санузел; — дизайнерский ремонт; — дверь закрывается на ключ. Общие зоны дома (2 этажа): — просторная кухня на 1 этаже: кухонный гарнитур, 5 плит, посудомоечная машина и 3 общих холодильника (помимо холодильников в номерах); — обеденная зона с барными стойками и большим столом; — холл с лобби-зоной и мини-библиотекой; — переговорная (до 10 человек); — две прачечные с машинами и сушилками; — буфет на 2 этаже с кофемашиной, микроволновкой и кухонным гарнитуром; — ресепшн для жильцов и гостей. Про комьюнити Colife: Colife — это не только жильё, но и дружное сообщество творческих и талантливых молодых людей. Каждую неделю проводим бесплатные мероприятия, которые делают жизнь интереснее: — тренировки по йоге и дыхательные практики; — разговорные клубы в уютной атмосфере; — спортивные соревнования и культурные выезды (музеи, выставки); — вечеринки Colife — от масштабных костюмированных до уютных камерных посиделок; — кинопросмотры, книжный клуб, настолки, спиддейтинги и нетворкинги. Здесь легко завести новые знакомства, найти друзей и окружение, которое вдохновляет. Расположение: До м. Лефортово — 5 минут пешком (680 м), до м. Бауманская — около 20 минут (1,7 км). Дом — объект культурного наследия, полностью восстановленный в современном лофт-стиле. Есть огороженная парковка. В 1 минуте остановка автобуса, рядом продуктовый магазин, кафе и кофейни. Для прогулок — Лефортовский парк (4 минуты пешком) с теннисными кортами, беговой дорожкой, футбольным полем и прудами. Формат аренды Номер в особняке сдаём мы - компания Colife Комфорт. Мы не сторонние агенты или риелторы, вы подписываете договор напрямую с нами, а в стоимость уже включен сервис и поддержка 24/7: например, если что-то сломается мы бесплатно и быс",,https://www.cian.ru/cat.php?deal_type=rent&district%5B0%5D=8&engine_version=2&offer_type=flat&room9=1&type=4&p=3,2026-04-11T14:26:55+00:00
548,327375667,ЮВАО,https://www.cian.ru/rent/flat/327375667/?context=3.qxZ3Yb-HMWk.E7_l_BNmt4HJXWKmE-3Pc9QcyczRxhyH-Cwbk_3QtTEZ6n586yeJOz3mokZYfsZoh6xqL9caJN76nA&mlSearchSessionGuid=1e05aaf253d5761008cc3c0936d6bf8e,1/18,1060000,26.9,9,32,,"1/18 Студия, 26,9 м², 9/32 этаж Только на Циан Нижегородская 8 минут пешком Москва , ЮВАО , р-н Нижегородский , м. Нижегородская , Газгольдерная улица , 10 60 000 ₽/мес. От года, комм. платежи включены (без счётчиков), комиссия 50%, без залога За объект уже внесли аванс Cдаетcя уютнaя студия ЖK Пpофит новая, свeтлая cтудия с дизaйнepcким pемoнтoм oт кoмпaнии Smarent. Квартира рacполoжeна на 9 этаже . Идeaльная тpaнcпoртнaя доступность - в 5 минутах xодьбы нaходится ст. мeтрo Hижeгорoдcкая, кoтoрая входит в крупнейший в Eвропе тpанспоpтнo-пepесадочный узел. В его составе: две станции метро, станции МЦК, МЦД и Горьковского направления МЖД. До ст. м Таганская можно добраться наземным транспортом за 20 мин, МЦК Москва Сити (Деловой Центр) 30 мин., Нескучный Сад в Парке Горького - 25 минут. Для автомобилистов удобный быстрый выезд на ТТК и Садовое Кольцо. Рядом большой торговый центр ""Город"", Леруа. Закрытый двор с детскими площадками и фитнес-зоной, а также большой подземный паркинг. Машиноместо можно снять по доступной цене. Бытовая техника: стиральная машина, холодильник, варочная панель, СВЧ печь, телевизор, электрический чайник. Есть всё необходимое для жизни УСЛОВИЯ ПРОЖИВАНИЯ: Тариф Комфортное проживание -50% от арендного платежа - Раннее бронирование объекта (за 3 дня до заселения) - Персональный менеджер на всех этапах аренды быстро реагирует на запросы - большинство бытовых вопросов решаем за 48 часов - Страхование гражданской ответственности до 0,3 млн ₽ - Организация мелкого ремонта ! Коммунальные платежи: электроэнергия, хвс\гвс, услуги интернет провайдера, расходы за отопление дома/квартиры оплачивает арендатор. ! Заселение только при наличии постоянной регистрации РФ. Строго без животных. Агентство недвижимости СМАРЕНТ Документы проверены +7 985 853-93-... Написать вчера вчера, 16:10",,https://www.cian.ru/cat.php?deal_type=rent&district%5B0%5D=8&engine_version=2&offer_type=flat&room9=1&type=4&p=2,2026-04-11T14:26:55+00:00
536,327867504,ЮВАО,https://www.cian.ru/rent/flat/327867504/?context=3.WtagVnEGlIM.sgrT39OlqWWusxiNMnvDrBUrIvCEH0Iy4Ic7Y8doN2P2WzHQcNWY3MZLB-4qswiSAFeiFuq4TlM82g&mlSearchSessionGuid=1e05aaf253d5761008cc3c0936d6bf8e,1/8,1065000,33.0,18,32,,"1/8 Студия, 33 м², 18/32 этаж Только на Циан Нижегородская 9 минут пешком Москва , ЮВАО , р-н Нижегородский , м. Нижегородская , Газгольдерная улица , 10 65 000 ₽/мес. От года, комм. платежи включены (без счётчиков), комиссия 50%, залог 65 000 ₽ Эксклюзивное предложение! Сдаётся студия, от метро Нижегородская до 5 минут пешком. В квартире выполнен дизайнерский ремонт. Планировка с зонированием спальни, полноценная кухня и совмещённый санузел. Есть вся необходимая мебель и техника. Наземная парковка за шлагбаумом. При симпатии депозит разбивается. Звоните, оперативно проведём показ! Агентство недвижимости Не для галочки Суперагент +7 985 302-67-... Написать 7 часов назад сегодня, 09:44",,https://www.cian.ru/cat.php?deal_type=rent&district%5B0%5D=8&engine_version=2&offer_type=flat&room9=1&type=4&p=2,2026-04-11T14:26:55+00:00
524,325424262,ЮВАО,https://www.cian.ru/rent/flat/325424262/?context=3.03NW_Dh0EBk.M_sGAYEHAmbefLZWFVpo2aoSBXVg_t0F8896P4wrdOjak_R6W4yGeZOfCavAlZYzWpeltZ9sH8TvGg&mlSearchSessionGuid=e659bedbda63cc26d61c25390e643aa8,1/14,1070000,25.6,9,31,,"1/14 Сдается впервые помле ремонта Студия, 25,6 м², 9/31 этаж Только на Циан Нижегородская 9 минут пешком Москва , ЮВАО , р-н Нижегородский , м. Нижегородская , Газгольдерная улица , 10 70 000 ₽/мес. От года, комм. платежи включены (без счётчиков), без комиссии, залог 75 000 ₽ Сдается новая стильная уютная квартира-студия общей площадью 25,6 кв м. Располагается на 12 этаже. Окна выходят на улицу. Техника в квартире: стиральная машина, индукционная варочная панель с 2 конфорками, полноразмерный холодильник, духовой шкаф с функцией микроволновки, вытяжка, кондиционер, проточный водонагреватель, электрочайник, беспроводной пылесос, утюг. Квартира обставлена удобной мебелью: полноразмерная кровать шириной 160 см с подъемным механизмом, анатомический матрас Askona (высота 17 см), прикроватная тумбочка, стеллаж, комод, большой шкаф для одежды, обеденный стол с 2 стульями, пуфик, зеркало. Также есть стремянка и гладильная доска. Санузел с ванной (170 см) площадью 3,2 кв м. Кроме того имеется набор посуды: кастрюли, сковорода, чашки, тарелки, салатники, столовые приборы. Квартира сдается впервые после ремонта. Договор найма заключается на 11 месяцев Коммунальные платежи: электроэнергия, ХВС, ГВС, отопление, интернет оплачиваются арендатором. Риелтор Марианна Маринычева Суперагент +7 915 267-45-... Написать час назад сегодня, 15:40",,https://www.cian.ru/cat.php?deal_type=rent&district%5B0%5D=8&engine_version=2&offer_type=flat&room9=1&type=4&p=1,2026-04-11T14:26:55+00:00
570,323461704,ЮВАО,https://www.cian.ru/rent/flat/323461704/?context=3.YGr8ddPh0cc.ezJEBVemcV6v--Rqacfcu5pcu2kKVjKFF8sC-DnSpwFV4W3Q_9dtySCb0c5oBBZ3hVIUFgODQ4UPlQ&mlSearchSessionGuid=cf4d8c55dcd1a3175c1e507aca009f40,1/11,1648000,26.0,1,6,,"1/11 Апартаменты-студия, 26 м², 1/6 этаж Только на Циан Марьино 19 минут пешком Москва , ЮВАО , р-н Марьино , м. Перерва , улица Перерва , 16 48 000 ₽/мес. От года, комм. платежи включены (без счётчиков), без комиссии, залог 53 000 ₽ Сдаются уютные комфортабельные апартаменты, с дизайнерским ремонтом. Все готово для комфортного проживания! Расположены на цокольном этаже, БЕЗ ОКОН, апартаменты оснащены приточно-вытяжной вентиляцией ID 29917666 +7 985 476-77-... Написать 2 недели назад 28 мар, 13:55",,https://www.cian.ru/cat.php?deal_type=rent&district%5B0%5D=8&engine_version=2&offer_type=flat&room9=1&type=4&p=3,2026-04-11T14:26:55+00:00
576,328136571,ЮВАО,https://www.cian.ru/rent/flat/328136571/?context=3.er7vzt9IbXQ.TFElNq_iOYm_MwzeK-5RoJ1HPkJWY50yjlPNEGqsxRQSiQM8JXVPFQr83vQkX_a7ITh923faXhTFDA&mlSearchSessionGuid=cf4d8c55dcd1a3175c1e507aca009f40,1/5,2025000,26.0,21,23,,"1/5 Апартаменты-студия, 26 м², 21/23 этаж Волгоградский проспект 3 минуты пешком Москва , ЮВАО , р-н Южнопортовый , м. Волгоградский проспект , Новоостаповская улица , 20 25 000 ₽/мес. На несколько месяцев, комм. платежи включены (без счётчиков), без комиссии, залог 20 000 ₽ Сдаётся студия в ЖК HighWay 25,7метра, без ремонта под ваши нужды. 2 минуты до метро Волгоградский проспект, 15 минут до станции МЦК Угрешская и до станции метро Дубровка. Собственник ID 225714 +7 986 304-34-... Написать два дня назад 9 апр, 17:07",,https://www.cian.ru/cat.php?deal_type=rent&district%5B0%5D=8&engine_version=2&offer_type=flat&room9=1&type=4&p=3,2026-04-11T14:26:55+00:00
583,327917847,ЮВАО,https://www.cian.ru/rent/flat/327917847/?context=3.FT7ayRbG8xo.pMSzY2AIG_5v3UrbtcTM8f_5qHdxyPPZ4_Y7NVJcQRblqQoPl4MsnamYpiXBVCce-jsz9Xc75uyXnw&mlSearchSessionGuid=cf4d8c55dcd1a3175c1e507aca009f40,1/14,2027000,29.2,5,23,,"1/14 Апартаменты-студия, 29,2 м², 5/23 этаж Только на Циан Волгоградский проспект 2 минуты пешком Москва , ЮВАО , р-н Южнопортовый , м. Волгоградский проспект , Новоостаповская улица , 20 27 000 ₽/мес. От года, комм. платежи включены (без счётчиков), без комиссии, залог 25 000 ₽ Арт. 129551791 На длительный срок сдаётся студия в ЖК HighWay 29.2 метра, строго под склад. 1 минута до метро Волгоградский проспект, 15 минут до станции МЦК Угрешская и до станции метро Дубровка. Агентство недвижимости Мечты в квадрате Суперагент +7 986 263-98-... Написать вчера вчера, 17:10",,https://www.cian.ru/cat.php?deal_type=rent&district%5B0%5D=8&engine_version=2&offer_type=flat&room9=1&type=4&p=3,2026-04-11T14:26:55+00:00
513,328737255,ЮВАО,https://www.cian.ru/rent/flat/328737255/?context=3.jerF1Bs9tSo.m7ZCmX8HttyA27N-n5Ra_gGcw8NZy_E5bnTxKWayByk2e7-01vQpuYucBDPVvjQ5uuzK1i4E2UhVBA&mlSearchSessionGuid=e659bedbda63cc26d61c25390e643aa8,1/5,2045000,23.0,1,4,,"1/5 Апартаменты-студия, 23 м², 1/4 этаж Только на Циан Авиамоторная 16 минут пешком Москва , ЮВАО , р-н Лефортово , м. Авиамоторная , Душинская улица , 20 45 000 ₽/мес. На несколько месяцев, комм. платежи включены (без счётчиков), без комиссии, залог 25 000 ₽ Отличный вариант для тех, кто ценит комфорт, порядок и спокойную атмосферу. Первый этаж, отдельный подьезд с выходом прямо на автобусную остановку. До метро Площадь Ильича 10 минут на автобусе. Рядом ТЦ Город (Ашан, Леруа). * стабильный Wi-Fi 100 Мбит * электрический чайник, фильтр * электрическая плита и духовка. * холодильник, * стиральная машина, * сушилка для белья, * диван, + ТВ 32"" (можно использовать как дополнительный монитор для ноутбука/ * санузел с душевой. Важно: - До 2-х человек. - Допустимо с котом. - курение в апартаментах запрещено. - Просьба соблюдать тишину после 23:00. Отдельный подьезд, всего 14 апартаментов. Спокойные и адекватные соседи. Условия аренды: - 55 000 ₽ в месяц - Залог 25 000 ₽ — Оплата раз в месяц С риэлторами не сотрудничаю, просьба не беспокоить Собственник ID 124190025 Документы проверены +7 985 004-78-... Написать вчера вчера, 17:52",,https://www.cian.ru/cat.php?deal_type=rent&district%5B0%5D=8&engine_version=2&offer_type=flat&room9=1&type=4&p=1,2026-04-11T14:26:55+00:00
526,328323673,ЮВАО,https://www.cian.ru/rent/flat/328323673/?context=3.jP6KS78Kvog.IZJklezO_HMvRirUco20uY0l9Q6STrevQNGCJhQ6JFo4Y_FrtzRiN0HdvpdYV8ZISZlWMoOQ6R6Qow&mlSearchSessionGuid=e659bedbda63cc26d61c25390e643aa8,1/15,2057500,23.0,16,25,,"1/15 Комиссия 0% + Самая низкая цена! Апартаменты-студия, 23 м², 16/25 этаж Волгоградский проспект 3 минуты пешком Москва , ЮВАО , р-н Южнопортовый , м. Волгоградский проспект , Новоостаповская улица , 20 57 500 ₽/мес. От года, комм. платежи включены (без счётчиков), без комиссии, залог 57 500 ₽ УНИКАЛЬНОЕ ПРЕДЛОЖЕНИЕ: 1) Без комиссии для арендатора ! 2) Самая низкая цена за дизайнерскую студию в ЖК бизнес-класса в пределах ТТК ! 3) До метро 1 мин пешком ! Сдается на длительный срок стильная студия 23 кв.м. с дизайнерским ремонтом в современном ЖК бизнес-класса ХайВэй. АДРЕС: г. Москва, ул. Новоостаповская, д. 20. ЭТАЖ: 16 из 25. ПЛОЩАДЬ: 23 кв.м. (комната 18 кв.м., кухня-гостиная 5 кв.м.). РЕМОНТ: Объект в идеальном состоянии, дизайнерский ремонт. ОТДЕЛКА САНУЗЛА: Совмещенный санузел с душевой кабиной. ПОЛНОЕ ОСНАЩЕНИЕ МЕБЕЛЬЮ И ТЕХНИКОЙ: • Кондиционер. • Большой холодильник. • Стиральная машина. • Стеклокерамическая варочная панель. • Вытяжной шкаф. • Микроволновая печь. • ! 3 ОГРОМНЫХ ГАРДЕРОБНЫХ ШКАФА ! ЛОКАЦИЯ И ТРАНСПОРТ: • 1 минута пешком до м. Волгоградский проспект. • 10 минут пешком до м. Дубровка. • 12 минут пешком до м. Угрешская. • 10 минут на автомобиле до Садового кольца. • 10 минут до центра Москвы на метро. ИНФРАСТРУКТУРА ЖК ХАЙВЭЙ: • Комплекс бизнес-класса с подземным паркингом. • Вся необходимая инфраструктура. •Прямо в доме продуктовый супермаркет Дикси. • Скоро в ЖК будет открыт собственный фитнес-центр с бассейном World Class. • Закрытая охраняемая территория с видеонаблюдением. • Благоустроенный двор. ФИНАНСОВЫЕ И ОРГАНИЗАЦИОННЫЕ УСЛОВИЯ: • Собственник действует как ИП. Аренда возможна как для физических лиц, так и для юридических лиц (для проживания конкретного сотрудника, указываемого в договоре). • ВСЯ ОПЛАТА СТРОГО ПО БЕЗНАЛИЧНОМУ РАСЧЕТУ. • ДЛЯ ПРОЖИВАНИЯ 1 ЧЕЛОВЕКА ИЛИ СЕМЕЙНОЙ ПАРЫ БЕЗ ДЕТЕЙ! • ПРОЖИВАНИЕ С ЖИВОТНЫМИ НЕ ДОПУСКАЕТСЯ. • В стоимость аренды включены коммунальные платежи. Дополнительно оплачиваются: электроэнергия, вода по счетчикам, интернет. Риелтор ID 123676766 Документы проверены +7 985 041-16-... Написать неделю назад 3 апр, 18:26",,https://www.cian.ru/cat.php?deal_type=rent&district%5B0%5D=8&engine_version=2&offer_type=flat&room9=1&type=4&p=1,2026-04-11T14:26:55+00:00
522,328729519,ЮВАО,https://www.cian.ru/rent/flat/328729519/?context=3.H8BjvvlhIP4.TYlPAo5OO3B9v5x1DlM3hWc620rnU7KBexV3tDTGE3RiR3YIjBc0oLXllW3uoJID0FuQEwrMEIHPAg&mlSearchSessionGuid=e659bedbda63cc26d61c25390e643aa8,1/8,2058000,23.5,21,23,,"1/8 Апартаменты-студия, 23,5 м², 21/23 этаж Только на Циан Волгоградский проспект 3 минуты пешком Москва , ЮВАО , р-н Южнопортовый , м. Волгоградский проспект , Новоостаповская улица , 20 58 000 ₽/мес. От года, комм. платежи включены (без счётчиков), комиссия 60%, залог 30 000 ₽ Современная студия 23 м2! 2 минуты от станции метро Волгоградский проспект или 7 минут от метро Угрешская. 10 минут до Кремля, рядом Третье транспортное кольцо, удобно добираться в любую точку города. Максимально комфортное проживание вам обеспечено. Круглосуточная охрана подъезда и территории. Высота потолков под 2,8 метра. Современный дизайн, и мебель. Новая техника (кондиционер, встроенный холодильник, плита, стиральная машина, телевизор, СВЧ). Большая ванна Индивидуальное отопление с возможностью регулировки каждой батареи. Коммунальные платежи по счетчикам. Популярный Жилой комплекс ЖК ""Хайвей"". Расположен в отличном районе города Москвы с сложившейся инфраструктурой района. Недалеко от комплекса: Крупнейший развлекательный комплекс ""Остров мечты"", Коломенский парк, Современная архитектура и авторская отделка корпусов. Благоустроенная и охраняемая территория. Собственный подземный паркинг, оригинальные современные детские площадки. Квартира сдается ВПЕРВЫЕ. Порядочный и доброжелательный собственник. Желаю Удачи! Риелтор Дмитрий Сыромятников Суперагент +7 986 323-66-... 6 часов назад сегодня, 11:15",,https://www.cian.ru/cat.php?deal_type=rent&district%5B0%5D=8&engine_version=2&offer_type=flat&room9=1&type=4&p=1,2026-04-11T14:26:55+00:00
575,328057567,ЮВАО,https://www.cian.ru/rent/flat/328057567/?context=3.nnKw_VIvXec.V6R-pPRjhGGO_xAkCV9hZnspbwXPKdAkWyU__y45iduEQxMEbn77ou5usqWZd3GcIDg_fzdfHQIokQ&mlSearchSessionGuid=cf4d8c55dcd1a3175c1e507aca009f40,1/10,2060000,23.0,3,23,,"1/10 Апартаменты-студия, 23 м², 3/23 этаж Только на Циан Волгоградский проспект 3 минуты пешком Москва , ЮВАО , р-н Южнопортовый , м. Волгоградский проспект , Новоостаповская улица , 20 60 000 ₽/мес. От года, комм. платежи включены (без счётчиков), комиссия 50%, залог 60 000 ₽ К Вашему вниманию предлагается: Новые Светлые апартаменты с удобным месторасположением, с качественной современной отделкой, разные вариации освещения, мягкий диван- кровать на два спальных места, сделанная на заказ кухня со встроенной техникой и большим количеством места под хранения вещей, смесители из латуни. Весь комплект посуды и кухонной утвари для комфортного проживания есть, ничего с собой привозить нет необходимости. Туалетная комната оснащена стиральной- сушильной машиной, огромной столешницей с раковиной из искусственного камня, большое зеркало с подсветкой, душевая кабина с тропическим душем, шкафы для хранения. В прихожей огромный шкаф- гардеробная для хранения одежды. Наполнение апартаментов: пылесос, кондиционер, холодильник, посудомоечная машина, стирально-сушильная машина, телевизор, доп кровать, 3 комплекта постельного белья, полотенца, чистящие средства. Расположение рядом с метро и центром Москвы, светлые комфортабельные апартаменты, закрытая охраняемая территория, собственный двухэтажный фитнес-клуб с бассейном, подземный паркинг, благоустроенный закрытый двор с ландшафтным озеленением и детскими площадками, модные кафе, магазины, салоны красоты, высокий уровень сервиса. Риелтор Людмила Сухорукова Суперагент +7 986 807-79-... Написать вчера вчера, 09:02",,https://www.cian.ru/cat.php?deal_type=rent&district%5B0%5D=8&engine_version=2&offer_type=flat&room9=1&type=4&p=3,2026-04-11T14:26:55+00:00
579,323255742,ЮВАО,https://www.cian.ru/rent/flat/323255742/?context=3.qMYjqRUH-Zk.gsfzT9ckB0i6gtVg662-SFh6MIMDA3pz7yZeVzmUM6e0A91eidRR0siM4C73Riqw7ecMODO93FBr1w&mlSearchSessionGuid=cf4d8c55dcd1a3175c1e507aca009f40,1/15,2064000,21.0,7,23,,"1/15 Апартаменты-студия, 21 м², 7/23 этаж Только на Циан Волгоградский проспект 3 минуты пешком Москва , ЮВАО , р-н Южнопортовый , м. Волгоградский проспект , Новоостаповская улица , 20 64 000 ₽/мес. От года, комм. платежи включены (без счётчиков), без комиссии, залог 64 000 ₽ Собственник. Без комиссии! В долгосрочную аренду сдаётся уютная студия с евроремонтом. Апартаменты площадью 21 кв. м находятся на 7-м этаже 24-этажного здания. До метро 3 минуты пешком. В квартире есть всё необходимое для комфортного проживания. Кухонный гарнитур, встроенный холодильник, шкаф, диван, кондиционер, а также есть стиральная машина. Свежий ремонт. Санузел совмещённый, оборудован ванной. Окна выходят на улицу, но не на проезжую часть. На первых этажах работает продуктовый магазин ""Дикси"", также в комплексе открыты пункты выдачи ""Ozon"" и ""Wildberries"". Летом будет открыт фитнес-клуб с бассейном! Закрытая территория с пропускной системой. Подземный паркинг. Дом в отличном состоянии, оборудован двумя пассажирскими и одним грузовым лифтом. Надёжный интернет поможет вам всегда оставаться на связи и работать удалённо. Условия аренды: договор аренды Оплата аренды производится ежемесячно, дополнительно оплачивается залог. Собственник ID 109087665 +7 916 624-74-... Написать вчера вчера, 21:09",,https://www.cian.ru/cat.php?deal_type=rent&district%5B0%5D=8&engine_version=2&offer_type=flat&room9=1&type=4&p=3,2026-04-11T14:26:55+00:00
529,328255372,ЮВАО,https://www.cian.ru/rent/flat/328255372/?context=3.Dx--XmQjdPI.ksvdCZas3V6bZ2cmxSdgzVCMbh5gEmMfM5auQeuqLbcZ3oRI_wnsfCg64qIhaj5krsghuyNpSVv7EQ&mlSearchSessionGuid=e659bedbda63cc26d61c25390e643aa8,1/18,2067000,27.0,11,23,,"1/18 Апартаменты-студия, 27 м², 11/23 этаж Волгоградский проспект 3 минуты пешком Москва , ЮВАО , р-н Южнопортовый , м. Волгоградский проспект , Новоостаповская улица , 20 67 000 ₽/мес. От года, комм. платежи включены (без счётчиков), комиссия 60%, залог 67 000 ₽ ВАШЕМУ ВНИМАНИЮ! м.Волгоградский проспект - 2 минуты пешком! Предлагается, светлая, уютная квартира. Квартира в отличном состоянии, после ремонта. Полностью укомплектована всей необходимой мебелью и техникой для комфортного проживания. В шаговой доступности магазины одежды и обуви, салоны красоты, бытовые услуги, спортклуб, продуктовые магазины. Заселение день в день. Оперативный показ. По всем вопросам звонить 24/7. Агентство недвижимости PREMIUM CITY Документы проверены +7 985 586-44-... Написать 3 часа назад сегодня, 14:26",,https://www.cian.ru/cat.php?deal_type=rent&district%5B0%5D=8&engine_version=2&offer_type=flat&room9=1&type=4&p=1,2026-04-11T14:26:55+00:00
562,327143324,ЮВАО,https://www.cian.ru/rent/flat/327143324/?context=3.Sf_Gh4Dv4TU.fprM-B7T7N8j--q_1yjvnp1-LAmcPZLYreVmMFSEIrL3OO48NgcKoOE3Il_ToeZVfPkN4rZvHFHeiQ&mlSearchSessionGuid=cf4d8c55dcd1a3175c1e507aca009f40,1/9,2069900,26.0,22,23,,"1/9 Апартаменты-студия, 26 м², 22/23 этаж Волгоградский проспект 3 минуты пешком Москва , ЮВАО , р-н Южнопортовый , м. Волгоградский проспект , Новоостаповская улица , 20 69 900 ₽/мес. От года, комм. платежи включены (без счётчиков), комиссия 50%, залог 75 000 ₽ Id 60982. Сдается просторная студия в ЖК ""HighWay"" ! Об апартаменте: - Квартира оснащена всей необходимой мебелью и техникой. - Большое панорамное окно. - Дизайнерский ремонт на стадии завершения. - Полностью укомплектована Главные преимущества комплекса Хайвей: - Метро ""Волгоградский проспект"" в 3 минутах ходьбы. - До центра города 10 минут на метро! - На первых этаж уже работает продуктовый магазин ""Дикси"", также в комплексе открыты пункты выдачи ""Ozon"" и ""Wildberries"" - Летом будет открыт фитнес-клуб с бассейном, до которых можно добраться не выходя из подъезда! - Закрытая территория с пропускной системой. - Подземный паркинг. - ЖК находится в активно развивающемся районе Москвы. - Рядом расположен торговый центр ""Дубровка"" известный своими положительными отзывами. Рассмотрим предложения, звоните для записи на показ, отвечаю быстро! Агентство недвижимости EstateLiga Документы проверены +7 916 863-15-... Написать вчера вчера, 19:40",,https://www.cian.ru/cat.php?deal_type=rent&district%5B0%5D=8&engine_version=2&offer_type=flat&room9=1&type=4&p=3,2026-04-11T14:26:55+00:00
535,328359692,ЮВАО,https://www.cian.ru/rent/flat/328359692/?context=3.Mu9kld9n6I4.pObR-raXNhH3Y1TpP-8w5e7yd4iN-2qeaHz96auItVGYrdnGlFi4tMih-VzNRIK2DHqEVvS0eTsJJg&mlSearchSessionGuid=1e05aaf253d5761008cc3c0936d6bf8e,1/10,2070000,29.0,14,22,,"1/10 студия, 29 м² в ЖК ""HighWay"" Апартаменты-студия, 29 м², 14/22 этаж Только на Циан Проверено в Росреестре Волгоградский проспект 3 минуты пешком Москва , ЮВАО , р-н Южнопортовый , м. Волгоградский проспект , Новоостаповская улица , 20 70 000 ₽/мес. От года, комм. платежи включены (без счётчиков), без комиссии, залог 70 000 ₽ Сдается апартаменты-студия, 29 м² на долгий срок уютная студия в первый раз, 2 минуты пешком до метро Волгоградский проспект. Удобный и быстрый выезд на 3-е транспортное кольцо. До садового кольца 2 станции метро, до метро Дубровка идти 10 минут. Новый ремонт, никто не жил. Сдается от собственника, без комиссии. Есть вся необходимая новая техника: телевизор 55 дюймов, кондиционер с функцией обогрева, посудомоечная и стиральная машинки, духовка, плита 4-х комфорки, встраиваемая микроволновка, вытяжка, водонагреватель, шторы блек аут. Предусмотрено огромное количество мест для хранения (в комнате и в ванной шкафы до потолка), есть гардеробная комната, в прихожей тумба для обуви и вешалка. Диван удобный, разбирается в 2-х спальное место. Территория ЖК огорожена и охраняется. Во дворе есть детская площадка, двор без машин. Квартира сдается 1 человеку без животных на срок от 11 месяцев. Без комиссии, отдельно оплачиваются свет, электричество и интернет. Апартаменты сдаются для одного человека, без детей и животных. С риелторами договора не заключаю. Собственник ID 50705515 +7 923 076-91-... Написать 6 часов назад сегодня, 10:40",,https://www.cian.ru/cat.php?deal_type=rent&district%5B0%5D=8&engine_version=2&offer_type=flat&room9=1&type=4&p=2,2026-04-11T14:26:55+00:00
539,327283374,ЮВАО,https://www.cian.ru/rent/flat/327283374/?context=3.qBylL7Zxxng.mT6NvhbXKfPH_EYZd4lgx9jXPKQ2roYW-uwZ-aNiww6TBDFecojvYGw9myJV_J9oCTOrHkqypATrTA&mlSearchSessionGuid=1e05aaf253d5761008cc3c0936d6bf8e,1/27,2070000,37.0,6,23,,"1/27 Апартаменты-студия, 37 м², 6/23 этаж Только на Циан Дубровка 15 минут пешком Москва , ЮВАО , р-н Южнопортовый , м. Волгоградский проспект , Новоостаповская улица , 20 70 000 ₽/мес. От года, комм. платежи включены (без счётчиков), комиссия 70%, залог 70 000 ₽ Впервые,любовь с первого взгляда ! Это та самая квартира в которой хочется жить! Она прекрасна! поторопитесь ! Всего в минуте ходьбы от метро,в новом стильном доме HighWay сдается обалденная ,комфортная,просторная студия 37 кв.м,для современных людей. Она просто куколка! Натяжные потолки,теплые полы,выполнен качественный свежий евро ремонт. Техника и мебель дорогая,красивая. Большой,вместительный шкаф ! Установлена шикарная кухня,установлены фильтры для чистки воды. Имеется посуда,встроенная посудомоечная машина! Все абсолютно новое! Уютная атмосфера создана для вашего комфортного проживания. Оплата коммунальных услуг полностью оплачивается нанимателем,согласно квитанции,сверху арендной оплаты. Достойная студия. Собственники замечательные люди. Рассмотрим на длительный срок платежеспособных,аккуратных людей. Риелтор Инна Светлова Суперагент +7 986 304-21-... Написать 15 минут назад сегодня, 17:11",,https://www.cian.ru/cat.php?deal_type=rent&district%5B0%5D=8&engine_version=2&offer_type=flat&room9=1&type=4&p=2,2026-04-11T14:26:55+00:00
506,328009833,ЮВАО,https://www.cian.ru/rent/flat/328009833/?context=3.0Y1BofaQprE.KvxXbvNQIArjdGzzcERFrDGdAU0QJBFArWfbuL9SjrpSVmX0viyWD0pR2sYYOXXnwy2t1hQobntu1A&mlSearchSessionGuid=e659bedbda63cc26d61c25390e643aa8,1/41 Ещё фото,2074999,27.0,14,22,,"1/41 Ещё фото Видовая, можно с мини собакой/кот Апартаменты-студия, 27 м², 14/22 этаж Волгоградский проспект 3 минуты пешком Москва , ЮВАО , р-н Южнопортовый , м. Волгоградский проспект , Новоостаповская улица , 20 74 999 ₽/мес. На несколько месяцев, комм. платежи включены (без счётчиков), без комиссии, залог 74 999 ₽ Замечательная студия с дорогим и современным ремонтом. Продуманная до мелочей. Здесь удобно и жить и работать. Большая кухня со всей встроенной техникой: двухкамерный холодильник, посудомоечная машина, микроволновая печь. Вместительная кровать 160 на 200 с ортопедическим матрасом, телевизор с 55 диагональю. Трехзонное освещение позволит настроить комфортный свет в квартире. Теплые полы по всей площади, кондиционер. Удобная ванная комната полностью оборудованная. Отдельная рабочая зона со своим освещением. Адаптированное место для подключения робот-пылесоса. Спешите, это супер отличный и качественный вариант. Оперативные показы с понедельника по пятницу. Риелтор Ильдар Канафеев Суперагент Посмотреть все объекты +7 917 566-42-... Написать 15 минут назад сегодня, 17:11 Как опередить это объявление?",,https://www.cian.ru/cat.php?deal_type=rent&district%5B0%5D=8&engine_version=2&offer_type=flat&room9=1&type=4&p=1,2026-04-11T14:26:55+00:00
538,327843023,ЮВАО,https://www.cian.ru/rent/flat/327843023/?context=3.N0RnEuYfzag.7yp6ePUw-qE0_Lw6Z9QUhJ7kd68KeuY_a2SS7XUI4dzQ3XGU9HcifK55Wj2-nL5aNICs-xcuVjj30w&mlSearchSessionGuid=1e05aaf253d5761008cc3c0936d6bf8e,1/13,2075000,36.0,10,23,,"1/13 Апартаменты-студия, 36 м², 10/23 этаж Волгоградский проспект 3 минуты пешком Москва , ЮВАО , р-н Южнопортовый , м. Волгоградский проспект , Новоостаповская улица , 20 75 000 ₽/мес. От года, комм. платежи включены (без счётчиков), комиссия 40%, залог 75 000 ₽ Великолепная студия с только что завершенным евро ремонтом в Жк бизнес класса Хай Вэй. Комплекс расположен в непосредственной близости от метро Волгоградский проспект. В доме первые этажи нежилые, тут будет расположена вся инфраструктура (магазины, салоны, кафе, пвз) Закрытая и охраняемая придомовая территория, двор без машин, есть подземный паркинг. Студия очень просторная - 36 квадратных метров. Предусмотрено много мест для хранения. Для вашего комфорта установлена откидная кровать, которая убирается легким движением и на спальном месте остается уютный диван. В комнате большой шкаф и шкаф-купе на входе для верхней одежды. Кухня укомплектована всей встроенной техникой. Сплит система. Панорамное окно в пол выходящее на юго-западную сторону, квартира очень светлая и просторная. Приобреталась исключительно для сдачи в аренду, сдаётся на длительный срок. Риелтор Анна Шутова Суперагент +7 910 536-92-... Написать вчера 9 апр, 18:56",,https://www.cian.ru/cat.php?deal_type=rent&district%5B0%5D=8&engine_version=2&offer_type=flat&room9=1&type=4&p=2,2026-04-11T14:26:55+00:00
559,313752293,ЮВАО,https://www.cian.ru/rent/flat/313752293/?context=3.xQHlwrxoalw.tdeoypQml7fXwIV3Ol6ir7USYAuJfkfjg3hSIhQt_8D9FO2ZKr-7GJ51OPvZTiTX9JnCarKdn5Dcfw&mlSearchSessionGuid=1e05aaf253d5761008cc3c0936d6bf8e,1/50,2100000,43.0,17,17,,"1/50 Студия, 43 м², 17/17 этаж Проверено в Росреестре Дубровка 7 минут пешком Москва , ЮВАО , р-н Южнопортовый , м. Дубровка , 6-я Кожуховская улица , 15к2 100 000 ₽/мес. От года, комм. платежи включены (без счётчиков), без комиссии, залог 120 000 ₽ На последнем 17 этаже, на южной стороне одноподъездного монолитного дома 2005 года постройки, сдается просторная 43 м. студия с лоджией, полностью оборудованная и укомплектованная всем необходимым. Установлена новая сушильная машина, капсульная Nespresso, индукционная плита, фильтрация питьевой воды с осмосом, бойлер, Oled (именно Олед) телевизор с не замедляемым ютубом, Apple tv 4k с Кинопабом! (Не путать с Кинопоиском и другими бесполезными онлайн кинотеатрами) , колонкой Алисой с элементами умного дома (интерьерное освещение на голосовом управлении), домашним кинотеатром 5.1 B&W мультирум, по необходимости + xbox X. Инверторный кондиционер Fujitsu с ночным режимом 19dB и Конвекционная микроволновая печь Panasonic (оба made in Japan). В наличии хорошая, новая кухонная посуда, приборы Broggi новое белье (икея импорт)) и всё что нужно для жизни, (штопор есть!). Вам, только развесить на 120 вешалках личные вещи, в 2-х шкафах, и в прихожей разместить 27 пар обуви в обувнице. Кровать - 160/200 и доп спальное место из дивана 120/180. Не смотря на то, что дом находится рядом с ТТК, с прекрасной транспортной доступностью, в квартире тихо и можно спать с открытыми окнами. В доме приветливые соседи и круглосуточный консьерж. У дома ВСЕГДА есть бесплатные парковочные места. Рядом, в соседних домах, продуктовые сетевые магазины с алкоголем, работающие до 23:00 и один круглосуточный + большой Магнит Косметик, через дом Яндекс лавка., Аптека и тандыр Пекарня. В трех! минутах ходьбы от дома большой ТРЦ Мозаика, с фудкортом, гипер маркетом, фитнесом (DDX) флагманским Мфц и 2-х минутным переходом на станцию МЦК Дубровка. Метро Кожуховская в 12 минутах ходьбы. Недалеко находится ландшафтный парк Остров Мечты (идеально для велопрогулок) В стоимость аренды включены все платежи кроме электроэнергии. Сдаю без животных, на длительный срок ценящим чистоту, камерность и уют. Если вы хотите жить в современных условиях, но большие ЖК с маленькими деревьями и плохой шумоизоляцией вам не подходят, тогда это предложение может быть вам интересно. ID 47359882 Документы проверены +7 985 002-22-... Написать два дня назад 8 апр, 20:56",,https://www.cian.ru/cat.php?deal_type=rent&district%5B0%5D=8&engine_version=2&offer_type=flat&room9=1&type=4&p=2,2026-04-11T14:26:55+00:00
567,295985967,ЮВАО,https://www.cian.ru/rent/flat/295985967/?context=3.QaRNKEdjX78.tal-S2atMrZgZ9e3Hz22vXBciHM7OH8FShhmnDqVJELxLlslVqf-z0SscfFgCeQG8paLtJ_2eNRcHA&mlSearchSessionGuid=cf4d8c55dcd1a3175c1e507aca009f40,1/17,2550000,13.7,4,4,,"1/17 Апартаменты-студия, 13,7 м², 4/4 этаж Только на Циан Авиамоторная 17 минут пешком Москва , ЮВАО , р-н Нижегородский , м. Авиамоторная , Подъемная улица , 14С25 50 000 ₽/мес. От года, комм. платежи включены (без счётчиков), комиссия 50%, залог 50 000 ₽ Сдается двухуровневая студия после косметического ремонта и клиннинга. Готова к заезду от 11 месяцев. Счетчики включены в стоимость аренды, которая указана в объявлении! В 12 минутах на транспорте от метро площадь Ильича, в 18ти минутах пешком до авиамоторной, в 10 минутах на транспорте мцд катилники. В студии есть все необходимое для проживания: кровать, холодильник, электрическая плита, духовая печь, микроволновая печка, стиральная машина, посудомоечная машина, кондиционер, телевизор, интернет, душевая кабина с санузлом, отопление. В 5 минутах от дома большое количество продуктовых магазинов, в 8 минутах от дома большой трц Город. Все документы в порядке. Без животных. ----- Примечание: у собственника могут быть дополнительные пожелания к жильцам - обсудите их в чате или по телефону Риелтор Максим Афонин Суперагент +7 916 910-49-... Написать 2 недели назад 26 мар, 04:47",,https://www.cian.ru/cat.php?deal_type=rent&district%5B0%5D=8&engine_version=2&offer_type=flat&room9=1&type=4&p=3,2026-04-11T14:26:55+00:00
516,328298801,ЮВАО,https://www.cian.ru/rent/flat/328298801/?context=3.t-tHu1jF6f0.cGtWFogHN6gCNDEkag-ZnF-dn4Qsf-_6A-pdqlbMHxeV1_7cVovS1CD1koLx59Edz-OoopFTaGg0GQ&mlSearchSessionGuid=e659bedbda63cc26d61c25390e643aa8,1/7,2835000,25.0,12,17,,"1/7 Студия, 25 м², 12/17 этаж Некрасовка 10 минут пешком Москва , ЮВАО , р-н Некрасовка , м. Некрасовка , улица Недорубова , 28 35 000 ₽/мес. От года, комм. платежи включены (счётчики включены), комиссия 60%, залог 35 000 ₽ Сдается на длительный период . Качественный рeмoнт, вся мебель и бытовая техника, нeoбходимая для кoмфopтного пpoживaния. Пoлнoстью меблиpoвана мебелью: шкаф,комод, кровать двухспальная , куxонный гарнитур, диван-кресло, барная стойка , высокие стулья . Квартира укомплектована всей бытовой техникой: электрическая плита , холодильник, стиральная машина, микроволновка. Сан узел раздельный, ванна, стиральная машина автомат раздельный в пользовании 3 комнат. Рядом с метро торговые центры, фитнес центр, продуктовые магазины в доме и рядом с домом. Шаговая доступность 7 минут до станции метро Некрасовка. Сдается на длительный период . Рассмотрят платежеспособных жильцов, приоритет для девушки, женщины. Оплата 35000 рублей все платежи включены в стоимость. Депозит 35000 рублей можно разделить на 2 платежа. Комиссия . ID 307387 Документы проверены +7 923 074-33-... Написать четыре дня назад 7 апр, 13:27",,https://www.cian.ru/cat.php?deal_type=rent&district%5B0%5D=8&engine_version=2&offer_type=flat&room9=1&type=4&p=1,2026-04-11T14:26:55+00:00
546,328835465,ЮВАО,https://www.cian.ru/rent/flat/328835465/?context=3.irhkbGbmWjQ.u_gXrNyo7bupTTCxUYcE30i6ZmF3Ll4F8RVcZPcOk3SLhULgyKQyyLErJXTJpf0mSCr1P0Br6C1Tpw&mlSearchSessionGuid=1e05aaf253d5761008cc3c0936d6bf8e,1/8,4545000,18.0,3,8,,"1/8 Апартаменты-студия, 18 м², 3/8 этаж Только на Циан Текстильщики 11 минут пешком Москва , ЮВАО , р-н Печатники , м. Текстильщики , Волгоградский проспект , 45 45 000 ₽/мес. На несколько месяцев, комм. платежи включены (без счётчиков), без комиссии, залог 45 000 ₽ Студия рядом с метро и БКЛ Текстильщики(6-9 минут )в здании магазин, недорогая уютная столовая , проходная система (Вас никто не украдет)) Без комиссии .от 5 месяцев. Квитанция оплачивается отдельно . Собственник ID 51522630 Документы проверены +7 985 289-26-... Написать 3 часа назад сегодня, 13:32",,https://www.cian.ru/cat.php?deal_type=rent&district%5B0%5D=8&engine_version=2&offer_type=flat&room9=1&type=4&p=2,2026-04-11T14:26:55+00:00
