id,listing_id,district,url,title,price_rub,area_m2,floor,total_floors,metro,address,description_snippet,source_page,scraped_at
1644,301543961,ЮВАО,https://www.cian.ru/rent/flat/301543961/?context=4.ScoaDmapvno.Oh5k2FRox7lyljKiYWuvCEuYg1fQwsMtfSO5ZG0TXNbDqYKLyTWFeSpbPXj0KHs1N38HXgmhEGzzxw&mlSearchSessionGuid=1a54fd2be30d5ae351b9bcc5aa288e3d,1/12,40000,17.0,5,5,,"1/12 Апартаменты-студия, 17 м², 5/5 этаж Только на Циан Текстильщики 18 минут пешком Москва , ЮВАО , р-н Текстильщики , м. Текстильщики , 1-й Грайвороновский проезд , 2А 40 000 ₽/мес. От года, комм. платежи включены (без счётчиков), комиссия 60%, залог 43 000 ₽ Сдаю студию со всеми удобствами в районе метро Текстильщики, от метро 15 минут пешком или 3 остановки автобусом. В квартире имеется все для комфортного проживания: кухня, микроволновка, чайник, варочная панель, вытяжка, холодильник, кровать двуспальная, обеденный стол, стиральная машинка, совмещённый санузел, шкаф-гардероб. Условия: предоплата за месяц, залог за последний месяц аренды, коммунальные платежи отдельно, комиссия агенту разово при заселении. Риелтор Александр Дворников Документы проверены +7 985 579-70-... Написать неделю назад 12 апр, 13:12",,https://www.cian.ru/cat.php?deal_type=rent&district%5B0%5D=8&engine_version=2&offer_type=flat&room9=1&type=4&p=2,2026-04-19T16:22:36+00:00
1668,308997917,ЮВАО,https://www.cian.ru/rent/flat/308997917/?context=4.WuSkJii4M-g.hHrK62822HMZdy32391ZAzfpb3-U7foXejQz6DKG_pum6Zi6O9l20Weg5vtf6jMw7Emm_OVPrp1lGg&mlSearchSessionGuid=00f05a3989086624d71d30b86363407a,1/5,50000,26.0,4,25,,"1/5 Студия, 26 м², 4/25 этаж Только на Циан Нижегородская 7 минут пешком Москва , ЮВАО , р-н Нижегородский , м. Нижегородская , Рязанский проспект , 2/1 к2А 50 000 ₽/мес. От года, комм. платежи включены (без счётчиков), комиссия 50%, залог 50 000 ₽ Приглaшаем вас cтать владельцем уюта и кoмфоpта в нoвейшем монолитном доме, пocтpoeнном в 2021 году ""ЖК SREDA"" . Эта зaмeчaтeльнaя кваpтира-cтудия плoщaдью 26 м² располoжена на 4 этажe . Здесь вы cможeтe нacлаждaтьcя проcторoм и удoбствoм, кoторый даpит качeственный peмoнт . Kвартирa укомплектовaнa всей необходимой мебелью и техникой. Живите с комфортом и безопасностью в этом спокойном дворе без машин, идеально подходящем для прогулок с детьми или отдыха. Оплата аренды производится помесячно, с депозитом(разбиваем) за сохранность жилья в размере одного месяца. Квартира сдается на длительный срок. В доме чистота и порядок, имеется мусоропровод, а соседи очень доброжелательные. Не упустите возможность арендовать это замечательное жилье — звоните прямо сейчас! Риелтор Дмитрий Титов Суперагент +7 986 414-09-... Написать вчера вчера, 20:25",,https://www.cian.ru/cat.php?deal_type=rent&district%5B0%5D=8&engine_version=2&offer_type=flat&room9=1&type=4&p=3,2026-04-19T16:22:36+00:00
1617,283229441,ЮВАО,https://www.cian.ru/rent/flat/283229441/?context=4.h1RMAwNEUP4.1IBzs-IFO7sdwVJFowVf5gCu5PaykSRMzMu_rAnMgOHk1tG0K3msqvXw7SiaD_adCWbTkMENb_hKZg&mlSearchSessionGuid=94207197dec4dd17e806bc64c122191e,1/5,132000,16.0,1,17,,"1/5 Студия, 16 м², 1/17 этаж Люблино 4 минуты на транспорте Москва , ЮВАО , р-н Марьино , м. Люблино , улица Верхние Поля , 42К1 32 000 ₽/мес. От года, комм. платежи включены (счётчики включены), без комиссии, залог 16 000 ₽ В действующем отели, на длительный срок, сдается студия гостиничного типа, без кухни ! В стоимость все включено, страховой депозит - 50%. Рассматривают 1-2 чел., РФ. В комнате минимум мебели - кровать, стол+ 2 стула, телевизор. Кондиционер. Санузел совмещенный, душ-кабина. Подробности по телефону. Агентство недвижимости Лунный Свет +7 923 078-87-... Написать час назад сегодня, 17:30",,https://www.cian.ru/cat.php?deal_type=rent&district%5B0%5D=8&engine_version=2&offer_type=flat&room9=1&type=4&p=1,2026-04-19T16:22:36+00:00
1641,326294321,ЮВАО,https://www.cian.ru/rent/flat/326294321/?context=4.2gfkRqfiDLc.rE4xBRyNMB0VMSya823Ok3JSpI3GLXxV9__xE9DepGIyuXnb0XWebDFgaWrj7Vs8YRuGmb2ePeQkUg&mlSearchSessionGuid=1a54fd2be30d5ae351b9bcc5aa288e3d,1/15,135000,13.5,2,10,,"1/15 Студия, 13,5 м², 2/10 этаж Только на Циан Юго-Восточная 8 минут пешком Москва , ЮВАО , р-н Выхино-Жулебино , м. Юго-Восточная , Ташкентская улица , 25К1 35 000 ₽/мес. От года, комм. платежи включены (без счётчиков), комиссия 60%, залог 35 000 ₽ Сдается уютная студия площадью 11.6 кв. м. на длительный срок. До метро Юго-Восточная всего 8 минут пешком. В квартире есть все необходимое для комфортного проживания: косметический ремонт, необходимая мебель, холодильник, стиральная машина, микроволновая плита, электрическая поверхность, электрический чайник. Планировка включает совмещенный санузел с душевой кабиной. В вашем распоряжении также интернет, поэтому можно смело работать или учиться онлайн. Лоджия добавляет дополнительное пространство для хранения или отдыха. Дом находится в районе с развитой инфраструктурой. В шаговой доступности расположены школы, детские сады и клиники, поэтому все важные учреждения будут у вас под рукой. Для любителей шопинга и повседневных покупок поблизости есть магазины. Риелтор ID 116658281 +7 985 254-20-... Написать 3 часа назад сегодня, 15:37",,https://www.cian.ru/cat.php?deal_type=rent&district%5B0%5D=8&engine_version=2&offer_type=flat&room9=1&type=4&p=2,2026-04-19T16:22:36+00:00
1638,320691127,ЮВАО,https://www.cian.ru/rent/flat/320691127/?context=4.kGhkM7UYS7Y.q9-8u8Ymww5636FBwI6PzfLq2C80_DZmNaSH1C-XJeiE5FpKIir9R891J1jCgv5NN4pCKPWLPxnH9A&mlSearchSessionGuid=1a54fd2be30d5ae351b9bcc5aa288e3d,1/11,143000,17.0,2,3,,"1/11 Апартаменты-студия, 17 м², 2/3 этаж Только на Циан Депо 1 минута пешком Москва , ЮВАО , р-н Люблино , м. Депо , Егорьевский проезд , 3АС1 43 000 ₽/мес. От года, комм. платежи включены (без счётчиков), без комиссии, залог 43 000 ₽ Сдается в аренду потрясающий апартамент со свежим ремонтом. БЕЗ КОМИСИИ! 15 пешком от м . Люблино или 6 мин от м. Депо. Вся необходимая мебель и техника присутствует, все в отличном состоянии . Апартамент 2х этажный. Первый этаж- кухня гостиная, второй этаж спальня. Без детей и животных. Соседи хорошие. Первый этаж, под ним цоколь, тоже жилой. Сдается с 6 АПРЕЛЯ. Риелтор ID 191762 Документы проверены +7 910 013-48-... 4 часа назад сегодня, 14:50",,https://www.cian.ru/cat.php?deal_type=rent&district%5B0%5D=8&engine_version=2&offer_type=flat&room9=1&type=4&p=2,2026-04-19T16:22:36+00:00
1680,328224107,ЮВАО,https://www.cian.ru/rent/flat/328224107/?context=4.cei9RuTT1RA.BtZfoYXVyU-DGvj61kCaOUUWcUp-PVrTv2JHMZdlhFDVAge4F0tjwgeGsABNIIkthAg0AYxDINxJiQ&mlSearchSessionGuid=00f05a3989086624d71d30b86363407a,1/13,143000,16.0,1,5,,"1/13 Студия, 16 м², 1/5 этаж Кузьминки 9 минут пешком Москва , ЮВАО , р-н Кузьминки , м. Кузьминки , Жигулевская улица , 4К1 43 000 ₽/мес. От года, комм. платежи включены (без счётчиков), комиссия 20%, залог 43 000 ₽ Сдается светлая и чистая студия 16 кв. м. Студия небольшая, но в ней есть всё необходимое для комфортной жизни. Она светлая, чистая, и главное - в ней спокойно. Почему вам понравится здесь: Транспортная доступность: Всего 8 минут пешком до метро. Дорога не утомляет, добираться до центра легко (м. Таганская в 12 мин на метро) Инфраструктура: Магазины, продукты и все необходимое - в шаговой доступности. Нет проблем с быстрым перекусом или покупкой продуктов. Студия полностью готова к заезду. Звоните, расскажу детали и отвечу на вопросы! Показы после 19:00 Риелтор ID 87473544 +7 985 753-43-... Написать пять дней назад 14 апр, 07:16",,https://www.cian.ru/cat.php?deal_type=rent&district%5B0%5D=8&engine_version=2&offer_type=flat&room9=1&type=4&p=3,2026-04-19T16:22:36+00:00
1662,304833727,ЮВАО,https://www.cian.ru/rent/flat/304833727/?context=4.ppgM4aOe9po.uuo7IVXZKskS1cuFV7Yo2s9s6bgnTE1Wnmu4VIQ9mN65ocG02sAcBV76RrPwmnPxZpGI_gPqsXgJ8Q&mlSearchSessionGuid=00f05a3989086624d71d30b86363407a,1/5,144000,23.0,7,16,,"1/5 Студия, 23 м², 7/16 этаж Люблино 16 минут пешком Москва , ЮВАО , р-н Люблино , м. Люблино , Цимлянская улица , 3к1 44 000 ₽/мес. На несколько месяцев, комм. платежи включены (без счётчиков), без комиссии, залог 50 000 ₽ Уютная студия со всей мебелью в развитом в плане инфраструктуры районе сдается одному человеку - гражданину РФ с добропорядочной репутацией и без долгов. Цена аренды указана без коммунальных расходов. Договор. На звонки отвечаю редко, пишите в мессенджерах. Собственник ID 107316047 Документы проверены Назначить просмотр месяц назад 4 мар, 13:08",,https://www.cian.ru/cat.php?deal_type=rent&district%5B0%5D=8&engine_version=2&offer_type=flat&room9=1&type=4&p=3,2026-04-19T16:22:36+00:00
1656,329126008,ЮВАО,https://www.cian.ru/rent/flat/329126008/?context=4.r0dhIMlXucs.d6kG0jDMvjMb_LbbJhvuIGhe6ctlC0p2VS2J5XEhciSJa3y80sYpxml9tilFbyxJd-pzOZWyj-EsQg&mlSearchSessionGuid=00f05a3989086624d71d30b86363407a,1/19,145000,20.0,4,20,,"1/19 Студия, 20 м², 4/20 этаж Люблино 4 минуты на транспорте Москва , ЮВАО , р-н Люблино , м. Депо , Люблинская улица , 72Ак1 45 000 ₽/мес. От года, комм. платежи включены (без счётчиков), комиссия 65%, залог 45 000 ₽ Сдаётся уютная студия в современном жк. В квартире никто не жил, сдается впервые!! В квартире сделан качественный евроремонт, что создаёт современную и комфортную обстановку. Пространство продумано до мелочей: функциональная кухня площадью 10 кв. м оборудована необходимой мебелью и техникой, включая холодильник и стиральную машину. В комнате также есть вся нужная мебель для вашего удобства. Совмещённый санузел оснащён душевой кабиной, что особенно удобно для небольшой площади. Дом обладает всеми необходимыми удобствами: здесь есть наземная парковка и три лифта — два пассажирских и один грузовой. В доме проведён интернет, поэтому можно сразу подключаться к сети и наслаждаться всеми преимуществами жизни в современном здании. Район предлагает развитую инфраструктуру: рядом находятся школы, детские сады и магазины, что делает это место особенно удобным для семей. Условия аренды: квартира сдаётся на длительный срок. Подходит для проживания одного-двух человек. Не упустите возможность снять уютную и современную студию! Звоните и записывайтесь на просмотр, будем рады вам её показать. Агентство недвижимости Space Realty +7 916 465-01-... Написать вчера вчера, 15:18",,https://www.cian.ru/cat.php?deal_type=rent&district%5B0%5D=8&engine_version=2&offer_type=flat&room9=1&type=4&p=3,2026-04-19T16:22:36+00:00
1629,328985601,ЮВАО,https://www.cian.ru/rent/flat/328985601/?context=4.sRndynbUfZw.HEq5siVFeSfwDHX3wtyI9EtdrbveiLHAeqY0f1lwkFZnIa_ro4gI2YMWbbLqGE4U0maB6OdF77DDqA&mlSearchSessionGuid=1a54fd2be30d5ae351b9bcc5aa288e3d,1/10,148000,15.0,1,9,,"1/10 Студия, 15 м², 1/9 этаж Только на Циан Кожуховская 5 минут пешком Москва , ЮВАО , р-н Южнопортовый , м. Кожуховская , 5-я Кожуховская улица , 34К1 48 000 ₽/мес. От года, комм. платежи включены (без счётчиков), без комиссии, залог 63 000 ₽ БЕЗ КОМИССИИ, Я СОБСТВЕННИК. Студия. Свежий ремонт. Очень обжитой район со всей необходимой инфраструктурой, до метро Кожуховская 3 минуты пешком. Сдаю по договору строго для одного человека. Коммунальные услуги оплачиваются отдельно по счетчикам. Собственник ID 35549711 Документы проверены +7 916 220-78-... Написать четыре дня назад 14 апр, 22:37",,https://www.cian.ru/cat.php?deal_type=rent&district%5B0%5D=8&engine_version=2&offer_type=flat&room9=1&type=4&p=2,2026-04-19T16:22:36+00:00
1639,329009950,ЮВАО,https://www.cian.ru/rent/flat/329009950/?context=4._W6f35mtHgk.Puu-jEbYgZ8zLPDfT3Wn4F0JG_NtYLvfwqT6ngRtcl5L81dN2H5TSeViPPoN5hpjFT9B3BdjEFZsbw&mlSearchSessionGuid=1a54fd2be30d5ae351b9bcc5aa288e3d,1/31,153000,19.7,20,22,,"1/31 Студия, 19,7 м², 20/22 этаж Текстильщики 20 минут пешком Москва , ЮВАО , р-н Текстильщики , м. Новохохловская , 1-й Грайвороновский проезд , 7Ак1 53 000 ₽/мес. От года, комм. платежи включены (без счётчиков), комиссия 50%, без залога Долгoсpoчнaя аpенда (договoр нa 11 меcяцев). Предcтaвляeм вашeму внимaнию cтильную cтудию 19,7 кв.м. в ЖK Волжский паpк. Бытовая тeхникa: cтиpaльнaя мaшинa, xoлoдильник, вытяжка, варoчнaя панeль, тeлeвизор, электpический чайник, микрoволнoвая пeчь. Район oблaдаeт нaсыщенной и рaзвитoй инфраcтруктуpой: - в 15 минутax пешком oт метро Текстильщики - подземные и наземные паркинги, дворы-парки - поликлиники, магазины и фитнес-клубы. - в окружении находятся ТЦ Город, Леруа Мерлен, кинотеатр Олимпик Синема и стадион Москвич. Поблизости благоустроенные зелёные зоны: Волжский бульвар, большой Кузьминский лесопарк, пруд Садки и музей-усадьба Кусково. УСЛОВИЯ ПРОЖИВАНИЯ: не более 2-х чел - Комиссия 50% от арендного платежа; - Раннее бронирование объекта (за 3 дня до заселения); - Персональный менеджер на всех этапах аренды быстро реагирует на запросы - большинство бытовых вопросов решаем за 48 часов; - Страхование гражданской ответственности до 0,3 млн ₽; - Организация мелкого ремонта. Коммунальные платежи: электроэнергия, хвс\гвс, услуги интернет провайдера, расходы за отопление дома/квартиры оплачивает арендатор. Заселение только при наличии постоянной регистрации РФ. БЕЗ ЖИВОТНЫХ! Агентство недвижимости СМАРЕНТ Документы проверены +7 985 853-93-... Написать вчера вчера, 17:40",,https://www.cian.ru/cat.php?deal_type=rent&district%5B0%5D=8&engine_version=2&offer_type=flat&room9=1&type=4&p=2,2026-04-19T16:22:36+00:00
1598,328697997,ЮВАО,https://www.cian.ru/rent/flat/328697997/?context=4.aJU9Dik1bBA.reoweahDD4neWEAPpedYHUl3L7uKuPILsonGhnx2u-kx6q-y6TW3HhPKXMeiwCxwIuuubn8ljmKPmg&mlSearchSessionGuid=94207197dec4dd17e806bc64c122191e,1/21 Ещё фото,160000,26.0,2,30,,"1/21 Ещё фото Сдается студия в ЖК ""Метрополия"" Студия, 26 м², 2/30 этаж Только на Циан Волгоградский проспект 12 минут пешком Москва , ЮВАО , р-н Южнопортовый , м. Угрешская , Волгоградский проспект , 32/5к1 60 000 ₽/мес. От года, комм. платежи включены (без счётчиков), комиссия 60%, залог 60 000 ₽ Арт. 134155294 Сдается студия 26 м² в ЖК ""Метрополия"" (корпус Стокгольм) на длительный срок. В шаговой доступности метро и МЦК: до станции МЦК ""Угрешская"" 45 минут пешком, до метро ""Волгоградский проспект"" 710 минут. Прямой выезд с территории на Волгоградский проспект и ТТК. ЖК комфорт-класса: презентабельный подъезд, вход по смарт-картам, круглосуточная охрана и видеонаблюдение, консьерж в каждом корпусе. Закрытая благоустроенная территория, двор без машин, подземный паркинг, детские и спортивные площадки. Внутри двора и в пешей доступности всё необходимое для жизни: продуктовые магазины, кафе, пункты выдачи заказов (Ozon, Wildberries и другие). Выходить за пределы ЖК не нужно, чтобы забрать посылку или купить продукты. Сама студия светлая, окна выходят во двор тихо. Дизайн минималистичный, всё аккуратно и без лишнего. В квартире уже есть всё необходимое: кровать, кухня с техникой, стол, стулья. Коммунальные платежи по счётчикам. Сдаю на длительный срок. Имеется видеообзор — пришлю ссылкой по запросу. Звоните, пишите, приезжайте смотреть. Агентство недвижимости FOX ESTATE Документы проверены Посмотреть все объекты +7 989 564-10-... Написать 8 часов назад сегодня, 10:55",,https://www.cian.ru/cat.php?deal_type=rent&district%5B0%5D=8&engine_version=2&offer_type=flat&room9=1&type=4&p=1,2026-04-19T16:22:36+00:00
1616,328869295,ЮВАО,https://www.cian.ru/rent/flat/328869295/?context=4.KRhPy_qmYvA.JwB9nL-QitLYPoNMt_Evyfa6-NMEBIU75EkawsquHJZNnJUeDCPJ0CB5BZwe9g1HuceZh4zwvWz56w&mlSearchSessionGuid=94207197dec4dd17e806bc64c122191e,1/10,160000,21.1,1,5,,"1/10 Апартаменты-студия, 21,1 м², 1/5 этаж Только на Циан Лефортово 10 минут пешком Москва , ЮВАО , р-н Лефортово , м. Лефортово , Ухтомская улица , 16К1 60 000 ₽/мес. От года, комм. платежи включены (без счётчиков), без комиссии, залог 60 000 ₽ Предлагаем уютные апартаменты по адресу: ул. Ухтомская, 16, к.1 21,1 м² Почему это идеальный вариант: Дизайнерский ремонт: Свежий, стильный интерьер — здесь приятно находиться. Полная комплектация: Заезжайте с одним чемоданом! Есть вся необходимая техника: стиральная машина, холодильник, СВЧ-печь, варочная панель. Готовность: Квартира полностью меблирована и готова к заселению прямо сейчас. Локация: Отличная транспортная доступность позволит вам легко добираться до любой точки города. Условия аренды: Цена: 60 000 руб./мес. + коммунальные платежи. Агентство недвижимости ONE OSNOVA Документы проверены +7 986 274-23-... Написать 7 часов назад сегодня, 12:10",,https://www.cian.ru/cat.php?deal_type=rent&district%5B0%5D=8&engine_version=2&offer_type=flat&room9=1&type=4&p=1,2026-04-19T16:22:36+00:00
1648,328869349,ЮВАО,https://www.cian.ru/rent/flat/328869349/?context=4.NE-ND9bt3-k.p0JE1NWY_EOdwo6XfgLS1q41951Hlio4vIED15vyiZQQZnoE7NTmcRzsdiezkLIgp3B9lfkvmdbPCw&mlSearchSessionGuid=1a54fd2be30d5ae351b9bcc5aa288e3d,1/13,160000,20.9,1,5,,"1/13 Апартаменты-студия, 20,9 м², 1/5 этаж Только на Циан Лефортово 10 минут пешком Москва , ЮВАО , р-н Лефортово , м. Лефортово , Ухтомская улица , 16К1 60 000 ₽/мес. От года, комм. платежи включены (без счётчиков), без комиссии, залог 60 000 ₽ Стильная студия 20,9 м² с новым ремонтом — заезжай и живи! Предлагаем уютные апартаменты по адресу: ул. Ухтомская, 16, к.1 Почему это идеальный вариант: Дизайнерский ремонт: Свежий, стильный интерьер — здесь приятно находиться. Полная комплектация: Заезжайте с одним чемоданом! Есть вся необходимая техника: стиральная машина, холодильник, СВЧ-печь, варочная панель. Готовность: Квартира полностью меблирована и готова к заселению прямо сейчас. Локация: Отличная транспортная доступность позволит вам легко добираться до любой точки города. Условия аренды: Цена: 60 000 руб./мес. + коммунальные платежи Агентство недвижимости ONE OSNOVA Документы проверены +7 986 274-23-... Написать пять дней назад 14 апр, 11:06",,https://www.cian.ru/cat.php?deal_type=rent&district%5B0%5D=8&engine_version=2&offer_type=flat&room9=1&type=4&p=2,2026-04-19T16:22:36+00:00
1676,329143503,ЮВАО,https://www.cian.ru/rent/flat/329143503/?context=4.J-8PKQN0GOI.4LAtfRqbXiQUNlg7Fe7c8dIiG0L5chjoGG9vNeBclDlqGKoWq4cWjS8eaB0JogWj8r841WJTseQBjg&mlSearchSessionGuid=00f05a3989086624d71d30b86363407a,1/15,160000,38.5,8,14,,"1/15 Студия, 38,5 м², 8/14 этаж Кузьминки 11 минут пешком Москва , ЮВАО , р-н Кузьминки , м. Кузьминки , Есенинский бульвар , 14К1 60 000 ₽/мес. От года, комм. платежи включены (без счётчиков), комиссия 60%, залог 60 000 ₽ Сдаётся уютная большая квартира- студия, в 10 минутах пешком от метро Кузьминки. Высокие потолки (2,8 м) и окна, выходящие на бульвар, создают атмосферу простора и уюта. Квартира с евроремонтом, полностью меблирована. В комнате и кухне есть вся необходимая мебель и техника для комфортной жизни. На лоджии оборудован кабинет или зона для отдыха. Ухоженный подъезд, консьерж, презентабельные соседи. Район развит и удобен для жизни: рядом расположены школы, детские сады, клиники и магазины, все необходимое для комфортной жизни находится в шаговой доступности. Квартира идеально подходит для одного человека или пары. Риелтор Наталья Педан Суперагент +7 916 875-33-... Написать 2 часа назад сегодня, 16:43",,https://www.cian.ru/cat.php?deal_type=rent&district%5B0%5D=8&engine_version=2&offer_type=flat&room9=1&type=4&p=3,2026-04-19T16:22:36+00:00
1636,328567594,ЮВАО,https://www.cian.ru/rent/flat/328567594/?context=4.THwQSb-yJCk.xBthtdyqw1lKaLi6s9wYtPyLqATrkPiaQytUcnlaAU3AisVmQR9Kyt0dXkiBeu3u47tZs31xVeev-w&mlSearchSessionGuid=1a54fd2be30d5ae351b9bcc5aa288e3d,1/22,165000,20.7,27,27,,"1/22 Студия, 20,7 м², 27/27 этаж Авиамоторная 11 минут пешком Москва , ЮВАО , р-н Лефортово , м. Авиамоторная , улица Крузенштерна , 10к1 65 000 ₽/мес. От года, комм. платежи включены (без счётчиков), комиссия 50%, без залога Дoлгоcрочная аренда (договoр нa 11 меcяцeв). Прeдcтaвляeм вaшeму внимaнию пpocторную, уютную студию плoщадью 20,7 кв.м. рacпoложeнную в ЖК Символ. Бытовая техника: кондиционер, телевизор, посудомоечная машина, хoлoдильник, варочная панель, микроволновая печь, cтиpальная машинa, элeктричecкий чайник. Есть все необходимое для комфортного и долгосрочного проживания, в т.ч. посуда. Удобства квартиры: - Встроенная посудомоечная машина; - Вместительные системы хранения; - Уютная просторная комната с красивым видом из окна; - Светлая, уютная ванная комната с современной сантехникой. Дом находится в районе с развитой инфраструктурой: в шаговой доступности остановки общественного транспорта, в 10 минутах пешком находится станция метро ""Авиамоторная"", в 15-20 минутах - станция ""Лефортово"". Рядом с домом расположены: продуктовые супермаркеты, пункты выдачи, аптеки и медицинские учреждения, кафе, рестораны. Преимущество ЖК Символ - безопасные дворы без машин с охраняемой территорией. Во дворе обустроены отдельные детские и спортивные площадки, а также экозоны для прогулок и отдыха. Условия проживания по Тарифу Комфортное проживание: - 50% от арендного платежа при заселении; - Раннее бронирование объекта (за 3 дня до заселения); - Персональный менеджер на всех этапах аренды быстро реагирует на запросы - большинство бытовых вопросов решаем за 48 часов; - Страхование гражданской ответственности до 0,3 млн ₽; - Организация мелкого ремонта. Коммунальные платежи: электроэнергия, хвс\гвс, услуги интернет провайдера, расходы за отопление дома/квартиры оплачивает арендатор. Заселение только при наличии постоянной регистрации РФ. Без животных Агентство недвижимости СМАРЕНТ Документы проверены +7 985 853-93-... Написать три дня назад 16 апр, 13:30",,https://www.cian.ru/cat.php?deal_type=rent&district%5B0%5D=8&engine_version=2&offer_type=flat&room9=1&type=4&p=2,2026-04-19T16:22:36+00:00
1665,329042874,ЮВАО,https://www.cian.ru/rent/flat/329042874/?context=4.Bg56hXm636c.zh3BXDT9oMiZHN1g240TOpRUaZFrdkBzb623OPEwAnKjOV76Z2htJCbu4HjIlx74cPDLM2AQhHdObQ&mlSearchSessionGuid=00f05a3989086624d71d30b86363407a,1/13,165000,25.0,11,33,,"1/13 Студия, 25 м², 11/33 этаж Проверено в Росреестре Нижегородская 7 минут пешком Москва , ЮВАО , р-н Нижегородский , м. Нижегородская , Перовское шоссе , 2к1 65 000 ₽/мес. От года, комм. платежи включены (без счётчиков), без комиссии, залог 65 000 ₽ Здравствуйте! от собственника БЕЗ КОМИССИИ сдается большая студия с 2 окнами, 25м2. Расположение: 5 мин до м.Нижегородская, самый близкий дом к метро. О квартире : все фото реальные, есть все- кондиционер, посудомоечная машина, полноценная духовка (!!), микроволновка, интернет, телевизор смарт тв, стиральная машина, вертикальный пылесос, двуспальная кровать 1600*2000мм, мини-диван, столовые приборы и посуда, огромный шкаф, плечики для одежды и гладильная доска. Инфраструктура : есть все-магазины, кафе, пекарни ,пункты выдачи всех маркетплейсов, аптеки, салоны красоты. Во дворе спортивные площадки, прогулочные и лаундж зоны с шезлонгами. Парковка во дворе и многоуровневый паркинг. Есть служба охраны,видеонаблюдение, 4 лифта в подъезде. При заключении договора необходим депозит за сохранность имущества в размере стоимости одного месяца аренды 65000 рублей. Депозит возвращается при передаче квартиры по окончанию срока проживания, при условии, что в квартире не повреждено имущество, это все также указывается в договоре. Квартира сдается официально , по договору, напрямую от собственника, все документы на собственность предоставим. Оплата : 65000+ вода,свет, отопление. Интернет и тв входит в стоимость. Квартира готова к заселению. Собственник ID 100610673 +7 985 758-48-... Написать три дня назад 16 апр, 12:57",,https://www.cian.ru/cat.php?deal_type=rent&district%5B0%5D=8&engine_version=2&offer_type=flat&room9=1&type=4&p=3,2026-04-19T16:22:36+00:00
1646,323420031,ЮВАО,https://www.cian.ru/rent/flat/323420031/?context=4.f1SxhgMGFZQ.Ki0GBN77FyqLFbFfdj9hbYds3J-JiMrSnV-zOB2PjItDF1XlXLJqvYOtjPDfvpZeNCVGLhb2a1w_zg&mlSearchSessionGuid=1a54fd2be30d5ae351b9bcc5aa288e3d,1/16,170000,20.0,25,32,,"1/16 Студия, 20 м², 25/32 этаж Только на Циан Волгоградский проспект 6 минут пешком Москва , ЮВАО , р-н Южнопортовый , м. Волгоградский проспект , Новоостаповская улица , 7к1 70 000 ₽/мес. От года, комм. платежи включены (без счётчиков), комиссия 50%, залог 70 000 ₽ Представляю вашему вниманию стильную видовую квартиру-студия на 25-м этаже в новом жилом комплексе Первый Дубровский. Идеально подойдет одному человеку или паре! В квартире выполнена меблировка по дизайнерскому проекту в скандинавском стиле. Получилась очень уютная, светлая, просторная и максимально практичная квартира для комфортного длительного проживания. Преимущества данной квартиры: Мебель. Кухня-гостиная: классный стильный продуманный кухонный уголок со всей необходимой техникой, обеденным столом, стульями, большим телевизором. Спальня зона: шикарная уютная двуспальная кровать с ортопедическим матрасом и подъемным механизмом, большой шкаф для одежды с зеркалами, шторы блэкаут. Прихожая: большой шкаф для одежды, консоль, пуф. Санузел: оборудован душевой кабинкой, большим зеркалом с ящиком, стиральной машинкой, полотенцесушителем, шкафчиком для принадлежностей. Много мест хранения: кровать с подъемным механизмом, 2 шкафа с выдвижными системами и штангой. Кресла-стулья с поворотным механизмом. Бытовая техника: стиральная машинка, холодильник no frost, варочная панель, духовой шкаф, посудомоечная машина, вытяжка, телевизор, СВЧ, электрический чайник, кондиционер, интернет. Район обладает развитой инфраструктурой, в шаговой доступности детские сады, школы, игровые площадки, все необходимые магазины, аптеки, кафе, бары, пункты выдачи OZON, WB и многое другое. Удобная транспортная доступность: до метро Волгоградский проспект - 5 мин пешком, до ТТК - 5 мин на авто, до центра - 15 мин на авто. Условия проживания: - долгосрочная аренда - договор на 11 мес., с последующей пролонгацией - коммунальные платежи включены (без счетчиков и интернета) - коммунальные платежи по счетчикам: электроэнергия, горячая/холодная, услуги интернета оплачивает арендатор. - заселение только при наличии постоянной или временной регистрации РФ. - без животных - стоимость аренды: 70 000 руб Риелтор ID 21527139 Документы проверены +7 989 593-09-... Написать вчера вчера, 20:13",,https://www.cian.ru/cat.php?deal_type=rent&district%5B0%5D=8&engine_version=2&offer_type=flat&room9=1&type=4&p=2,2026-04-19T16:22:36+00:00
1612,321344783,ЮВАО,https://www.cian.ru/rent/flat/321344783/?context=4.tg3hqBeneXU.Y1ttp9o0axJjAwNPaH0cc-mdijRVUulbQqxBdoKpPZwkTmHzIJFfTJtpDoKSkQABbREald29tHHWSA&mlSearchSessionGuid=94207197dec4dd17e806bc64c122191e,1/22,190000,32.0,5,14,,"1/22 Студия, 32 м², 5/14 этаж Только на Циан Римская 10 минут пешком Москва , ЮВАО , р-н Лефортово , м. Серп и Молот , проезд Шелихова , 1к1 90 000 ₽/мес. От года, комм. платежи включены (без счётчиков), без комиссии, залог 90 000 ₽ Квартира в ЖК Символ, доме бизнес класса. Сдаётся впервые и на длительный срок. Оборудована всем необходимым: телевизор, интернет, на кухне встроенная техника (духовой шкаф, посудомоечная машина, холодильник, морозильная камера). Грамотно продуманная система хранения. Кондиционер, подогрев пола, видео домофон. Грамотно продуманная входная группа в подъезде с зоной коворкинга. Риелтор Ольга Цегельная Суперагент +7 916 043-84-... Написать 6 часов назад сегодня, 12:40",,https://www.cian.ru/cat.php?deal_type=rent&district%5B0%5D=8&engine_version=2&offer_type=flat&room9=1&type=4&p=1,2026-04-19T16:22:36+00:00
1599,323840974,ЮВАО,https://www.cian.ru/rent/flat/323840974/?context=4.9Z6jahb9MWc.3_2yaAGVbINFZS0u9-TZb3gyKIdxz346MVUWTEcJp3y4AQAgXhdLgSZKYSNWucZzZZY-LANbsgRsZQ&mlSearchSessionGuid=94207197dec4dd17e806bc64c122191e,1/8,226000,17.0,1,16,,"1/8 Апартаменты-студия, 17 м², 1/16 этаж Только на Циан Текстильщики 14 минут пешком Москва , ЮВАО , р-н Текстильщики , м. Текстильщики , улица 8-я Текстильщиков , 13К2 26 000 ₽/мес. На несколько месяцев, комм. платежи включены (без счётчиков), без комиссии, без залога СОБСТВЕННИК! Читайте пожалуйста внимательно, полностью! Сдается комната 17м² в апартаментах в цоколе. Комната изолированна. Сдам исключительно адекватному, чистоплотному, спокойному, ответственному гp. PФ без вредных привычек арендатору!!! Регистрация и амино невозможна! Желательно одного человека! Санузел, душ общий. В комнате установлена сантехника, арендатору останется спаять и подключить сантехнику и студия готова. Приточно-вытяжная вентиляция. Без окна! Комната находится в районе с развитой инфраструктурой, в шаговой доступности от метро, БКЛ, МЦД-2. Ценик на длительный срок(год), если комнату снять на меньший срок, то цена увеличится. Подойдёт как под жилое, так и не под жилое, мастерская, типография, офис, склад, упаковка, производство, ателье и т.д. ----- Примечание: у собственника могут быть дополнительные пожелания к жильцам - обсудите их в чате или по телефону Собственник ID 8531476 Документы проверены +7 916 936-41-... Написать три дня назад 16 апр, 11:42",,https://www.cian.ru/cat.php?deal_type=rent&district%5B0%5D=8&engine_version=2&offer_type=flat&room9=1&type=4&p=1,2026-04-19T16:22:36+00:00
1613,329143582,ЮВАО,https://www.cian.ru/rent/flat/329143582/?context=4.defY1vJjM2s.427HrWUx4IconkyJKT_1Vqly0dJm_NRVmfZkR2R5p-Y39dHxLCjytWsorT-fXjX7aA6uNu4gDNaX6A&mlSearchSessionGuid=94207197dec4dd17e806bc64c122191e,1/21,232000,24.0,2,19,,"1/21 Студия, 24 м², 2/19 этаж Некрасовка 18 минут пешком Москва , ЮВАО , р-н Некрасовка , м. Некрасовка , улица Лавриненко , 13к2 32 000 ₽/мес. От года, комм. платежи включены (без счётчиков), комиссия 100%, залог 32 000 ₽ Сдаётся уютная студия по адресу: Москва, ул. Лавриненко, д. 13, корп. 2. Общая площадь — 24 кв.м. Квартира идеально подойдёт для одного человека или пары, которые ценят комфорт и функциональность. Студия полностью укомплектована всем необходимым для жизни: удобная мебель, кухня с техникой, санузел в хорошем состоянии — можно заехать и жить без дополнительных вложений. Квартира сдаётся на длительный срок. Стоимость аренды — 32 000 рублей в месяц. Залог — 32 000 рублей. Коммунальные платежи — в среднем 2 0002 500 рублей. Комиссия агентства — 100%. Район Некрасовка — современный и активно развивающийся, с хорошей инфраструктурой: рядом магазины, супермаркеты, аптеки, кафе и всё необходимое для комфортной жизни. Спокойная и удобная локация для проживания. До метро Некрасовка — всего 15 минут пешком, что делает передвижение по городу быстрым и удобным. Отличный вариант для тех, кто ищет комфортное и доступное жильё в Москве на длительный срок. Риелтор Сергей Чернавин Суперагент +7 910 443-11-... Написать 2 часа назад сегодня, 16:49",,https://www.cian.ru/cat.php?deal_type=rent&district%5B0%5D=8&engine_version=2&offer_type=flat&room9=1&type=4&p=1,2026-04-19T16:22:36+00:00
1605,328807224,ЮВАО,https://www.cian.ru/rent/flat/328807224/?context=4.uE7-331YGMU.OJgnlQE9SosWj5sG9uhkrkvl3j5QiDr2HD1mV8l4sNFGucV7W-m2GdTu94DJRZB1_ffDHRVdcGO6Kg&mlSearchSessionGuid=94207197dec4dd17e806bc64c122191e,1/6,235000,18.0,2,5,,"1/6 Апартаменты-студия, 18 м², 2/5 этаж Только на Циан Текстильщики 12 минут пешком Москва , ЮВАО , р-н Текстильщики , м. Текстильщики , улица Артюхиной , 6К2 35 000 ₽/мес. От года, комм. платежи включены (без счётчиков), комиссия 10%, залог 17 500 ₽ Внимание!! акция - кто проживёт 11 месяцев 12-й в подарок !!! Сдaется уютная студия с cовременным pемoнтом нa длитeльный cpoк. Метро текстильщики 9 минут!Кoммунaльныe уcлуги oплaчивaются арeндaтoром по cчетчикaм. B дoме paбoтаeт конcьеpж, чтo oбеcпечивaет допoлнительный кoмфopт и бeзопaснocть. Вo двoрe зaкрытая территoрия c парковкoй за шлaгбаумoм. Просторная кухня оборудована необходимой техникой, включая холодильник и стиральную машину. В комнате установлены шкафы для хранения вещей. Санузел совместный, оснащен современной сантехникой и душевой кабиной. В студии также имеется удобная рабочая зона с письменным столом и стулом. Цена 34000 + 17.000 1 человек. До 30 лет!! просьба риэлторов не беспокоить!! Риелтор ID 140263101 Документы проверены +7 985 775-24-... Написать два дня назад 16 апр, 19:31",,https://www.cian.ru/cat.php?deal_type=rent&district%5B0%5D=8&engine_version=2&offer_type=flat&room9=1&type=4&p=1,2026-04-19T16:22:36+00:00
1678,326403023,ЮВАО,https://www.cian.ru/rent/flat/326403023/?context=4.yzFJ6c4CVz0.UpuF6qqsnnuewu8hOSr7q_2or5lHQ8mwuYorwwhi95c8dCF8R3Y98oVM3wAsqC0IY4KCmDk2V182xw&mlSearchSessionGuid=00f05a3989086624d71d30b86363407a,1/11,241000,17.0,3,5,,"1/11 Студия, 17 м², 3/5 этаж Только на Циан Кузьминки 9 минут пешком Москва , ЮВАО , р-н Кузьминки , м. Кузьминки , Жигулевская улица , 4К2 41 000 ₽/мес. От года, комм. платежи включены (без счётчиков), комиссия 50%, залог 41 000 ₽ Сдаётся студия 17 м² в новом ЖК Нью Форм Сдаётся впервые уютная студия площадью 17 м², расположенная на 3 этаже нового жилого комплекса Нью Форм. Квартира полностью укомплектована для комфортного проживания: двуспальный диван шкаф для хранения вещей кухонный гарнитур с техникой: холодильник, плита, СВЧ ванная комната полностью оборудована: стиральная машина, душ, полотенцесушитель Новая квартира, никто не проживал. Подходит для одного человека или семейной пары. Инфраструктура и транспорт: рядом большое количество магазинов до метро — 7 минут пешком возле метро расположен крупный торгово-развлекательный центр Отличный вариант для комфортной жизни в новом доме. Звоните / пишите для просмотра. Агентство недвижимости АРТИН Суперагент +7 915 234-34-... неделю назад 8 апр, 08:31",,https://www.cian.ru/cat.php?deal_type=rent&district%5B0%5D=8&engine_version=2&offer_type=flat&room9=1&type=4&p=3,2026-04-19T16:22:36+00:00
1600,328604135,ЮВАО,https://www.cian.ru/rent/flat/328604135/?context=4.7z6KLsXMMF8._Vo-dGRt5Y75Wzh3gkE4QOnFENnDmje21QoOV2KPIYmSttcExIArbhcqaQ-GJbVOPc92csx7-s7RMQ&mlSearchSessionGuid=94207197dec4dd17e806bc64c122191e,1/14 Ещё фото,244500,23.0,9,33,,"1/14 Ещё фото Пешком до МЦД! Студия, 23 м², 9/33 этаж Перерва 4 минуты пешком Москва , ЮВАО , р-н Люблино , м. Перерва , Иловайская улица , 2 44 500 ₽/мес. От года, комм. платежи включены (без счётчиков), комиссия 30%, залог 43 000 ₽ Сдаётся светлая студия с евроремонтом и совмещённым санузлом в ЖК Люблинский Парк! Её можно посмотреть когда Вам удобно: бронируете время, забираете ключи и спокойно осматриваете. Если всё понравится, договор подпишем онлайн и будем поддерживать Вас на всех этапах аренды. В квартире есть: - Кухонный гарнитур; - Холодильник; - Стиральная машина; - Кондиционер; - Интернет проведён. Полы - ламинат и плитка. Окна выходят во двор, есть бесплатная парковка. Собственник готов заселить не более 2 взрослых жильцов с детьми. С домашним питомцем нельзя. Дом находится в районе с развитой инфраструктурой, рядом расположены: - Гипермаркет Ашан и ТЦ Бум; - Парк им. Артёма Боровика и Парк Героев Отечественной войны 1812. В пешей доступности школы и детские сады, салоны красоты и парикмахерские, кафе и закусочные, заправки и автосервисы, колледж, культурный центр, фитнес-клубы, бассейн и кинотеатр. До МЦД-2 Перерва 7 минут пешком, до м. Братиславская 20 минут. Агентство недвижимости ПИК-Аренда Документы проверены Посмотреть все объекты +7 985 687-95-... Написать час назад сегодня, 18:17",,https://www.cian.ru/cat.php?deal_type=rent&district%5B0%5D=8&engine_version=2&offer_type=flat&room9=1&type=4&p=1,2026-04-19T16:22:36+00:00
1647,328436182,ЮВАО,https://www.cian.ru/rent/flat/328436182/?context=4.j9jEex8l8hw.lYsIWMuvN_NH3fCF26GRL9vPrnT4cie5OT8gHLXTuMVnTrxcApZpaEjQGLvSRpVZgfow9pmrdH6Qow&mlSearchSessionGuid=1a54fd2be30d5ae351b9bcc5aa288e3d,1/7,245000,19.0,2,5,,"1/7 Студия, 19 м², 2/5 этаж Только на Циан Проверено в Росреестре Текстильщики 12 минут пешком Москва , ЮВАО , р-н Текстильщики , м. Текстильщики , улица Артюхиной , 6К2 45 000 ₽/мес. От года, комм. платежи включены (без счётчиков), без комиссии, залог 45 000 ₽ Сдаётся СОБСТВЕННИКОМ, БЕЗ КОМИССИИ, уютная студия в пешей доступности до метро Текстильщики и Культурного центра Москвич, справа через забор школа, слева Московский институт экономики. Имеется вся необходимая мебель, техника, предметы быта, проведен скоростной интернет, по периметру неоновая подсветка, работающая в различных режимах. Сдаётся на длительный срок для 1-2 человек, имеющих регистрацию. Закрытый двор, парковочное место, видеонаблюдение, консьерж. Депозит можно разбить на 2 платежа: первый месяц 25 000 руб., второй месяц 20 000 руб. Студия сдаётся от собственника, поэтому без комиссии. Ежемесячная оплата квартиры: 45 000р. + счетчики Собственник ID 117482035 Документы проверены +7 985 012-40-... Написать три дня назад 16 апр, 12:58",,https://www.cian.ru/cat.php?deal_type=rent&district%5B0%5D=8&engine_version=2&offer_type=flat&room9=1&type=4&p=2,2026-04-19T16:22:36+00:00
1610,328651703,ЮВАО,https://www.cian.ru/rent/flat/328651703/?context=4.xHEQ2bqUua4.DrTt5KWG-4s8fGLSC44eAF5fNjXMzTGE_GeOLxf4V-9eJ_RHWuzlW0aAyze3zZ5mz_VD-CwbAEibBg&mlSearchSessionGuid=94207197dec4dd17e806bc64c122191e,1/16 Ещё фото,249900,19.6,2,15,,"1/16 Ещё фото Без депозита! Рядом МЦД Студия, 19,6 м², 2/15 этаж Только на Циан Депо 18 минут пешком Москва , ЮВАО , р-н Люблино , м. Депо , Люблинская улица , 72Ак2 49 900 ₽/мес. От года, комм. платежи включены (без счётчиков), комиссия 30%, без залога Сдаётся квартира-студия с евроремонтом и совмещённым санузлом в ЖК Люблинский Парк, без депозита! Её можно посмотреть когда Вам удобно: бронируете время, забираете ключи и спокойно осматриваете. Если всё понравится, договор подпишем онлайн и будем поддерживать Вас на всех этапах аренды. Квартира оборудована кухонным гарнитуром, можно обсудить покупку необходимой мебели в счёт арендной платы. Интернет проведён. Полы ламинат и плитка. Окна выходят на улицу, есть бесплатная парковка. Собственник готов заселить не более 2 взрослых жильцов с детьми, оформить и заключить договор с юридическим лицом. Можно с домашним питомцем. Дом находится в районе с развитой инфраструктурой, рядом: - Гипермаркет Ашан; - ТЦ Бум; - Парк им. Артёма Боровика; - Парк Героев Отечественной войны 1812 года. Также в пешей доступности школы и детские сады, салоны красоты, кафе, заправки и автосервисы, колледж, культурный центр, фитнес-клуб, бассейн и кинотеатр. До МЦД-2 Перерва 20 минут пешком, до м. Братиславская 20 минут на общественном транспорте. Агентство недвижимости ПИК-Аренда Документы проверены Посмотреть все объекты +7 986 248-10-... Написать час назад сегодня, 18:11",,https://www.cian.ru/cat.php?deal_type=rent&district%5B0%5D=8&engine_version=2&offer_type=flat&room9=1&type=4&p=1,2026-04-19T16:22:36+00:00
1607,328068984,ЮВАО,https://www.cian.ru/rent/flat/328068984/?context=4.9_LeCHT7IkQ._96a7GZZOk3SiZceBiIQefpPjsomDCRoQIPYCdUQn8fbTD80DtYmN4UwBxvURQbPeWMy2mBSRUEG0w&mlSearchSessionGuid=94207197dec4dd17e806bc64c122191e,1/15 Ещё фото,250000,21.0,22,25,,"1/15 Ещё фото Без залога! Пешком до МЦД Студия, 21 м², 22/25 этаж Депо 18 минут пешком Москва , ЮВАО , р-н Люблино , м. Депо , Люблинская улица , 72Ак2 50 000 ₽/мес. От года, комм. платежи включены (без счётчиков), комиссия 60%, без залога Сдаётся светлая квартира-студия с евроремонтом и совмещённым санузлом в ЖК Люблинский Парк, без депозита! Её можно посмотреть когда Вам удобно: бронируете время, забираете ключи и спокойно осматриваете. Если всё понравится, договор подпишем онлайн и будем поддерживать Вас на всех этапах аренды. В квартире есть: - кухонный гарнитур; - кондиционер; - холодильник; - стиральная машина; - варочная панель; - духовой шкаф; - микроволновая печь. Под диваном есть место для хранения. Проведён интернет. Полы ламинат и плитка. Окна выходят во двор, на север. Есть бесплатная парковка. Собственник готов заселить не более 2 взрослых жильцов с детьми, докупить мебель/технику, обсудить оформление временной регистрации или заключить договор с юридическим лицом. Возможно заселиться с собакой или питомцем в клетке/аквариуме. Дом находится в районе с развитой инфраструктурой: в пешей доступности школы и детские сады, салоны красоты и парикмахерские, кафе и закусочные, заправки и автосервисы, колледж, культурный центр, фитнес-клубы, бассейн и кинотеатр. Недалеко гипермаркет Ашан, ТЦ Бум, парк им. Артёма Боровика и парк Героев Отечественной войны 1812 года. До МЦД-2 Перерва 20 минут пешком, до м. Братиславская 20 минут на общественном транспорте. Агентство недвижимости ПИК-Аренда Документы проверены Посмотреть все объекты +7 986 274-33-... Написать час назад сегодня, 17:31",,https://www.cian.ru/cat.php?deal_type=rent&district%5B0%5D=8&engine_version=2&offer_type=flat&room9=1&type=4&p=1,2026-04-19T16:22:36+00:00
1660,328145829,ЮВАО,https://www.cian.ru/rent/flat/328145829/?context=4.zBtU6Caiuls.FeaLteaxh8f0wr_EUY-VWaDUejMAwee3wZg6ORpLmiEV0G3e0uegzwkcL-DGG296537UoE4UMFGLlA&mlSearchSessionGuid=00f05a3989086624d71d30b86363407a,1/22,250000,22.0,8,23,,"1/22 Студия, 22 м², 8/23 этаж Только на Циан Новохохловская 14 минут пешком Москва , ЮВАО , р-н Текстильщики , м. Новохохловская , 1-й Грайвороновский проезд , 13к2 50 000 ₽/мес. От года, комм. платежи включены (без счётчиков), комиссия 50%, залог 50 000 ₽ Уютная студия, общей площадью 22 кв.м.Для комфортного проживания есть вся необходимая мебель и бытовая техника. Санузел совмещенный, душевая кабина. Вместительный шкаф. Хорошо развитая инфраструктура. Агентство недвижимости Триумф Суперагент +7 968 237-87-... Написать 4 часа назад сегодня, 14:42",,https://www.cian.ru/cat.php?deal_type=rent&district%5B0%5D=8&engine_version=2&offer_type=flat&room9=1&type=4&p=3,2026-04-19T16:22:36+00:00
1645,328008898,ЮВАО,https://www.cian.ru/rent/flat/328008898/?context=4.gS9g4XCHPpk.Kv59TseiLP0rER78uZCJbqB4Msxbs6NctvzNSksg350u_gxmg-Giofh6JI6BPCfhBVCifl2CSVL7RA&mlSearchSessionGuid=1a54fd2be30d5ae351b9bcc5aa288e3d,1/24,253000,23.6,26,33,,"1/24 Студия, 23,6 м², 26/33 этаж Окская 10 минут пешком Москва , ЮВАО , р-н Рязанский , м. Окская , улица Михайлова , 30Ак2 53 000 ₽/мес. От года, комм. платежи включены (без счётчиков), комиссия 50%, без залога Дoлгocрoчная аpенда (договoр нa 11 месяцeв). Cтильнaя и cветлaя студия в ЖК Михaйлoвский Пapк, площадь кв.м. 23.6. Meбель: вмeститeльный шкaф, удобный pасклaднoй диван, куxoнный гаpнитуp, обeденная зона, pабoчая зoнa, кoмод. Бытовая техника: Стиральная машина, холодильник, вытяжка, варочная панель, электрический чайник, микроволновая печь. Район обладает развитой инфраструктурой: В пешей доступности детские сады, школы, поликлиники, магазины, фитнес-клуб, ТЦ Рязанский. До большого Кусковского лесопарка со старинной усадьбой Кусково и прудом 20 минут пешком по прямой. 10 мин. ходьбы до метро Окская и в 15 мин. пешком до метро Рязанский проспект Условия проживания по Тарифу Комфортное проживание - комиссия 50% от арендного платежа; - Раннее бронирование объекта (за 3 дней до заселения); - Персональный менеджер на всех этапах аренды быстро реагирует на запросы - большинство бытовых вопросов решаем за 48 часов; - Страхование гражданской ответственности до 300 000 ₽; - Организация мелкого ремонта. - Заселение с детьми (возраст детей от 6 лет). Коммунальные платежи: электроэнергия, хвс\гвс, услуги интернет провайдера, расходы за отопление (при наличии счетчика) дома/квартиры оплачивает арендатор. Заселение только при наличии постоянной регистрации РФ Без животных Агентство недвижимости СМАРЕНТ Документы проверены +7 985 853-93-... Написать 8 часов назад сегодня, 10:34",,https://www.cian.ru/cat.php?deal_type=rent&district%5B0%5D=8&engine_version=2&offer_type=flat&room9=1&type=4&p=2,2026-04-19T16:22:36+00:00
1606,328922251,ЮВАО,https://www.cian.ru/rent/flat/328922251/?context=4.AhbcKZyzoTg.yMp5m2lSFqMbUTEpo7AYvTbtnmMjCdVq4_R4tJhNl5hqEkFMvBTObhT0ngcaRhEAviFXJCb1SpQ9yg&mlSearchSessionGuid=94207197dec4dd17e806bc64c122191e,1/14 Ещё фото,253100,19.6,4,17,,"1/14 Ещё фото Студия, 19,6 м², 4/17 этаж Братиславская 3 минуты на транспорте Москва , ЮВАО , р-н Люблино , м. Перерва , Иловайская улица , 2 53 100 ₽/мес. От года, комм. платежи включены (без счётчиков), комиссия 60%, без залога Сдаётся светлая квартира-студия с евроремонтом и совмещённым санузлом в Люблинский Парк, без депозита! Её можно посмотреть когда Вам удобно: бронируете время, забираете ключи и спокойно осматриваете. Если всё понравится, договор подпишем онлайн и будем поддерживать Вас на всех этапах аренды. В квартире есть: - Интернет с роутером; - Телевизор; - Холодильник; - Стиральная машина; - Кондиционер; - Микроволновая печь; - Варочная панель; - Духовой шкаф. Полы ламинат и плитка. Окна выходят во двор, есть бесплатная парковка. Собственник готов заселить не более 2 взрослых жильцов с детьми, докупить мебель/технику и заключить договор с юридическим лицом. Можно с небольшой собачкой. Дом расположен в районе с развитой инфраструктурой, рядом находятся: - Гипермаркет Ашан; - Парк Героев Отечественной войны 1812 года. На территории жилого комплекса обустроены детские игровые и спортивные площадки, зоны для прогулок и отдыха. В пешей доступности школы и детские сады, салоны красоты и парикмахерские, кафе, пекарни и закусочные, заправки и автосервисы, колледж, культурный центр и кинотеатр, аптеки, медицинские учреждения. До МЦД-2 Перерва 6 минут пешком, до м. Братиславская 15 минут на общественном транспорте. Агентство недвижимости ПИК-Аренда Документы проверены Посмотреть все объекты +7 917 506-34-... Написать час назад сегодня, 17:31",,https://www.cian.ru/cat.php?deal_type=rent&district%5B0%5D=8&engine_version=2&offer_type=flat&room9=1&type=4&p=1,2026-04-19T16:22:36+00:00
1601,327434422,ЮВАО,https://www.cian.ru/rent/flat/327434422/?context=4.GITNY-uV-vc.RgrM3MMJWbe4_QhILWK-hqvqtdu_IQR7GeJXMcC2WGhXR3GoKJLdUskunlocmGzxA1o7LnnmZ1HWUQ&mlSearchSessionGuid=94207197dec4dd17e806bc64c122191e,1/14 Ещё фото,255000,23.2,18,25,,"1/14 Ещё фото Без депозита! Евроремонт! Студия, 23,2 м², 18/25 этаж Депо 18 минут пешком Москва , ЮВАО , р-н Люблино , м. Депо , Люблинская улица , 72Ак2 55 000 ₽/мес. От года, комм. платежи включены (без счётчиков), комиссия 40%, без залога Сдаётся светлая квартира-студия со смежным санузлом в современном ЖК Люблинский Парк, без депозита! Её можно посмотреть когда Вам удобно: бронируете время, забираете ключи и спокойно осматриваете. Если всё понравится, договор подпишем онлайн и будем поддерживать Вас на всех этапах аренды. Квартира оснащена вместительным кухонным гарнитуром, мебелью и бытовой техникой: - Холодильник; - Телевизор; - Микроволновка; - Варочная панель; - Стиральная машина; - Вытяжка; - Робот-пылесос; - Проведён интернет + WI-FI. Полы ламинат и плитка. Окна выходят во двор, на восток, есть бесплатная парковка. Собственник готов заселить не более 2 взрослых жильцов с детьми старше 3 лет и заключить договор с юридическим лицом. Можно с домашним питомцем по согласованию. Недалеко от дома: - Гипермаркет Ашан; - ТЦ Бум; - Парк им. Артёма Боровика; - Парк Героев Отечественной войны 1812 года. В пешей доступности школы и детские сады, салоны красоты, кафе, заправки и автосервисы, колледж, культурный центр, фитнес-клубы, бассейн и кинотеатр. До МЦД-2 Перерва 20 минут пешком, до м. Братиславская 19 минут на общественном транспорте. Агентство недвижимости ПИК-Аренда Документы проверены Посмотреть все объекты +7 915 255-17-... Написать вчера вчера, 12:09",,https://www.cian.ru/cat.php?deal_type=rent&district%5B0%5D=8&engine_version=2&offer_type=flat&room9=1&type=4&p=1,2026-04-19T16:22:36+00:00
1630,323960207,ЮВАО,https://www.cian.ru/rent/flat/323960207/?context=4.pGle4GTiyZ4._uxmVaGfi_Pze97ae0_TLEgLxjJqB0BV4eeP_t-AbHg28myh74Nrk9lUAJ0nHXx0kRn3PpBAw7GNaA&mlSearchSessionGuid=1a54fd2be30d5ae351b9bcc5aa288e3d,1/26,255000,28.0,21,33,,"1/26 Студия, 28 м², 21/33 этаж Перерва 4 минуты пешком Москва , ЮВАО , р-н Люблино , м. Перерва , Иловайская улица , 2 55 000 ₽/мес. От года, комм. платежи включены (без счётчиков), комиссия 80%, залог 60 000 ₽ Сдается уютная квартира свободной планировки в новом ЖК. В квартире есть всё для комфортного проживания: мебель, бытовая техника телевизор, холодильник, стиральная машина, кондиционер, духовка, электроплита от западных брендов, ортопедическая кровать 160200, продуманы зоны отдыха, сна, хранения и т.д. ЖК находится в окружении развитой социальной и коммерческой инфраструктуры - детский сад, различные образовательные учреждения, сетевые супермаркеты (Пятёрочка, ВкусВилл) , ПВЗ (Озон, WB), скоро открытие нескольких кафе и ресторанов. В пешей доступности - Люблинский парк, станции метро Перерва, Братиславская и Марьино. Квартира сдается на длительный срок одному 1 человеку от 30 лет без вредных привычек, без детей и животных. Риелтор Жанна Шойбекова Суперагент +7 916 632-93-... Написать шесть дней назад 13 апр, 18:19",,https://www.cian.ru/cat.php?deal_type=rent&district%5B0%5D=8&engine_version=2&offer_type=flat&room9=1&type=4&p=2,2026-04-19T16:22:36+00:00
1659,328373835,ЮВАО,https://www.cian.ru/rent/flat/328373835/?context=4.7Wkgd4u4PQo.UmFcKs0U34OK3pUhUG53eLEnrsBl-ePft8_y_vSYeJ24LhSReGH_xscdepBupPCvRwD7xQN2lt1IZQ&mlSearchSessionGuid=00f05a3989086624d71d30b86363407a,1/8,255000,26.0,16,33,,"1/8 Студия, 26 м², 16/33 этаж Только на Циан Нижегородская 10 минут пешком Москва , ЮВАО , р-н Нижегородский , м. Нижегородская , Перовское шоссе , 2к2 55 000 ₽/мес. От года, комм. платежи включены (без счётчиков), комиссия 50%, залог 55 000 ₽ Вашему вниманию предлагается необычайно уютная квартира - студия с РЕМОНТОМ ВЫПОЛНЕННЫМ ПОД ЕВРО СТАНДАРТ, в хорошем районe , Развитая инфраструктура, много магазинов и салонов на первых этажах соседних домов, школа, детский сад, транспортная доступность. Агентство недвижимости ОХОТНЫЙ РЯД офис Тверская Документы проверены +7 980 283-22-... Написать неделю назад 9 апр, 14:53",,https://www.cian.ru/cat.php?deal_type=rent&district%5B0%5D=8&engine_version=2&offer_type=flat&room9=1&type=4&p=3,2026-04-19T16:22:36+00:00
1637,328571046,ЮВАО,https://www.cian.ru/rent/flat/328571046/?context=4.SgfY5pitUgE.mWi3J-etMTisdrBwwGkVUmSQOiohl88SNTqRzA09n1VeLXfXIeFDxZ5saFvOuj5AJCwcOi5xwS6wUg&mlSearchSessionGuid=1a54fd2be30d5ae351b9bcc5aa288e3d,1/19,257000,23.6,18,37,,"1/19 Студия, 23,6 м², 18/37 этаж Нижегородская 10 минут пешком Москва , ЮВАО , р-н Нижегородский , м. Нижегородская , Перовское шоссе , 2к2 57 000 ₽/мес. От года, комм. платежи включены (без счётчиков), комиссия 50%, без залога Дoлгоcрочная аренда (договoр нa 11 меcяцeв). Прeдcтaвляeм вaшeму внимaнию пpocторную, уютную студию плoщадью 23,6 кв.м. рacпoложeнную в ЖК Перовское. Бытовая техника: кондиционер, телевизор, хoлoдильник, варочная панель, микроволновая печь, cтиpальная машинa, элeктричecкий чайник, утюг, гладильная доска, сушилка для одежды. Есть все необходимое для комфортного и долгосрочного проживания, в т.ч. посуда. Удобства квартиры: - Вместительные системы хранения; - Обеденная зона с телевизором; - Уютная просторная комната с красивым видом из окна; - Светлая, уютная ванная комната с современной сантехникой. Дом находится в районе с развитой инфраструктурой: в шаговой доступности остановки общественного транспорта, в пешей доступности станция метро Нижегородская. Рядом с домом расположены: продуктовые супермаркеты, пункты выдачи, аптеки, кафе, рестораны. Условия проживания по Тарифу Комфортное проживание: - 50% от арендного платежа при заселении; - Раннее бронирование объекта (за 3 дня до заселения); - Персональный менеджер на всех этапах аренды быстро реагирует на запросы - большинство бытовых вопросов решаем за 48 часов; - Страхование гражданской ответственности до 0,3 млн ₽; - Организация мелкого ремонта. Коммунальные платежи: электроэнергия, хвс\гвс, услуги интернет провайдера, расходы за отопление дома/квартиры оплачивает арендатор. Заселение только при наличии постоянной регистрации РФ. Без животных Агентство недвижимости СМАРЕНТ Документы проверены +7 985 853-93-... Написать три дня назад 16 апр, 10:48",,https://www.cian.ru/cat.php?deal_type=rent&district%5B0%5D=8&engine_version=2&offer_type=flat&room9=1&type=4&p=2,2026-04-19T16:22:36+00:00
1624,327344692,ЮВАО,https://www.cian.ru/rent/flat/327344692/?context=4.fnAGdwb0Jo0.jDyhRsHpWK663bVZ6VKKsBM8aLhF0_y3ZXSOSDne7tDMLyFkUf2fU3P40DgjEg9KZVGi0kEzQw80qQ&mlSearchSessionGuid=94207197dec4dd17e806bc64c122191e,1/11,258000,20.0,10,24,,"1/11 Дизайнерская квартира-студия Студия, 20 м², 10/24 этаж Текстильщики 18 минут пешком Москва , ЮВАО , р-н Текстильщики , м. Текстильщики , 1-й Грайвороновский проезд , 3Ак2 58 000 ₽/мес. От года, комм. платежи включены (без счётчиков), без комиссии, залог 60 000 ₽ Сдаётся впервые уютная студия в новом доме в районе Текстильщики. Площадь квартиры — 20 кв. м, расположена на 10 этаже 24-этажного дома. До метро Текстильщики можно дойти пешком всего за 18 минут, до метро Новохохловская - 13 минут . В квартире сделан дизайнерский ремонт, который создаёт атмосферу современности и уюта. Обстановка продумана до мелочей: в наличии вся необходимая мебель как на кухне, так и в жилой зоне. Из техники установлены кондиционер, холодильник, духовой шкаф, индукционная варочная панель, микроволновая печь, телевизор и стиральная машина, что позволит вам чувствовать себя комфортно с первых дней проживания. В санузле — душевая кабина. Дом оборудован двумя пассажирскими и одним грузовым лифтом, а на территории имеется наземная и многоуровневая парковка. Район с развитой инфраструктурой: рядом находятся школы, детские сады, клиники и магазины. Это позволит вам решать все бытовые вопросы, не покидая район. Условия аренды: залог Квартира сдаётся на длительный срок. Без животных! Идеально подойдёт для одного человека или пары. Записывайтесь на просмотр, чтобы лично оценить эту замечательную студию! Агентам не беспокоить! Риелтор ID 309175 Документы проверены +7 985 554-52-... Написать 7 часов назад сегодня, 11:25",,https://www.cian.ru/cat.php?deal_type=rent&district%5B0%5D=8&engine_version=2&offer_type=flat&room9=1&type=4&p=1,2026-04-19T16:22:36+00:00
1672,328975729,ЮВАО,https://www.cian.ru/rent/flat/328975729/?context=4.lvbzRwpwIXg.dmO8wPgU9alJwqO9qy9Fi_iugOV218C9hYCMKT-SP0ZuwroT7cqIGW34YSdkd9t-wFE1NZ1a38_kRQ&mlSearchSessionGuid=00f05a3989086624d71d30b86363407a,1/10,260000,38.0,2,2,,"1/10 Апартаменты-студия, 38 м², 2/2 этаж Текстильщики 13 минут пешком Москва , ЮВАО , р-н Текстильщики , м. Текстильщики , Грайвороновская улица , 4С2 60 000 ₽/мес. От года, комм. платежи включены (без счётчиков), комиссия 60%, залог 60 000 ₽ АПАРТАМЕНТЫ СТУДИЯ — с полноценным вторым уровнем, потолками 6 метров и фитнесом в ЖК Адрес: Грайвороновская улица, 4с2. До метро Текстильщики — 11 минут пешком. Общая площадь с двумя этажами 42 м² => внизу гостиная зона 25м², наверху полноценное спальное место, где можно стоять в полный(!) рост. Потолки 6 метров! Выполнен новый качественный ремонт, вся мебель и техника новые. В апартаментах есть всё необходимое для комфортного проживания: холодильник, телевизор с Алисой, чайник, диван, кровать с новым матрасом, места для хранения. Микроволновая печь приобретена. Красивый вид, охраняемая территория за шлагбаумом, есть собственное парковочное место. СТОИМОСТЬ: 60.000₽ Пишите, договоримся о просмотре! Залог делится, агентская комиссия 60% Риелтор Дария Крылкова Суперагент +7 985 148-24-... Написать пять дней назад 14 апр, 17:48",,https://www.cian.ru/cat.php?deal_type=rent&district%5B0%5D=8&engine_version=2&offer_type=flat&room9=1&type=4&p=3,2026-04-19T16:22:36+00:00
1642,329126793,ЮВАО,https://www.cian.ru/rent/flat/329126793/?context=4.tRHZIePdpeA.lE0mRttYJO250t-OJ-0--brL8H6ZIF614cMhKu-zlJioPzMORo8CIDOyR70OWymMwguJHpl0yv0OuA&mlSearchSessionGuid=1a54fd2be30d5ae351b9bcc5aa288e3d,1/21,263000,22.0,18,25,,"1/21 Студия, 22 м², 18/25 этаж Только на Циан Авиамоторная 9 минут пешком Москва , ЮВАО , р-н Лефортово , м. Авиамоторная , Красноказарменная улица , 14Ак2 63 000 ₽/мес. От года, комм. платежи включены (без счётчиков), комиссия 70%, залог 63 000 ₽ Сдается впервые комфортная, теплая и позитивная студия, где Вас ждет новый раскладной диван с новым матрасом, вместительным шкафом в комнате и в коридоре, кондиционером, индукционной панелью с посудой, вытяжкой, отличной встроенной СВЧ, Мегателевизором с подключением к WF,, душевой кабиной с супер лейками и стиральной машиной. Есть балкон, выходящий на северо- восток Москвы во двор ЖК Пётр Первый, где Вы сможете воспользоваться всей инфраструктурой от минимаркетов, озона, множество кафе с разными направлениями в обслуживании, салонов красоты, а если по душе МЕГА маркеты- то все в шаговой доступности до 7-10 минут у разных выходом МЕГА КОМПЛЕКСА РАЗВЯЗОК МЕТРО: м. Авиамоторная ( Калининской линии( 10 минут и в центре на Новокузнецкой), БКЛ, МЦД 3 - значит в любой конец нашего города Вы сможете быстро добраться и экономить время!!!! просьба строго в квартире НЕ КУРИТЬ! депозит можно разбить на два платежа! Риелтор ID 5454 +7 915 297-28-... Написать вчера вчера, 16:38",,https://www.cian.ru/cat.php?deal_type=rent&district%5B0%5D=8&engine_version=2&offer_type=flat&room9=1&type=4&p=2,2026-04-19T16:22:36+00:00
1652,328938822,ЮВАО,https://www.cian.ru/rent/flat/328938822/?context=4.Wr1pn_XszUA.tvAuQeoaenRMDjDTDtOXbBC-7662SyRpOVRhkVsU8MyBNo3s4up5zxknAwHKzzNBB2tnyMWxCbALrw&mlSearchSessionGuid=1a54fd2be30d5ae351b9bcc5aa288e3d,1/21,268000,23.0,20,24,,"1/21 Студия, 23 м², 20/24 этаж Только на Циан Нижегородская 12 минут пешком Москва , ЮВАО , р-н Нижегородский , м. Нижегородская , Рязанский проспект , 2/2к2 68 000 ₽/мес. От года, комм. платежи включены (без счётчиков), без комиссии, залог 70 000 ₽ Собственник, сдаю прекрасную студию, м. Нижегородская, на долгий срок 10 мин до м. Нижегородская (там же БКЛ, МЦК, МЦД-4) Новостройка, 20-й этаж, 23 м², белые стены, лоджия с теплым полом. Качественная отделка под себя. Помимо стандартного набора: - измельчитель отходов в раковине - стиралка со встроенной сушкой - кондиционер - отпариватель - кровать с ортопедическим матрасом - умный чайник - качественные выключатели и сантехника (Schneider, hansgroge, grohe, ravak) Для водителей: простой выезд на ТТК и МСД, круглосуточная недорогая парковка в соседнем ТЦ. Рядом лавка с фермерскими овощами и фруктами, вкусвилл, пятерочка, аптеки, кофейни, ПВЗ (желтый, синий, розовый), фитнес. 15 мин пешком до Ашана и Лемана Про, там же большой МФЦ. Условия: Курение запрещено Без комиссии Залог (1 месяц) можно разбить на 2 месяца. Квартира готова к показу и заселению Собственник ID 67814503 Документы проверены +7 919 765-60-... Написать два дня назад 17 апр, 09:12",,https://www.cian.ru/cat.php?deal_type=rent&district%5B0%5D=8&engine_version=2&offer_type=flat&room9=1&type=4&p=2,2026-04-19T16:22:36+00:00
1677,325542582,ЮВАО,https://www.cian.ru/rent/flat/325542582/?context=4.kf_gAp6RsrQ.9xZHVU3sdnhrnh8g16NbutDdEnKY-x6ohPicOTb4pP4_WMpMTvWt8UfS8yJcyA2XYP2hkJNJK2ulKw&mlSearchSessionGuid=00f05a3989086624d71d30b86363407a,1/23,271000,30.0,2,14,,"1/23 Студия, 30 м², 2/14 этаж Только на Циан Площадь Ильича 11 минут пешком Москва , ЮВАО , р-н Лефортово , м. Москва-Товарная , шоссе Энтузиастов , 3к2 71 000 ₽/мес. От года, комм. платежи включены (без счётчиков), без комиссии, залог 85 000 ₽ Сдается на долгий срок (от 6 месяцев) уютная квартира в цветах Tiffany, ремонт делался для себя! Светлая и солнечная, с высокими потолками, с мебелью и техникой (диван-кровать ASKONA; плита, духовой шкаф, посудомоечная машина BOSCH; итальянская вытяжка; стиральная машина HAIER; холодильник HANSA; душевая система с термостатом GROHE; кондиционер ELECTROLUX). На этаже и в секции соседи уже завершили ремонты, поэтому вам будет комфортней чем в соседних новых домах данного ЖК. Квартира рассчитана и обустроена для комфортного постоянного проживания одного человека. До метро РИМСКАЯ, ПЛОЩАДЬ ИЛЬИЧА пешком 8 минут. Свободная парковка возле дома за шлагбаумом; городская платная; зарядная станция для электромобилей, автобусная и трамвайная остановки около дома. Рядом удобные транспортные развязки, выезды на ТТК, МЦД, СВХ, ЮВХ, платформа СЕРП и МОЛОТ. Аренда + счетчики (свет, вода, тепло, интернет). Прямая сдача, месяц вперед + депозит. Без комиссии. Риэлторы и агенты, просьба не беспокоить, если у вас нет запроса на данный объект без комиссии для собственника. Собственник ID 99118262 Документы проверены +7 919 105-98-... Написать неделю назад 12 апр, 10:01",,https://www.cian.ru/cat.php?deal_type=rent&district%5B0%5D=8&engine_version=2&offer_type=flat&room9=1&type=4&p=3,2026-04-19T16:22:36+00:00
1618,313752293,ЮВАО,https://www.cian.ru/rent/flat/313752293/?context=4.Nwh4nAEfZLo.SY2Tb3XhsP8IHnfbhQRbfZCy2Ord9jynfFVmNyLE_mpE2u1NsrvhTrUhZISemPb6X_ATRGRvE6XVzg&mlSearchSessionGuid=94207197dec4dd17e806bc64c122191e,1/50,295000,43.0,17,17,,"1/50 Просторная студия у МЦК Дубровка Студия, 43 м², 17/17 этаж Проверено в Росреестре Дубровка 7 минут пешком Москва , ЮВАО , р-н Южнопортовый , м. Дубровка , 6-я Кожуховская улица , 15к2 95 000 ₽/мес. От года, комм. платежи включены (без счётчиков), без комиссии, залог 120 000 ₽ На последнем 17 этаже, на южной стороне одноподъездного монолитного дома 2005 года постройки, сдается просторная 43 м. студия с лоджией, полностью оборудованная и укомплектованная всем необходимым. Установлена новая сушильная машина, капсульная Nespresso, индукционная плита, фильтрация питьевой воды с осмосом, бойлер, Oled (именно Олед) телевизор с не замедляемым ютубом, Apple tv 4k с Кинопабом! (Не путать с Кинопоиском и другими бесполезными онлайн кинотеатрами) , колонкой Алисой с элементами умного дома (интерьерное освещение на голосовом управлении), домашним кинотеатром 5.1 B&W мультирум, по необходимости + xbox X. Инверторный кондиционер Fujitsu с ночным режимом 19dB и Конвекционная микроволновая печь Panasonic (оба made in Japan). В наличии хорошая, новая кухонная посуда, приборы Broggi новое белье (икея импорт)) и всё что нужно для жизни, (штопор есть!). Вам, только развесить на 120 вешалках личные вещи, в 2-х шкафах, и в прихожей разместить 27 пар обуви в обувнице. Кровать - 160/200 и доп спальное место из дивана 120/180. Не смотря на то, что дом находится рядом с ТТК, с прекрасной транспортной доступностью, в квартире тихо и можно спать с открытыми окнами. В доме приветливые соседи и круглосуточный консьерж. У дома ВСЕГДА есть бесплатные парковочные места. Рядом, в соседних домах, продуктовые сетевые магазины с алкоголем, работающие до 23:00 и один круглосуточный + большой Магнит Косметик, через дом Яндекс лавка., Аптека и тандыр Пекарня. В трех! минутах ходьбы от дома большой ТРЦ Мозаика, с фудкортом, гипер маркетом, фитнесом (DDX) флагманским Мфц и 2-х минутным переходом на станцию МЦК Дубровка. Метро Кожуховская в 12 минутах ходьбы. Недалеко находится ландшафтный парк Остров Мечты (идеально для велопрогулок) В стоимость аренды включены все платежи кроме электроэнергии. Сдаю без животных, на длительный срок ценящим чистоту, камерность и уют. Если вы хотите жить в современных условиях, но большие ЖК с маленькими деревьями и плохой шумоизоляцией вам не подходят, тогда это предложение может быть вам интересно. ID 47359882 Документы проверены +7 985 002-22-... Написать 5 часов назад сегодня, 14:10",,https://www.cian.ru/cat.php?deal_type=rent&district%5B0%5D=8&engine_version=2&offer_type=flat&room9=1&type=4&p=1,2026-04-19T16:22:36+00:00
1608,328376795,ЮВАО,https://www.cian.ru/rent/flat/328376795/?context=4.DyZbPgDapF4._oH1Jbl-0YuWS5tm75fc5037oXMJ2zx8_QX0JPyO_bs4yH3Ycb95ac31alNqVyMJN4B0xCbn828nzA&mlSearchSessionGuid=94207197dec4dd17e806bc64c122191e,1/11,334000,12.0,10,15,,"1/11 Студия, 12 м², 10/15 этаж Люблино 15 минут пешком Москва , ЮВАО , р-н Люблино , м. Люблино , Цимлянская улица , 3к3 34 000 ₽/мес. От года, комм. платежи включены (счётчики включены), комиссия 100%, залог 34 000 ₽ Показы 8 апреля СДАМ ДЛЯ ОДНОГО человека на длительный срок квартиру-студию с современным евроремонтом в новом ЖК бизнес-класса ""ВЛюблино"", район Люблино. Депозит возможно разбить на 2 части. Дом 15-этажный монолитный. Этаж 10/15, пластиковые окна, санузел совмещен. Диван двуспальный, микроволновая печь, холодильник, электро-плита, чайник, шкаф, стиральная машина (в коридоре). Инфраструктура развитая, все объекты первой необходимости расположены в пешей доступности: школа, детский сад, супермаркеты и др. Рядом парки. От станции метро Люблино - 9 минут пешком. Автобусные остановки возле дома. Оперативный показ: Москва, Цимлянская 3к3. Агентство недвижимости ЖИЛСЕРВИС Суперагент +7 915 496-36-... Написать 5 часов назад сегодня, 14:21",,https://www.cian.ru/cat.php?deal_type=rent&district%5B0%5D=8&engine_version=2&offer_type=flat&room9=1&type=4&p=1,2026-04-19T16:22:36+00:00
1634,329108174,ЮВАО,https://www.cian.ru/rent/flat/329108174/?context=4.BRCwwRkuEPY.tieHBKwWY2_CzuGYtu9CoobDirJDDGEC_gdgd3woDVCpxCV133QOV1yqjjH3zPtzY13RsZ8w4kh72w&mlSearchSessionGuid=1a54fd2be30d5ae351b9bcc5aa288e3d,1/6,343000,20.0,1,12,,"1/6 Студия, 20 м², 1/12 этаж Только на Циан Марьино 6 минут пешком Москва , ЮВАО , р-н Марьино , м. Марьино , Новомарьинская улица , 3К3 43 000 ₽/мес. От года, комм. платежи включены (без счётчиков), комиссия 70%, залог 43 000 ₽ Арт. 134707748 Сдается студия рядом с метро. Сделан свежий ремонт и установлена новая мебель. Есть балкон. Хорошо подойдет для одного человека. Звоните. Агентство недвижимости Самолет Плюс Документы проверены +7 989 151-24-... Написать вчера вчера, 21:57",,https://www.cian.ru/cat.php?deal_type=rent&district%5B0%5D=8&engine_version=2&offer_type=flat&room9=1&type=4&p=2,2026-04-19T16:22:36+00:00
1604,326682210,ЮВАО,https://www.cian.ru/rent/flat/326682210/?context=4.gsvznTZj5Io.FKyp7LBe78sBsVqGVcdAfBdKUsmAVIY-rXCTwlglt7oqihXUJrI3Ze8LN4ORucmQP5adW5W8kRGdeQ&mlSearchSessionGuid=94207197dec4dd17e806bc64c122191e,1/14 Ещё фото,347300,21.0,5,19,,"1/14 Ещё фото Пешком до метро, залога нет Студия, 21 м², 5/19 этаж Новохохловская 3 минуты на транспорте Москва , ЮВАО , р-н Текстильщики , м. Текстильщики , 1-й Грайвороновский проезд , 3 47 300 ₽/мес. От года, комм. платежи включены (без счётчиков), комиссия 50%, без залога Сдаётся новая студия с евроремонтом в новом ЖК Волжский парк, без депозита! Её можно посмотреть когда Вам удобно: бронируете время, забираете ключи или встречаетесь с нашим представителем и спокойно осматриваете. Если всё понравится, договор подпишем онлайн и будем поддерживать Вас на всех этапах аренды. В квартире есть: - кухонный гарнитур; - плита; - телевизор; - холодильник; - микроволновка; - утюг; - чайник; - стиральная машина. Можно обсудить приобретение дополнительной мебели/техники в счёт арендной платы. Полы — ламинат и плитка. Интернет проведён, есть роутер. Окна выходят во двор. Собственник готов заселить не более 2 взрослых жильцов с детьми и заключить договор с юридическим лицом. Можно с небольшим домашним питомцем. Дом расположен в районе с развитой инфраструктурой, в пешей доступности находятся: школа, детский сад, медицинский центр, поликлиника, продуктовые магазины, аптеки, салон красоты, кафе. В 17 минутах пешком — м. Текстильщики. Агентство недвижимости ПИК-Аренда Документы проверены Посмотреть все объекты +7 917 566-49-... Написать час назад сегодня, 17:31",,https://www.cian.ru/cat.php?deal_type=rent&district%5B0%5D=8&engine_version=2&offer_type=flat&room9=1&type=4&p=1,2026-04-19T16:22:36+00:00
1671,329047890,ЮВАО,https://www.cian.ru/rent/flat/329047890/?context=4.jXu3Zw9o2RI.V8Wh2B1C-E6R6zen0Z0n_fJnOeSNfJmqZ5lLvP9OANFR2824wSD0pwtsinAnLCfsHyHrgpN0ArIxxQ&mlSearchSessionGuid=00f05a3989086624d71d30b86363407a,1/11,355000,20.0,24,33,,"1/11 Студия, 20 м², 24/33 этаж Проверено в Росреестре Нижегородская 10 минут пешком Москва , ЮВАО , р-н Нижегородский , м. Нижегородская , Перовское шоссе , 2к3 55 000 ₽/мес. От года, комм. платежи включены (без счётчиков), без комиссии, залог 55 000 ₽ Сдаётся на долгий срок студия с ремонтом в новом доме. Площадь 20 кв.м, 24й этаж, окна на юго-запад, красивый вид. 10 минут до метро, МЦК, станции D2, удобный выезд на МСД. Квартира полностью готова к проживанию, укомплектована мебелью и техникой, есть кондиционер. Спальное место - раскладной диван. Риэлторов просьба не беспокоить. Собственник ID 31301859 +7 910 484-17-... Написать три дня назад 16 апр, 14:41",,https://www.cian.ru/cat.php?deal_type=rent&district%5B0%5D=8&engine_version=2&offer_type=flat&room9=1&type=4&p=3,2026-04-19T16:22:36+00:00
1673,329102656,ЮВАО,https://www.cian.ru/rent/flat/329102656/?context=4.s_aHwjoPl9A.1Ej5UaijI5CCDrW-ey1Mi0mmCtQOVA1RRO7ZaDkYndsyvsUQJekHZMr8-rNGrlspnwiPw8uC8HufRg&mlSearchSessionGuid=00f05a3989086624d71d30b86363407a,1/16,358000,18.0,2,8,,"1/16 Апартаменты-студия, 18 м², 2/8 этаж Волгоградский проспект 7 минут пешком Москва , ЮВАО , р-н Южнопортовый , м. Волгоградский проспект , Волгоградский проспект , 32/5к3 58 000 ₽/мес. От года, комм. платежи включены (без счётчиков), без комиссии, залог 58 000 ₽ !!! Без комиссии. Собственник Аренда от 2-х месяцев и более Башня Амстердам, малоэтажная секция (8 этажей). - ЖК бизнес - класса, закрытая территория, охрана, консьерж, видеодомофон. - Новая студия в 5 минутах (пешком) от МЦК Угрешская и 6 минутах от м. Волгоградский проспект. - Прямой съезд на ТТК, 10 мин до центра на машине или на метро. - Красивые панорамные окна во двор - В студии имеется имеется двуспальная кровать - На территории ЖК магазины, рестораны, аптеки, салоны красоты, кофейни,пункты выдачи. - Студия полностью укомплектована всем для комфортного проживания: кондиционер, телевизор smart TV со всеми необходимыми приложениями и браузером, WiFi, фен, утюг, гладильная доска, сушилка для вещей, стиральная машина. В кухонной зоне установлена варочная панель, чайник, микроволновка, духовой шкаф, фильтр для воды, посудомоечная машина, холодильник, а также имеется необходимая для приготовления и приёма пищи посуда. Условия: Аренда = 58 000 Залог= 58 000. Залог можно разбить. Ежемесячные фиксированные коммунальные платежи и интернет = 5 000 Есть возможность оплаты от юр.лиц, отчетные документы. !!! посредников просьба не беспокоить, а именно: субаренду не рассматриваем, в риелторах не нуждаемся, размещение на сторонних площадках не рассматриваем. Спасибо Риелтор Андрей Некрасов Суперагент +7 980 454-15-... Написать два дня назад 17 апр, 17:34",,https://www.cian.ru/cat.php?deal_type=rent&district%5B0%5D=8&engine_version=2&offer_type=flat&room9=1&type=4&p=3,2026-04-19T16:22:36+00:00
1622,316033389,ЮВАО,https://www.cian.ru/rent/flat/316033389/?context=4.KMbWT1mgSlc.NBBz0pWphVyOFFDKH20y5XAeAtlEJ-YQreSezUE_r87EFJxI8mQn27Ty0MjuzTdXVc7hbs5kJWImWA&mlSearchSessionGuid=94207197dec4dd17e806bc64c122191e,1/15,365000,25.0,6,30,,"1/15 Студия 25 кв.м Апартаменты-студия, 25 м², 6/30 этаж Проверено в Росреестре Волгоградский проспект 7 минут пешком Москва , ЮВАО , р-н Южнопортовый , м. Волгоградский проспект , Волгоградский проспект , 32/5к3 65 000 ₽/мес. От года, комм. платежи включены (без счётчиков), без комиссии, залог 65 000 ₽ Сдается собственником!!! Студия в ЖК Метрополия башня Флоренция у станции метро ""Волгоградский проспект"" - Таганско-Краснопресненская линия метрополитена (фиолетовая ветка на карте Московского метро). Южнопортовый район, Юго-Восточный административный округ столицы. Всего 3 минуты пешком от корпуса Флоренция до станции метро ""Волгоградский проспект"". Район внутри ТТК на границе с ЦАО. Идеальная локация для жизни и работы! Дизайнерский ремонт студии Транспортная доступность: • 15 минут на транспорте до Садового кольца. • Удобные выезды на ТТК, МЦК УГРЕШСКАЯ и в центр Москвы. • Рядом остановки наземного транспорта. Инфраструктура внутри ЖК: • Магазины: ВкусВилл, Клевер, Монголия, Ароматный Мир, Винлаб, Красное&Белое,Барин Дома, Точка Дыма, Деликатеска. • Аптеки Ригла,36,6, Горздрав. • Кафе и рестораны на любой вкус:Sense, Surf Coffe, Здрасте, Дом Winner, French Bakery,Деликатеска и многое другое. • Пункты выдачи заказов в соседнем доме: OZON, Wildberries, Яндекс. • Сервисы: барбершопы, салоны красоты, груминг. Химчистка LEDA. • Круглосуточная доставка всего. Образование рядом: • Школа им. Маяковского. • Частная Ломоносовская гимназия (20 минут пешком). • Вузы: МТУ, МЛГУ, МФЮА, Институт психоанализа, ИПИ НОУ. О доме - корпус Флоренция: • Вход по чип-ключу, круглосуточная охрана и видеонаблюдение на всех этажах. • 3 лифта с WIFI (1 грузовой). • В холле охрана, мягкая мебель для жильцов и гостей, видеонаблюдение. • Лаунж-зона во дворе, двор без машин. В соседнем доме со двора - ПВЗ: WB и OZON. • Подземная парковка (возможна аренда машино-места). • Территория для выгула домашних питомцев в 50 метрах от подъезда. Студия с дизайнерским ремонтом: Высота потолков 280 см • Мебель: двуспальный диван-кровать, функциональная кухня. • Техника: холодильник, индукционная плита, СВЧ, посудомоечная машина, угольная вытяжка, принудительная вентиляция в тч. В ванной - стиральная машина. • Бытовая техника: пылесос, парогенератор, фен, ТВ, Wi-Fi 500 Мбит/сек. • Дополнительно: док-станция JBL (Apple), датчики дыма в прихожей и зале, противопожарная система оповещения - громкоговоритель. Условия проживания: • Курение запрещено в апартаментах и МОП (в том числе электронных сигарет).",,https://www.cian.ru/cat.php?deal_type=rent&district%5B0%5D=8&engine_version=2&offer_type=flat&room9=1&type=4&p=1,2026-04-19T16:22:36+00:00
1670,329126492,ЮВАО,https://www.cian.ru/rent/flat/329126492/?context=4.YMI7EKJ3c30.W6frfyHlL5hCdDBeFygBK-xZIHvJcdrqR0jN2Irt-43zVqB8t5jRMnhuHCgRzYqCUfcg8Bk96320Og&mlSearchSessionGuid=00f05a3989086624d71d30b86363407a,1/9,445000,25.6,4,23,,"1/9 Студия, 25,6 м², 4/23 этаж Только на Циан Некрасовка 16 минут пешком Москва , ЮВАО , р-н Некрасовка , м. Некрасовка , улица Маресьева , 7к4 45 000 ₽/мес. От года, комм. платежи включены (без счётчиков), комиссия 50%, залог 45 000 ₽ уютная , светлая,студия. хороший ремонт, светлые тона, мебель для кухни, диван удобный, комфортный , фабрика 8 марта прихожая, шкаф, комод, есть все необходимое для комфортной жизни. для 1-2 желающих, просьба без животных рядом магазины, спорт центры до метро 10 минут пешком, до центра 35 минут Риелтор Татьяна Лапшина Суперагент +7 923 070-47-... Написать вчера вчера, 15:55",,https://www.cian.ru/cat.php?deal_type=rent&district%5B0%5D=8&engine_version=2&offer_type=flat&room9=1&type=4&p=3,2026-04-19T16:22:36+00:00
1679,328192226,ЮВАО,https://www.cian.ru/rent/flat/328192226/?context=4.qjMj3ptVi5w.EYLjxdTobA0gUUatA_p8UQPtT_ktsvTG07cTyMZjvgU_DKfp4-OtrUaUBy29Rw4keBqYPfXgxLEKmw&mlSearchSessionGuid=00f05a3989086624d71d30b86363407a,1/22,447000,21.0,13,21,,"1/22 Студия, 21 м², 13/21 этаж Только на Циан Калитники 10 минут пешком Москва , ЮВАО , р-н Нижегородский , м. Калитники , Автомобильный проезд , 4 47 000 ₽/мес. От года, комм. платежи включены (без счётчиков), комиссия 50%, залог 47 000 ₽ В первые! Предлагается уютная студия, приятные тона, новые мебель и техника. Расположена в НОВОМ ЖК бизнес-класса Nice Loft, в шаговой доступности от метро. Комфорт и удобство: В квартире есть все необходимое для комфортного проживания: Холодильник, стиральная машина, варочная панель, микроволновая печь, вытяжка, большая кровать с механизмом и местом для хранения, новый удобный ортопедический матрас, шкафчики, полочки, в ванной полноценная ванная с душевой двойной стойкой, стол пара стульев(на фото их нет). У ЖК закрытая территория, инновационная система видеонаблюдения, охраняемый подземный паркинг и круглосуточный консьерж-сервис, охрана. Входная группа— просторное авторское лобби с потолками до 9 метров с использованием природных элементов. В лобби предусмотрены зоны для приема гостей и отдыха, стильный кофе-поинт, банкоматы, а также круглосуточный консьерж-сервис. Рядом Олимп Арена- физкультурно-оздоровительный комплекс с двумя ледовыми аренами формата НХЛ — профессиональными площадками. Помимо спортивных арен на территории NICE LOFT предусмотрено пять многофункциональных залов, где каждый, сможет реализовать свой спортивный потенциал. Для тех, кто предпочитает тренировки и прогулки на свежем воздухе, создан спортивный парк общей площадью 6 300 м² с воркаут-зонами, игровыми площадками и уединенными пространствами для отдыха. Также внутри квартала проложена километровая беговая дорожка, которая доступна к использованию в любое время года. Транспортная доступность: 10 минут ходьбы до МЦД 2 Калитники, Новохохловская -19 минут пешком, Волгоградский проспект -20-25 мин пешком. Возле дома остановка общественного транспорта, до метро 7минут проехать. Быстрый и удобный выезд на Нижегородскую транзитную эстакаду и др. магистрали города. Вся инфраструктура рядом с домом и в шаговой доступности: кроме тренажерного зала в самом ЖК, магазин Пятёрочка, различные доставки, аптеки, пвз и прочие удобства. Животные не допускаются. договор аренды заключается с собственником. Подходит для проживания одного-двух человек. Квартира готова, поэтому можно заселяться сразу после подписания договора. Агентство недвижимости АпартПрайс Суперагент +7 989 608-15-... Написать неделю назад 12 апр, 18:48",,https://www.cian.ru/cat.php?deal_type=rent&district%5B0%5D=8&engine_version=2&offer_type=flat&room9=1&type=4&p=3,2026-04-19T16:22:36+00:00
1626,329010592,ЮВАО,https://www.cian.ru/rent/flat/329010592/?context=4.blVpwxU_Q98.mt7q0LtB2aHxS7P50RW22QcT1z7Q19FQnkkBHUTJHzoQ2PztJjFIikH0qBFmhyd2yXSQYFBY8u4o3A&mlSearchSessionGuid=1a54fd2be30d5ae351b9bcc5aa288e3d,1/8,450000,20.0,10,17,,"1/8 Студия, 20 м², 10/17 этаж Братиславская 4 минуты на транспорте Москва , ЮВАО , р-н Люблино , м. Перерва , Иловайская улица , 4 50 000 ₽/мес. От года, комм. платежи включены (счётчики включены), без комиссии, залог 50 000 ₽ НЕ АГЕНТСТВО! Сдается уютнaя и свeтлая квapтиpа-студия в ЖК Люблинcкий пapк на длительный сpoк. Зaкpытaя территория у домa, мaгазины, кафе, сaлoны кpасoты, caдик, школa. B 15 минутах ходьбы Aшан, торгoвый центр, парки, пoликлиники, всe неoбходимоe для жизни в пeшей дocтупности. По ЖK ходит aвтобуc, на aвтобуce 15 минут до метрo Братиславская ( 2 КМ ), Марьино ( 2 КМ ) , Люблино ( 4 КМ). В кваpтиpe вce eсть для жизни -мебель, техника, вce новое! Кухонная зoна oбоpудована вcтpоeннoй варочнoй пaнeлью, микpовoлнoвой печью, холодильником, стол,стулья. Есть электрический чайник, минимальный набор посуды и столовых приборов, кастрюля, сковорода. В комнате шкафы для одежды и раскладной диван. В прихожей большой шкаф для одежды и личных вещей, зеркало. В ванной комнате также всё необходимое: раковина стиральная машина, сушилка для белья. В квартиру проведен высокоскоростной интернет. Квартира сдается собственником, без посредников, по договору, без домашних животных. коммунальные платежи ( вода и электроэнергия) , интернет оплачиваются отдельно. Арендная плата 50.000 При заселении оплата за первый и последний месяц. Собственник ID 74842870 +7 915 014-69-... Написать два дня назад 17 апр, 15:17",,https://www.cian.ru/cat.php?deal_type=rent&district%5B0%5D=8&engine_version=2&offer_type=flat&room9=1&type=4&p=2,2026-04-19T16:22:36+00:00
1664,329124791,ЮВАО,https://www.cian.ru/rent/flat/329124791/?context=4.DaR9A2AzFxY.C5Bthwg0T33jvB_ydqHvKyl9Zf6ZArkt2m0ZhdatZbnQEeHmozGWGWlYM4qfOGQR1hBmiOmSJ-plRg&mlSearchSessionGuid=00f05a3989086624d71d30b86363407a,1/33,454990,26.0,21,21,,"1/33 Апартаменты-студия, 26 м², 21/21 этаж Калитники 10 минут пешком Москва , ЮВАО , р-н Нижегородский , м. Калитники , Автомобильный проезд , 4 54 990 ₽/мес. На несколько месяцев, комм. платежи включены (без счётчиков), комиссия 50%, залог 27 500 ₽ Предлагаем вашему вниманию стильные апартаменты-студию в живописном районе рядом с метро Калитники. Общая площадь 26 кв. м, жилая площадь 16 кв. м. Апартаменты находятся на 21-м этаже, последний этаж дома, поэтому вам обеспечены прекрасные виды из окон. В квартире сделан дизайнерский ремонт, который создает атмосферу комфорта и уюта. Полностью оборудованная кухня с мебелью и современной техникой: холодильником, телевизором и стиральной машиной. Ванная комната оснащена душевой кабиной, что делает утренние сборы быстрыми и удобными. Дом в хорошем состоянии, с наземной парковкой для вашего автомобиля. Благодаря наличию интернета, вы всегда будете на связи. До метро Калитники всего 10 минут пешком, что позволяет быстро добраться до любой точки города. В шаговой доступности находятся школы, детские сады, клиники и магазины. Это отличный выбор для тех, кто ценит удобство и развитую инфраструктуру. Не упустите возможность снять эти шикарные апартаменты! Записывайтесь на просмотр и убедитесь в их преимуществах лично. Агентство недвижимости Nakvartire Суперагент +7 986 304-13-... Написать вчера вчера, 13:43",,https://www.cian.ru/cat.php?deal_type=rent&district%5B0%5D=8&engine_version=2&offer_type=flat&room9=1&type=4&p=3,2026-04-19T16:22:36+00:00
1615,328893764,ЮВАО,https://www.cian.ru/rent/flat/328893764/?context=4.qeOQ0y3iGmE.v9Y0VaENHuaSgLof5MdWGHj0RnvzLbaeUInpzjzLI7_fSYua83ZyTQXir6EYjVKBSVwwDppol7Nxsg&mlSearchSessionGuid=94207197dec4dd17e806bc64c122191e,1/37,460000,22.0,13,17,,"1/37 Сдается впервые!Показы во вторник Студия, 22 м², 13/17 этаж Только на Циан Текстильщики 10 минут на транспорте Москва , ЮВАО , р-н Текстильщики , м. Новохохловская , 1-й Грайвороновский проезд , 3Ак4 60 000 ₽/мес. От года, комм. платежи включены (без счётчиков), без комиссии, залог 50 000 ₽ Я собственник, звоните! Впервые после ремонта сдается стильная дизайнерская студия БЕЗ КОМИССИИ. В студии есть все для комфортной жизни: - • •Полноценный раскладной двухместный диван-кровать с ортопедическим матрасом, •Посудомоечная машина, •Духовой шкаф, •Вместительный холодильник, •Микроволновая печь, •Бесшумная стиральная машина с сушкой, •Кондиционер, •Удобные системы хранения, •Регулируемые сценарии освещения с пультом. На период отключения горячей воды установлен бойлер. Также предусмотрены фильтры для очистки воды до питьевого уровня. Интерьер выполнен эргономически и со вкусом, аккуратно, современно и удобно! Рассмотрим 1-2 человек. Студия готова к заселению. Звоните уважаемые арендаторы и приезжайте на просмотр! Риелтор Александр Максимов Суперагент +7 923 072-32-... Написать 2 часа назад сегодня, 16:36",,https://www.cian.ru/cat.php?deal_type=rent&district%5B0%5D=8&engine_version=2&offer_type=flat&room9=1&type=4&p=1,2026-04-19T16:22:36+00:00
1663,327093478,ЮВАО,https://www.cian.ru/rent/flat/327093478/?context=4.-eHFj8Fu8XE.9n8gKmx4RAQmaC9r4A7At40SQkfB6pNg34vnos_GWFHn7FM75r5ekPeRHDZIGpKpzVYZTmk5d7-mPw&mlSearchSessionGuid=00f05a3989086624d71d30b86363407a,1/22,465000,17.5,8,21,,"1/22 Апартаменты-студия, 17,5 м², 8/21 этаж Только на Циан Калитники 10 минут пешком Москва , ЮВАО , р-н Нижегородский , м. Калитники , Автомобильный проезд , 4 65 000 ₽/мес. От года, комм. платежи включены (без счётчиков), комиссия 50%, залог 59 500 ₽ Ищете не просто квартиру, а настоящее творческое пространство? Эта стильная студия в трендовом ЖК Найс Лофт — то, что вам нужно на несколько месяцев или на долгий срок! О квартире: •Просторная студия с умной планировкой, которая позволяет зонировать пространство на уютную спальню, гостиную и рабочую область. •Студия с дизайнерским ремонтом, сдается впервые: Высокие окна, стильная отделка. Готова к заселению! •Вся необходимая техника уже есть (холодильник, стиральная машина, плита), мебель (кровать, шкаф, диван, стол). Приезжайте только с чемоданом. •Свет и вид: Из окон открывается вид на город. Квартира очень светлая. Идеально для: •Молодого профессионала, ценящего стиль и удобство. •Пары, которая хочет жить в динамичном районе. •Студента или фрилансера, ищущего вдохновляющее пространство. Аренда на срок до 1 года по согласованию. Звоните или пишите, чтобы назначить просмотр! Агентство недвижимости Art Seasons Apartments Суперагент +7 985 203-88-... Написать 2 недели назад 30 мар, 14:14",,https://www.cian.ru/cat.php?deal_type=rent&district%5B0%5D=8&engine_version=2&offer_type=flat&room9=1&type=4&p=3,2026-04-19T16:22:36+00:00
1669,329070112,ЮВАО,https://www.cian.ru/rent/flat/329070112/?context=4.aLdtlnbdUbY.LuEzLVhfYIbQj8LvdyXwgBuC-IpgElzO2RZPiIlbXQydmTN2Dv5xTeMv9bKPA1cWnTlo43WiOqQGuw&mlSearchSessionGuid=00f05a3989086624d71d30b86363407a,1/26,473000,27.0,16,30,,"1/26 Студия, 27 м², 16/30 этаж Угрешская 6 минут пешком Москва , ЮВАО , р-н Южнопортовый , м. Угрешская , Волгоградский проспект , 32/5к4 73 000 ₽/мес. От года, комм. платежи включены (счётчики включены), комиссия 50%, залог 70 000 ₽ Студия 27 м², ЖК Метрополия, бизнес -класс, 16 этаж, 5 мин до метро Волгоградский проспект Сдается светлая студия в ЖК бизнес-класса Метрополия. Въезд хоть завтра. Подойдет одному, паре или для работы в центре Москвы без потери комфорта. О квартире: 27 м², 16 этаж (вид сверху, тихо) Панорамные окна, шторы блэкаут — можно спать днём Тёплый пол в санузле + кондиционер Отдельная зона с диваном -трансформером и кроватью 140200, ортопедический матрас, все новое. Раскладное кресло для гостя Всё работает: плита, вытяжка, холодильник, стиральная машина, Smart TV, скоростной WiFi О доме и территории: Огороженный ЖК с видеонаблюдением и пропускной системой Консьерж в каждой башне Во дворе — кофейни, магазины, аптека, салоны Локация: Метро Волгоградский проспект — 5 минут пешком МЦД Угрешская — 10 минут До центра Москвы — 1015 минут на метро или авто Рядом: Перекрёсток, Пятёрочка, фитнес, ТЦ Ривьера Условия: Долгосрочная аренда Залог — 80 000 Коммунальные платежи — включены кроме интернета Показ — по договорённости. Напишите в чат или позвоните. Отвечаю быстро. Риелтор Ирина Новикова Суперагент +7 986 314-43-... Написать 45 минут назад сегодня, 18:26",,https://www.cian.ru/cat.php?deal_type=rent&district%5B0%5D=8&engine_version=2&offer_type=flat&room9=1&type=4&p=3,2026-04-19T16:22:36+00:00
1602,324598462,ЮВАО,https://www.cian.ru/rent/flat/324598462/?context=4.4UX621jRWbI.tbLwPwA-IFRq-WvQsEN7-IunS3WuOnWa3cUureh3d6dDFWdExPmrf4nw4-qcemPnh_Ub-ziXBXFlSQ&mlSearchSessionGuid=94207197dec4dd17e806bc64c122191e,1/9,525000,18.0,1,17,,"1/9 Студия, 18 м², 1/17 этаж Только на Циан Некрасовка 5 минут пешком Москва , ЮВАО , р-н Некрасовка , м. Некрасовка , улица Ухтомского Ополчения , 5 25 000 ₽/мес. От года, комм. платежи включены (без счётчиков), комиссия 50%, залог 25 000 ₽ Для одной девушки или женщины, Другим составам не звонить! Без исключений! Соседки по лестничной клетке также женщины/девушки. На длительный срок. Стиральная машина общая на несколько таких же студий, стоит в тамбуре.( ЗАСЕЛЯЕМ ТОЛЬКО ДЕВУШЕК) СТУДИЯ! Она НЕБОЛЬШАЯ! Но компактная!! Вся техника и мебель новая, дополнительно оплачивается только горячая вода и электричество(в среднем 300 рублей летом и 2тр зимой), Договор на длительный срок. От метро Некрасовка 7 мин/пешк. от ж/д станции Люберцы 5 мин на маршрутке, остановка 3 мин/пешк. Замечательный собственник! Комиссия 50% по факту заселения! Звоните, уважаемые клиенты! Риелтор Юлия Максимюк Документы проверены +7 923 079-41-... Написать вчера вчера, 14:08",,https://www.cian.ru/cat.php?deal_type=rent&district%5B0%5D=8&engine_version=2&offer_type=flat&room9=1&type=4&p=1,2026-04-19T16:22:36+00:00
1620,328627739,ЮВАО,https://www.cian.ru/rent/flat/328627739/?context=4.hy90y4pF3So.MIWZCBfn78x-wEixQNZgowF0STyTm2-oc5-uPqjFpMAm2GQDd2VeezFc1aTeGt7lfX7Kkx0XSkoa8A&mlSearchSessionGuid=94207197dec4dd17e806bc64c122191e,1/6,525000,19.0,3,21,,"1/6 Апартаменты-студия, 19 м², 3/21 этаж Только на Циан Калитники 11 минут пешком Москва , ЮВАО , р-н Нижегородский , м. Калитники , Автомобильный проезд , 4к5 25 000 ₽/мес. От года, комм. платежи включены (без счётчиков), без комиссии, залог 25 000 ₽ Сдаётся студия площадью 19 кв. м на третьем этаже современного 21-этажного дома. Высокие потолки 3.1 метра создают ощущение простора. Окна выходят во двор. Квартира сдаётся без ремонта и мебели. под склад,пред чистовая отделка(white-box) Дом оснащён двумя пассажирскими и одним грузовым лифтами, поэтому можно без проблем добраться до квартиры. Имеется подземная парковка для вашего автомобиля. . До ближайшей станции метро можно дойти за 10 минут, что удобно для поездок по городу. Условия аренды обсуждаются индивидуально. Возможна аренда по долгосрочному договору. Квартира сдаётся без комиссии. Звоните и записывайтесь на просмотр, чтобы лично оценить все преимущества этого предложения. Мы будем рады ответить на все ваши вопросы и показать квартиру в удобное для вас время. Есть еще апартамент в 6 корпусе на 11 этаже. Собственник ID 91147563 Документы проверены Назначить просмотр неделю назад 6 апр, 18:03",,https://www.cian.ru/cat.php?deal_type=rent&district%5B0%5D=8&engine_version=2&offer_type=flat&room9=1&type=4&p=1,2026-04-19T16:22:36+00:00
1603,326159535,ЮВАО,https://www.cian.ru/rent/flat/326159535/?context=4.Clmuv-C50hQ.nt2449XaSCUppPh1zA-V7Cbjb4nAbgmEvVFLl1EhYdSGlF8c8iNoAE_6px2tbrA8NQI0Vvu3WkOpYw&mlSearchSessionGuid=94207197dec4dd17e806bc64c122191e,1/14 Ещё фото,644900,19.5,14,25,,"1/14 Ещё фото Пешком до метро! Студия, 19,5 м², 14/25 этаж Перерва 12 минут пешком Москва , ЮВАО , р-н Люблино , м. Перерва , Люблинская улица , 80к6 44 900 ₽/мес. От года, комм. платежи включены (без счётчиков), комиссия 50%, без залога Сдаётся светлая квартира-студия с евроремонтом и совмещённым санузлом в ЖК Люблинский парк! Без депозита! Её можно посмотреть когда Вам удобно: бронируете время, забираете ключи или встречаетесь с нашим представителем и спокойно осматриваете. Если всё понравится, договор подпишем онлайн и будем поддерживать Вас на всех этапах аренды. В квартире есть: - Кухонный гарнитур; - Варочная панель; - Холодильник; - Стиральная машина; - Вытяжка. Полы — ламинат и плитка. Окна выходят во двор, на восток. Во дворах обустроены детские площадки, двор без машин. На территории дома есть бесплатные парковочные места. Собственник готов заселить не более 2 взрослых жильцов с детьми, обсудить оформление временной регистрации, докупить мебель/технику или заключить договор с юридическим лицом. Можно с небольшим домашним питомцем по согласованию. Дом находится в районе с развитой инфраструктурой: в пешей доступности находятся продуктовые супермаркеты, школы, детские сады, медицинские учреждения, салоны красоты. Недалеко — парк Героев Отечественной войны 1812 года. В 18 минутах пешком — станция МЦД-2 Перерва, в 20 минутах — м. Братиславская. Автомобилистам будет удобно выезжать на Люблинскую улицу. Агентство недвижимости ПИК-Аренда Документы проверены Посмотреть все объекты +7 916 760-62-... Написать 2 часа назад сегодня, 16:25",,https://www.cian.ru/cat.php?deal_type=rent&district%5B0%5D=8&engine_version=2&offer_type=flat&room9=1&type=4&p=1,2026-04-19T16:22:36+00:00
1623,329069630,ЮВАО,https://www.cian.ru/rent/flat/329069630/?context=4.jGTcxQI45n8.zuAoduqzjgHMtvMQncQ-pO0Zsvili_68QmLfq20ock7aUt5bSZMgWbsBCNK6hgRSI6qi7aVJ_2wxxg&mlSearchSessionGuid=94207197dec4dd17e806bc64c122191e,1/6,651000,20.0,2,2,,"1/6 Апартаменты-студия, 20 м², 2/2 этаж Только на Циан Текстильщики 13 минут пешком Москва , ЮВАО , р-н Текстильщики , м. Текстильщики , Грайвороновская улица , 4С6 51 000 ₽/мес. От года, комм. платежи включены (без счётчиков), без комиссии, залог 51 000 ₽ Отличная маленькая, тихая, двухуровневая студия для проживания одного человека. Всё необходимое для проживания есть. Предпочтение девушкам и женщинам. Коммунальные платежи оплачивает арендатор полностью. Собственник ID 70587410 +7 916 099-29-... Написать два дня назад 17 апр, 00:02",,https://www.cian.ru/cat.php?deal_type=rent&district%5B0%5D=8&engine_version=2&offer_type=flat&room9=1&type=4&p=1,2026-04-19T16:22:36+00:00
1635,329009922,ЮВАО,https://www.cian.ru/rent/flat/329009922/?context=4.3zkoeWanZ-M.Zn5AAMW2_EwaBPo4avH3M4B09KJLqoFi2PUmFcvfVQbMFBAnWZXg6xfZkvuimPQRYDrofeWllWXYrQ&mlSearchSessionGuid=1a54fd2be30d5ae351b9bcc5aa288e3d,1/23,653000,25.9,23,33,,"1/23 Студия, 25,9 м², 23/33 этаж Проверено в Росреестре Окская 8 минут пешком Москва , ЮВАО , р-н Рязанский , м. Окская , улица Михайлова , 30Ак6 53 000 ₽/мес. На несколько месяцев, комм. платежи включены (без счётчиков), без комиссии, без залога За объект уже внесли аванс СОБСТВЕННИК (без комиссии!!!). Новый ЖК Михайловский парк, корпус 6, подъезд 1. ОТЛИЧНАЯ транспортная доступность. 6 минут пешком до метро Окская, а автобусная остановка прямо напротив дома!!! В студии сделан дизайнерский ремонт. Для комфортного проживания есть БОЛЬШАЯ встроенная КУХНЯ с барной стойкой и регулируемой подсветкой, рабочее место, большой диван с множеством подушек. Для Вас есть кондиционер, холодильник, полноразмерная стиральная машина, микроволновка, духовка, индукционная плита, вытяжка, душевая кабина, гладильная доска, сушилка, 2 шкафа, барные стулья, цифровой телевизор, интернет, посуда. Окна выходят в закрытый двор с ландшафтным дизайном, площадками для СПОРТА и ОТДЫХА. Дом находится в ЭКОЛОГИЧНОМ ЗЕЛЕНОМ районе, 600 м до Кусковского лесопарка! В жилом комплексе есть аптека, Вкусвилл, бургерная, кофейня, Пятерочка, OZON и Wildberries. Сдаем только для чистоплотных и аккуратных людей. Строго не курящих !!! Залог не разбивается. Без домашних животных. Только на длительный срок (от 6 месяцев и более) Счетчики оплачиваются дополнительно. Оплата за первый и последний месяц. ОСМОТР КВАРТИРЫ, заключение договора И ПЕРЕДАЧА КЛЮЧЕЙ ВОЗМОЖЕН 18 апреля (суббота), с 15:00 ДО 19-00 Собственник ID 115551967 Документы проверены +7 986 274-22-... Написать вчера вчера, 22:56",,https://www.cian.ru/cat.php?deal_type=rent&district%5B0%5D=8&engine_version=2&offer_type=flat&room9=1&type=4&p=2,2026-04-19T16:22:36+00:00
1621,327807212,ЮВАО,https://www.cian.ru/rent/flat/327807212/?context=4.vtG2hRqebqg.Tvt-B92qrZ1lPsS9-Kp5fazanb8UWlH-Bj3zqGtC_mNUfRurSMpYUg9k1nb73C8E9MJCDLg8BEZP6Q&mlSearchSessionGuid=94207197dec4dd17e806bc64c122191e,1/24,665000,21.0,1,2,,"1/24 Апартаменты-студия, 21 м², 1/2 этаж Текстильщики 13 минут пешком Москва , ЮВАО , р-н Текстильщики , м. Текстильщики , Грайвороновская улица , 4С6 65 000 ₽/мес. От года, комм. платежи включены (счётчики включены), без комиссии, залог 65 000 ₽ Фото и видео реальные! Собственник! БЕЗ КОМИССИИ! Агентов просьба не беспокоить) На длительный срок сдаются уникальные двухуровневые апартаменты с отдельным входом - единственные в своем роде в Москве! Комплекс повышенного комфорта с СПОРТЗАЛОМ для жильцов. Интерьер как с Pinterest - заходишь и влюбляешься! Живите как в своем ОТДЕЛЬНОМ доме рядом с центром. Полная приватность, современный стиль и продуманный дизайн до мелочей. Всего 8 таких объектов во всем ЖК. Для тех, кто знает, чего хочет, и получает это. Двухуровневая студия с высокими потолками - светлая, уютная, с воздухом и пространством, где хочется жить и работать. В шаговой доступности: кафе, кофейни, магазины, аптеки, службы доставки. До центра Москвы - 12 минут на авто, 4 станции до Китай-города, 20 минут до Кремля. До метро Текстильщики - 10 минут пешком или 2 остановки на общественном транспорте (остановка прямо у выхода с территории, интервал движения 3 минуты). Всё для комфортной жизни: парки, спортивные и культурные объекты рядом. Новый современный апарт-комплекс с охраняемой 24/7 территорией. Бесплатная большая парковка, всегда есть место. Тихий, закрытый двор, спокойные соседи, без детских площадок. Для жильцов - бесплатный спортивный зал с современным оборудованием. На территории - пункт выдачи Ozon. Вся квартира укомплектована техникой и мебелью на заказ: Холодильник, кондиционер, посудомоечная машина. стиральная машина, микроволновка, варочная панель, телевизор, чайник, пылесос. Раскладывающийся диван (полноценное двуспальное место). Большая двуспальная кровать с новым матрасом 160 на 200, безопасная лестница, вместительные шкафы. Набор кухонной и столовой посуды для комфортного проживания. Идеально для жизни и работы, приватности и комфорта. =) Аренда - 65 000 ₽/мес. Квартплата оплачивается отдельно. Pet-friendly: можно с животными (обсуждается отдельно). Звоните отвечу на любые вопросы! Собственник ID 78088840 Документы проверены +7 989 595-43-... Написать вчера вчера, 21:49",,https://www.cian.ru/cat.php?deal_type=rent&district%5B0%5D=8&engine_version=2&offer_type=flat&room9=1&type=4&p=1,2026-04-19T16:22:36+00:00
1650,312387295,ЮВАО,https://www.cian.ru/rent/flat/312387295/?context=4.8000hm02Uho.UkRqN90ms0d_5h3t1qOir8jPSfPmq7c1ds1sgujKGiNMQRkaV5UFCulmKBayOmaZNMxGB9QyfaqOYw&mlSearchSessionGuid=1a54fd2be30d5ae351b9bcc5aa288e3d,1/10,745000,19.0,1,5,,"1/10 Апартаменты-студия, 19 м², 1/5 этаж Проверено в Росреестре Лефортово 7 минут пешком Москва , ЮВАО , р-н Лефортово , м. Лефортово , 1-й Краснокурсантский проезд , 5/7 45 000 ₽/мес. От года, комм. платежи включены (без счётчиков), без комиссии, залог 45 000 ₽ Отличный район, 500 метров до метро Лефортово БКЛ. Тихий центр, все рядом и при этом никаких пробок или проблем с парковкой, через дорогу спортгородок МЭИ, рядом парк Лефортово, Екатерининский дворец. Все магазины в пяти шагах, пешком можно дойти до Бауманской, Авиамоторной, площади Ильича. Студия апартаменты, регистрация невозможна, Амина невозможна! Дорогие иностранцы, имейте это в виду! Находится на цокольном этаже. Есть окно, оборудованный санузел - душевая кабина, раковина, унитаз. Только что закончили ремонт. Вход в блок помещений со двора, общие площади отремонтированы. Общая площадь 19 м2, санузел 1,5 м на 1,5 м, основное помещение 2,6 м на 5,5. Есть всё необходимое: диван, стол, посуда, микроволновка, холодильник, стиралка, плита. Идеально для проживания небольшой семьи или одиночки, для рабочего, массажного кабинета, турагентства, детского клуба, кабинета репетитора. Аренда от собственника. Адекватный собственник, в квартиру не приходит, мелочным контролем не донимает. Готов провести видеопоказ, обращайтесь. Я готов сотрудничать с риэлторами и агентами, но никаких ""эксклюзивных"" предложений и ""снимите ненадолго объявление"" не будет, не трудитесь зря. Есть вопросы? Пишите прямо сейчас, ответы на вопросы, видеопоказ, советы бесплатно! Пусть Москва будет добра к вам! Собственник ID 113872797 Документы проверены +7 986 304-28-... Написать вчера вчера, 01:16",,https://www.cian.ru/cat.php?deal_type=rent&district%5B0%5D=8&engine_version=2&offer_type=flat&room9=1&type=4&p=2,2026-04-19T16:22:36+00:00
1633,324999536,ЮВАО,https://www.cian.ru/rent/flat/324999536/?context=4.yAi0yRna3DM.lDStvkpGf9llqRuVlWnF7LeBW-1-KM9TNFH7kFEuL9z9nzv3FX17gARyqTxIOAdEhvp3EeL50tCTCw&mlSearchSessionGuid=1a54fd2be30d5ae351b9bcc5aa288e3d,1/14,768000,30.0,3,24,,"1/14 Апартаменты-студия, 30 м², 3/24 этаж Авиамоторная 16 минут пешком Москва , ЮВАО , р-н Лефортово , м. Авиамоторная , улица Крузенштерна , 7 68 000 ₽/мес. От года, комм. платежи включены (без счётчиков), комиссия 35%, залог 68 000 ₽ Сдается тихая и уютная студия в новом ЖК бизнес клаcса Cимвол. Дом с отдельной огороженной территорией, внутренним двором. В студии выполнен евроремонт, меблирована, встроенный кухонный гарнитур, холодильник, кондиционер. Высокие потолки — 3.1 м. Высокие окна. У дома — своя закрытая благоустроенная территория с Лобби с высокими потолками и зонами отдыха, туалетом. Безопасность — на максимально высоком уровне: 2 контроля на вход — на территорию самого ЖК и в подъезде в зоне Ресепшн. Вход — только для жителей по магнитным пропускам. У дома очень хорошее расположение, свой большой парк Зеленая река — один из самых современных в Москве. В 5 минутах от дома недорогой (от 5000 в месяц) паркинг БЦ Интеграл. Удобная транспортная доступность, рядом ТТК, в 7 минутах пешком — станция метро узловая станция Авиамоторная (метро, Бкл, Мцд и Мцк). Риелтор Наталья Пугачева Суперагент +7 989 114-66-... Написать вчера вчера, 22:06",,https://www.cian.ru/cat.php?deal_type=rent&district%5B0%5D=8&engine_version=2&offer_type=flat&room9=1&type=4&p=2,2026-04-19T16:22:36+00:00
1619,326967848,ЮВАО,https://www.cian.ru/rent/flat/326967848/?context=4.jDN4hdUlCqY.PuvMZrdevpPfqkuSQi9gp8BjR7KnaZr5-zzbNQRJmzrSp97ZD5AJ8jg-nlXfWjbKQuOdssSxbYFoJA&mlSearchSessionGuid=94207197dec4dd17e806bc64c122191e,1/7,770000,30.0,3,24,,"1/7 Квартира без комиссии Апартаменты-студия, 30 м², 3/24 этаж Только на Циан Онлайн-договор Авиамоторная 16 минут пешком Москва , ЮВАО , р-н Лефортово , м. Авиамоторная , улица Крузенштерна , 7 70 000 ₽/мес. От года, комм. платежи включены (без счётчиков), без комиссии, залог 70 000 ₽ Я собственник! ТОРГА НЕТ! Риелторы не тратьте моё время. Сдаётся уютная студия в новом доме, построенном в 2025 году. Общая площадь - 27 кв. м, жилая - 20 кв. м, кухня занимает 3 кв. м. Апартаменты расположены на 3 этаже 24-этажного здания. Высокие потолки 2.7 метра добавляют простора. До станции метро ""Авиамоторная"" всего 16 минут пешком. Квартира выполнена с дизайнерским ремонтом, что создаёт стильную и комфортную обстановку. В студии есть вся необходимая мебель как на кухне, так и в комнате. Для вашего удобства установлены кондиционер, холодильник, телевизор и стиральная машина. Санузел совмещён, оборудован современной душевой кабиной. Дом предлагает подземную парковку, поэтому можно не беспокоиться о месте для автомобиля. В здании функционируют как пассажирский, так и грузовой лифты, поэтому можно легко передвигать крупные вещи. Также есть мусоропровод, что добавляет удобства в быту. Интернет-связь доступна, что особенно важно для работы или учёбы. Рядом с домом находятся школы, детские сады, клиники и магазины, что делает район удобным и комфортным для жизни. Условия аренды прозрачные: без комиссии, от собственника. Подходит для одного человека или пары. Коммунальные платежи оплачиваются отдельно. Залоговая сумма составляет оплату за один месяц. Звоните и записывайтесь, чтобы увидеть квартиру вживую и оценить её преимущества. Собственник ID 13296398 +7 986 323-82-... Написать вчера вчера, 21:25",,https://www.cian.ru/cat.php?deal_type=rent&district%5B0%5D=8&engine_version=2&offer_type=flat&room9=1&type=4&p=1,2026-04-19T16:22:36+00:00
1653,329099679,ЮВАО,https://www.cian.ru/rent/flat/329099679/?context=4.GZxSVW5gDDg.mkevqE6JM0tzoBXROOxwPVOyABqwc6FiDKu035Z3Qd6wxwJTmIs3x3CgXGodtegDiKImbDBSPDtiaw&mlSearchSessionGuid=00f05a3989086624d71d30b86363407a,1/10,972000,27.0,5,24,,"1/10 Студия, 27 м², 5/24 этаж Только на Циан Авиамоторная 13 минут пешком Москва , ЮВАО , р-н Лефортово , м. Авиамоторная , улица Крузенштерна , 9 72 000 ₽/мес. От года, комм. платежи включены (без счётчиков), без комиссии, залог 75 000 ₽ Сдается на длительный срок студия площадью 27 кв. м на 5 этаже. Квартира расположена в современном жк Символ в пешей доступности от станции метро Авиамоторная — всего 13 минут пешком. В квартире новый ремонт, есть вся необходимая мебель на кухне и в комнате, вместительные шкафы. Из техники в вашем распоряжении: кондиционер, холодильник, микроволновка, варочная панель, посудомоечная и стиральная машина с функцией сушки. В доме консьерж, закрытый двор с детской площадкой, видовая терраса. Вход по магнитному ключу только для жильцов, круглосуточная охрана. Рядом с домом расположены все необходимые объекты инфраструктуры: магазины, кафе, рестораны, салоны красоты. Новый современный парк Зелёная река, а так же множество других парков поблизости. Отличная транспортная доступность позволяет быстро добраться до центра города. Условия аренды: договор напрямую с собственником. Залог 100%, помимо аренды оплачиваются вода, электроэнергия и интернет. Квартира готова принять одного-двух жильцов, без животных! Если не дозвонились, пишите- я обязательно отвечу! Собственник ID 83293129 +7 916 537-46-... Написать 9 часов назад сегодня, 09:49",,https://www.cian.ru/cat.php?deal_type=rent&district%5B0%5D=8&engine_version=2&offer_type=flat&room9=1&type=4&p=3,2026-04-19T16:22:36+00:00
1675,328667187,ЮВАО,https://www.cian.ru/rent/flat/328667187/?context=4.D-9qOhK_BFA.7VupoCm1ae42RF9__oUs0q-Taaa0vgn6s-B0tClMI-xDo7qv3Pb7cOfyZ8VBtlVgI2tRvaQPBTTt_w&mlSearchSessionGuid=00f05a3989086624d71d30b86363407a,1/21,1057000,30.0,13,31,,"1/21 Студия, 30 м², 13/31 этаж Только на Циан Нижегородская 9 минут пешком Москва , ЮВАО , р-н Нижегородский , м. Нижегородская , Газгольдерная улица , 10 57 000 ₽/мес. От года, комм. платежи включены (без счётчиков), комиссия 50%, залог 57 000 ₽ Квартира в монолитном доме класса комфорт +. Современный ремонт. В квартире есть все необходимое для комфортного проживания: посудомоечная машина, кондиционер, телевизор, пылесос, гладильная сушильная доска и т.д. На длительный срок. Закрытый двор без автомобилей. Метро в шаговой доступности. Оперативный показ и заселение Риелтор Вадим Белов Суперагент +7 988 194-26-... Написать вчера вчера, 20:02",,https://www.cian.ru/cat.php?deal_type=rent&district%5B0%5D=8&engine_version=2&offer_type=flat&room9=1&type=4&p=3,2026-04-19T16:22:36+00:00
1640,327375667,ЮВАО,https://www.cian.ru/rent/flat/327375667/?context=4.m3G3ESvg3uA.Ijtiwa-ucBSTvIyedeBvpfUyP3AP0EGwJCWJn9tzo_HrToewX9N-J8EOrWhe__n7twcUpPP3Ir50Wg&mlSearchSessionGuid=1a54fd2be30d5ae351b9bcc5aa288e3d,1/18,1058000,26.9,9,32,,"1/18 Студия, 26,9 м², 9/32 этаж Нижегородская 8 минут пешком Москва , ЮВАО , р-н Нижегородский , м. Нижегородская , Газгольдерная улица , 10 58 000 ₽/мес. От года, комм. платежи включены (без счётчиков), комиссия 50%, без залога Cдаетcя уютнaя студия ЖK Пpофит новая, свeтлая cтудия с дизaйнepcким pемoнтoм oт кoмпaнии Smarent. Квартира рacполoжeна на 9 этаже . Идeaльная тpaнcпoртнaя доступность - в 5 минутах xодьбы нaходится ст. мeтрo Hижeгорoдcкая, кoтoрая входит в крупнейший в Eвропе тpанспоpтнo-пepесадочный узел. В его составе: две станции метро, станции МЦК, МЦД и Горьковского направления МЖД. До ст. м Таганская можно добраться наземным транспортом за 20 мин, МЦК Москва Сити (Деловой Центр) 30 мин., Нескучный Сад в Парке Горького - 25 минут. Для автомобилистов удобный быстрый выезд на ТТК и Садовое Кольцо. Рядом большой торговый центр ""Город"", Леруа. Закрытый двор с детскими площадками и фитнес-зоной, а также большой подземный паркинг. Машиноместо можно снять по доступной цене. Бытовая техника: стиральная машина, холодильник, варочная панель, СВЧ печь, телевизор, электрический чайник. Есть всё необходимое для жизни УСЛОВИЯ ПРОЖИВАНИЯ: Тариф Комфортное проживание -50% от арендного платежа - Раннее бронирование объекта (за 3 дня до заселения) - Персональный менеджер на всех этапах аренды быстро реагирует на запросы - большинство бытовых вопросов решаем за 48 часов - Страхование гражданской ответственности до 0,3 млн ₽ - Организация мелкого ремонта ! Коммунальные платежи: электроэнергия, хвс\гвс, услуги интернет провайдера, расходы за отопление дома/квартиры оплачивает арендатор. ! Заселение только при наличии постоянной регистрации РФ. Строго без животных. Агентство недвижимости СМАРЕНТ Документы проверены +7 985 853-93-... Написать пять дней назад 14 апр, 11:49",,https://www.cian.ru/cat.php?deal_type=rent&district%5B0%5D=8&engine_version=2&offer_type=flat&room9=1&type=4&p=2,2026-04-19T16:22:36+00:00
1661,328371177,ЮВАО,https://www.cian.ru/rent/flat/328371177/?context=4.iKzxob-qiC0.p1WeM8LeFzPXgEyvCS3f7tvOFWq-rUbtentGMin00m1aYnCPXsjPs6P1qSpZbVkrICf9wHhXxj83wg&mlSearchSessionGuid=00f05a3989086624d71d30b86363407a,1/22,1059000,18.23,1,2,,"1/22 Апартаменты-студия, 18,23 м², 1/2 этаж Лефортово 7 минут пешком Москва , ЮВАО , р-н Лефортово , м. Лефортово , Госпитальная площадь , 1/10 59 000 ₽/мес. На несколько месяцев, комм. платежи включены (без счётчиков), комиссия 35%, залог 59 000 ₽ Сдаётся просторный номер в молодёжном коливинге, размещённом в особняке XVIII века у метро Лефортово (5 минут пешком). Идеальное жильё для ценителей атмосферы исторической Москвы и комфорта современного жилья. В номере есть всё необходимое для комфортной жизни: — двуспальная кровать, прикроватный столик и торшер; — большое окно с широким подоконником; — шкаф, комод и зеркало в полный рост; — рабочая зона: стол, барный стул; — базовая техника: микроволновка, чайник; — посуда и предметы быта; — совмещённый санузел; — дизайнерский ремонт; — дверь закрывается на ключ. Общие зоны дома (2 этажа): — просторная кухня на 1 этаже: кухонный гарнитур, 5 плит, посудомоечная машина и 3 общих холодильника (помимо холодильников в номерах); — обеденная зона с барными стойками и большим столом; — холл с лобби-зоной и мини-библиотекой; — переговорная (до 10 человек); — две прачечные с машинами и сушилками; — буфет на 2 этаже с кофемашиной, микроволновкой и кухонным гарнитуром; — ресепшн для жильцов и гостей. Про комьюнити Colife: Colife — это не только жильё, но и дружное сообщество творческих и талантливых молодых людей. Каждую неделю проводим бесплатные мероприятия, которые делают жизнь интереснее: — тренировки по йоге и дыхательные практики; — разговорные клубы в уютной атмосфере; — спортивные соревнования и культурные выезды (музеи, выставки); — вечеринки Colife — от масштабных костюмированных до уютных камерных посиделок; — кинопросмотры, книжный клуб, настолки, спиддейтинги и нетворкинги. Здесь легко завести новые знакомства, найти друзей и окружение, которое вдохновляет. Расположение: До м. Лефортово — 5 минут пешком (680 м), до м. Бауманская — около 20 минут (1,7 км). Дом — объект культурного наследия, полностью восстановленный в современном лофт-стиле. Есть огороженная парковка. В 1 минуте остановка автобуса, рядом продуктовый магазин, кафе и кофейни. Для прогулок — Лефортовский парк (4 минуты пешком) с теннисными кортами, беговой дорожкой, футбольным полем и прудами. Формат аренды Номер в особняке сдаём мы - компания Colife Комфорт. Мы не сторонние агенты или риелторы, вы подписываете договор напрямую с нами, а в стоимость уже включен сервис и поддержка 24/7: например, если что-то сломается мы бесплатно и быстро починим.",,https://www.cian.ru/cat.php?deal_type=rent&district%5B0%5D=8&engine_version=2&offer_type=flat&room9=1&type=4&p=3,2026-04-19T16:22:36+00:00
1632,327867504,ЮВАО,https://www.cian.ru/rent/flat/327867504/?context=4.PBc6bmMGvzQ.msgAiQZL3rYJRqzJAGOpjAs0tXOqdO7UwxGeXGMSOswJWBs_ze3eaNGYELWvoFwZp8T_pdXI73JORg&mlSearchSessionGuid=1a54fd2be30d5ae351b9bcc5aa288e3d,1/8,1060000,33.0,18,32,,"1/8 Студия, 33 м², 18/32 этаж Только на Циан Нижегородская 9 минут пешком Москва , ЮВАО , р-н Нижегородский , м. Нижегородская , Газгольдерная улица , 10 60 000 ₽/мес. От года, комм. платежи включены (без счётчиков), комиссия 50%, залог 60 000 ₽ Эксклюзивное предложение! Сдаётся студия, от метро Нижегородская до 5 минут пешком. В квартире выполнен дизайнерский ремонт. Планировка с зонированием спальни, полноценная кухня и совмещённый санузел. Есть вся необходимая мебель и техника. Наземная парковка за шлагбаумом. При симпатии депозит разбивается. Звоните, оперативно проведём показ! Агентство недвижимости Не для галочки Суперагент +7 916 505-14-... Написать вчера 17 апр, 22:06",,https://www.cian.ru/cat.php?deal_type=rent&district%5B0%5D=8&engine_version=2&offer_type=flat&room9=1&type=4&p=2,2026-04-19T16:22:36+00:00
1597,328627345,ЮВАО,https://www.cian.ru/rent/flat/328627345/?context=4.H0WgW8ZgG7I.8C5oh-vr7PFi1QVVzFn2m_1XM8ozHstix-F_xCw8k92WoXLDzV7M9ip_DTkTOqdLlkrIkA2ahxb9CA&mlSearchSessionGuid=94207197dec4dd17e806bc64c122191e,1/13 Ещё фото,1948000,20.0,1,5,,"1/13 Ещё фото Апартаменты-студия, 20 м², 1/5 этаж Только на Циан Сортировочная 9 минут пешком Москва , ЮВАО , р-н Лефортово , м. Сортировочная , Ухтомская улица , 19 48 000 ₽/мес. От года, комм. платежи включены (без счётчиков), комиссия 50%, залог 55 000 ₽ Сдаю на длительный срок стильную квартиру. Высота потолков 3,1 м, что дает простор в помещении. Квартира сдается впервые после качественного ремонта, есть все необходимое для жизни. Оперативный показ Риелтор Екатерина Рычкова Суперагент Посмотреть все объекты +7 936 706-91-... Написать час назад сегодня, 17:25",,https://www.cian.ru/cat.php?deal_type=rent&district%5B0%5D=8&engine_version=2&offer_type=flat&room9=1&type=4&p=1,2026-04-19T16:22:36+00:00
1609,329129577,ЮВАО,https://www.cian.ru/rent/flat/329129577/?context=4.XtTq8PuPvdA.WfP2qhSCUV7OSrnkq4qbPfFnomC0FJgBxeFU9aV45-Sdc6uaVOVg_3Q8TVw8su6LMkLVMKMfKUe48g&mlSearchSessionGuid=94207197dec4dd17e806bc64c122191e,1/8 Ещё фото,2049000,18.0,5,22,,"1/8 Ещё фото Топовая студия! Апартаменты-студия, 18 м², 5/22 этаж Только на Циан Волгоградский проспект 3 минуты пешком Москва , ЮВАО , р-н Южнопортовый , м. Волгоградский проспект , Новоостаповская улица , 20 49 000 ₽/мес. От года, комм. платежи включены (без счётчиков), комиссия 45%, залог 49 000 ₽ Сдаётся уютная студия в 3 минутах пешком от метро. Апартаменты расположены на 5 этаже 22-этажного дома. Площадь — 18 кв. м, окна выходят как во двор, так и на улицу, что позволяет наслаждаться светом и свежим воздухом. Квартира с евроремонтом, поэтому выглядит современно и стильно. Внутри есть всё необходимое: удобная мебель на кухне и в комнате, а также полный набор техники: холодильник, телевизор, стиральная и посудомоечная машины, кондиционер. В ванной комнате установлена душевая кабина, что удобно для быстрого принятия водных процедур. Дом оборудован как пассажирским, так и грузовым лифтом, поэтому перемещение по этажам будет комфортным. Рядом с домом есть все необходимые объекты инфраструктуры: школы, детские сады, клиники и магазины, что делает проживание здесь удобным и практичным. Звоните. Агентство недвижимости PREMIUM CITY Документы проверены Посмотреть все объекты +7 986 254-07-... Написать вчера вчера, 22:46",,https://www.cian.ru/cat.php?deal_type=rent&district%5B0%5D=8&engine_version=2&offer_type=flat&room9=1&type=4&p=1,2026-04-19T16:22:36+00:00
1658,328729519,ЮВАО,https://www.cian.ru/rent/flat/328729519/?context=4.5zbrWPVXwB0.6Ig4DcakrqjK7PAWcjKlmPn20pU-zwYcEHpF9IJwXabTAY6ple6MxkweMPv66Zd9FGjSqfHaenK7yQ&mlSearchSessionGuid=00f05a3989086624d71d30b86363407a,1/8,2058000,22.0,19,23,,"1/8 Апартаменты-студия, 22 м², 19/23 этаж Только на Циан Волгоградский проспект 3 минуты пешком Москва , ЮВАО , р-н Южнопортовый , м. Волгоградский проспект , Новоостаповская улица , 20 58 000 ₽/мес. От года, комм. платежи включены (без счётчиков), комиссия 60%, залог 30 000 ₽ Современная студия 23 м2! 2 минуты от станции метро Волгоградский проспект или 7 минут от метро Угрешская. 10 минут до Кремля, рядом Третье транспортное кольцо, удобно добираться в любую точку города. Максимально комфортное проживание вам обеспечено. Круглосуточная охрана подъезда и территории. Высота потолков под 2,8 метра. Современный дизайн, и мебель. Новая техника (кондиционер, встроенный холодильник, плита, стиральная машина, телевизор, СВЧ). Большая ванна Индивидуальное отопление с возможностью регулировки каждой батареи. Коммунальные платежи по счетчикам. Популярный Жилой комплекс ЖК ""Хайвей"". Расположен в отличном районе города Москвы с сложившейся инфраструктурой района. Недалеко от комплекса: Крупнейший развлекательный комплекс ""Остров мечты"", Коломенский парк, Современная архитектура и авторская отделка корпусов. Благоустроенная и охраняемая территория. Собственный подземный паркинг, оригинальные современные детские площадки. Квартира сдается ВПЕРВЫЕ. Порядочный и доброжелательный собственник. Желаю Удачи! Риелтор Дмитрий Сыромятников Суперагент +7 986 323-66-... вчера вчера, 20:36",,https://www.cian.ru/cat.php?deal_type=rent&district%5B0%5D=8&engine_version=2&offer_type=flat&room9=1&type=4&p=3,2026-04-19T16:22:36+00:00
1674,328340083,ЮВАО,https://www.cian.ru/rent/flat/328340083/?context=4.26BGY2P7xD4.l2mr7UlfCPr9CsQHMtmEupQ-Yzt5rDpl-2mzCEnK5-DrGRKVG2UFzKKEzqKcre1AB6EtchLlmmq1yQ&mlSearchSessionGuid=00f05a3989086624d71d30b86363407a,1/30,2060000,23.0,21,23,,"1/30 Апартаменты-студия, 23 м², 21/23 этаж Только на Циан Волгоградский проспект 3 минуты пешком Москва , ЮВАО , р-н Южнопортовый , м. Волгоградский проспект , Новоостаповская улица , 20 60 000 ₽/мес. От года, комм. платежи включены (без счётчиков), комиссия 50%, залог 55 000 ₽ Сдаётся просторная квартира в 100 метрах от метро Волгоградский проспект! Выход 1 — буквально минута от дома. Это не просто близость к метро, а абсолютный транспортный нуль. Для автовладельцев тоже удобно, но здесь главная звезда — локация. Квартира на 21 этаже 23-этажного дома — тишина, вид и никакого шума. В доме три лифта: два пассажирских и грузовой — переезд без головной боли. Внутри — продуманный комфорт премиум-уровня: Полноценная двухметровая кухня с посудомоечной машиной, аэрогрилем и плитой — готовить одно удовольствие. Большая ванна в ванной комнате — можно расслабиться после дня. Плюс стиральная машина с функцией сушки белья — забудьте о сушилках. Тёплые полы во всей квартире — комфортно босиком в любое время года. Система умного освещения — выбирайте сценарии света под настроение: романтический, рабочий, вечерний. Кондиционер — свежесть летом. Много мест для хранения: большой полноценный шкаф + кровать с подъёмным механизмом — сезонные вещи и постельное бельё не будут мешаться. Телевизор 50 дюймов на поворотном кронштейне — смотреть можно откуда угодно: лёжа в кровати, за обедом или из гостиной. А ещё там есть Алиса — голосовое управление и развлечения. Квартира идеально подойдёт для одного, пары или небольшой семьи, которая ценит технологии, уют и локацию. Условия: длительная аренда, залог обсуждаем. Приглашаю на просмотр — такое предложение с метро в 100 метрах, тёплыми полами и умным светом не задерживается. Звоните, чтобы записаться! Риелтор Александр Помазанов Документы проверены +7 986 253-97-... Написать пять дней назад 13 апр, 21:51",,https://www.cian.ru/cat.php?deal_type=rent&district%5B0%5D=8&engine_version=2&offer_type=flat&room9=1&type=4&p=3,2026-04-19T16:22:36+00:00
1651,329032904,ЮВАО,https://www.cian.ru/rent/flat/329032904/?context=4.mDLCzNgRpu4.QyWGFuMvopH0NzHVN6kvQCeoSivfR4DmnUSYvSm9unL-h4jfmw9sloStHODkQx6fMmYaQEeWAfN3lg&mlSearchSessionGuid=1a54fd2be30d5ae351b9bcc5aa288e3d,1/9,2065000,25.0,3,25,,"1/9 Апартаменты-студия, 25 м², 3/25 этаж Волгоградский проспект 3 минуты пешком Москва , ЮВАО , р-н Южнопортовый , м. Волгоградский проспект , Новоостаповская улица , 20 65 000 ₽/мес. От года, комм. платежи включены (без счётчиков), без комиссии, залог 65 000 ₽ Сдается уютная и комфортная студия 25 кв.м в первый раз, 2 минуты пешком до метро Волгоградский проспект. Новый ремонт, никто не жил. Есть вся необходимая новая техника, кондиционер с функцией обогрева, шторы блек аут, теплый пол. Третий этаж, снизу нет жилых помещений благодаря архитектурному проекту дома. Панорамные окна, шумоизоляция. Территория ЖК огорожена и охраняется. До метро полторы -2 минуты пешком. Во дворе есть детская площадка, двор без машин. Если кому надо, есть подземная парковка за отдельную плату. , без животных. На длительный срок, без комиссии. Звонить с 12 до 21 часа. ----- Примечание: у собственника могут быть дополнительные пожелания к жильцам - обсудите их в чате или по телефону Собственник ID 139256113 Документы проверены +7 916 431-92-... Написать 6 часов назад сегодня, 13:01",,https://www.cian.ru/cat.php?deal_type=rent&district%5B0%5D=8&engine_version=2&offer_type=flat&room9=1&type=4&p=2,2026-04-19T16:22:36+00:00
1643,327143324,ЮВАО,https://www.cian.ru/rent/flat/327143324/?context=4.07KbaBMjVnc.nGxa5ZXRGc6b5cpUEsIm8ZftM6ANoXxo1nIZTCs52mb4R6Xb1Ot4YdeUsgTjiPNiyMg_gj1oLXEsyA&mlSearchSessionGuid=1a54fd2be30d5ae351b9bcc5aa288e3d,1/9,2069880,26.0,22,23,,"1/9 Апартаменты-студия, 26 м², 22/23 этаж Волгоградский проспект 3 минуты пешком Москва , ЮВАО , р-н Южнопортовый , м. Волгоградский проспект , Новоостаповская улица , 20 69 880 ₽/мес. От года, комм. платежи включены (без счётчиков), комиссия 50%, залог 75 000 ₽ Id 60982. Сдается просторная студия в ЖК ""HighWay"" ! Об апартаменте: - Квартира оснащена всей необходимой мебелью и техникой. - Большое панорамное окно. - Дизайнерский ремонт на стадии завершения. - Полностью укомплектована Главные преимущества комплекса Хайвей: - Метро ""Волгоградский проспект"" в 3 минутах ходьбы. - До центра города 10 минут на метро! - На первых этаж уже работает продуктовый магазин ""Дикси"", также в комплексе открыты пункты выдачи ""Ozon"" и ""Wildberries"" - Летом будет открыт фитнес-клуб с бассейном, до которых можно добраться не выходя из подъезда! - Закрытая территория с пропускной системой. - Подземный паркинг. - ЖК находится в активно развивающемся районе Москвы. - Рядом расположен торговый центр ""Дубровка"" известный своими положительными отзывами. Рассмотрим предложения, звоните для записи на показ, отвечаю быстро! Агентство недвижимости EstateLiga Документы проверены +7 916 863-15-... Написать три дня назад 16 апр, 14:24",,https://www.cian.ru/cat.php?deal_type=rent&district%5B0%5D=8&engine_version=2&offer_type=flat&room9=1&type=4&p=2,2026-04-19T16:22:36+00:00
1655,328394404,ЮВАО,https://www.cian.ru/rent/flat/328394404/?context=4.LZVLRI4Hm2c.3Winu18JJyo4481GX7RAG5gttnNTj6cVu8QGSfJOCC_Orz-su4ju4maiFBM2KoPdzHNkENMZWSWqxA&mlSearchSessionGuid=00f05a3989086624d71d30b86363407a,1/20,2070000,21.7,11,23,,"1/20 Апартаменты-студия, 21,7 м², 11/23 этаж Волгоградский проспект 3 минуты пешком Москва , ЮВАО , р-н Южнопортовый , м. Волгоградский проспект , Новоостаповская улица , 20 70 000 ₽/мес. От года, комм. платежи включены (без счётчиков), без комиссии, залог 70 000 ₽ долгосрочная аренда! От года! дизайнерский ремонт. бытовая техника Haier, телевизор яндекс с Алисой , интернет вай фай , фильтра на общую и питьевую воду, система протечки нептун, видео домофон, стиральная машинка с сушкой,утюг, ручной пылесос, чайник, фен все Haier. резервный проточный водонагреватель. инверторный бесшумный кондиционер Haier. мастер выключатель. usb розетки в удобных местах. гладильная доска. очень много места для хранения. все продумано и эргономично, диван раскладывается. обеденный Стол раздвигается . шторы в спальной зоне Блэк аут, по факту 3 спальных места. ремонт сделан из качественных материалов! мебель изготовлена из лдсп egger. сантехника качественная! станция метро прям у подъезда. окна выходят не на дорогу!!! в жк есть фитнес зал, бассейн, магазины, кафе. только после ремонта! звонки бывают не проходят, блокирует спам. так что пишите, отвечу! видеообзор по запросу. возможна временная регистрация. возможна оплата по безналу( условия обсуждаются). Собственник ID 61899843 +7 916 478-51-... Написать вчера вчера, 11:20",,https://www.cian.ru/cat.php?deal_type=rent&district%5B0%5D=8&engine_version=2&offer_type=flat&room9=1&type=4&p=3,2026-04-19T16:22:36+00:00
1667,327283374,ЮВАО,https://www.cian.ru/rent/flat/327283374/?context=4.zmxd4liaLFk.o-VbBCZgp28pE_bRgLUtVEdhMJssoJfFqU8diIZqRRBkIJLO-FJl73lUUS4Z7LVNZG3GHJBZX_LI9A&mlSearchSessionGuid=00f05a3989086624d71d30b86363407a,1/27,2070000,37.0,6,23,,"1/27 Апартаменты-студия, 37 м², 6/23 этаж Дубровка 15 минут пешком Москва , ЮВАО , р-н Южнопортовый , м. Волгоградский проспект , Новоостаповская улица , 20 70 000 ₽/мес. От года, комм. платежи включены (без счётчиков), комиссия 50%, залог 70 000 ₽ Впервые,любовь с первого взгляда ! Это та самая квартира в которой хочется жить! Она прекрасна! поторопитесь ! Всего в минуте ходьбы от метро,в новом стильном доме HighWay сдается обалденная ,комфортная,просторная студия 37 кв.м,для современных людей. Она просто куколка! Натяжные потолки,теплые полы,выполнен качественный свежий евро ремонт. Техника и мебель дорогая,красивая. Большой,вместительный шкаф ! Установлена шикарная кухня,установлены фильтры для чистки воды. Имеется посуда,встроенная посудомоечная машина! Все абсолютно новое! Уютная атмосфера создана для вашего комфортного проживания. Оплата коммунальных услуг полностью оплачивается нанимателем,согласно квитанции,сверху арендной оплаты. Достойная студия. Собственники замечательные люди. Рассмотрим на длительный срок платежеспособных,аккуратных людей. Риелтор Инна Светлова Суперагент +7 986 304-21-... Написать 5 часов назад сегодня, 13:33",,https://www.cian.ru/cat.php?deal_type=rent&district%5B0%5D=8&engine_version=2&offer_type=flat&room9=1&type=4&p=3,2026-04-19T16:22:36+00:00
1654,328879254,ЮВАО,https://www.cian.ru/rent/flat/328879254/?context=4.s2SaNYs71bw.SX5QP82CRDLWA0jQsWp1hGt5MBPoeHof24lCqLMe-P0xiRl187nf292Hho9yn9bovd7qMqet-DmlOw&mlSearchSessionGuid=00f05a3989086624d71d30b86363407a,1/14,2075000,27.5,2,23,,"1/14 Апартаменты-студия, 27,5 м², 2/23 этаж Только на Циан Волгоградский проспект 3 минуты пешком Москва , ЮВАО , р-н Южнопортовый , м. Волгоградский проспект , Новоостаповская улица , 20 75 000 ₽/мес. От года, комм. платежи включены (счётчики включены), без комиссии, залог 70 000 ₽ Сдается на длительный срок студия 27,5 м2 с дизайнерским ремонтом в современном ЖК ХайВэй. Расположение ЖК 1 мин пешком до м. Волгоградский пр-т, 5 мин до м. Дубровка, 10 мин до м.Угрешская, вся необходимая инфраструктура, рядом магазин Дикси и др, закрытая охраняемая территория, благоустроенный двор и подземный паркинг. Ремонт: новый дизайнерский, идеальное состояние. санузел совместный с душевой зоной. Техника в квартире вся стильная и новая: большой холодильник, стиральная машина, микроволновая печь, духовой шкаф, телевизор, кондиционер, стеклокерамическая варочная панель, вытяжка. Мебель: кухня, большой шкаф купе, кровать с ортопедическим матрасом 200*160. полка под телевизор, кухонный стол и стулья. Сдается для одного человека или семейной пары, без детей и без животных. Дополнительно оплачивается стоимость коммунальных услуг ( вода, электричество, отопление) и интернет. Посредников прошу не беспокоить. Собственник ID 90497284 +7 915 243-42-... Написать неделю назад 12 апр, 08:24",,https://www.cian.ru/cat.php?deal_type=rent&district%5B0%5D=8&engine_version=2&offer_type=flat&room9=1&type=4&p=3,2026-04-19T16:22:36+00:00
1631,328873800,ЮВАО,https://www.cian.ru/rent/flat/328873800/?context=4.egdfwshqHI0.dU_9l8GvZjSY_Np77kIinkmU8Rj_aVpXfWFXOC2yf6ZKvojXTJCRvmiWCsRE3yk5t0S3R87q-bWblw&mlSearchSessionGuid=1a54fd2be30d5ae351b9bcc5aa288e3d,1/20,2085000,30.0,20,23,,"1/20 Апартаменты-студия, 30 м², 20/23 этаж Волгоградский проспект 3 минуты пешком Москва , ЮВАО , р-н Южнопортовый , м. Волгоградский проспект , Новоостаповская улица , 20 85 000 ₽/мес. От года, комм. платежи включены (без счётчиков), комиссия 50%, залог 85 000 ₽ 3 минуты до метро! Предлагаем в аренду стильные апартаменты-студию . 20-м этаже современного дома. Высота потолков - 2.8 метра, из окон открывается перспектива на Москву.До метро всего 3 минуты пешком, что делает это предложение особенно привлекательным для тех, кто ценит удобное расположение. В квартире выполнен дизайнерский ремонт, все продумано до мелочей,мебель в комнате и на кухне. Оснащена всей необходимой техникой: кондиционер, холодильник, посудомоечная машина, телевизор и стиральная машина. В ванной комнате установлена душевая кабина. Во всей квартире ТЕПЛЫЙ ПОЛ.На время отключения горячей воды есть мощный водонагреватель. Дом оборудован подземной парковкой Вокруг развитая инфраструктура: по близости расположены школы, детские сады, клиники и магазины, поэтому все необходимое будет у вас под рукой. в 15 минутах исторический центр: Крутицкое подворье,Симоновский и Новоспасский монастыри. Договор заключается на удобных условиях. Приглашаем вас на просмотр, чтобы лично оценить все достоинства этих апартаментов. Ждем вашего звонка! Агентство недвижимости PREMIUM CITY Суперагент +7 986 304-29-... Написать шесть дней назад 13 апр, 12:34",,https://www.cian.ru/cat.php?deal_type=rent&district%5B0%5D=8&engine_version=2&offer_type=flat&room9=1&type=4&p=2,2026-04-19T16:22:36+00:00
1649,329124020,ЮВАО,https://www.cian.ru/rent/flat/329124020/?context=4.0DKGYCgcRfY.tZgBSMF5cHluTpIbM2VPyntzGJPBgxT0llxzCRp7ZFOG3nmxv0v8mSALjU91be7ipwJRQnS6pJs2jw&mlSearchSessionGuid=1a54fd2be30d5ae351b9bcc5aa288e3d,1/11,2085000,30.0,18,24,,"1/11 Апартаменты-студия, 30 м², 18/24 этаж Волгоградский проспект 3 минуты пешком Москва , ЮВАО , р-н Южнопортовый , м. Волгоградский проспект , Новоостаповская улица , 20 85 000 ₽/мес. От года, комм. платежи включены (без счётчиков), комиссия 50%, залог 85 000 ₽ Эксклюзивное предложение, сдается впервые! Предлагаю студию в ЖК бизнес-класса HighWay. Минута пешком от метро Волгоградский проспект. В квартире выполнен качественный дизайнерский ремонт. Планировка с зонированием спальни, рабочая зона, полноценная кухня и совмещенный санузел. Вся мебель и техника от именитых производителей. Шумоизоляция на высшем уровне. Закрытый двор, охраняемая территория с видеонаблюдением. Подземный паркинг через домовой чат. Регистрацию предоставляем. При симпатии депозит разбивается. Звоните, оперативно проведём показ! Агентство недвижимости Не для галочки Суперагент +7 916 505-14-... Написать вчера вчера, 21:15",,https://www.cian.ru/cat.php?deal_type=rent&district%5B0%5D=8&engine_version=2&offer_type=flat&room9=1&type=4&p=2,2026-04-19T16:22:36+00:00
1657,328343074,ЮВАО,https://www.cian.ru/rent/flat/328343074/?context=4.-Vgyr1x1DGo.n5pycgVpnuKQ-P-IpBNhm0Jnz3Q6t9z0ED2ezlOBuci2PKQci-08Bi6HppAVrkLGmRIUhM7xFYjvLA&mlSearchSessionGuid=00f05a3989086624d71d30b86363407a,1/47,2088000,31.0,16,22,,"1/47 Апартаменты-студия, 31 м², 16/22 этаж Волгоградский проспект 3 минуты пешком Москва , ЮВАО , р-н Южнопортовый , м. Волгоградский проспект , Новоостаповская улица , 20 88 000 ₽/мес. От года, комм. платежи включены (без счётчиков), комиссия 50%, залог 88 000 ₽ Впервые сдается светлая, абсолютно тихая студия с продуманным зонированием, в шаговой доступности от метро (160 шагов от выхода из метро до двери квартиры )и в 5 минутах транспортом до центра Москвы. Дизайн проект выполнен студией дизайна НОВА ДОМ, для тех, кто ценит комфорт, стиль и локацию. Панорамные окна, французский балкон и стильный дизайнерский ремонт создают атмосферу уюта и свободы.В студии продумано разделение на зоны. Есть отдельное место для сна, уютная зона отдыха и, что важно, удобное рабочее место для тех, кто работает из дома.Тишина: Сделана качественная полная профессиональная шумоизоляция — внутри вас никто не побеспокоит. Комфортная кухня с посудомоечной машиной, встроенным тихим холодильником FULL No Frost, индукционной плитой и всей необходимой техникой. Смарт-ТВ, кондиционер. Ванная с душевой кабиной, стиральная и сушильная машины (отдельно!), теплый пол, установлены датчики протечки. Сделан мастер выключатель (на отключение при выходе из квартиры всего электричества кроме холодильника и вай фая) , система нептун от протечек воды подключена через вай фай ( есть возможность удаленно контролировать ), видио домофон с возможностью открывания от подъезда и входа в жк , диван раскладывающийся . Закрытая охраняемая территория, консьерж 24/7, видеонаблюдение, подземный паркинг въезд по заявке в приложении .В доме уже работают магазины, Озон и Wildberries. Скоро откроется фитнес-центр с бассейном. Идеально для одного человека или пары, которые ценят порядок, тишину и комфорт. Агентство недвижимости СВМ-Групп Суперагент +7 994 508-11-... Написать 11 часов назад сегодня, 07:35",,https://www.cian.ru/cat.php?deal_type=rent&district%5B0%5D=8&engine_version=2&offer_type=flat&room9=1&type=4&p=3,2026-04-19T16:22:36+00:00
1666,295985967,ЮВАО,https://www.cian.ru/rent/flat/295985967/?context=4.oKAP8KbKiOE.LaE_z3Ow1bsVKsVirlagZN1Rj1x_Kvp8YzSlpSOIieCdc5uMCqNHS12RDIgx-vf6RuypR92RwRn4XA&mlSearchSessionGuid=00f05a3989086624d71d30b86363407a,1/17,2548000,13.7,4,4,,"1/17 Апартаменты-студия, 13,7 м², 4/4 этаж Только на Циан Авиамоторная 17 минут пешком Москва , ЮВАО , р-н Нижегородский , м. Авиамоторная , Подъемная улица , 14С25 48 000 ₽/мес. От года, комм. платежи включены (без счётчиков), комиссия 50%, залог 48 000 ₽ Сдается двухуровневая студия после косметического ремонта и клиннинга. Готова к заезду от 11 месяцев. Счетчики включены в стоимость аренды, которая указана в объявлении! В 12 минутах на транспорте от метро площадь Ильича, в 18ти минутах пешком до авиамоторной, в 10 минутах на транспорте мцд катилники. В студии есть все необходимое для проживания: кровать, холодильник, электрическая плита, духовая печь, микроволновая печка, стиральная машина, посудомоечная машина, кондиционер, телевизор, интернет, душевая кабина с санузлом, отопление. В 5 минутах от дома большое количество продуктовых магазинов, в 8 минутах от дома большой трц Город. Все документы в порядке. Без животных. ----- Примечание: у собственника могут быть дополнительные пожелания к жильцам - обсудите их в чате или по телефону Риелтор Максим Афонин Суперагент +7 916 910-49-... Написать четыре дня назад 15 апр, 19:20",,https://www.cian.ru/cat.php?deal_type=rent&district%5B0%5D=8&engine_version=2&offer_type=flat&room9=1&type=4&p=3,2026-04-19T16:22:36+00:00
1611,328298801,ЮВАО,https://www.cian.ru/rent/flat/328298801/?context=4.u7Q7bUzgBIk.VgkpxZ6HUxWQigktqDmKxAou3NrvGHAz0I8PTaT7pv_JhCrnktmYlFzRSYbd6uNCAlND6k_wjllQXQ&mlSearchSessionGuid=94207197dec4dd17e806bc64c122191e,1/7,2835000,25.0,12,17,,"1/7 Студия, 25 м², 12/17 этаж Только на Циан Некрасовка 10 минут пешком Москва , ЮВАО , р-н Некрасовка , м. Некрасовка , улица Недорубова , 28 35 000 ₽/мес. От года, комм. платежи включены (счётчики включены), комиссия 60%, залог 35 000 ₽ Сдается на длительный период . Качественный рeмoнт, вся мебель и бытовая техника, нeoбходимая для кoмфopтного пpoживaния. Пoлнoстью меблиpoвана мебелью: шкаф,комод, кровать двухспальная , куxонный гарнитур, диван-кресло, барная стойка , высокие стулья . Квартира укомплектована всей бытовой техникой: электрическая плита , холодильник, стиральная машина, микроволновка. Сан узел раздельный, ванна, стиральная машина автомат раздельный в пользовании 3 комнат. Рядом с метро торговые центры, фитнес центр, продуктовые магазины в доме и рядом с домом. Шаговая доступность 7 минут до станции метро Некрасовка. Сдается на длительный период . Рассмотрят платежеспособных жильцов, приоритет для девушки, женщины. Оплата 35000 рублей все платежи включены в стоимость. Депозит 35000 рублей можно разделить на 2 платежа. Комиссия . ID 307387 Документы проверены +7 923 074-33-... Написать неделю назад 7 апр, 13:27",,https://www.cian.ru/cat.php?deal_type=rent&district%5B0%5D=8&engine_version=2&offer_type=flat&room9=1&type=4&p=1,2026-04-19T16:22:36+00:00
1614,327246474,ЮВАО,https://www.cian.ru/rent/flat/327246474/?context=4.QK0ZgKZV6sc.GZyE7C9Gznj0qqQEwTVBHY1clUmfMxTIBjT6b0_LPH9JbiLVKvSxAqhy_ej6JKDCsBTMkopVNCYvjA&mlSearchSessionGuid=94207197dec4dd17e806bc64c122191e,1/11,3739000,16.0,5,10,,"1/11 Студия, 16 м², 5/10 этаж Авиамоторная 19 минут пешком Москва , ЮВАО , р-н Нижегородский , м. Авиамоторная , Подъемная улица , 14С37 39 000 ₽/мес. От года, комм. платежи включены (без счётчиков), комиссия 60%, залог 48 000 ₽ Код объекта: 2056548. Семь причин снять эту студию: 1) Вы снимаете не просто метры, а получаете доступ к целой экосистеме. Больше не нужно тратить время и деньги на фитнес-клуб и коворкинг. На первых этажах ЖК к вашим услугам спортзал, бильярд, аэрохоккей, кафе и коворкинг, где можно расслабиться и пообщаться после рабочего дня. Вы освобождаете время на логистику и можете инвестировать его в себя.2) Удивительная локация: три старообрядческих монастыря, прогулки по территории которых — это ментальная перезагрузка. 1 минута пешком от подъезда —и вы получаете атмосферу, за которой люди уезжают за город.3) Студия оборудована всем необходимым, включая кондиционер и посудомоечную машину. Отдельно отмечу большой крепкий диван.4) Комфортно не только вам, но и вашему транспорту. На первом этаже —помещение для хранения велосипедов, самокатов Собственная автомобильная парковка под шлагбаумом. Охрана 24/7.5) Объект куплен как инвестиция для сдачи в аренду на долгий срок. Можете быть уверены — никаких неожиданных выселений.6) Живописные локации рядом сочетаются с доступом к ресурсам большого города. 2 минуты пешком до ТЦ ""Город"". Бутики, рестораны, пункты выдачи заказов, все к вашим услугам.7) Экологичное окружение. Архетип жителя ЖК — это молодые амбициозные люди, работающие в IT-сфере. Драйвовая атмосфера людей, уважающих личные границы и нацеленных на успех. залог можем разбить на 3 месяца. Агентство недвижимости Владис Документы проверены +7 915 207-99-... Написать 7 часов назад сегодня, 12:10",,https://www.cian.ru/cat.php?deal_type=rent&district%5B0%5D=8&engine_version=2&offer_type=flat&room9=1&type=4&p=1,2026-04-19T16:22:36+00:00
