id,listing_id,district,url,title,price_rub,area_m2,floor,total_floors,metro,address,description_snippet,source_page,scraped_at
2055,225616021,ЮВАО,https://www.cian.ru/rent/flat/225616021/?context=4.ideDuTERWDU.WwWk3KzLfAsZ0Ip0Fw423QSocR2uvnZTJ3cmsDiJxGKd0VqfTllKiKz5bThBIKK4SJstdcDQXF0i9g&mlSearchSessionGuid=3c5899e8ce23f7cd56b0c5190b70ca97,1/9,50000,25.0,1,7,,"1/9 Студия, 25 м², 1/7 этаж Только на Циан Нижегородская 7 минут пешком Москва , ЮВАО , р-н Нижегородский , м. Нижегородская , Рязанский проспект , 2/1к2В 50 000 ₽/мес. От года, комм. платежи включены (без счётчиков), без комиссии, залог 50 000 ₽ свободна с 02. 05 !!! ЖК СРЕДА . БЕЗ КОМИСИИ До м.Нижегородская 5-7 минут пешком. Прекрасная транспортная развязка,в том числе ночные автобусы. Ашан , Мои Документы все рЯдом Квартира-студия в новом доме. Сдаётся на длительный срок! Есть зеркальный шкаф купе , стиральная машинка, кухонный гарнитур, плита холодильник, микроволновка. Пока вы видите объявление -квартира сдается СДАЕТСЯ . ЗВОНИТЕ. просмотр по договоренности. НЕТ СУБАРЕНДЫ. Без домашних животных. Собственник ID 1812748 +7 985 302-16-... Написать вчера вчера, 16:13",,https://www.cian.ru/cat.php?deal_type=rent&district%5B0%5D=8&engine_version=2&offer_type=flat&room9=1&type=4&p=2,2026-04-27T11:20:07+00:00
2040,329405049,ЮВАО,https://www.cian.ru/rent/flat/329405049/?context=4.rB5nEVc0Sxc.Y2tY4STsDoT3IBBV5yxwlzMSZbYq6vYhL5rIkbFwArwJrQMX3HbVzz0zPmYq_e8jqEAO40LXXmNFKg&mlSearchSessionGuid=eab2cefc752236b7c6e78cec726d7aae,1/5,138000,16.0,1,5,,"1/5 Студия, 16 м², 1/5 этаж Текстильщики 11 минут пешком Москва , ЮВАО , р-н Текстильщики , м. Текстильщики , Люблинская улица , 25/1 38 000 ₽/мес. От года, комм. платежи включены (без счётчиков), комиссия 60%, залог 38 000 ₽ Вам к нам! Только если: вы любите качество, по адекватной цене! Наша квартира для тех ,кто хочет жить каждое мгновение жизни, а не только приезжать ночевать в арендную квартиру. Уютная квартира. Спокойная атмосфера. Отличная локация. Адекватный собственник!! Тут можно жить и работать не выходя из дома. Агентство недвижимости ПАРТНЕР Суперагент +7 980 154-12-... Написать час назад сегодня, 13:08",,https://www.cian.ru/cat.php?deal_type=rent&district%5B0%5D=8&engine_version=2&offer_type=flat&room9=1&type=4&p=1,2026-04-27T11:20:07+00:00
2059,329245351,ЮВАО,https://www.cian.ru/rent/flat/329245351/?context=4.ZeK-sk4DGlg.l_gvPzjNLePU-Vq7nZ8Nc4-eEBIoBBysygPbnc_g1YYmyYE2ylnlEWd2MnIBRzZbXvspF3lIf2VpgA&mlSearchSessionGuid=3c5899e8ce23f7cd56b0c5190b70ca97,1/14,147500,20.0,13,33,,"1/14 Студия, 20 м², 13/33 этаж Только на Циан Новохохловская 6 минут пешком Москва , ЮВАО , р-н Нижегородский , м. Новохохловская , Новохохловская улица , 15к1 47 500 ₽/мес. От года, комм. платежи включены (без счётчиков), комиссия 50%, залог 25 000 ₽ СТУДИЯ. Сдается уютная квартира в ПЕШЕЙ доступности от метро. ЗАЛОГ 50%. Есть вся необходимая мебель и техника, включая кондиционер и пылесос. Новый дом. В пешей доступности супермаркеты, пункты выдачи , кафе , спортивные центры, вся необходимая инфраструктура. ОПЕРАТИВНЫЙ показ и заселение. Риелтор Александр Васильев Суперагент +7 980 407-76-... 1 минуту назад сегодня, 14:18",,https://www.cian.ru/cat.php?deal_type=rent&district%5B0%5D=8&engine_version=2&offer_type=flat&room9=1&type=4&p=2,2026-04-27T11:20:07+00:00
2061,322986877,ЮВАО,https://www.cian.ru/rent/flat/322986877/?context=4.7jyus-8YAgU.VVnHkHum8p7F-WbsubDjspXSn6Cwvkt0Pcau33LVuLK5xD7OlO8am0k7ZDVODa39hQOPWeZO23kR1w&mlSearchSessionGuid=3c5899e8ce23f7cd56b0c5190b70ca97,1/5,148000,22.0,13,25,,"1/5 Студия, 22 м², 13/25 этаж Депо 12 минут пешком Москва , ЮВАО , р-н Люблино , м. Депо , Люблинская улица , 72Ак1 48 000 ₽/мес. От года, комм. платежи включены (без счётчиков), без комиссии, залог 53 000 ₽ Без комиссии Сдам квартиру в ЖК Люблинский парк от собственника. В квартире есть все необходимое для комфортного проживания: -стиральная машина -телевизор со смарт -микроволновая печь -чайник -утюг -сушилка -гладильная доска -кондиционер -фильтр для воды барьер Проживание для одного человека, без домашних животных, а так же запрещено курение! Риэлторов просьба не беспокоить! Объявление запрещено копировать! Залог 50 тыс. Просмотр по договоренности, УТРОМ/ДНЕМ ----- Примечание: у собственника могут быть дополнительные пожелания к жильцам - обсудите их в чате или по телефону Собственник ID 93995175 Документы проверены +7 985 929-59-... Написать вчера 25 апр, 18:43",,https://www.cian.ru/cat.php?deal_type=rent&district%5B0%5D=8&engine_version=2&offer_type=flat&room9=1&type=4&p=2,2026-04-27T11:20:07+00:00
2065,329009950,ЮВАО,https://www.cian.ru/rent/flat/329009950/?context=4.HN82yUm9HeI.sTuhv0ey7larIBhVS2QCOVtB3JG0oxXPoX7bRbEj0we8VnIeeG3DwVWb3i6g8wUi-Z8Yx9fOabm8ag&mlSearchSessionGuid=3c5899e8ce23f7cd56b0c5190b70ca97,1/31,151000,19.7,20,22,,"1/31 Студия, 19,7 м², 20/22 этаж Текстильщики 20 минут пешком Москва , ЮВАО , р-н Текстильщики , м. Новохохловская , 1-й Грайвороновский проезд , 7Ак1 51 000 ₽/мес. От года, комм. платежи включены (без счётчиков), комиссия 50%, без залога Долгoсpoчнaя аpенда (договoр нa 11 меcяцев). Предcтaвляeм вашeму внимaнию cтильную cтудию 19,7 кв.м. в ЖK Волжский паpк. Бытовая тeхникa: cтиpaльнaя мaшинa, xoлoдильник, вытяжка, варoчнaя панeль, тeлeвизор, электpический чайник, микрoволнoвая пeчь. Район oблaдаeт нaсыщенной и рaзвитoй инфраcтруктуpой: - в 15 минутax пешком oт метро Текстильщики - подземные и наземные паркинги, дворы-парки - поликлиники, магазины и фитнес-клубы. - в окружении находятся ТЦ Город, Леруа Мерлен, кинотеатр Олимпик Синема и стадион Москвич. Поблизости благоустроенные зелёные зоны: Волжский бульвар, большой Кузьминский лесопарк, пруд Садки и музей-усадьба Кусково. УСЛОВИЯ ПРОЖИВАНИЯ: не более 2-х чел - Комиссия 50% от арендного платежа; - Раннее бронирование объекта (за 3 дня до заселения); - Персональный менеджер на всех этапах аренды быстро реагирует на запросы - большинство бытовых вопросов решаем за 48 часов; - Страхование гражданской ответственности до 0,3 млн ₽; - Организация мелкого ремонта. Коммунальные платежи: электроэнергия, хвс\гвс, услуги интернет провайдера, расходы за отопление дома/квартиры оплачивает арендатор. Заселение только при наличии постоянной регистрации РФ. БЕЗ ЖИВОТНЫХ! Агентство недвижимости СМАРЕНТ Документы проверены +7 985 853-93-... Написать четыре дня назад 22 апр, 16:47",,https://www.cian.ru/cat.php?deal_type=rent&district%5B0%5D=8&engine_version=2&offer_type=flat&room9=1&type=4&p=2,2026-04-27T11:20:07+00:00
2062,328545633,ЮВАО,https://www.cian.ru/rent/flat/328545633/?context=4.tpiocx-KkXk.somrr8RaOJX9sUlLJlNB62cCVg4wvDbK5lRQpZf9DAY49cRdBCJIbn5EUaWAmHgSfAIqWT86NkuO5g&mlSearchSessionGuid=3c5899e8ce23f7cd56b0c5190b70ca97,1/15,155000,26.0,6,25,,"1/15 Студия, 26 м², 6/25 этаж Только на Циан Нижегородская 11 минут пешком Москва , ЮВАО , р-н Нижегородский , м. Нижегородская , Рязанский проспект , 2/2к1 55 000 ₽/мес. От года, комм. платежи включены (счётчики включены), комиссия 50%, залог 55 000 ₽ Уютная светлая студия в новом ЖК Аквилон Beside. Отличная транспортная доступность, качественный современный ЖК, развитая инфраструктура (много кафе, магазинов, ресторанов на любой вкус). Все абсолютно новое. Комфортно для одного арендатора. Агентство недвижимости SPENСER ESTATE Суперагент +7 985 053-22-... 3 часа назад сегодня, 11:10",,https://www.cian.ru/cat.php?deal_type=rent&district%5B0%5D=8&engine_version=2&offer_type=flat&room9=1&type=4&p=2,2026-04-27T11:20:07+00:00
2049,328697997,ЮВАО,https://www.cian.ru/rent/flat/328697997/?context=4.zONlqu8zHk8.Vo_jaEqyW-8yL8LpS5IgbazWN1oAgcddVZtGGNg_j13iv-ltt3qLU0cc9iuiQ9zYoyFQxi5WGBCcmQ&mlSearchSessionGuid=3c5899e8ce23f7cd56b0c5190b70ca97,1/21,160000,26.0,2,30,,"1/21 Студия, 26 м², 2/30 этаж Только на Циан Волгоградский проспект 12 минут пешком Москва , ЮВАО , р-н Южнопортовый , м. Угрешская , Волгоградский проспект , 32/5к1 60 000 ₽/мес. От года, комм. платежи включены (без счётчиков), комиссия 60%, залог 60 000 ₽ Арт. 134155294 Сдается студия 26 м² в ЖК ""Метрополия"" (корпус Стокгольм) на длительный срок. В шаговой доступности метро и МЦК: до станции МЦК ""Угрешская"" 45 минут пешком, до метро ""Волгоградский проспект"" 710 минут. Прямой выезд с территории на Волгоградский проспект и ТТК. ЖК комфорт-класса: презентабельный подъезд, вход по смарт-картам, круглосуточная охрана и видеонаблюдение, консьерж в каждом корпусе. Закрытая благоустроенная территория, двор без машин, подземный паркинг, детские и спортивные площадки. Внутри двора и в пешей доступности всё необходимое для жизни: продуктовые магазины, кафе, пункты выдачи заказов (Ozon, Wildberries и другие). Выходить за пределы ЖК не нужно, чтобы забрать посылку или купить продукты. Сама студия светлая, окна выходят во двор тихо. Дизайн минималистичный, всё аккуратно и без лишнего. В квартире уже есть всё необходимое: кровать, кухня с техникой, стол, стулья. Коммунальные платежи по счётчикам. Сдаю на длительный срок. Имеется видеообзор — пришлю ссылкой по запросу. Звоните, пишите, приезжайте смотреть. Агентство недвижимости FOX ESTATE Документы проверены +7 989 564-10-... Написать вчера вчера, 18:55",,https://www.cian.ru/cat.php?deal_type=rent&district%5B0%5D=8&engine_version=2&offer_type=flat&room9=1&type=4&p=2,2026-04-27T11:20:07+00:00
2085,329128014,ЮВАО,https://www.cian.ru/rent/flat/329128014/?context=4.6aZd_AkbVYo.oCcmQtAw-yG1RCvr-1ABQu2BV4NErPlFsL4_L02wvKGU_E5SLPepjwfTJUO0SwLbedDekJdAl-ji6w&mlSearchSessionGuid=2563f63b1d546e2b6d3152e29d739159,1/14,160000,24.0,28,33,,"1/14 Студия, 24 м², 28/33 этаж Только на Циан Волгоградский проспект 6 минут пешком Москва , ЮВАО , р-н Южнопортовый , м. Волгоградский проспект , Новоостаповская улица , 7к1 60 000 ₽/мес. От года, комм. платежи включены (без счётчиков), комиссия 50%, залог 60 000 ₽ ВИДОВАЯ КВАРТИРА! Вашему вниманию предлагается ДИЗАЙНЕРСКАЯ СТУДИЯ в ЖК Первый Дубровский. Предлагаю сразу ознакомиться с ВИДЕО и записываться на показ. Квартира-студия оборудована необходимой НОВОЙ техникой и мебелью для комфортного проживания: Заезжай и живи! Наполнение продумано собственником до МЕЛОЧЕЙ! Полностью меблированная квартира-студия! Кухня оборудована техникой, а именно: варочная панель, вытяжка, СВЧ, посудомоечная машина, чайник, кухонные принадлежности/посуда и вместительный холодильник. Комфортный угловой раскладной диван с подъемным механизмом/системой хранения. Оборудованная ТВ-зона. В квартире-студии установлен кондиционер, будет комфортно в любую погоду. Много места для хранения ваших вещей. Очень приятный и отзывчивый собственник. ФАНТАСТИЧЕСКИ развитая инфраструктура: бесчисленное множество супермаркетов, аптек, ПВ3, кафе, ресторанов и торговых центров в шаговой доступности от дома. УДОБНАЯ транспортная доступность: 6 минут пешком до метро Волгоградский проспект/13 минут пешком до метро Дубровка. Рассмотрим семейную пару или одного проживающего. Без детей. Без животных. Если будут вопросы, обращайтесь по телефону или в чате. С уважением, Ольга Риелтор Ольга Мешкова Суперагент +7 916 532-83-... Написать неделю назад 18 апр, 18:01",,https://www.cian.ru/cat.php?deal_type=rent&district%5B0%5D=8&engine_version=2&offer_type=flat&room9=1&type=4&p=3,2026-04-27T11:20:07+00:00
2032,326369424,ЮВАО,https://www.cian.ru/rent/flat/326369424/?context=4.b9XfHViF35M.xQSGgFKxLRbMqcv7WHejW_cbwoi0bxsx04m06vNe4YwkqrM7bZMm4Ut6cUydY8J4LNEZzdi9JTF17w&mlSearchSessionGuid=eab2cefc752236b7c6e78cec726d7aae,1/17 Ещё фото,165000,25.0,3,8,,"1/17 Ещё фото Студия, 25 м², 3/8 этаж Угрешская 5 минут пешком Москва , ЮВАО , р-н Южнопортовый , м. Угрешская , Волгоградский проспект , 32/5к1 65 000 ₽/мес. От года, комм. платежи включены (без счётчиков), комиссия 50%, залог 65 000 ₽ Id 60313. Представляем к аренде студию, где каждая деталь продумана для вашего удобства. Объект идеально подойдет для молодых профессионалов, студентов ведущих вузов или в качестве городского гостевого пространства для деловых поездок. Квартира площадью 25 м² выполнена с полной современной отделкой и полностью укомплектована всей необходимой техникой и мебелью. В вашем распоряжении стильная мебель, полноценная кухня с техникой (посудомоечная машина, холодильник, варочная панель), кондиционер, стиральная машина, телевизор и высокоскоростной интернет. Высокие потолки 2.8 метра и панорамные окна создают ощущение простора и наполняют пространство светом. Жилой комплекс ""Метрополия"" предлагает уровень жизни, который ценится выше среднего. В доме работают два пассажирских и один грузовой лифт, что гарантирует отсутствие очередей. Ваш автомобиль будет в безопасности в охраняемом подземном паркинге. Ключевое преимущество — фантастическая транспортная доступность: всего 6 минут пешком до станции метро ""Волгоградский проспект"", 9 минут до ""Пролетарской"" и 11 минут до ""Крестьянской Заставы"". Это открывает быстрый доступ к центру города и основным деловым кластерам. Район отличается развитой инфраструктурой и зелеными зонами. В шаговой доступности находятся кафе, рестораны, фитнес-центры и супермаркеты. После рабочего дня можно отдохнуть в одном из близлежащих парков. Условия аренды прозрачны: ежемесячная плата составляет 65 000 рублей, включая коммунальные услуги (кроме счетчиков), что обеспечивает предсказуемость бюджета. Залог равен месячной плате. Звоните для уточнения деталей и согласования просмотра! Агентство недвижимости EstateLiga Документы проверены Посмотреть все объекты +7 916 863-15-... Написать вчера вчера, 19:25",,https://www.cian.ru/cat.php?deal_type=rent&district%5B0%5D=8&engine_version=2&offer_type=flat&room9=1&type=4&p=1,2026-04-27T11:20:07+00:00
2072,323420031,ЮВАО,https://www.cian.ru/rent/flat/323420031/?context=4.N52ZTHtzqp4.bL5qLTrsd0fAFg75THiRcdVKk3Qq1oOEvDOI6q01ATVLaemNNzvhv_FYaqmjwPe8ddfcLnfjTrhH2A&mlSearchSessionGuid=3c5899e8ce23f7cd56b0c5190b70ca97,1/16,165000,20.0,25,32,,"1/16 Студия, 20 м², 25/32 этаж Только на Циан Волгоградский проспект 6 минут пешком Москва , ЮВАО , р-н Южнопортовый , м. Волгоградский проспект , Новоостаповская улица , 7к1 65 000 ₽/мес. От года, комм. платежи включены (без счётчиков), комиссия 50%, залог 65 000 ₽ Представляю вашему вниманию стильную видовую квартиру-студия на 25-м этаже в новом жилом комплексе Первый Дубровский. Идеально подойдет одному человеку или паре! В квартире выполнена меблировка по дизайнерскому проекту в скандинавском стиле. Получилась очень уютная, светлая, просторная и максимально практичная квартира для комфортного длительного проживания. Преимущества данной квартиры: Мебель. Кухня-гостиная: классный стильный продуманный кухонный уголок со всей необходимой техникой, обеденным столом, стульями, большим телевизором. Спальня зона: шикарная уютная двуспальная кровать с ортопедическим матрасом и подъемным механизмом, большой шкаф для одежды с зеркалами, шторы блэкаут. Прихожая: большой шкаф для одежды, консоль, пуф. Санузел: оборудован душевой кабинкой, большим зеркалом с ящиком, стиральной машинкой, полотенцесушителем, шкафчиком для принадлежностей. Много мест хранения: кровать с подъемным механизмом, 2 шкафа с выдвижными системами и штангой. Кресла-стулья с поворотным механизмом. Бытовая техника: стиральная машинка, холодильник no frost, варочная панель, духовой шкаф, посудомоечная машина, вытяжка, телевизор, СВЧ, электрический чайник, кондиционер, интернет. Район обладает развитой инфраструктурой, в шаговой доступности детские сады, школы, игровые площадки, все необходимые магазины, аптеки, кафе, бары, пункты выдачи OZON, WB и многое другое. Удобная транспортная доступность: до метро Волгоградский проспект - 5 мин пешком, до ТТК - 5 мин на авто, до центра - 15 мин на авто. Условия проживания: - долгосрочная аренда - договор на 11 мес., с последующей пролонгацией - коммунальные платежи включены (без счетчиков и интернета) - коммунальные платежи по счетчикам: электроэнергия, горячая/холодная, услуги интернета оплачивает арендатор. - заселение только при наличии постоянной или временной регистрации РФ. - без животных - стоимость аренды: 65 000 руб Риелтор ID 21527139 Документы проверены +7 989 593-09-... Написать вчера вчера, 14:51",,https://www.cian.ru/cat.php?deal_type=rent&district%5B0%5D=8&engine_version=2&offer_type=flat&room9=1&type=4&p=2,2026-04-27T11:20:07+00:00
2017,328813561,ЮВАО,https://www.cian.ru/rent/flat/328813561/?context=4.MJLsYbbhzQI.eLIE5K3kuRjDMVPu3iM_50ObKFdLQuAfk_F-_DpS3qHVxIqg7uTh97jX6h0sm9oA4zzX9AAoAid8Cw&mlSearchSessionGuid=eab2cefc752236b7c6e78cec726d7aae,1/44 Ещё фото,185000,20.0,31,38,,"1/44 Ещё фото Дизайнерская видовая студия Студия, 20 м², 31/38 этаж Проверено в Росреестре Волгоградский проспект 6 минут пешком Москва , ЮВАО , р-н Южнопортовый , м. Волгоградский проспект , Новоостаповская улица , 7к1 85 000 ₽/мес. От года, комм. платежи включены (без счётчиков), без комиссии, залог 85 000 ₽ АГЕНТОВ ПРОШУ НЕ БЕСПОКОИТЬ, ПОМОЩЬ НЕ НУЖНА Квартира сдаётся впервые — всё абсолютно новое, никто не жил и не пользовался техникой Сдаётся дизайнерская студия с панорамным видом на центр Москвы и Москва-Сити Интерьер выполнен с акцентами Италии — тёплые оттенки, фактуры и мягкий свет создают атмосферу уюта и эстетики. Квартира очень светлая — много естественного света и солнца в течение дня, что создаёт настроение и ощущение пространства. При необходимости можно полностью затемнить помещение — установлены блекаут римские шторы и классические шторы. О квартире — продуманная планировка с зонированием — комфортный диван **Askona** с ортопедическим матрасом (полноценное спальное место) — телевизор (готовая зона отдыха) — рабочее место у окна — вместительные системы хранения — кондиционер — современные трековые розетки (гибкое подключение техники и освещения) — стильный дизайнерский интерьер Кухня и техника — посудомоечная машина — стиральная машина с функцией сушки — духовой шкаф с функцией СВЧ — полноценный холодильник с морозильной камерой Важное преимущество: рабочая поверхность остаётся свободной — можно организовать кухню под свой стиль жизни (индукционная плитка, мультиварка, аэрогриль и т.д.) Для работы и жизни — уже проведён быстрый Wi-Fi интернет — удобное рабочее место с видом на город Квартира идеально подойдёт для человека, работающего удалённо или в гибридном формате — тихо, светло и комфортно. Вид и атмосфера — 31 этаж — панорамные окна — вид на центр Москвы и Москва-Сити — красивые закаты прямо из квартиры Локация Южнопортовый район — 3 минуты пешком до метро Волгоградский проспект — 10 минут до метро Дубровка — всего ~7 минут на метро до Китай-города (центр) Локация отлично подойдёт тем, кто ценит близость к центру — при желании можно даже дойти пешком во время вечерних прогулок. Идеально подойдёт для одного человека, также рассмотрим пару Без животных Пишите или звоните — готовы оперативно показать квартиру Собственник ID 15519688 Документы проверены Посмотреть все объекты +7 986 264-03-... Написать 2 часа назад сегодня, 11:55 Как опередить это объявление?",,https://www.cian.ru/cat.php?deal_type=rent&district%5B0%5D=8&engine_version=2&offer_type=flat&room9=1&type=4&p=1,2026-04-27T11:20:07+00:00
2019,323840974,ЮВАО,https://www.cian.ru/rent/flat/323840974/?context=4.as0a5Gh1fVw.WrR4hl0pCYFuBPr2F6-fHLzHapquDs9JWxKitE_XhaZIEXQkuxti21vudiWXzo6XWcf6faTns1auCw&mlSearchSessionGuid=eab2cefc752236b7c6e78cec726d7aae,1/8,226000,17.0,1,16,,"1/8 Апартаменты-студия, 17 м², 1/16 этаж Только на Циан Текстильщики 14 минут пешком Москва , ЮВАО , р-н Текстильщики , м. Текстильщики , улица 8-я Текстильщиков , 13К2 26 000 ₽/мес. На несколько месяцев, комм. платежи включены (без счётчиков), без комиссии, без залога СОБСТВЕННИК! Читайте пожалуйста внимательно, полностью! Сдается комната 17м² в апартаментах в цоколе. Комната изолированна. Сдам исключительно адекватному, чистоплотному, спокойному, ответственному гp. PФ без вредных привычек арендатору!!! Регистрация и амино невозможна! Желательно одного человека! Санузел, душ общий. В комнате установлена сантехника, арендатору останется спаять и подключить сантехнику и студия готова. Приточно-вытяжная вентиляция. Без окна! Комната находится в районе с развитой инфраструктурой, в шаговой доступности от метро, БКЛ, МЦД-2. Ценик на длительный срок(год), если комнату снять на меньший срок, то цена увеличится. Если объявление опубликовано, значит актуально. Подойдёт как под жилое, так и не под жилое, мастерская, типография, офис, склад, упаковка, производство, ателье и т.д. ----- Примечание: у собственника могут быть дополнительные пожелания к жильцам - обсудите их в чате или по телефону Собственник ID 8531476 Документы проверены +7 916 936-41-... Написать шесть дней назад 20 апр, 15:38",,https://www.cian.ru/cat.php?deal_type=rent&district%5B0%5D=8&engine_version=2&offer_type=flat&room9=1&type=4&p=1,2026-04-27T11:20:07+00:00
2043,329345600,ЮВАО,https://www.cian.ru/rent/flat/329345600/?context=4.mwx_q86wUwo.Ifxol2zwX2MdPzzO34dRa1Sf7ASW56F-EjHUik96Dqqin9phxUyr-iF5kWl_gvjjEyulnkIBLz12cA&mlSearchSessionGuid=eab2cefc752236b7c6e78cec726d7aae,1/15,245000,22.0,9,25,,"1/15 Студия, 22 м², 9/25 этаж Только на Циан Проверено в Росреестре Депо 18 минут пешком Москва , ЮВАО , р-н Люблино , м. Депо , Люблинская улица , 72Ак2 45 000 ₽/мес. От года, комм. платежи включены (без счётчиков), без комиссии, залог 45 000 ₽ Сдаётся уютная студия в современном жк. В квартире сделан качественный евроремонт, что создаёт современную и комфортную обстановку. Пространство продумано до мелочей: функциональная кухня площадью 10 кв. оборудована необходимой мебелью и техникой, включая холодильник и стиральную машину. В комнате также есть вся нужная мебель для вашего удобства. Совмещённый санузел оснащён душевой кабиной. Район предлагает развитую инфраструктуру: рядом находятся школы, детские сады и магазины. Условия аренды: квартира сдаётся на длительный срок. Подходит для проживания одного-двух человек. Риэлторов прошу не беспокоить. Собственник ID 72980724 +7 916 214-19-... Написать вчера вчера, 18:51",,https://www.cian.ru/cat.php?deal_type=rent&district%5B0%5D=8&engine_version=2&offer_type=flat&room9=1&type=4&p=1,2026-04-27T11:20:07+00:00
2052,329407295,ЮВАО,https://www.cian.ru/rent/flat/329407295/?context=4.TX0hs1I1aNc.yAPv3vO0t59SHwiLG2ZcAn8hkG8FJ0WV8QO_UauVC4_ciLGbuIhMlPsoo6RMQJ1W9MtJe32rnzkDpg&mlSearchSessionGuid=3c5899e8ce23f7cd56b0c5190b70ca97,1/11,245000,25.0,24,33,,"1/11 Студия, 25 м², 24/33 этаж Перерва 4 минуты пешком Москва , ЮВАО , р-н Люблино , м. Перерва , Иловайская улица , 2 45 000 ₽/мес. От года, комм. платежи включены (счётчики включены), без комиссии, залог 45 000 ₽ Район: метро ""Люблино"", 15 минут пешком, в шаговой доступности станция МЦД ""Перерва"". Всё продумано до мелочей: стильная квартира-студия 25 м² с качественной отделкой и новой мебелью. Пространство зонировано так, что вам не придётся жертвовать комфортом — здесь легко и работать, и отдыхать, и принимать гостей. Что внутри: Современная кухня-студия с варочной панелью, вытяжкой, холодильником, микроволновкой и посудомоечной машиной. Зона спальни — просторный угловой диван — очень удобный для отдыха и сна. На нём с комфортом разместятся двое, а глубина сиденья позволяет расслабиться после рабочего дня. Идеально для просмотра кино или встреч с друзьями. Свежий санузел с душевой кабиной и стиральной машиной. Почему эта студия быстро уйдёт: Свежий ремонт — заезжайте хоть завтра, ничего докупать не нужно. Тихий дом с железной дверью и домофоном, соседи без вредных привычек. Всё рядом: супермаркеты, кофейни, кафе, фитнес-залы. Кого ищем: аккуратного человека или пару без животных/с маленькой собакой (по согласованию). Готовы рассмотреть варианты долгосрочной аренды от 6 месяцев. Стоимость: 45 000 ₽ + свет/вода по счётчикам. Залог — 100% стоимости аренды. Без комиссии! Внимание: риелторам и агентствам не беспокоить! Сдаю от собственника. Предложения о посредничестве и совместной работе не рассматриваю. Просьба не тратить наше время. Почему стоит поторопиться: таких вариантов с евроремонтом и полным оснащением в этом районе — единицы. Первый адекватный гость с паспортом забирает ключи сегодня! Собственник ID 88175109 +7 985 040-19-... Написать вчера вчера, 16:14",,https://www.cian.ru/cat.php?deal_type=rent&district%5B0%5D=8&engine_version=2&offer_type=flat&room9=1&type=4&p=2,2026-04-27T11:20:07+00:00
2064,327808268,ЮВАО,https://www.cian.ru/rent/flat/327808268/?context=4.u8gXr4xZv20.Ueo9shHPKS43jcmtLwuCoWI9ldw-3bhzdmKOg1NtMf_-6OT8EkRR-Sy64vuHK7BTMqs4rzqqaN-38A&mlSearchSessionGuid=3c5899e8ce23f7cd56b0c5190b70ca97,1/17,245000,22.0,7,24,,"1/17 Студия, 22 м², 7/24 этаж Только на Циан Люблино 5 минут на транспорте Москва , ЮВАО , р-н Люблино , м. Депо , Люблинская улица , 72Ак2 45 000 ₽/мес. От года, комм. платежи включены (без счётчиков), комиссия 60%, залог 45 000 ₽ Под залогом до 29.04. Стильная студия в выдержанных тонах, со всей необходимой современной мебелью и техникой. Много мест хранения для одежды и вещей. Вся инфраструктура в шаговой доступности, закрытый двор. В шаговой доступности МЦД Депо, до метро Братиславская, Люблино, Перерва - общественный транспорт, остановка рядом с домом. Рассмотрим одиночек или семейную пару. Риелтор Анна Киприянова +7 933 938-21-... Написать четыре дня назад 22 апр, 16:59",,https://www.cian.ru/cat.php?deal_type=rent&district%5B0%5D=8&engine_version=2&offer_type=flat&room9=1&type=4&p=2,2026-04-27T11:20:07+00:00
2036,328651703,ЮВАО,https://www.cian.ru/rent/flat/328651703/?context=4.xfmvvGRreJI.fqp9fT-v7IbbCMglzkEIvZwSxDqFaScFSKpNVzFRLze4688vcaEnm485ztXpnGWMG-VM01M7KDaxKw&mlSearchSessionGuid=eab2cefc752236b7c6e78cec726d7aae,1/16 Ещё фото,245900,19.6,2,15,,"1/16 Ещё фото Без депозита! Рядом МЦД Студия, 19,6 м², 2/15 этаж Депо 18 минут пешком Москва , ЮВАО , р-н Люблино , м. Депо , Люблинская улица , 72Ак2 45 900 ₽/мес. От года, комм. платежи включены (без счётчиков), комиссия 30%, без залога Сдаётся квартира-студия с евроремонтом и совмещённым санузлом в ЖК Люблинский Парк, без депозита! Её можно посмотреть когда Вам удобно: бронируете время, забираете ключи и спокойно осматриваете. Если всё понравится, договор подпишем онлайн и будем поддерживать Вас на всех этапах аренды. Квартира оборудована кухонным гарнитуром, можно обсудить покупку необходимой мебели в счёт арендной платы. Интернет проведён. Полы ламинат и плитка. Окна выходят на улицу, есть бесплатная парковка. Собственник готов заселить не более 2 взрослых жильцов с детьми, оформить и заключить договор с юридическим лицом. Можно с домашним питомцем. Дом находится в районе с развитой инфраструктурой, рядом: - Гипермаркет Ашан; - ТЦ Бум; - Парк им. Артёма Боровика; - Парк Героев Отечественной войны 1812 года. Также в пешей доступности школы и детские сады, салоны красоты, кафе, заправки и автосервисы, колледж, культурный центр, фитнес-клуб, бассейн и кинотеатр. До МЦД-2 Перерва 20 минут пешком, до м. Братиславская 20 минут на общественном транспорте. Агентство недвижимости ПИК-Аренда Документы проверены Посмотреть все объекты +7 986 248-10-... Написать час назад сегодня, 12:43",,https://www.cian.ru/cat.php?deal_type=rent&district%5B0%5D=8&engine_version=2&offer_type=flat&room9=1&type=4&p=1,2026-04-27T11:20:07+00:00
2042,327229741,ЮВАО,https://www.cian.ru/rent/flat/327229741/?context=4.JkDssruhSUs.gCLVh6nuRCzH_dK3qTYD-N27KvTbNhVC-_Jb43osuzbutRjweVWnv9Mh_ZfEvCaKVC_u123HPYEaww&mlSearchSessionGuid=eab2cefc752236b7c6e78cec726d7aae,1/17 Ещё фото,253000,19.8,7,27,,"1/17 Ещё фото Пешком до метро! Залог 0 Студия, 19,8 м², 7/27 этаж Нижегородская 10 минут пешком Москва , ЮВАО , р-н Нижегородский , м. Нижегородская , Перовское шоссе , 2к2 53 000 ₽/мес. От года, комм. платежи включены (без счётчиков), комиссия 50%, без залога Сдаётся светлая квартира-студия с евроремонтом и совмещённым санузлом в ЖК Перовское 2, без депозита! Её можно посмотреть когда Вам удобно: бронируете время, забираете ключи и спокойно осматриваете. Если всё понравится, договор подпишем онлайн и будем поддерживать Вас на всех этапах аренды. В квартире: - Кухонный гарнитур; - Телевизор (смарт-ТВ); - Холодильник; - Стиральная машина; - Утюг; - Микроволновая печь; - Варочная панель; - Диван-кровать Аскона с ортопедическим основанием. Полы ламинат и плитка. Окна выходят во двор, есть бесплатная парковка. Возможен торг. Собственник готов заселить не более 2 взрослых жильцов с детьми, докупить мебель/технику, обсудить оформление временной регистрации. Можно с небольшим домашним питомцем. Дом находится в районе с развитой инфраструктурой, рядом: - ТЦ Город; - Перовский парк; - Кусковский лесопарк; - Парк Карачарово. Также в пешей доступности школы, продуктовые супермаркеты, заправки, спортивные клубы, почта, аптеки и медицинские учреждения, бассейн, салоны красоты и парикмахерские, кафе и закусочные. До м. Нижегородская можно дойти за 10 минут, до м. Стахановская 18 минут пешком. Агентство недвижимости ПИК-Аренда Документы проверены Посмотреть все объекты +7 981 772-57-... Написать вчера вчера, 16:12",,https://www.cian.ru/cat.php?deal_type=rent&district%5B0%5D=8&engine_version=2&offer_type=flat&room9=1&type=4&p=1,2026-04-27T11:20:07+00:00
2029,328922251,ЮВАО,https://www.cian.ru/rent/flat/328922251/?context=4.HVGGcMIb5AI.SQnad1oTOKZZ2bx78twsEqqOETTeHPwr-8Q6ET322FsXH-QLDAm3KUCs8zTv6RRvqqP2gY3BjQFiXw&mlSearchSessionGuid=eab2cefc752236b7c6e78cec726d7aae,1/14 Ещё фото,253100,19.6,4,17,,"1/14 Ещё фото Студия, 19,6 м², 4/17 этаж Братиславская 3 минуты на транспорте Москва , ЮВАО , р-н Люблино , м. Перерва , Иловайская улица , 2 53 100 ₽/мес. От года, комм. платежи включены (без счётчиков), комиссия 60%, без залога Уникальное предложение! Светлая квартира-студия с хорошим ремонтом и совмещенным санузлом в ЖК Люблинский Парк, без депозита! В квартире уже есть всё необходимое для приятного проживания, а дополнительную мебель и технику может приобрести собственник. Проведён интернет с Wi-Fi и есть бесплатная парковка рядом, а окна выходят во двор на западную сторону. Дом расположен в районе с развитой инфраструктурой, рядом есть всё для комфортной жизни. Отлично подойдёт для семьи или пары, собственник готов заселить до двух взрослых жильцов с детьми или заключить договор с юридическим лицом. С домашним питомцем нельзя. Готовы показать квартиру в удобное для вас время, просто выберите подходящее время, заберите ключи и можете спокойно осмотреть ее в комфортных условиях. Если всё понравится - оформим договор онлайн в личном кабинете. Там будут все платежи и чеки, честно и без скрытых комиссий или неожиданных расходов. Оплатить можно удобным способом, включая банковскую или кредитную карты. Мы будем рядом на всех этапах аренды и поможем решить любые возникающие вопросы. Не упустите шанс, это отличный вариант для тех, кто ищет уют и удобство! Агентство недвижимости ПИК-Аренда Документы проверены Посмотреть все объекты +7 917 506-34-... Написать вчера вчера, 20:32",,https://www.cian.ru/cat.php?deal_type=rent&district%5B0%5D=8&engine_version=2&offer_type=flat&room9=1&type=4&p=1,2026-04-27T11:20:07+00:00
2033,325224025,ЮВАО,https://www.cian.ru/rent/flat/325224025/?context=4.BVKEWiwvOh0.Zq4iA5x57cPPw5Ia6BO39hMJlrqdaEMOzzmjyVjFKSiDmgvt3g9gGjut-kIHluh2GpvtdDBRDfR9-Q&mlSearchSessionGuid=eab2cefc752236b7c6e78cec726d7aae,1/15 Ещё фото,255000,29.2,7,24,,"1/15 Ещё фото Студия, 29,2 м², 7/24 этаж Нижегородская 19 минут пешком Москва , ЮВАО , р-н Рязанский , м. Стахановская , 2-й Грайвороновский проезд , 44к2 55 000 ₽/мес. От года, комм. платежи включены (без счётчиков), комиссия 50%, залог 55 000 ₽ Id 59339. Доступна к просмотру и бронированию! Доступно заселение в студию на следующий день после обращения! Сдается в долгосрочную аренду студия в новом доме ЖК ""Кварталы 21/19"" Подойдет для 1-2 человек. В квартире совмещенный санузел с ванной. В квартире размещён полный комплект необходимой мебели: - встраиваемая бытовая техника; - современный кухонный гарнитур; - компактный обеденный стол со стульями на 3 персоны; - удобный диван; - большая кровать. Метро в пешей доступности (меньше 5 минут)! Без животных Депозит разбивается Агентство недвижимости EstateLiga Документы проверены Посмотреть все объекты +7 916 863-15-... Написать вчера вчера, 19:25",,https://www.cian.ru/cat.php?deal_type=rent&district%5B0%5D=8&engine_version=2&offer_type=flat&room9=1&type=4&p=1,2026-04-27T11:20:07+00:00
2086,308207637,ЮВАО,https://www.cian.ru/rent/flat/308207637/?context=4.6YRLh_Bnhu8.tmHw1IAb8WIgFzbbQ7eYabSduIUTV6LIX98vIPQpnNASUEY7R4y4n02NLD12amWBFAfoip-Fx-xq1g&mlSearchSessionGuid=2563f63b1d546e2b6d3152e29d739159,1/16,257000,20.0,30,33,,"1/16 Студия, 20 м², 30/33 этаж Новохохловская 6 минут пешком Москва , ЮВАО , р-н Нижегородский , м. Новохохловская , Новохохловская улица , 15к2 57 000 ₽/мес. От года, комм. платежи включены (без счётчиков), без комиссии, залог 57 000 ₽ Сдаётся уютная студия в ЖК Новохохловская 15. Квартира находится на 30 этаже нового дома (2023 года постройки) и оборудована всем необходимым для комфортного проживания 1-2 человек без животных. Так, квартира оборудована необходимой мебелью и техникой (техника и мебель новая), предлагая все удобства для комфортной жизни. Окна выходят на улицу, замечательный вид. Сдаётся от собственника. Заезд возможен в день показа. Прекрасная транспортная доступность: до станций МЦК и МЦД Новохохловская всего 7 минут пешком. Удобный выезд на ТТК и МСД, садовое кольцо в 5 км. Действительно заинтересованным прошу откликаться на анкету (функция звонков скрыта из-за огромного количества агентов) Собственник ID 102197638 Документы проверены Назначить просмотр 2 часа назад сегодня, 11:26",,https://www.cian.ru/cat.php?deal_type=rent&district%5B0%5D=8&engine_version=2&offer_type=flat&room9=1&type=4&p=3,2026-04-27T11:20:07+00:00
2044,328766577,ЮВАО,https://www.cian.ru/rent/flat/328766577/?context=4.egx4BM7Tdlk.HhTcM54vR3Z74nFXcDrltBTRI1UKfVCbNVfN_ZKWavnFq04G75LAKa83wLna52r7jWZtPpSCb0Iurg&mlSearchSessionGuid=eab2cefc752236b7c6e78cec726d7aae,1/17 Ещё фото,258500,25.0,5,16,,"1/17 Ещё фото Сдаётся без депозита! Студия, 25 м², 5/16 этаж Депо 18 минут пешком Москва , ЮВАО , р-н Люблино , м. Депо , Люблинская улица , 72Ак2 58 500 ₽/мес. От года, комм. платежи включены (без счётчиков), комиссия 60%, без залога Сдаётся светлая квартира-студия с евроремонтом и совмещённым санузлом в ЖК Люблинский Парк, без депозита! Её можно посмотреть когда Вам удобно: бронируете время, забираете ключи и спокойно осматриваете. Если всё понравится, договор подпишем онлайн и будем поддерживать Вас на всех этапах аренды. Квартира оборудована кухонным гарнитуром, мебелью и бытовой техникой: - Телевизор; - Холодильник; - Стиральная машина; - Микроволновая печь; - Варочная панель; - Проведён интернет с Wi-Fi. Полы - ламинат и плитка. Окна выходят во двор, на запад, есть бесплатная парковка. Собственник готов заселить не более 2 взрослых жильцов с детьми и заключить договор с юридическим лицом. С питомцем нельзя. Недалеко от дома: - Гипермаркет Ашан; - ТЦ Бум; - Парк им. Артёма Боровика; - Парк Героев Отечественной войны 1812 года. В пешей доступности школы и детские сады, салоны красоты и парикмахерские, кафе и закусочные, заправки и автосервисы, колледж, культурный центр, фитнес-клубы, бассейн и кинотеатр. До МЦД-2 Перерва 20 минут пешком, до м. Братиславская 20 минут на общественном транспорте. Агентство недвижимости ПИК-Аренда Документы проверены Посмотреть все объекты +7 980 190-84-... Написать вчера вчера, 16:47",,https://www.cian.ru/cat.php?deal_type=rent&district%5B0%5D=8&engine_version=2&offer_type=flat&room9=1&type=4&p=1,2026-04-27T11:20:07+00:00
2018,329110807,ЮВАО,https://www.cian.ru/rent/flat/329110807/?context=4.fC-9ikZY9z4.xRrgKyLFEnpXq6n5rAiOUw79BI1UGXu_5X3pm2RN_ewZ-N2yxCgT5MOYxdYPW0Bd-9lHO4DjseP4cQ&mlSearchSessionGuid=eab2cefc752236b7c6e78cec726d7aae,1/11 Ещё фото,260000,19.0,3,5,,"1/11 Ещё фото Студия, 19 м², 3/5 этаж Текстильщики 12 минут пешком Москва , ЮВАО , р-н Текстильщики , м. Текстильщики , улица Артюхиной , 6К2 60 000 ₽/мес. На несколько месяцев, комм. платежи включены (без счётчиков), комиссия 35%, залог 60 000 ₽ Сдается студия в скандинавском стиле в доме с охраняемой территорией. 10 минута пешком от станции МЦД-2 и 13 минут пешком до метро Текстильщики. Интерьер и планировка: Светлые пастельные оттенки визуально увеличивают пространство, а минималистичный интерьер позволяет добавить детали на свой вкус. - зона отдыха с удобным диваном и журнальным столиком; - кухня с барной стойкой, которую можно использовать как рабочее место; - вместительный шкаф и два комода для хранения. Есть всё, чтобы заехать сразу: мини-холодильник, электрическая плита, микроволновая печь, стиральная машина, безлимитный Wi-Fi. Что входит в аренду: поддержка персонального менеджера, возможность забронировать квартиру заранее, депозит можно внести частями, помощь по бытовым вопросам и ремонте без доплат, регулярные мероприятия для жильцов (йога, живопись, английский, растяжка). Инфраструктура рядом: В шаговой доступности — ВкусВилл, студия пилатеса MissFit, дворец спорта и культурный центр Москвич, студии красоты и химчистка. Рядом пункты выдачи (Яндекс Маркет, OZON) и кофейни. Вечером можно прогуляться у уютного пруда Садки — всего 5 минут пешком, отличное место для отдыха от городской суеты. Формат аренды: Квартиру сдаём мы - компания Colife Комфорт. Мы не сторонние агенты или риелторы, вы подписываете договор напрямую с нами, а в стоимость уже включен сервис и поддержка 24/7: например, если что-то сломается мы бесплатно и быстро починим. — без посредников и скрытых комиссий; — долгосрочно, договор с компанией, в котором зафиксированы все договорённости; — показы по договорённости, въезд возможен сразу. Если у вас возникли какие-либо вопросы, вы всегда можете написать их нам в чат или позвонить по номеру телефона. Мы с радостью вам ответим. Для собственников: если планируете сдавать свою квартиру, у нас сейчас отличные условия. Свяжитесь с нами. Артикул: 83411 Агентство недвижимости Colife Суперагент Посмотреть все объекты +7 916 086-72-... Написать 2 часа назад сегодня, 11:38 Как опередить это объявление?",,https://www.cian.ru/cat.php?deal_type=rent&district%5B0%5D=8&engine_version=2&offer_type=flat&room9=1&type=4&p=1,2026-04-27T11:20:07+00:00
2026,329223446,ЮВАО,https://www.cian.ru/rent/flat/329223446/?context=4.sgb1dDX5Ww8.rkt0awdspVx3TIrqVK70BowSjk0g9zC-Qh8IPfr3X1aZS29KtYDpyzYFRS4MZZxI1RHXIZQHgnWPvA&mlSearchSessionGuid=eab2cefc752236b7c6e78cec726d7aae,1/34 Ещё фото,260000,23.5,18,33,,"1/34 Ещё фото Светлая уютная студия Студия, 23,5 м², 18/33 этаж Новохохловская 6 минут пешком Москва , ЮВАО , р-н Нижегородский , м. Новохохловская , Новохохловская улица , 15к2 60 000 ₽/мес. От года, комм. платежи включены (без счётчиков), комиссия 50%, без залога Долгосрочная аренда (договор на 11 месяцев). Прeдставляeм вaшeму внимaнию cтильную квартиру в ЖК Новохохловская 15 площадью 23,7 кв.м. Квартира сдается впервые!!! Бытoвая тexника: cтиральная мaшина, холодильник, варочная панель, СВЧ, телевизор, электрический чайник. Развитая инфpaструктурa -до Новохохловской 15 удобно добираться и на общественном транспорте, и на личном автомобиле; - до станций МЦК и МЦД Новохохловская- 7 минут пешком; - до метро Нижегородская и Волгоградский проспект — 25 минут пешком; - до ТТК можно доехать за 3 минуты; - до Садового кольца — за 10 минут. Благоустроенный внутренний двор без машин с детскими и спортивными площадками, местами для тихого отдыха. Подземный паркинг, охраняемая территория. Кафе, магазины и разные полезные сервисы для комфортной жизни. Вблизи ЖК расположены медицинские учреждения, фитнес клубы, ТЦ. Парковые зоны: Кусковский, Перовский. Условия проживания: Тариф Комфортное проживание: - 50% от арендного платежа при заселении; - Раннее бронирование объекта (за 3 дня до заселения); - Персональный менеджер на всех этапах аренды быстро реагирует на запросы - большинство бытовых вопросов решаем за 48 часов; - Страхование гражданской ответственности; - Организация мелкого ремонта. Коммунальные платежи: электроэнергия, хвс\гвс, услуги интернет провайдера, расходы за отопление дома/квартиры оплачивает арендатор. Заселение только при наличии постоянной регистрации РФ. Без животных. Агентство недвижимости СМАРЕНТ Документы проверены Посмотреть все объекты +7 985 853-93-... Написать пять дней назад 22 апр, 11:17",,https://www.cian.ru/cat.php?deal_type=rent&district%5B0%5D=8&engine_version=2&offer_type=flat&room9=1&type=4&p=1,2026-04-27T11:20:07+00:00
2058,329336572,ЮВАО,https://www.cian.ru/rent/flat/329336572/?context=4.pl_01ytbqhU.S3dcsIWUP6OlS3EKyF-uS8S4_tShMj7mXjw3vKtHVGSixuqZFGfPLqRQK-mOjy_hRppVmQ03U9Rpww&mlSearchSessionGuid=3c5899e8ce23f7cd56b0c5190b70ca97,1/16,260000,20.5,17,25,,"1/16 Студия, 20,5 м², 17/25 этаж Только на Циан Проверено в Росреестре Нижегородская 12 минут пешком Москва , ЮВАО , р-н Нижегородский , м. Нижегородская , Рязанский проспект , 2/2к2 60 000 ₽/мес. На несколько месяцев, комм. платежи включены (счётчики включены), без комиссии, залог 60 000 ₽ Сдается от собственника (без комиссии) новая, светлая, уютная студия с панорамными окнами и просторной панорамной лоджией. Сдается впервые, ранее никто не проживал. Есть WiFi, вся необходимая техника и мебель (все новое): кондиционер холодильник духовая печь микроволновая печь варочная панель вытяжка чайник стиральная машина в прихожей и в комнате большие встроенные функциональные шкафы в потолок 2х метровый диван с внутренними ящиками хороший раздвижной стол (на фото в сложенном виде) вся необходимая посуда (все новое). Удобное расположение, отличная транспортная доступность. На первом этаже WB, Озон, Яндекс, кофейни, аптеки, магазины и т.д.. В шаговой доступности метро, МЦД, МЦК, парк, ТЦ Город, Ашан, Лемана Про, фитнес, МФЦ и т.д.. До центра на авто 10-15 минут. Закрытый красивый двор без машин. Подземный паркинг. Аренда долгосрочная. Ежемесячная оплата 60 000 рублей (счетчики и КУ включены). Залог 60 000 руб. Возможна оплата через госуслуги. Собственник ID 15583932 +7 916 305-19-... Написать три дня назад 23 апр, 21:55",,https://www.cian.ru/cat.php?deal_type=rent&district%5B0%5D=8&engine_version=2&offer_type=flat&room9=1&type=4&p=2,2026-04-27T11:20:07+00:00
2069,329126793,ЮВАО,https://www.cian.ru/rent/flat/329126793/?context=4.EKJ9_lgo1a0.uhGGpjR3q-lAJSsHBwTnKWErQnIz3R5XQv8bGivjuh8Jg2rRdyrFe0mvm804ifoVdgYOPuxiIbCC-Q&mlSearchSessionGuid=3c5899e8ce23f7cd56b0c5190b70ca97,1/21,263000,22.0,18,25,,"1/21 Студия, 22 м², 18/25 этаж Только на Циан Авиамоторная 9 минут пешком Москва , ЮВАО , р-н Лефортово , м. Авиамоторная , Красноказарменная улица , 14Ак2 63 000 ₽/мес. От года, комм. платежи включены (без счётчиков), комиссия 70%, залог 63 000 ₽ Сдается впервые комфортная, теплая и позитивная студия, где Вас ждет новый раскладной диван с новым матрасом, вместительным шкафом в комнате и в коридоре, кондиционером, индукционной панелью с посудой, вытяжкой, отличной встроенной СВЧ, Мегателевизором с подключением к WF,, душевой кабиной с супер лейками и стиральной машиной. Есть балкон, выходящий на северо- восток Москвы во двор ЖК Пётр Первый, где Вы сможете воспользоваться всей инфраструктурой от минимаркетов, озона, множество кафе с разными направлениями в обслуживании, салонов красоты, а если по душе МЕГА маркеты- то все в шаговой доступности до 7-10 минут у разных выходом МЕГА КОМПЛЕКСА РАЗВЯЗОК МЕТРО: м. Авиамоторная ( Калининской линии( 10 минут и в центре на Новокузнецкой), БКЛ, МЦД 3 - значит в любой конец нашего города Вы сможете быстро добраться и экономить время!!!! просьба строго в квартире НЕ КУРИТЬ! депозит можно разбить на два платежа! Риелтор ID 5454 +7 915 297-28-... Написать неделю назад 18 апр, 16:38",,https://www.cian.ru/cat.php?deal_type=rent&district%5B0%5D=8&engine_version=2&offer_type=flat&room9=1&type=4&p=2,2026-04-27T11:20:07+00:00
2100,328908588,ЮВАО,https://www.cian.ru/rent/flat/328908588/?context=4.vg-5lTP44lg.7XHvqGxW5V4PS0PplujUqWy-gGqBJAhNAqbS8-Yie7eKh5ok076PDjm3LC75PipJF1dWkNQCgAF20g&mlSearchSessionGuid=2563f63b1d546e2b6d3152e29d739159,1/27,268000,25.0,6,30,,"1/27 Студия, 25 м², 6/30 этаж Только на Циан Угрешская 5 минут пешком Москва , ЮВАО , р-н Южнопортовый , м. Угрешская , Волгоградский проспект , 32/5к2 68 000 ₽/мес. От года, комм. платежи включены (без счётчиков), комиссия 50%, залог 68 000 ₽ Стильная студия с отдельной спальней | Панорамное окно | 5 мин до МЦК Угрешская Если ты ищешь не просто квартиру, а пространство, в которое хочется возвращаться — ты его нашёл. ЖК Метрополия, корпус Афины Главное преимущество — грамотное зонирование: это не студия всё в одном, а полноценный формат: — отдельная зона спальни — кухня-гостиная для жизни и отдыха 25 м², которые ощущаются как больше за счёт: — панорамного окна (много света) — высоких потолков — продуманной планировки Полностью готова к жизни: — кухня с техникой (есть посудомоечная машина — редкость в этом сегменте) — стиральная машина — микроволновка — кондиционер — достаточно мест для хранения — ничего не будет на виду Ванная, а не душ — комфорт на уровне, который обычно встречается в более дорогих вариантах Локация, которая экономит время: — 5 минут до МЦК Угрешская — быстрый доступ до Москва-Сити — удобный выезд в центр Про ЖК: — закрытый двор-парк без машин — стильные входные группы — подземный паркинг — атмосфера современного города Кому подойдет: — одному человеку, который ценит комфорт — паре без детей — тем, кто работает в Сити или в центре Почему стоит написать прямо сейчас: такие квартиры с отдельной спальней в этом бюджете появляются редко и уходят быстро Пишите/звоните — покажу оперативно Предпочтительно рассмотрим без животных КУ оплачиваются отдельно по счетчикам Комиссия 50% Риелтор ID 31619852 Документы проверены +7 985 066-58-... Написать 4 часа назад сегодня, 09:45",,https://www.cian.ru/cat.php?deal_type=rent&district%5B0%5D=8&engine_version=2&offer_type=flat&room9=1&type=4&p=3,2026-04-27T11:20:07+00:00
2063,329360053,ЮВАО,https://www.cian.ru/rent/flat/329360053/?context=4.BdDzIWe8Ni8.NU2slYGlvF-t9w9QkW7p97O1L89j7PNsVLf2UsgTtJ7eM--x0xcVGsOXSz7fO2QvrNKa7nyPUv6cTQ&mlSearchSessionGuid=3c5899e8ce23f7cd56b0c5190b70ca97,1/22,270000,24.1,3,30,,"1/22 Апартаменты-студия, 24,1 м², 3/30 этаж Волгоградский проспект 12 минут пешком Москва , ЮВАО , р-н Южнопортовый , м. Угрешская , Волгоградский проспект , 32/5к2 70 000 ₽/мес. От года, комм. платежи включены (без счётчиков), комиссия 50%, без залога Долгocpoчнaя арендa (дoговop нa 11 мecяцeв). Представляем вам светлую студию площадью 24,1 кв.м. в новом ЖК ""Метрополия"" башня Афины. Окна в пол, стильный дизайн, оптимальное использование пространства В квартире предусмотрено все для вашего комфортного проживания: - зона для сна и отдыха (раскладной диван с местом для хранения, комплект постельных принадлежностей, телевизор, шторы блэкаут) - кухня (вместительный гарнитур, СВЧ, плита с духовкой, чайник, дизайнерский холодильник, вытяжка, измельчитель мусора, фильтр для воды, ПММ, набор посуды, барная стойка и стулья) - санузел (душевая кабина, зеркало, раковина с тумбой, бойлер) - в коридоре большой шкаф для хранения, кондиционер, стиральная машина в скрытой нише, утюг) Новый развитый ЖК: - стильные входные группы - зоны без машин для отдыха и прогулок, лавочки, столики, дорожки, цветы - магазины, кафе, аптеки Хорошая транспортная доступность: - до ст МЦК Угрешская 4 минут пешком, - до м. Волгоградский пр-т 17 минут - выезд на ТТК и Садовое кольцо - 3 мин до остановок общественного транспорта Условия проживания : - Раннее бронирование объекта (за 3 дня до заселения), - 50% от арендного платежа, - персональный менеджер на всех этапах аренды быстро реагирует на запросы - большинство бытовых вопросов решаем за 48 часов - Страхование гражданской ответственности до 0,3 млн ₽ - Организация мелкого ремонта - Коммунальные платежи: электроэнергия, хвс/гвс, водоотведение, услуги интернет провайдера, расходы за отопление дома/квартиры оплачивает арендатор. - Заселение только при наличии постоянной регистрации и паспоpта РФ. - Без животных Агентство недвижимости СМАРЕНТ Документы проверены +7 985 853-93-... Написать два дня назад 24 апр, 14:40",,https://www.cian.ru/cat.php?deal_type=rent&district%5B0%5D=8&engine_version=2&offer_type=flat&room9=1&type=4&p=2,2026-04-27T11:20:07+00:00
2074,329009883,ЮВАО,https://www.cian.ru/rent/flat/329009883/?context=4.0RGAe9jqZjY.WkheRrkveX-oUQgl0v3nkgjryGWMCC5bKicfCrQeDduHs4Eg24dxWqPEl76J9xCqxfV9bTjhvv1K5A&mlSearchSessionGuid=2563f63b1d546e2b6d3152e29d739159,1/34,273000,30.1,2,4,,"1/34 Студия, 30,1 м², 2/4 этаж Москва-Товарная 8 минут пешком Москва , ЮВАО , р-н Лефортово , м. Москва-Товарная , шоссе Энтузиастов , 3к2 73 000 ₽/мес. От года, комм. платежи включены (без счётчиков), комиссия 50%, без залога Дoлгocрoчная аренда (договoр нa 11 меcяцев). Kвартиpа cдaeтcя впepвые! Представляeм вашему внимaнию студию площадью 30.1 кв.м. pасполoжeнную в ЖК Символ Квартира укомплектована всем необходимым для комфортного проживания: качественная техника и стильная мебель! Бытовая теxника: cтиральнaя мaшина, xoлодильник, варочная панeль, духовой шкаф, пoсудомоечная машина, электрический чайник, утюг, телевизор, кондиционер. Транспортная доступность: Метро Площадь Ильича - 6-10 мин пешком Метро Римская- 6-10 мин пешком - На территории ЖК открыты лицей при МГТУ им. Баумана, детские сады, физкультурно-оздоровительные комплексы, детская и взрослая поликлиники, кафе, супермаркеты, рестораны и многое другое. - Рядом расположены Лефортовский парк и парк Казачьей Славы и набережная реки Яузы. - Напротив квартала находится крупный торгово-развлекательный центр Город. Условия проживания по Тарифу Комфортное проживание: - 50% от арендного платежа при заселении; - Раннее бронирование объекта (за 3 дня до заселения); - Персональный менеджер на всех этапах аренды быстро реагирует на запросы - большинство бытовых вопросов решаем за 48 часов; - Страхование гражданской ответственности до 300 000 ₽; - Организация мелкого ремонта. Коммунальные платежи: электроэнергия, хвс\гвс, услуги интернет-провайдера, расходы за отопление дома/квартиры оплачивает арендатор. Заселение только при наличии постоянной регистрации РФ. Без животных. Агентство недвижимости СМАРЕНТ Документы проверены +7 985 853-93-... Написать час назад сегодня, 13:00",,https://www.cian.ru/cat.php?deal_type=rent&district%5B0%5D=8&engine_version=2&offer_type=flat&room9=1&type=4&p=3,2026-04-27T11:20:07+00:00
2053,329429937,ЮВАО,https://www.cian.ru/rent/flat/329429937/?context=4.U-3o5KFcYDg.aAKtuimD_eagjCsXiNIIZgKjZn0jFz4OHgus33xfJmrmgu1flbaEwlsRu_2-KwgQ6EQnM88pPwq99w&mlSearchSessionGuid=3c5899e8ce23f7cd56b0c5190b70ca97,1/35,280000,24.2,16,24,,"1/35 Лучшая студия в ЖК Апартаменты-студия, 24,2 м², 16/24 этаж Волгоградский проспект 2 минуты пешком Москва , ЮВАО , р-н Южнопортовый , м. Волгоградский проспект , Волгоградский проспект , 32К2 80 000 ₽/мес. От года, комм. платежи включены (без счётчиков), комиссия 50%, залог 80 000 ₽ Предлагаем в аренду стильные апартаменты-студию в Москве ЖК Метрополия по адресу: Волгоградский проспект, 32к2. Общая площадь — 24,2 кв. м, апартаменты расположены на 16 этаже 17-этажного дома, с высотой потолков 3 метра. Всего в двух минутах пешком от станции метро ""Волгоградский проспект"", что позволяет быстро добраться до любого района города. Апартаменты с дизайнерским ремонтом, что создает атмосферу уюта и комфорта. В комнате и на кухне есть вся необходимая мебель, а современная техника — кондиционер, холодильник, посудомоечная машина, телевизор и стиральная машина — обеспечат удобство проживания. Санузел совмещенный, оборудован душевой кабиной. Дом в отличном состоянии, с подземной парковкой, поэтому можно не беспокоиться о месте для автомобиля. В доме работают три пассажирских и три грузовых лифта, поэтому вам не придется ждать. Есть мусоропровод и подключен интернет, а значит, все необходимое для комфортного проживания под рукой. В шаговой доступности от дома находятся школы, детские сады, клиники и магазины, поэтому все важные объекты инфраструктуры у вас под боком. Отличное транспортное сообщение позволяет быстро добраться до центра города и других районов. Аренда без комиссии, при заключении договора потребуется залог. Апартаменты готовы к заселению, и мы ждем ваших звонков для записи на просмотр. Не упустите возможность арендовать стильные апартаменты в одном из самых удобных районов Москвы! Агентство недвижимости BE FREE Документы проверены +7 939 015-11-... Написать 1 минуту назад сегодня, 14:20",,https://www.cian.ru/cat.php?deal_type=rent&district%5B0%5D=8&engine_version=2&offer_type=flat&room9=1&type=4&p=2,2026-04-27T11:20:07+00:00
2094,329406066,ЮВАО,https://www.cian.ru/rent/flat/329406066/?context=4.3FTA-z287h8.G6x1tinyuugCX0KjpmXJDJiN8JmDvD86XABffb3KYjzKZe4cAm8Vnu6KLhbFh4qkmGH5c1Wm7pte4A&mlSearchSessionGuid=2563f63b1d546e2b6d3152e29d739159,1/26,280000,28.0,1,2,,"1/26 Апартаменты-студия, 28 м², 1/2 этаж Текстильщики 13 минут пешком Москва , ЮВАО , р-н Текстильщики , м. Текстильщики , Грайвороновская улица , 4С2 80 000 ₽/мес. От года, комм. платежи включены (без счётчиков), без комиссии, залог 80 000 ₽ Впервые сдается уютная студия в стильном ЖК с собственным фитнес клубом( для проживающих в ЖК бесплатно), зонами отдыха, есть бесплатная охраняемая парковка у комплекса, всегда имеется достаточно парковочных мест. Закрытая территория. Продуманно все для комфортной жизни. Охрана, датчики дыма. Вместительные стеллажи для хранения вещей Ортопедический матрас 160 см на антресольном этаже и раскладной двуспальный диван Функциональная кухня со всем необходимым Удобная парковка у ЖК на закрытой территории , Есть вся необходимая техника : Стиральная машина, посудомоечная машина, индукционная плита, микроволновка, холодильник, чайник , телевизор. В санузле душевой уголок Условия, залог за месяц( можно разбить), интернет и счётчики оплачиваются по квитанции отдельно.Заселение в день показа. Заселение возможно в день показа, договор с собственником. 80 000 + счётчики и интернет оплачиваются отдельно. Метро Текстильщики в 13 минутах пешком, остановка автобусов рядом с ЖК. Удобный выезд на СВХ и ТТК. Рядом развитая инфраструктура, кинотеатр, Пункты выдачи Озона, Вайлдбериса, Яндекса, огромный Лемана про, и т.дВ 10 минутах от метро ""Текстильщики"", расположен дворец спорта Москвич с теннисным кортом, тренажерными залами, катком и бассейном. В 150 метрах проходит Люблинская улица, открывающая прямой путь на МКАД и ТТК, за пять минут можно выехать от комплекса на Рязанский и Волгоградский проспекты. Рядом останавливаются автобусы и маршрутные такси, которые едут до Кузьминского парка, станций метро Текстильщики ,Волжская, или Рязанский проспект и железнодорожных платформ Текстильщики и Вешняки. В 3 минутах ходьбы новый жилой комплекс, на первых этажах которого есть все необходимые магазины, кафе, детские центры. Собственник ID 74024574 +7 916 563-52-... Написать вчера вчера, 14:26",,https://www.cian.ru/cat.php?deal_type=rent&district%5B0%5D=8&engine_version=2&offer_type=flat&room9=1&type=4&p=3,2026-04-27T11:20:07+00:00
2056,313752293,ЮВАО,https://www.cian.ru/rent/flat/313752293/?context=4.UJPIWIFHQa4.2SzCLnLMc6MFvlvUxrzhIsmzKmBqtjXFoypp9ZnYmQVpHijCGQg-UxrHOuD-wIyZtzVd4s5faYQYgQ&mlSearchSessionGuid=3c5899e8ce23f7cd56b0c5190b70ca97,1/50,294000,43.0,17,17,,"1/50 Просторная студия у МЦК Дубровка Студия, 43 м², 17/17 этаж Проверено в Росреестре Дубровка 7 минут пешком Москва , ЮВАО , р-н Южнопортовый , м. Дубровка , 6-я Кожуховская улица , 15к2 94 000 ₽/мес. От года, комм. платежи включены (без счётчиков), без комиссии, залог 120 000 ₽ На последнем 17 этаже, на южной стороне одноподъездного монолитного дома 2005 года постройки, сдается просторная 43 м. студия с лоджией, полностью оборудованная и укомплектованная всем необходимым. Установлена новая сушильная машина, капсульная Nespresso, индукционная плита, фильтрация питьевой воды с осмосом, бойлер, Oled (именно Олед) телевизор с не замедляемым ютубом, Apple tv 4k с Кинопабом! (Не путать с Кинопоиском и другими бесполезными онлайн кинотеатрами) , колонкой Алисой с элементами умного дома (интерьерное освещение на голосовом управлении), домашним кинотеатром 5.1 B&W мультирум, по необходимости + xbox X. Инверторный кондиционер Fujitsu с ночным режимом 19dB и Конвекционная микроволновая печь Panasonic (оба made in Japan). В наличии хорошая, новая кухонная посуда, приборы Broggi новое белье (икея импорт)) и всё что нужно для жизни, (штопор есть!). Вам, только развесить на 120 вешалках личные вещи, в 2-х шкафах, и в прихожей разместить 27 пар обуви в обувнице. Кровать - 160/200 и доп спальное место из дивана 120/180. Не смотря на то, что дом находится рядом с ТТК, с прекрасной транспортной доступностью, в квартире тихо и можно спать с открытыми окнами. В доме приветливые соседи и круглосуточный консьерж. У дома ВСЕГДА есть бесплатные парковочные места. Рядом, в соседних домах, продуктовые сетевые магазины с алкоголем, работающие до 23:00 и один круглосуточный + большой Магнит Косметик, через дом Яндекс лавка., Аптека и тандыр Пекарня. В трех! минутах ходьбы от дома большой ТРЦ Мозаика, с фудкортом, гипер маркетом, фитнесом (DDX) флагманским Мфц и 2-х минутным переходом на станцию МЦК Дубровка. Метро Кожуховская в 12 минутах ходьбы. Недалеко находится ландшафтный парк Остров Мечты (идеально для велопрогулок) В стоимость аренды включены все платежи кроме электроэнергии. Сдаю без животных, на длительный срок ценящим чистоту, камерность и уют. Если вы хотите жить в современных условиях, но большие ЖК с маленькими деревьями, плохой шумоизоляцией и непрекращающимся ремонтом вам не подходят, тогда это предложение может быть вам интересно. ID 47359882 Документы проверены +7 985 002-22-... Написать час назад сегодня, 12:52",,https://www.cian.ru/cat.php?deal_type=rent&district%5B0%5D=8&engine_version=2&offer_type=flat&room9=1&type=4&p=2,2026-04-27T11:20:07+00:00
2022,328376795,ЮВАО,https://www.cian.ru/rent/flat/328376795/?context=4.dcnRg1IhgKw.gJcyFrKeBZOu75SRyvgbsc6TnJGs4Fql6oWZa3wmc8ET65YVOT-is_BydvUePaHQ9hinDgx7kSxy3Q&mlSearchSessionGuid=eab2cefc752236b7c6e78cec726d7aae,1/11,334000,12.0,10,15,,"1/11 Студия, 12 м², 10/15 этаж Люблино 15 минут пешком Москва , ЮВАО , р-н Люблино , м. Люблино , Цимлянская улица , 3к3 34 000 ₽/мес. От года, комм. платежи включены (счётчики включены), комиссия 100%, залог 34 000 ₽ Показы 8 апреля СДАМ ДЛЯ ОДНОГО человека на длительный срок квартиру-студию с современным евроремонтом в новом ЖК бизнес-класса ""ВЛюблино"", район Люблино. Депозит возможно разбить на 2 части. Дом 15-этажный монолитный. Этаж 10/15, пластиковые окна, санузел совмещен. Диван двуспальный, микроволновая печь, холодильник, электро-плита, чайник, шкаф, стиральная машина (в коридоре). Инфраструктура развитая, все объекты первой необходимости расположены в пешей доступности: школа, детский сад, супермаркеты и др. Рядом парки. От станции метро Люблино - 9 минут пешком. Автобусные остановки возле дома. Оперативный показ: Москва, Цимлянская 3к3. Агентство недвижимости ЖИЛСЕРВИС Суперагент +7 915 496-36-... Написать четыре дня назад 23 апр, 10:09",,https://www.cian.ru/cat.php?deal_type=rent&district%5B0%5D=8&engine_version=2&offer_type=flat&room9=1&type=4&p=1,2026-04-27T11:20:07+00:00
2028,329108174,ЮВАО,https://www.cian.ru/rent/flat/329108174/?context=4.vmLw-3iFRYQ.7mvSzHUIvfyZZQFkpR68pd18_SYRLM5d8IiKML3qOC42uXSR_-LpsR2NKrVstAnt9crZ3afR5rxT8g&mlSearchSessionGuid=eab2cefc752236b7c6e78cec726d7aae,1/6,343000,20.0,1,12,,"1/6 Студия, 20 м², 1/12 этаж Марьино 6 минут пешком Москва , ЮВАО , р-н Марьино , м. Марьино , Новомарьинская улица , 3К3 43 000 ₽/мес. От года, комм. платежи включены (без счётчиков), комиссия 50%, залог 43 000 ₽ Арт. 134707748 Сдается студия рядом с метро. Сделан свежий ремонт и установлена новая мебель. Есть балкон. Хорошо подойдет для одного человека. Звоните. Агентство недвижимости Самолет Плюс Документы проверены +7 989 151-24-... Написать вчера вчера, 11:25",,https://www.cian.ru/cat.php?deal_type=rent&district%5B0%5D=8&engine_version=2&offer_type=flat&room9=1&type=4&p=1,2026-04-27T11:20:07+00:00
2041,324788407,ЮВАО,https://www.cian.ru/rent/flat/324788407/?context=4.o7n2ub8IgTo.HghPvvl3s45wFPOPoFihtPstd1YLDYgbacGKkU9QEQyYThu7vw2_kRFtxmncpD-r_HFtVkr_2SRMOQ&mlSearchSessionGuid=eab2cefc752236b7c6e78cec726d7aae,1/18 Ещё фото,349500,27.0,19,25,,"1/18 Ещё фото Пешком до метро! Студия, 27 м², 19/25 этаж Перерва 4 минуты на транспорте Москва , ЮВАО , р-н Люблино , м. Перерва , Люблинская улица , 74к3 49 500 ₽/мес. От года, комм. платежи включены (без счётчиков), комиссия 50%, залог 49 500 ₽ Сдаётся уютная 1-комнатная квартира с хорошим ремонтом и совмещённым санузлом в ЖК Люблинский Парк. Её можно посмотреть когда Вам удобно: бронируете время, забираете ключи и спокойно осматриваете. Если всё понравится, договор подпишем онлайн и будем поддерживать Вас на всех этапах аренды. Квартира оборудована всей необходимой для проживания мебелью и техникой, имеются: - Кухонный гарнитур; - Плита; - Стиральная машина; - Холодильник; - Интернет. Можно обсудить покупки дополнительной мебели/техники в счёт арендной платы. Полы - плитка и ламинат. Окна выходят во двор, на запад. Есть бесплатная парковка. Собственник готов заселить не более 2 взрослых жильцов с детьми. Можно с питомцем. Дом находится в районе с развитой инфраструктурой, рядом: - ТЦ Люблю Молл; - Парк Героев Отечественной войны 1812 года. Также в пешей доступности находятся продуктовые супермаркеты, школы, детские сады, медицинские учреждения, аптеки, кафе, салоны красоты. До МЦД-2 Перерва - 17 минут пешком. Агентство недвижимости ПИК-Аренда Документы проверены Посмотреть все объекты +7 916 573-01-... Написать вчера вчера, 17:29",,https://www.cian.ru/cat.php?deal_type=rent&district%5B0%5D=8&engine_version=2&offer_type=flat&room9=1&type=4&p=1,2026-04-27T11:20:07+00:00
2038,326527101,ЮВАО,https://www.cian.ru/rent/flat/326527101/?context=4.Yb9_oCMJhII.g3KuC-VPaNKGZXr2D4l3xrRYj6BhIqm0AEFu2wDVxIQruirAiPj1kHYEaxbMLlv-RaezVHPZFYvoQg&mlSearchSessionGuid=eab2cefc752236b7c6e78cec726d7aae,1/16 Ещё фото,350000,20.0,2,27,,"1/16 Ещё фото Без депозита! 10 мин. до метро Студия, 20 м², 2/27 этаж Нижегородская 10 минут пешком Москва , ЮВАО , р-н Нижегородский , м. Нижегородская , Перовское шоссе , 2к3 50 000 ₽/мес. От года, комм. платежи включены (без счётчиков), комиссия 50%, без залога Сдаётся светлая студия с хорошим ремонтом и совмещённым санузлом в ЖК Перовское, без депозита! Её можно посмотреть когда Вам удобно: бронируете время, забираете ключи и спокойно осматриваете. Если всё понравится, договор подпишем онлайн и будем поддерживать Вас на всех этапах аренды. Квартира оборудована кухонным гарнитуром, мебелью и бытовой техникой. Имеются: - Телевизор; - Холодильник; - Стиральная машина (с вертикальной загрузкой); - Утюг; - Микроволновая печь; - Варочная панель. Полы ламинат и плитка. Окна выходят во двор, есть бесплатная парковка. Собственник готов заселить взрослых жильцов с детьми и заключить договор с юридическим лицом. С домашним питомцем нельзя. Дом находится в районе с развитой инфраструктурой: в пешей доступности школы, продуктовые супермаркеты, заправки, спортивные клубы, почта, аптеки и медицинские учреждения, бассейн, салоны красоты и парикмахерские, кафе и закусочные. Недалеко ТЦ Город, Перовский парк, Кусковский лесопарк и парк Карачарово. До м. Нижегородская можно дойти за 10 минут, до м. Стахановская 18 минут пешком. Агентство недвижимости ПИК-Аренда Документы проверены Посмотреть все объекты +7 916 971-57-... Написать вчера вчера, 18:57",,https://www.cian.ru/cat.php?deal_type=rent&district%5B0%5D=8&engine_version=2&offer_type=flat&room9=1&type=4&p=1,2026-04-27T11:20:07+00:00
2068,329430318,ЮВАО,https://www.cian.ru/rent/flat/329430318/?context=4.JVoRf5yCSLQ.WNslNGK8JzTzL_4seGqUOYj8NGXuBIBmKEdmUYOTETtxW9erEysxvHglkaLjedjRp39VfVmY0jLNBA&mlSearchSessionGuid=3c5899e8ce23f7cd56b0c5190b70ca97,1/22,350000,19.6,7,23,,"1/22 Студия, 19,6 м², 7/23 этаж Новохохловская 12 минут пешком Москва , ЮВАО , р-н Текстильщики , м. Новохохловская , 1-й Грайвороновский проезд , 13к3 50 000 ₽/мес. От года, комм. платежи включены (без счётчиков), комиссия 50%, без залога Долгoсрoчная аренда (договoр нa 11 меcяцeв) Пpeдставляем вaшeму внимaнию cтильную, cвeтлую и уютную студию 19,6 кв.м. в ЖК Вoлжcкий парк. B квартиpe выпoлнeнa мeбeлировка по индивидуальнoму дизайнерcкому проeкту от кoмпании SMАRENT. Бытовая тeхника: стиpaльная мaшинa, холoдильник, вытяжкa, ваpочнaя пaнель, тeлeвизoр, электрический чайник, микроволновая печь, кондиционер, утюг, гладильная доска, сушилка для белья. В квартире имеется все необходимое для комфортного проживания, в т.ч. посуда и постельное белье. Район обладает насыщенной и развитой инфраструктурой: в 15 минутах пешком от метро Текстильщики. Станция входит в состав БКЛ и МЦД-2, откуда можно быстро перебираться по всей Москве в 7-10 минутах езды на транспорте метро ""Стахановская"" на автомобиле 10 минут до Садового кольца подземные и наземные паркинги, дворы-парки поликлиники, магазины и фитнес-клубы Поблизости благоустроенные зелёные зоны: Волжский бульвар, большой Кузьминский лесопарк, пруд Садки и музей-усадьба Кусково в окружении находятся ТЦ Город, Леруа Мерлен, кинотеатр Олимпик Синема и стадион Москвич Условия проживания по Тарифу Комфортное проживание: - 50% от арендного платежа при заселении; - Раннее бронирование объекта (за 3 дня до заселения); - Персональный менеджер на всех этапах аренды быстро реагирует на запросы - большинство бытовых вопросов решаем за 48 часов; - Страхование гражданской ответственности до 0,3 млн ₽; - Организация мелкого ремонта. Коммунальные платежи: электроэнергия, хвс\гвс, услуги интернет провайдера, расходы за отопление дома/квартиры оплачивает арендатор. Заселение только при наличии постоянной регистрации РФ. Без животных. Агентство недвижимости СМАРЕНТ Документы проверены +7 985 853-93-... Написать час назад сегодня, 12:30",,https://www.cian.ru/cat.php?deal_type=rent&district%5B0%5D=8&engine_version=2&offer_type=flat&room9=1&type=4&p=2,2026-04-27T11:20:07+00:00
2078,329265057,ЮВАО,https://www.cian.ru/rent/flat/329265057/?context=4.07AX93zKn3g.cypqH4hs_kuRUHcBycyYr6bLIhWfz22dN9S0bWdGpeeTchCrG7WiSu0MWGTypKUATglI-QJQoB20yQ&mlSearchSessionGuid=2563f63b1d546e2b6d3152e29d739159,1/14,350000,20.0,15,15,,"1/14 Студия, 20 м², 15/15 этаж Новохохловская 4 минуты на транспорте Москва , ЮВАО , р-н Текстильщики , м. Новохохловская , 1-й Грайвороновский проезд , 7Ак3 50 000 ₽/мес. От года, комм. платежи включены (без счётчиков), без комиссии, залог 10 000 ₽ . БЕЗ КОМИССИИ Собственник. Риелторам просьба а не беспокоить. Новый дом, сдача дома апрель 2026. Вся мебель и техника новые. Диван раскладной. Шкаф под одежду Кухонный гарнитур Стиральная машина Холодильник Стол и стулья Камеры по периметру дома, при входе в подьезд, в лифте, на этаже. Аренда: 50 тысяч , залог 50 тысяч возвращается при выезде. За квартплату залог 10 тысяч возвращается по факту оплаты комунальных платежей за текущий месяц проживания. Если заселяетесь с животными то залог на 25 тысяч больше берется Собственник ID 11370349 +7 916 003-06-... Написать вчера вчера, 16:04",,https://www.cian.ru/cat.php?deal_type=rent&district%5B0%5D=8&engine_version=2&offer_type=flat&room9=1&type=4&p=3,2026-04-27T11:20:07+00:00
2027,327050820,ЮВАО,https://www.cian.ru/rent/flat/327050820/?context=4.xQhnQ6A5jjY.TjEHQX6sbqtexZ6t2KXuqNsnqNbfgO1bdWSB9ks7eDOcp31kX4dYQF-YtK8qC_KCBdvSMiTZ4eZW2w&mlSearchSessionGuid=eab2cefc752236b7c6e78cec726d7aae,1/18 Ещё фото,358300,25.3,11,27,,"1/18 Ещё фото Пешком до метро! Залог 0 Студия, 25,3 м², 11/27 этаж Нижегородская 10 минут пешком Москва , ЮВАО , р-н Нижегородский , м. Нижегородская , Перовское шоссе , 2к3 58 300 ₽/мес. От года, комм. платежи включены (без счётчиков), комиссия 50%, без залога Сдаётся уютная квартира-студия с хорошим ремонтом в ЖК Перовское 2, без депозита! Её можно посмотреть когда Вам удобно: бронируете время, забираете ключи или встречаетесь с нашим представителем и спокойно осматриваете. Если всё понравится, договор подпишем онлайн и будем поддерживать Вас на всех этапах аренды. Квартира оснащена вместительным кухонным гарнитуром, мебелью и бытовой техникой. Есть: - Стиральная машина; - Холодильник; - Плита; - Микроволновка; - Телевизор; - Кондиционер; - Посудомоечная машина; - Проведён интернет с Wi-Fi и подключено кабельное/цифровое ТВ. Можно обсудить покупку необходимой мебели в счёт арендной платы. Полы ламинат и плитка. Окна выходят во двор и на улицу, на северо-запад. Есть бесплатная парковка. Собственник готов заселить не более 2 взрослых жильцов с детьми, оформить временную регистрацию или заключить договор с юридическим лицом. Можно с домашним питомцем по согласованию. Дом расположен в районе с развитой инфраструктурой, рядом находятся: - ТЦ Город; - Перовский парк, Кусковский лесопарк и парк Карачарово. В пешей доступности школы, продуктовые супермаркеты, заправки, спортивные клубы, почта, аптеки и медицинские учреждения, бассейн, салоны красоты, кафе. До м. Нижегородская можно дойти за 10 минут, до м. Стахановская 18 минут пешком. Агентство недвижимости ПИК-Аренда Документы проверены Посмотреть все объекты +7 916 942-34-... Написать вчера вчера, 19:45",,https://www.cian.ru/cat.php?deal_type=rent&district%5B0%5D=8&engine_version=2&offer_type=flat&room9=1&type=4&p=1,2026-04-27T11:20:07+00:00
2045,326929061,ЮВАО,https://www.cian.ru/rent/flat/326929061/?context=4.GKMJUcCqEsQ.6fJ7t7J00vv7TM7FhBF4-vBmlamfsn5aLH1ia5sm_c8RhEunK0fwTsqhCMOTpTXEr3-fZ3MSvtvbpw&mlSearchSessionGuid=3c5899e8ce23f7cd56b0c5190b70ca97,1/26 Ещё фото,365000,25.3,20,33,,"1/26 Ещё фото Пешком до метро! Залог 0 Студия, 25,3 м², 20/33 этаж Нижегородская 19 минут пешком Москва , ЮВАО , р-н Нижегородский , м. Калитники , Новохохловская улица , 15к3 65 000 ₽/мес. От года, комм. платежи включены (без счётчиков), комиссия 50%, без залога Сдаётся светлая квартира-студия с евроремонтом в ЖК Новохохловская 15, без депозита! Её можно посмотреть когда Вам удобно: бронируете время, забираете ключи и спокойно осматриваете. Если всё понравится, договор подпишем онлайн и будем поддерживать Вас на всех этапах аренды. Квартира оборудована кухонным гарнитуром, мебелью и бытовой техникой. Есть: - Холодильник; - Стиральная машина; - Кондиционер; - Варочная панель; - Духовой шкаф; - Микроволновка; - Посудомоечная машина; - Интернет проведён + Wi-Fi; - Диван; - Стол и стулья. Полы ламинат и плитка. Окна выходят во двор, есть бесплатная парковка. Собственник готов заселить не более 2 взрослых жильцов с детьми и заключить договор с юридическим лицом. Можно с домашним питомцем. Дом находится в районе с развитой инфраструктурой, в пешей доступности школы и детские сады, продуктовые супермаркеты, кафе, автосервисы и заправки, фитнес-клубы, аптеки и медицинские учреждения, отделение почты. До МЦК Новохохловская 10 минут пешком, до м. Нижегородская 15 минут на общественном транспорте. Агентство недвижимости ПИК-Аренда Документы проверены Посмотреть все объекты +7 916 985-86-... Написать вчера вчера, 19:45",,https://www.cian.ru/cat.php?deal_type=rent&district%5B0%5D=8&engine_version=2&offer_type=flat&room9=1&type=4&p=2,2026-04-27T11:20:07+00:00
2088,328450553,ЮВАО,https://www.cian.ru/rent/flat/328450553/?context=4.iWbO1sdMHrw.1aQVmeziXvjfV8Zo7igc0Dektyhs3kjp8EjHkMRFQMfCFwMi-MrcbtoATpctWooL3pQfUIaTgPR2Pg&mlSearchSessionGuid=2563f63b1d546e2b6d3152e29d739159,1/7,365000,26.4,24,26,,"1/7 Студия, 26,4 м², 24/26 этаж Авиамоторная 8 минут пешком Москва , ЮВАО , р-н Лефортово , м. Авиамоторная , улица Крузенштерна , 12к3 65 000 ₽/мес. На несколько месяцев, комм. платежи включены (без счётчиков), без комиссии, залог 65 000 ₽ Впервые сдаётся студия 26 кв м в 10 мин. пешком от м. Авиамоторная в ЖК Символ. Арендаторы - один человек, семейная пара без детей. Дом 2023 г. постройки, всё еще новое. 24-ый этаж с видом на восток Москвы. Закрытая территория дома, вход по пропуску на территорию и в подъезд, видеокамеры, консьерж в подъезде. Удачное местоположение для перемещения как на общественном транспорте, так и на личном транспорте - рядом ТТК и шоссе Энтузиастов. Вокруг комплекса развитая инфраструктура: на первом этаже магазин Перекресток, 5 мин. пешком ТРК Город. За территорией парк Зеленая река с прогулочной зоной и зоной отдыха, который протянулся на несколько километров внутри ЖК Символ. В квартире вся необходимая для комфортного проживания мебель и бытовая техника - всё абсолютно новое. Сдаётся на длительный срок без агентов. Коммунальные платежи не включены в стоимость арендной платы и составляют около 4000 р., кроме интернета и счетчиков. Залог в размере месячной арендной платы. Без комиссий. Собственник ID 117913291 Документы проверены +7 985 775-25-... Написать неделю назад 14 апр, 00:41",,https://www.cian.ru/cat.php?deal_type=rent&district%5B0%5D=8&engine_version=2&offer_type=flat&room9=1&type=4&p=3,2026-04-27T11:20:07+00:00
2020,329405334,ЮВАО,https://www.cian.ru/rent/flat/329405334/?context=4.SGmjs0YqvXg.8oAxKVDSHv5ueW3K10EJt298Fh1OkdcLeCKnUvFTU4idtPGm7fiRcTs-_xjQKIYyBjjh9xJe_5gtTw&mlSearchSessionGuid=eab2cefc752236b7c6e78cec726d7aae,1/7 Ещё фото,380000,22.7,2,8,,"1/7 Ещё фото Современная студия! Апартаменты-студия, 22,7 м², 2/8 этаж Угрешская 7 минут пешком Москва , ЮВАО , р-н Южнопортовый , м. Угрешская , Волгоградский проспект , 32/5к3 80 000 ₽/мес. От года, комм. платежи включены (без счётчиков), комиссия 50%, залог 80 000 ₽ Сдается новая дизайнерская студия в ЖК бизнес-класса Метрополия. Квартира сдается полностью укомплектована мебелью и новой техникой. Находится в низко этажном здании, что позволяет комфортно распределять время и не ждать долго лифт. Все продумано для комфортного проживания: • Вся необходимая бытовая техника, включая посудомоечную машину • Интернет TV и высокоскоростной интернет • Много мест для хранения: просторные шкафы и системы организации. Описание ЖК: • Закрытая охраняемая территория, видеонаблюдение • Двор без машин, благоустроенные прогулочные зоны • На территории — рестораны, супермаркеты, Surf Coffee, аптеки, бьюти-салоны и тд. Транспорт: 5 минут пешком до МЦК Угрешская 7 минут пешком до метро Волгоградский проспект. Квартира идеально подходит для одного человека или пары. Быстрый выход на подписание. Риелтор Егор Симинеев Суперагент Посмотреть все объекты +7 916 201-53-... Написать вчера вчера, 18:43 Как опередить это объявление?",,https://www.cian.ru/cat.php?deal_type=rent&district%5B0%5D=8&engine_version=2&offer_type=flat&room9=1&type=4&p=1,2026-04-27T11:20:07+00:00
2047,328267613,ЮВАО,https://www.cian.ru/rent/flat/328267613/?context=4._FB1GfXBZpQ.VtFPyPmkCp5gsy7ccuQUWWAEPc6aP3d-dxO1sTwSa3nzHeR-pDurwKziiECh4QKtPZxoGZcgY-u9WQ&mlSearchSessionGuid=3c5899e8ce23f7cd56b0c5190b70ca97,1/6 Ещё фото,425000,22.3,2,21,,"1/6 Ещё фото Апартаменты-студия, 22,3 м², 2/21 этаж Только на Циан Калитники 11 минут пешком Москва , ЮВАО , р-н Нижегородский , м. Калитники , Автомобильный проезд , 4 25 000 ₽/мес. От года, комм. платежи включены (без счётчиков), комиссия 50%, залог 25 000 ₽ Id 62122. Апартаменты в ЖК Nice Loft — без отделки, свободное назначение Сдаются апартаменты в ЖК Nice Loft без отделки (бетон). Пространство можно использовать под любые задачи и полностью адаптировать под себя. Подойдёт для: • проживания • склада / хранения • субаренды • реализации собственного проекта Формат без отделки — возможность сделать всё под свои цели или использовать помещение в текущем состоянии. Nice Loft — современный апарт-комплекс с охраной, круглосуточным доступом и удобной логистикой. Готовы рассмотреть разные форматы аренды и условия сотрудничества. Звоните — обсудим детали. Агентство недвижимости EstateLiga Документы проверены Посмотреть все объекты +7 916 863-15-... Написать вчера вчера, 18:28",,https://www.cian.ru/cat.php?deal_type=rent&district%5B0%5D=8&engine_version=2&offer_type=flat&room9=1&type=4&p=2,2026-04-27T11:20:07+00:00
2073,329405373,ЮВАО,https://www.cian.ru/rent/flat/329405373/?context=4.Pbm6gzddIBs.eXgP9XV8XHdmrf76Dm1RsdPa75VAfZoVJcZ4L8p01k3blTxaw1cZMNKFMDCLIqulFrSqGJtCRMDnag&mlSearchSessionGuid=2563f63b1d546e2b6d3152e29d739159,1/18,440000,9.0,1,9,,"1/18 Студия, 9 м², 1/9 этаж Юго-Восточная 10 минут пешком Москва , ЮВАО , р-н Выхино-Жулебино , м. Юго-Восточная , Сормовская улица , 4 40 000 ₽/мес. От года, комм. платежи включены (без счётчиков), комиссия 50%, залог 40 000 ₽ Сдам прекрасную компактную и полную оборудованную студию. В квартире есть все необходимое, сделан отличный ремонт. Чистый подъезд, тихий двор. Рядом небольшой торговый центр, а так же много разных магазинов. Дорога до метро и МЦД-3 занимает 5 минут. Квартира теплая и солнечная. Очень уютная. Рассмотрим строго 1 человека на длительный срок. Риелтор Анжелика Мещерякова Суперагент +7 986 254-06-... Написать вчера вчера, 13:50",,https://www.cian.ru/cat.php?deal_type=rent&district%5B0%5D=8&engine_version=2&offer_type=flat&room9=1&type=4&p=3,2026-04-27T11:20:07+00:00
2021,329333718,ЮВАО,https://www.cian.ru/rent/flat/329333718/?context=4.BQH6t5DfPg4.OIOt1M822tK_XajMrGpTCnmSE9wwvriyaStGp48wQRb1aOgGQ8l2-5OVV_xhlLHX7d3fpnp12szLCQ&mlSearchSessionGuid=eab2cefc752236b7c6e78cec726d7aae,1/13 Ещё фото,440600,19.6,21,25,,"1/13 Ещё фото 10 минут до метро! Студия, 19,6 м², 21/25 этаж Перерва 12 минут пешком Москва , ЮВАО , р-н Люблино , м. Перерва , Иловайская улица , 4 40 600 ₽/мес. От года, комм. платежи включены (без счётчиков), комиссия 50%, без залога Сдаётся светлая квартира-студия с евроремонтом и совмещённым санузлом в ЖК Люблинский Парк, без депозита! Её можно посмотреть когда Вам удобно: бронируете время, забираете ключи и спокойно осматриваете. Если всё понравится, договор подпишем онлайн и будем поддерживать Вас на всех этапах аренды. Кухонный гарнитур, мебель и необходимую технику можно приобрести в счёт арендной платы. Полы ламинат и плитка. Окна выходят во двор, на север, есть бесплатная парковка. Собственник готов заселить не более 2 жильцов с детьми и обсудить оформление временной регистрации. С домашним питомцем можно. Недалеко от дома: - Парк имени Артёма Боровика; - Братиславский лесопарк. - ТЦ Люблю Молл; - Парк 850-летия Москвы; - Лес Жары; - Парк Героев Отечественной войны 1812 года. Во дворах обустроены детские площадки, двор без машин. В пешей доступности — школа, детский сад, продуктовые супермаркеты, аптеки, фитнес-клуб, кафе. До МЦД-2 Перерва - 10 минут пешком. Агентство недвижимости ПИК-Аренда Документы проверены Посмотреть все объекты +7 985 362-98-... Написать вчера вчера, 18:56",,https://www.cian.ru/cat.php?deal_type=rent&district%5B0%5D=8&engine_version=2&offer_type=flat&room9=1&type=4&p=1,2026-04-27T11:20:07+00:00
2099,277314693,ЮВАО,https://www.cian.ru/rent/flat/277314693/?context=4.XNrvqNDuUz8.0DL59ix82lLMGykM8MhttdF6kLhSC1ly8iXm0vimdmrp2cYwQLJVbDK0edt66-Z4H6hqLDeq5Te-wg&mlSearchSessionGuid=2563f63b1d546e2b6d3152e29d739159,1/6,442000,30.0,4,9,,"1/6 Студия, 30 м², 4/9 этаж Только на Циан Рязанский проспект 17 минут пешком Москва , ЮВАО , р-н Кузьминки , м. Рязанский проспект , улица Федора Полетаева , 32К4 42 000 ₽/мес. От года, комм. платежи включены (без счётчиков), комиссия 50%, залог 21 000 ₽ Сдаётся на длительный срок. Для 1-2 человек. Вся бытовая. Кухонный гарнитур, кровать, диван угловой, шкаф. Готова к заселению. + счетчики Риелтор Марат Зарипов Суперагент +7 985 833-97-... Написать четыре дня назад 23 апр, 12:08",,https://www.cian.ru/cat.php?deal_type=rent&district%5B0%5D=8&engine_version=2&offer_type=flat&room9=1&type=4&p=3,2026-04-27T11:20:07+00:00
2098,328625698,ЮВАО,https://www.cian.ru/rent/flat/328625698/?context=4.RQAXEzO04z0.MSeFU1IUqCLuz03zlqlv-uXfW-W5bahUAlsXDH-iMnmJqiQxK3wcd76SlWtqFKR8iKHFsSIHvbqkwQ&mlSearchSessionGuid=2563f63b1d546e2b6d3152e29d739159,1/16,445000,18.0,2,3,,"1/16 Апартаменты-студия, 18 м², 2/3 этаж Только на Циан Текстильщики 14 минут пешком Москва , ЮВАО , р-н Текстильщики , м. Текстильщики , Грайвороновская улица , 4 45 000 ₽/мес. От года, комм. платежи включены (без счётчиков), комиссия 50%, залог 45 000 ₽ Сдаётся двух уровневая уютная студия в 10 минутах пешком от метро Текстильщики. Апартаменты расположены на 2 этаже трёхэтажного дома. Общая площадь составляет 18 кв. м. плюс зона для сна на втором уровне, что делает её идеальной для проживания одного человека или пары. Высокие потолки 3.7 метра придают пространству дополнительный объём. В комнате очень большое окно, что делает жилое пространство светлым. Спальное место на второй уровень покупаем под жильцов. Студия будет еще доукомплектовываться ковриком, пледами, декором, телевизором. Риелтор Екатерина Мамедова Суперагент +7 985 720-76-... Написать шесть дней назад 20 апр, 16:46",,https://www.cian.ru/cat.php?deal_type=rent&district%5B0%5D=8&engine_version=2&offer_type=flat&room9=1&type=4&p=3,2026-04-27T11:20:07+00:00
2071,329414620,ЮВАО,https://www.cian.ru/rent/flat/329414620/?context=4.uxgWxYDwpcg.lqtQJ6gSYJvntQyopEaLFz8Gee-tGpVz7G1Xp8tHkEhBcArYN8pCqkol5XasTcgwcLEJNJpSi9f0Ig&mlSearchSessionGuid=3c5899e8ce23f7cd56b0c5190b70ca97,1/15,447000,20.0,6,17,,"1/15 Студия, 20 м², 6/17 этаж Перерва 12 минут пешком Москва , ЮВАО , р-н Люблино , м. Перерва , Иловайская улица , 4 47 000 ₽/мес. От года, комм. платежи включены (без счётчиков), комиссия 60%, залог 47 000 ₽ Добрый день! Сдается квартира-студия, готова к заселению. Квартира сдается впервые, оборудована всем необходимым для комфортного проживания. Стиральная машина с сушкой, посудомойка, индукционная плита, свч, холодильник, чайник, пылесос и т.д. Важно! собственник ищет только арендатора способного поддерживать в квартире чистоту и порядок, с условием каждые 6 месяцев делать генеральную уборку квартиры собственными силами или с помощью клининга . В генеральную уборку входит мытье и уборка всех поверхностей ( окна, потолок, двери, стены, мебель внутри и снаружи). Аренда долгосрочная от 11 месяцев. Оплата наличными. Для согласования просмотра пожалуйста звоните (сообщения не всегда вижу) ----- Примечание: у собственника могут быть дополнительные пожелания к жильцам - обсудите их в чате или по телефону Риелтор ID 77005056 +7 916 279-00-... Написать 11 часов назад сегодня, 02:30",,https://www.cian.ru/cat.php?deal_type=rent&district%5B0%5D=8&engine_version=2&offer_type=flat&room9=1&type=4&p=2,2026-04-27T11:20:07+00:00
2025,329409685,ЮВАО,https://www.cian.ru/rent/flat/329409685/?context=4.5n2VgpK30ps.CRQdUFkFk6hdIdESIswJx-GZm6yMPDJAA1QtJue5KSvWb9n3xGgTCG4mxDfxKcNa5kcNqiuOQQ4COw&mlSearchSessionGuid=eab2cefc752236b7c6e78cec726d7aae,1/17,448000,20.0,15,17,,"1/17 Студия, 20 м², 15/17 этаж Ранний доступ Проверено в Росреестре Перерва 12 минут пешком Москва , ЮВАО , р-н Люблино , м. Перерва , Иловайская улица , 4 48 000 ₽/мес. От года, комм. платежи включены (без счётчиков), без комиссии, залог 48 000 ₽ Сдается впервые стильная уютная студия, расположенная на 15 этаже, вдали от дорог и в 10 минутах ходьбы до станции МЦД Перерва, Люблинский Парк ПИК. Оснащена всем необходимым для жизни: двумя вместительными шкафами, полноценной кроватью с подъемным механизмом, варочной панелью, микроволновой печью, вытяжкой, полноценным холодильником с морозилкой, стиральной машиной, кондиционером, интернетом. Есть внутренний закрытый двор. Рассматриваются жильцы без домашних животных, временную регистрация не предоставляется. Только долгосрочная сдача на 11 месяцев с последующей пролонгацией. Собственник ID 78008679 Документы проверены +7 915 255-19-... Написать час назад сегодня, 12:52",,https://www.cian.ru/cat.php?deal_type=rent&district%5B0%5D=8&engine_version=2&offer_type=flat&room9=1&type=4&p=1,2026-04-27T11:20:07+00:00
2079,329403208,ЮВАО,https://www.cian.ru/rent/flat/329403208/?context=4.6WctRlSSmtw.GwVeFajyckwU1neLFg9jI_8Rs86Ky7ONnisy4hkS233w6T3JeGy6tc3I5H3Fh_XsxCY79UV3ZcbI5w&mlSearchSessionGuid=2563f63b1d546e2b6d3152e29d739159,1/19,449000,20.0,5,17,,"1/19 Студия, 20 м², 5/17 этаж Ранний доступ Перерва 12 минут пешком Москва , ЮВАО , р-н Люблино , м. Перерва , Иловайская улица , 4 49 000 ₽/мес. От года, комм. платежи включены (без счётчиков), без комиссии, залог 49 000 ₽ Без КОМИССИИ! (посредников просьба не беспокоить) Дoлгоcpoчнaя apенда (договoр нa 11 меcяцев). Пpедocтавляем вaшeму внимaнию cтильную квaртиру студию, площадью 20 кв.м. в ЖК Люблинский паpк. Сдается впервые! B кваpтиpе выпoлнeнa дизайнерская меблировка, в пастельных тонах Бытoвая тeхника: кoндициoнеp, xолодильник, вapочная пaнель, посудомоечная машина, встроенная микpоволновaя пeчь, телевизop, стиральная машина. Продумана и организована система хранения вещей, два вместительных шкафа. Полноценное спальное место 160 на 200, ортопедический матрас Аскона. У дома отличная транспортная доступность: до МЦД ""Перерва"" всего 10 минут пешком, до станции метро ""Марьино"" 16 минут пешком, ""Братиславская"" 20 минут пешком. До МКАД можно добрать на автомобиле всего за 15 минут, до ЮВХ — за 11 минут, а до ТТК — за 19 минут. Район обладает насыщенной и развитой инфраструктурой: На первых этажах жилого квартала Люблинский парк расположились магазины, кафе и полезные сервисы. Вам больше не придётся тратить много времени и сил на то, чтобы закупить продукты на неделю. Можно выйти за покупкой ингредиентов к обеду прямо в домашних тапочках, а в будний день поработать в одном из местных кафе. В 15 минутах на автомобиле расположен Люблинский парк. Старинный парк, в котором сохранилась красивая усадьба ХIХ века. Здесь приятно гулять по аккуратным дорожкам, отдыхать у прудов и фонтанов. Чуть дальше находится парк Кузьминки. Здесь можно отдохнуть в кафе, сходить в музей Паустовского, покататься на лодке. А можно уйти вглубь парка, где густой сосновый бор переходит в смешанный лес с двухсотлетними дубами. Сотрудники местного экоцентра водят по лесу экскурсии. Условия проживания: - Комиссия отсутствует; - Залог за один месяц - Коммунальные платежи оплачивает арендатор. - Рассмотрим одного взрослого или семейную пару - Заселение только при наличии постоянной регистрации РФ. - Без животных. Собственник ID 464788 +7 986 253-91-... Написать 5 часов назад сегодня, 09:12",,https://www.cian.ru/cat.php?deal_type=rent&district%5B0%5D=8&engine_version=2&offer_type=flat&room9=1&type=4&p=3,2026-04-27T11:20:07+00:00
2082,329403668,ЮВАО,https://www.cian.ru/rent/flat/329403668/?context=4.wcqmDDSaAoE.iheIRgBOxP6Mp1atdVwVBd9cUK82GadCKEZYG2ul1XuEkSE1wLbzZyXf-Aau8oxrRZlw4k9sMFNl-g&mlSearchSessionGuid=2563f63b1d546e2b6d3152e29d739159,1/11,487000,26.6,17,29,,"1/11 Студия, 26,6 м², 17/29 этаж Угрешская 6 минут пешком Москва , ЮВАО , р-н Южнопортовый , м. Угрешская , Волгоградский проспект , 32/5к4 87 000 ₽/мес. От года, комм. платежи включены (без счётчиков), без комиссии, залог 87 000 ₽ Новая, стильная, уютная видовая студия от собственника в доме Бизнес-класса ЖК Метрополия Благодарю за проявленный интерес к моей квартире давайте я познакомлю Вас с ней поближе. Квартира абсолютно новая. Сдается в первый раз! Ранее в ней никто не проживал, вы будете первым Исключительно для проживания! Аренда на длительный срок. На период проживания заключается договор. Немного о квартире: Студия, общая площадь ~27 кв м, Башня Владивосток, этаж 17 Красивый вид из окна на город Сделан новый дорогой дизайнерский ремонт. Квартира полностью укомплектована для комфортной жизни. Зона кухни: гарнитур, встраиваемый холодильник, индукционная плита, встраиваемые духовка и микроволновка, посудомойка, чайник, обеденная зона, посуда. Комната: диван с пружинным блоком раскладной (спальное место 160*200) телевизор 65 дюймов, вместительный комод для одежды, вещей. С/у: совмещенный. Дорогая качественная сантехника, ванна из литьевого мрамора 175 см, теплый пол, электрический полотенцесушитель. Стиральная машина. В коридоре расположены два больших шкафа, с продуманными зонами хранения. Вместят все вещи! Для поддержания комфортной температуры установлен кондиционер с WI-FI. В квартире имеется много места для хранения одежды и обуви, документов, личных вещей, Wi-Fi роутер. Важные условия: -только для проживания -субаренда ЗАПРЕЩЕНА (в т.ч. под посуточную аренду третьим лицам) -запрещена коммерческая деятельность (маникюр, педикюр, перманент и тд и тп) -без домашних животных (вообще никаких) -курение в квартире строго запрещено - Удобное расположение ЖК 5-6 минут пешком до МЦК Угрешская и до станции метро Волгоградский проспект Непосредственная близость к ТТК Без пересадок: -3 станции метро до Китай-город -9 станций по МЦК до Москва-Сити (24 минуты) -7 станций по МЦК до Восточного Вокзала Цена: аренда 87 000 руб./мес. + счетчики (свет, вода горячая и холодная). Залог: 87 000 руб. Без комиссии (я собственник). Срок: на длительный период (договор заключается на 11 месяцев). ----- Примечание: у собственника могут быть дополнительные пожелания к жильцам - обсудите их в чате или по телефону Собственник ID 140481064 Документы проверены Назначить просмотр вчера вчера, 12:27",,https://www.cian.ru/cat.php?deal_type=rent&district%5B0%5D=8&engine_version=2&offer_type=flat&room9=1&type=4&p=3,2026-04-27T11:20:07+00:00
2076,328627739,ЮВАО,https://www.cian.ru/rent/flat/328627739/?context=4.ImndhJp88ys.yr0tzmieXwNmDJfv1IchBU9bk5t7jyZpHw5cGYnBoGN5E6G-6D9hYtY_IeIwsimFT_K1O8JWIXRkwg&mlSearchSessionGuid=2563f63b1d546e2b6d3152e29d739159,1/6,525000,19.0,3,21,,"1/6 Апартаменты-студия, 19 м², 3/21 этаж Только на Циан Калитники 11 минут пешком Москва , ЮВАО , р-н Нижегородский , м. Калитники , Автомобильный проезд , 4к5 25 000 ₽/мес. От года, комм. платежи включены (без счётчиков), без комиссии, залог 25 000 ₽ Сдаётся студия площадью 19 кв. м на третьем этаже современного 21-этажного дома. Высокие потолки 3.1 метра создают ощущение простора. Окна выходят во двор. Квартира сдаётся без ремонта и мебели. под склад,пред чистовая отделка(white-box) Дом оснащён двумя пассажирскими и одним грузовым лифтами, поэтому можно без проблем добраться до квартиры. Имеется подземная парковка для вашего автомобиля. . До ближайшей станции метро можно дойти за 10 минут, что удобно для поездок по городу. Условия аренды обсуждаются индивидуально. Возможна аренда по долгосрочному договору. Квартира сдаётся без комиссии. Звоните и записывайтесь на просмотр, чтобы лично оценить все преимущества этого предложения. Мы будем рады ответить на все ваши вопросы и показать квартиру в удобное для вас время. Есть еще апартамент в 6 корпусе на 11 этаже. Собственник ID 91147563 Документы проверены Назначить просмотр 2 недели назад 6 апр, 18:03",,https://www.cian.ru/cat.php?deal_type=rent&district%5B0%5D=8&engine_version=2&offer_type=flat&room9=1&type=4&p=3,2026-04-27T11:20:07+00:00
2048,327998795,ЮВАО,https://www.cian.ru/rent/flat/327998795/?context=4.7Clu5do2mdw.o6y4wHSsrXLb-G62wfSbNQg-ig9FmdrSwK15Rxsdybo49ojmakLIemHM2bYSQEXiM8hwycNgt49p6A&mlSearchSessionGuid=3c5899e8ce23f7cd56b0c5190b70ca97,1/7 Ещё фото,530000,23.4,11,21,,"1/7 Ещё фото Апартаменты-студия, 23,4 м², 11/21 этаж Калитники 11 минут пешком Москва , ЮВАО , р-н Нижегородский , м. Калитники , Автомобильный проезд , 4к5 30 000 ₽/мес. От года, комм. платежи включены (без счётчиков), комиссия 50%, без залога Id 61883. Апартаменты под склад / субаренду Сдаются апартаменты свободного назначения. Помещение без отделки (бетон), что позволяет использовать его максимально гибко — под склад, хранение или формат субаренды с последующим ремонтом под себя. Идеально подойдёт для: — хранения товаров / оборудования — небольшого склада в черте города — инвестора под субаренду (возможность сделать ремонт и увеличить доходность) Современный комплекс с удобным доступом, охраной и развитой инфраструктурой. Удобная логистика и выезд на основные магистрали. Готовы рассмотреть разные форматы сотрудничества, в том числе долгосрочную аренду. Звоните — организую быстрый показ, обсудим условия. Агентство недвижимости EstateLiga Документы проверены Посмотреть все объекты +7 916 863-15-... Написать вчера вчера, 18:28",,https://www.cian.ru/cat.php?deal_type=rent&district%5B0%5D=8&engine_version=2&offer_type=flat&room9=1&type=4&p=2,2026-04-27T11:20:07+00:00
2097,307056019,ЮВАО,https://www.cian.ru/rent/flat/307056019/?context=4.qw_TO3RWWe0.DaPkeSN8EjNocR8lPa60NuH_ixu2EKMUQsMfr5dEsLQl0GHzk0S8sDLNa18yfvfY8tMFTQM7LnWhQA&mlSearchSessionGuid=2563f63b1d546e2b6d3152e29d739159,1/22,550000,23.0,6,16,,"1/22 Студия, 23 м², 6/16 этаж Только на Циан Нижегородская 3 минуты пешком Москва , ЮВАО , р-н Нижегородский , м. Нижегородская , Рязанский проспект , 5 50 000 ₽/мес. От года, комм. платежи включены (без счётчиков), комиссия 60%, залог 55 000 ₽ Квартира студия , светлая, уютная! Все есть для комфортного проживания!установлена новая кровать с новым ортопедическим матрасом. Сделана косметика квартиры. Отличное месторасположение дома, рядом МЦК, МЦД и метро Нижегородская. Сеть маркетинговых магазинов Ашан, Леруа Мерлен,т/ц Ашан город . рассматриваем до двух человек. Агентство недвижимости ГОРОД НЕДВИЖИМОСТИ +7 985 421-06-... Написать вчера вчера, 14:59",,https://www.cian.ru/cat.php?deal_type=rent&district%5B0%5D=8&engine_version=2&offer_type=flat&room9=1&type=4&p=3,2026-04-27T11:20:07+00:00
2023,326159535,ЮВАО,https://www.cian.ru/rent/flat/326159535/?context=4.O6BTD93mHz8.mOX3s1TmZh0D-BbkUDQVF-rtuCfJG2003_Tuy2aLnYKBcJvRbeg6roU9XqEUnAaOrrtlIp0W0vQGXA&mlSearchSessionGuid=eab2cefc752236b7c6e78cec726d7aae,1/14 Ещё фото,644900,19.5,14,25,,"1/14 Ещё фото Пешком до метро! Студия, 19,5 м², 14/25 этаж Перерва 12 минут пешком Москва , ЮВАО , р-н Люблино , м. Перерва , Люблинская улица , 80к6 44 900 ₽/мес. От года, комм. платежи включены (без счётчиков), комиссия 50%, без залога Сдаётся светлая квартира-студия с евроремонтом и совмещённым санузлом в ЖК Люблинский парк! Без депозита! Её можно посмотреть когда Вам удобно: бронируете время, забираете ключи или встречаетесь с нашим представителем и спокойно осматриваете. Если всё понравится, договор подпишем онлайн и будем поддерживать Вас на всех этапах аренды. В квартире есть: - Кухонный гарнитур; - Варочная панель; - Холодильник; - Стиральная машина; - Вытяжка. Полы — ламинат и плитка. Окна выходят во двор, на восток. Во дворах обустроены детские площадки, двор без машин. На территории дома есть бесплатные парковочные места. Собственник готов заселить не более 2 взрослых жильцов с детьми, обсудить оформление временной регистрации, докупить мебель/технику или заключить договор с юридическим лицом. Можно с небольшим домашним питомцем по согласованию. Дом находится в районе с развитой инфраструктурой: в пешей доступности находятся продуктовые супермаркеты, школы, детские сады, медицинские учреждения, салоны красоты. Недалеко — парк Героев Отечественной войны 1812 года. В 18 минутах пешком — станция МЦД-2 Перерва, в 20 минутах — м. Братиславская. Автомобилистам будет удобно выезжать на Люблинскую улицу. Агентство недвижимости ПИК-Аренда Документы проверены Посмотреть все объекты +7 916 760-62-... Написать вчера вчера, 17:29",,https://www.cian.ru/cat.php?deal_type=rent&district%5B0%5D=8&engine_version=2&offer_type=flat&room9=1&type=4&p=1,2026-04-27T11:20:07+00:00
2054,329282813,ЮВАО,https://www.cian.ru/rent/flat/329282813/?context=4.hIUkdmcDpTo.MRpRtRkw1ZdL_MYRfdEsX-yPMc8BrwkQjuDV1hWfV54HCCuDoMB-DzySEy0_VP5sicPQDhyMbDB-1Q&mlSearchSessionGuid=3c5899e8ce23f7cd56b0c5190b70ca97,1/14,653000,23.0,3,26,,"1/14 Студия, 23 м², 3/26 этаж Перерва 12 минут пешком Москва , ЮВАО , р-н Люблино , м. Перерва , Люблинская улица , 80к6 53 000 ₽/мес. От года, комм. платежи включены (без счётчиков), комиссия 50%, залог 10 000 ₽ Сдаётся чистая уютная студия с мебелью и техникой. Есть всё необходимое: плита, холодильник, душевая, спальное место, стол. Светлая квартира с большим окном. Новый жк. Подойдёт для 1-2 человек. Оперативный показ Заселение день в день Агентство недвижимости PREMIUM CITY Документы проверены +7 916 213-79-... Написать вчера вчера, 18:55",,https://www.cian.ru/cat.php?deal_type=rent&district%5B0%5D=8&engine_version=2&offer_type=flat&room9=1&type=4&p=2,2026-04-27T11:20:07+00:00
2057,326967848,ЮВАО,https://www.cian.ru/rent/flat/326967848/?context=4.qLzJczvAQI8.Sv2RynEW621wPscGi-7yJwxo_21eQCFdEcT7h8KnBBNw1wogDdv8Wt3J_8TWxu55dCEXcD18WADlSQ&mlSearchSessionGuid=3c5899e8ce23f7cd56b0c5190b70ca97,1/7,770000,30.0,3,24,,"1/7 Квартира без комиссии Апартаменты-студия, 30 м², 3/24 этаж Только на Циан Онлайн-договор Авиамоторная 16 минут пешком Москва , ЮВАО , р-н Лефортово , м. Авиамоторная , улица Крузенштерна , 7 70 000 ₽/мес. От года, комм. платежи включены (без счётчиков), без комиссии, залог 70 000 ₽ Я собственник! ТОРГА НЕТ! Риелторы не тратьте моё время. Сдаётся уютная студия в новом доме, построенном в 2025 году. Общая площадь - 27 кв. м, жилая - 20 кв. м, кухня занимает 3 кв. м. Апартаменты расположены на 3 этаже 24-этажного здания. Высокие потолки 2.7 метра добавляют простора. До станции метро ""Авиамоторная"" всего 16 минут пешком. Квартира выполнена с дизайнерским ремонтом, что создаёт стильную и комфортную обстановку. В студии есть вся необходимая мебель как на кухне, так и в комнате. Для вашего удобства установлены кондиционер, холодильник, телевизор и стиральная машина. Санузел совмещён, оборудован современной душевой кабиной. Дом предлагает подземную парковку, поэтому можно не беспокоиться о месте для автомобиля. В здании функционируют как пассажирский, так и грузовой лифты, поэтому можно легко передвигать крупные вещи. Также есть мусоропровод, что добавляет удобства в быту. Интернет-связь доступна, что особенно важно для работы или учёбы. Рядом с домом находятся школы, детские сады, клиники и магазины, что делает район удобным и комфортным для жизни. Условия аренды прозрачные: без комиссии, от собственника. Подходит для одного человека или пары. Коммунальные платежи оплачиваются отдельно. Залоговая сумма составляет оплату за один месяц. Звоните и записывайтесь, чтобы увидеть квартиру вживую и оценить её преимущества. Собственник ID 13296398 +7 986 323-82-... Написать вчера вчера, 23:25",,https://www.cian.ru/cat.php?deal_type=rent&district%5B0%5D=8&engine_version=2&offer_type=flat&room9=1&type=4&p=2,2026-04-27T11:20:07+00:00
2096,328356685,ЮВАО,https://www.cian.ru/rent/flat/328356685/?context=4.K8zGYpsdO_w.qVME2b7Fqa31cBfM0PpU56C-MHO-plBLDW1bQc5-wSn-ksJfzpFimRuxOyU4tPokXxcE5piQBmcwkA&mlSearchSessionGuid=2563f63b1d546e2b6d3152e29d739159,1/33,784000,30.8,6,17,,"1/33 Апартаменты-студия, 30,8 м², 6/17 этаж Авиамоторная 16 минут пешком Москва , ЮВАО , р-н Лефортово , м. Авиамоторная , улица Крузенштерна , 7 84 000 ₽/мес. От года, комм. платежи включены (без счётчиков), комиссия 48%, залог 85 000 ₽ Сдается уютная, очень стильная квартира-студия 30,8 м² на 6-м этаже в ЖК Символ с дизайнерским ремонтом. Вся необходимая для жизни мебель и техника, включая посуду, телевизор, кондиционер, посудомоечную машину, измельчитель, фильтр. Все новое современное и стильное, есть гардеробная. Функциональный диван-кровать с раскладным механизмом Огороженная территория, видеонаблюдение по всему комплексу, 2 контура контроля на вход по магнитным пропускам. Лобби с зонами отдыха, гостевым туалетом, колясочной, детской комнатой; есть коворкинг с переговорными комнатами, бесплатный спортзал с тренажерами. Выход на крышу с зоной отдыха (летом на шезлонгах) и занятия спортом. Рядом уникальный ландшафтный парк Зеленая река — для прогулок и активного досуга. Очень развитая инфраструктура: ТЦ Город, сетевые супермаркеты , ПВЗ, пекарни, аптеки, кафе, рестораны, фитнес-клубы. В шаговой доступности концертный зал МТС- Холл, МГТУ им. Баумана. Удобный выезд на ТТК, 15 минут пешком метро Площадь Ильича, Римская, Авиамоторная. Депозит, комиссия агента. Электричество, вода и интернет оплачиваются отдельно. Звоните. Оперативный показ. Агентство недвижимости ЗЕМГЕОИНФОРМ Суперагент +7 989 095-63-... Написать 12 часов назад сегодня, 01:52",,https://www.cian.ru/cat.php?deal_type=rent&district%5B0%5D=8&engine_version=2&offer_type=flat&room9=1&type=4&p=3,2026-04-27T11:20:07+00:00
2083,329432085,ЮВАО,https://www.cian.ru/rent/flat/329432085/?context=4.J8s5v6sZy_w.UtIPGfXOB4iOXDIOsLKrZJSCNMYvkeWAuHjFgfZGK_tcaxZUvBdrYeHmBVHtsJEg-cGnU-gyvp22tg&mlSearchSessionGuid=2563f63b1d546e2b6d3152e29d739159,1/7,837000,35.0,3,19,,"1/7 Студия, 35 м², 3/19 этаж Ранний доступ Некрасовка 5 минут пешком Москва , ЮВАО , р-н Некрасовка , м. Некрасовка , проспект Защитников Москвы , 8 37 000 ₽/мес. От года, комм. платежи включены (без счётчиков), без комиссии, залог 20 000 ₽ Сдаётся уютная студия в шаге от метро Некрасовка (8-10 минут пешком). студия для 1-го человека (гр.рф) без детей и животных. Квартира оформлена в дизайнерском стиле, что создаёт атмосферу комфорта и уюта. В студии выполнен качественный ремонт, есть вся необходимая мебель на кухне и в жилой зоне. Для вашего удобства установлена современная техника: холодильник, телевизор и стиральная машина, сенсорная инфракрасная плита. Санузел совмещённый, оборудован душевой кабиной. Имеется интернет (wi fi 200мб/с) который входит в арендную плату. Район располагает всем необходимым для комфортной жизни. Рядом находятся школы, детские сады, клиники и магазины (магнит и пятерочка), маркетплейсы (ВБ, озон, Яндекс маркет), что делает проживание здесь особенно удобным. Отличная транспортная доступность (пешком до метро 8-10 минут) позволяет быстро добраться до центра города. Условия аренды: квартира сдаётся напрямую от собственника, без комиссии. Предусмотрен залог 20000₽. Идеально подойдёт для одного человека. Все юридические документы готовы к сделке, обременений нет. Риэлторам просьба не беспокоить. Собственник ID 12878909 Документы проверены +7 915 219-88-... Написать час назад сегодня, 13:11",,https://www.cian.ru/cat.php?deal_type=rent&district%5B0%5D=8&engine_version=2&offer_type=flat&room9=1&type=4&p=3,2026-04-27T11:20:07+00:00
2051,328106302,ЮВАО,https://www.cian.ru/rent/flat/328106302/?context=4.dbT9Eaye9jU.81Ih52Erzo-ZBDFQJ92m_fEY9awNBpJpvPCxG-vKx8fJvk2FdZqSLykqpoIW9ux1RL-u1BM6VvdPXQ&mlSearchSessionGuid=3c5899e8ce23f7cd56b0c5190b70ca97,1/8 Ещё фото,978000,27.0,13,15,,"1/8 Ещё фото Студия, 27 м², 13/15 этаж Авиамоторная 15 минут пешком Москва , ЮВАО , р-н Лефортово , м. Авиамоторная , улица Крузенштерна , 9 78 000 ₽/мес. От года, комм. платежи включены (без счётчиков), комиссия 50%, залог 78 000 ₽ Id 61983. Современная студия в ЖК ""Символ"" с отличным видом и готовностью к комфортной жизни Представляем к аренде стильную квартиру-студию жилом комплексе ""Символ"" на улице Крузенштерна. Это не просто жилье, а полностью подготовленное пространство для жизни, работы и отдыха в динамичном районе Москвы. Объект сдан в 2024 году, что гарантирует безупречное состояние всех инженерных систем, свежий евроремонт и соответствие актуальным стандартам комфорта. Высота потолков в 3 метра и окна с видом на улицу наполняют пространство светом и ощущением свободы, что особенно ценно для формата студии. Квартира площадью продумана до мелочей. Она полностью укомплектована качественной мебелью, современной бытовой техникой, включая посудомоечную машину, стиральную машину, телевизор и холодильник, а также кухонным гарнитуром. Вам не придется тратить время и ресурсы на обустройство — можно заезжать и начинать жить. Отдельное внимание заслуживает планировка: выделенная кухонная зона, просторная жилая зона и совмещенный санузел с душевой кабиной. Это идеальный вариант для одного человека или пары, ценящих функциональность, эстетику и порядок. Жилой комплекс ""Символ"" предлагает не только новое жилье, но и развитую инфраструктуру. Здание монолитной конструкции, в 15 этажей, оборудовано двумя пассажирскими и одним грузовым лифтами, что обеспечивает удобство. На территории предусмотрена наземная парковка. Район отличается отличной транспортной доступностью: всего 14 минут пешком до метро. Окрестности насыщены кафе, магазинами и сервисами, а близость к центру города открывает быстрый доступ к деловым и культурным объектам столицы. Данный объект отлично подойдет для молодых профессионалов, стремящихся жить в современной, безопасной и технологичной среде. Лояльные условия (возможность проживания с детьми и домашними животными) расширяют круг потенциальных жильцов. Коммунальные платежи оплачиваются полностью. Если вы ищете квартиру в новостройке, где каждая детоль создана для комфортной жизни без хлопот, это предложение — ваш оптимальный выбор. Свяжитесь с нами, чтобы договориться о просмотре и лично оценить преимущества жизни в современном жилом комплексе ""Символ"". Агентство недвижимости EstateLiga Документы проверены Посмотреть все объекты +7 916 614-90-",,https://www.cian.ru/cat.php?deal_type=rent&district%5B0%5D=8&engine_version=2&offer_type=flat&room9=1&type=4&p=2,2026-04-27T11:20:07+00:00
2037,329409450,ЮВАО,https://www.cian.ru/rent/flat/329409450/?context=4.PpX3U8SKv20.lDyV7fRu5QQFoXKoBoUQupPGQDqO7UpjiErlNsqkdBtAIk60KMssV2lng79RiiIXrxDUZCnQT-iJIQ&mlSearchSessionGuid=eab2cefc752236b7c6e78cec726d7aae,1/5,1029990,30.0,23,31,,"1/5 Студия, 30 м², 23/31 этаж Проверено в Росреестре Нижегородская 8 минут пешком Москва , ЮВАО , р-н Нижегородский , м. Нижегородская , Газгольдерная улица , 10 29 990 ₽/мес. На несколько месяцев, комм. платежи включены (без счётчиков), без комиссии, залог 10 000 ₽ Однокомнатная квартира с видом на город в ЖК Profit. Предлагаем Вам квартиру для строительной бригады, под склад, для хранения вещей во время ремонта или для других целей. Прекрасная транспортная доступность. Прекрасная локация и условия для хранения вещей. Обязательно соблюдение правил дома и оплата счетчиков. Для организации просмотра прошу обращаться по номеру телефона. Собственник ID 87087719 +7 985 260-41-... Написать вчера вчера, 18:24",,https://www.cian.ru/cat.php?deal_type=rent&district%5B0%5D=8&engine_version=2&offer_type=flat&room9=1&type=4&p=1,2026-04-27T11:20:07+00:00
2090,311326053,ЮВАО,https://www.cian.ru/rent/flat/311326053/?context=4.XN1MSFy1ZbY.HY1kJH9QqrsUh9DE_d7_h8GzkLlw2PqYrlVFIYP23wkEHPjBxPitJM7PQ1wOlMK3Kn61uSMMzx5r1g&mlSearchSessionGuid=2563f63b1d546e2b6d3152e29d739159,1/14,1050000,24.0,3,32,,"1/14 Студия, 24 м², 3/32 этаж Только на Циан Нижегородская 8 минут пешком Москва , ЮВАО , р-н Нижегородский , м. Нижегородская , Газгольдерная улица , 10 50 000 ₽/мес. На несколько месяцев, комм. платежи включены (без счётчиков), комиссия 50%, залог 50 000 ₽ Сдается студия с новым ремонтом. До метро Нижегородская 10 минут пешком. Рядом Ашан, Леруа Мерлен, магазины, кафе. В 1 минуте ходьбы магазин Верный (соседний подъезд). Есть пункты выдачи Озон и Вайлдберриз. Для одного человека Возможно проживание с небольшим воспитанным животным. Риелтор Ольга Власова Суперагент +7 916 592-85-... Написать два дня назад 24 апр, 15:41",,https://www.cian.ru/cat.php?deal_type=rent&district%5B0%5D=8&engine_version=2&offer_type=flat&room9=1&type=4&p=3,2026-04-27T11:20:07+00:00
2060,325424262,ЮВАО,https://www.cian.ru/rent/flat/325424262/?context=4.bCZuB75TNds._5hAnhRonwSKHHZKhmd8uL9NZuz0EE31NdpCnE1RdtTNSTXSSMKtP7IksleMMjVzB30IkMRJEppzXg&mlSearchSessionGuid=3c5899e8ce23f7cd56b0c5190b70ca97,1/14,1070000,25.6,9,31,,"1/14 Студия, 25,6 м², 9/31 этаж Только на Циан Нижегородская 9 минут пешком Москва , ЮВАО , р-н Нижегородский , м. Нижегородская , Газгольдерная улица , 10 70 000 ₽/мес. От года, комм. платежи включены (без счётчиков), без комиссии, залог 75 000 ₽ Сдается новая стильная уютная квартира-студия общей площадью 25,6 кв м. Располагается на 12 этаже. Окна выходят на улицу. Техника в квартире: стиральная машина, индукционная варочная панель с 2 конфорками, полноразмерный холодильник, духовой шкаф с функцией микроволновки, вытяжка, кондиционер, проточный водонагреватель, электрочайник, беспроводной пылесос, утюг. Квартира обставлена удобной мебелью: полноразмерная кровать шириной 160 см с подъемным механизмом, анатомический матрас Askona (высота 17 см), прикроватная тумбочка, стеллаж, комод, большой шкаф для одежды, обеденный стол с 2 стульями, пуфик, зеркало. Также есть стремянка и гладильная доска. Санузел с ванной (170 см) площадью 3,2 кв м. Кроме того имеется набор посуды: кастрюли, сковорода, чашки, тарелки, салатники, столовые приборы. Квартира сдается впервые после ремонта. Договор найма заключается на 11 месяцев Коммунальные платежи: электроэнергия, ХВС, ГВС, отопление, интернет оплачиваются арендатором. Риелтор Марианна Маринычева Суперагент +7 915 267-45-... Написать шесть дней назад 21 апр, 08:14",,https://www.cian.ru/cat.php?deal_type=rent&district%5B0%5D=8&engine_version=2&offer_type=flat&room9=1&type=4&p=2,2026-04-27T11:20:07+00:00
2089,321510152,ЮВАО,https://www.cian.ru/rent/flat/321510152/?context=4.nYQtu7ehzaw.t9fB_5FRWDn-WElqGhSgPr0BYlKe2uP1So9RPSujBbm4lQ4XZttXs7xKnPfesU7-r0pB_aa6y_NEyA&mlSearchSessionGuid=2563f63b1d546e2b6d3152e29d739159,1/11,1075000,27.0,15,33,,"1/11 Студия, 27 м², 15/33 этаж Нижегородская 9 минут пешком Москва , ЮВАО , р-н Нижегородский , м. Нижегородская , Газгольдерная улица , 10 75 000 ₽/мес. На несколько месяцев, комм. платежи включены (без счётчиков), без комиссии, залог 60 000 ₽ Уютная картира -студия в ЖК Профит, в 5 минутах от метро Нижегородская. Закрытая охраняемая территория с детскими площадками и местами для спорта. Квартира имеет все для комфортабельного быта, в отделке использованы качественные материалы. В кухне есть вся необходимая техника, включая большой удобный холодильник,варочную плиту, стиральная машина с функцией сушки, микроволновая печь, встроенную вытяжка. Ванная комната оснащена комфортным тропическим душем, удобной и качественной сантехникой. Большой встроенный шкаф в потолок дает возможность иметь много мест хранения. Интернет подключен! В квартире Никто не проживал. Транспорт и Инфраструктура: В 5 минутах станция метро Нижегородская, которая входит в крупнейший транспортно-пересадочный узел. До ТТК можно доехать за 5 минут. Быстрый выезд на ЮВХ, а также на МСД. В двух минутах ТЦ Город, Лемано Про, гипермаркет Ашан, много магазинов продуктов и разного рода кафе. В пешей доступности дворец творчества детей и молодежи им. А.П. Гайдара и факультет МПГУ. Школы и дет. сады. Для прогулок в 5 минутах езды от дома есть кусковский лесопарк. Квартира удобна и практична для личного проживания. Организуем быстрый показ. Просьба риелторам не беспокоить, комиссии нет. Возможно снижение стоимости аренды при полной оплате коммунальных услуг со стороны арендатора Собственник ID 106261201 +7 910 421-58-... Написать шесть дней назад 21 апр, 12:59",,https://www.cian.ru/cat.php?deal_type=rent&district%5B0%5D=8&engine_version=2&offer_type=flat&room9=1&type=4&p=3,2026-04-27T11:20:07+00:00
2034,329297587,ЮВАО,https://www.cian.ru/rent/flat/329297587/?context=4.nAmmS8DbGfQ.z2JLVGxkPMSLRH6CtI-2zfpE_72nsnS-YphCgt3soNlfZnYvPRAsp2HVWVYobYwqEqj1CrZi6CG5YQ&mlSearchSessionGuid=eab2cefc752236b7c6e78cec726d7aae,1/7,1650000,32.0,4,6,,"1/7 Апартаменты-студия, 32 м², 4/6 этаж Марьино 19 минут пешком Москва , ЮВАО , р-н Марьино , м. Перерва , улица Перерва , 16 50 000 ₽/мес. На несколько месяцев, комм. платежи включены (счётчики включены), без комиссии, залог 50 000 ₽ Студия 32 м2, готова к проживанию. Есть вся мебель, кровать 180/200, диван раскладывается, ТВ, посудомоечная машина, кондиционер, тёплый пол, резервный бойлер для горячей воды. Охраняемая парковка во дворе, Сдаётся на 5 месяцев с продлением. Лучше пишите сообщения. Собственник Риелтор Тимур Круглов Документы проверены +7 916 314-18-... Написать два дня назад 25 апр, 14:03",,https://www.cian.ru/cat.php?deal_type=rent&district%5B0%5D=8&engine_version=2&offer_type=flat&room9=1&type=4&p=1,2026-04-27T11:20:07+00:00
2092,329374936,ЮВАО,https://www.cian.ru/rent/flat/329374936/?context=4.MFyPXp4L-og.za5QTxJjNMrp5KnreyPZ4olsKRyY_0G1f0KiOwv1RBuClK3Jw1i6WBGc8n5Xesp4iUnIkkgSY1d4nQ&mlSearchSessionGuid=2563f63b1d546e2b6d3152e29d739159,1/8,1840000,14.0,1,5,,"1/8 Студия, 14 м², 1/5 этаж Авиамоторная 3 минуты пешком Москва , ЮВАО , р-н Лефортово , м. Авиамоторная , шоссе Энтузиастов , 18 40 000 ₽/мес. От года, комм. платежи включены (без счётчиков), комиссия 60%, залог 20 000 ₽ Номер лота - 3535402 ПРОСЬБА ЗВОНИТЬ, А НЕ ПИСАТЬ! Предложение для 1-2х человек! Уютная студия в непосредственной близости от метро. Только что закончен качественный косметический ремонт. Вся необходимая мебель и техника для комфортного проживания. Район с развитой инфраструктурой. В пешей доступности супермаркеты, кинотеатр Москино, сквер, ТЦ ""Город"" и многое другое. Удобная транспортная доступность, в пешей доступности станция метро ""Авиамоторная"" калининской линии и БКЛ, остановки наземного транспорта (автобус, трамвай). Залог половина стоимости! ИНКОМ-Проспект Мира. Агентство недвижимости ИНКОМ-Недвижимость Аренда Суперагент +7 939 024-50-... Написать 2 часа назад сегодня, 11:46",,https://www.cian.ru/cat.php?deal_type=rent&district%5B0%5D=8&engine_version=2&offer_type=flat&room9=1&type=4&p=3,2026-04-27T11:20:07+00:00
2024,328767657,ЮВАО,https://www.cian.ru/rent/flat/328767657/?context=4.jNss0m-mkUY.cWQ8QZ6kaONBMQRnJElOpxlK0iSiUmWmdtsPN-Sg5BVgnJMLS9RUy-RfqA7I1QDn7NB_2nLxaEYnNg&mlSearchSessionGuid=eab2cefc752236b7c6e78cec726d7aae,1/5 Ещё фото,2030000,24.0,18,25,,"1/5 Ещё фото Апартаменты-студия, 24 м², 18/25 этаж Только на Циан Волгоградский проспект 3 минуты пешком Москва , ЮВАО , р-н Южнопортовый , м. Волгоградский проспект , Новоостаповская улица , 20 30 000 ₽/мес. От года, комм. платежи включены (без счётчиков), комиссия 50%, залог 30 000 ₽ Id 62577. Представляем к сдаче просторную студию площадью 24 м² в только что построенном монолитном жилом комплексе бизнес-класса. Квартира расположена на 18 этаже 25-этажной башни, что гарантирует вам потрясающие панорамные виды из окон и обилие естественного света. Высокие потолки 3 метра и свободная планировка открывают пространство для реализации самых смелых дизайнерских решений. Объект сдается без отделки — это ваш чистый лист для создания интерьера, который будет отражать ваш вкус и стиль жизни. Локация — одно из ключевых преимуществ. Дом находится на Новоостаповской улице, в пешей доступности (2 минуты) от станции метро ""Дубровка"". Также в шаговой доступности находятся станции ""Кожуховская"" и ""Автозаводская"". Это динамичный и хорошо развитый район с отлаженной транспортной инфраструктурой, что особенно оценит деловой человек. Рядом есть все для комфортной жизни: современные торговые центры, рестораны, фитнес-клубы и парковые зоны для отдыха. Жилой комплекс ""HighWay"" отвечает всем стандартам современного комфорта. В здании установлены два пассажирских и один грузовой лифт. Для вашего автомобиля предусмотрен подземный паркинг. Квартира функциональна: здесь есть совмещенный санузел и большая кухня площадью 15 м², которую можно организовать как полноценную гостиную зону или пространство для работы. Идеально подойдет для молодого специалиста, пары или инвестора, ищущего объект для последующей перепродажи. Свяжитесь с нами прямо сейчас, чтобы назначить просмотр и лично оценить все преимущества этой квартиры. Агентство недвижимости EstateLiga Документы проверены Посмотреть все объекты +7 916 863-15-... Написать вчера вчера, 18:28",,https://www.cian.ru/cat.php?deal_type=rent&district%5B0%5D=8&engine_version=2&offer_type=flat&room9=1&type=4&p=1,2026-04-27T11:20:07+00:00
2067,321121572,ЮВАО,https://www.cian.ru/rent/flat/321121572/?context=4.6vv0Zglve_o.Zp9qzHwfmJUIPV1uCafEzekg9skbp1AFUNw7eIhzT3zAmxslr4hVickDmG2nNx3qhSxsNbRcUagCxA&mlSearchSessionGuid=3c5899e8ce23f7cd56b0c5190b70ca97,1/5,2030000,37.0,8,23,,"1/5 Апартаменты-студия, 37 м², 8/23 этаж Только на Циан Онлайн-договор Волгоградский проспект 3 минуты пешком Москва , ЮВАО , р-н Южнопортовый , м. Волгоградский проспект , Новоостаповская улица , 20 30 000 ₽/мес. На несколько месяцев, комм. платежи включены (счётчики включены), без комиссии, залог 10 000 ₽ без прописки. Сдается апартамент без ремонта, без отделки, с установленным унитазом, под ваши цели. 1 минута от метро Волгоградский проспект на 3-12 месяцев. Дополнительно оплачиваются счетчики. Собственник ID 21041836 Документы проверены +7 923 079-38-... Написать неделю назад 20 апр, 11:02",,https://www.cian.ru/cat.php?deal_type=rent&district%5B0%5D=8&engine_version=2&offer_type=flat&room9=1&type=4&p=2,2026-04-27T11:20:07+00:00
2046,329269317,ЮВАО,https://www.cian.ru/rent/flat/329269317/?context=4.MNVHpFkT-qA.DMLvPNOXBVsfG7VOs2IQ8qeaey3BqC3-z0WgGH67PQcFF_LhQgnqyMHoOoZd1wGy4EQjOl2VCqfTvQ&mlSearchSessionGuid=3c5899e8ce23f7cd56b0c5190b70ca97,1/7,2049500,28.7,12,23,,"1/7 Апартаменты-студия, 28,7 м², 12/23 этаж Волгоградский проспект 3 минуты пешком Москва , ЮВАО , р-н Южнопортовый , м. Волгоградский проспект , Новоостаповская улица , 20 49 500 ₽/мес. От года, комм. платежи включены (без счётчиков), без комиссии, залог 53 000 ₽ Сдается студия с современным евро ремонтом в монолитном доме 2025 года постройки. Просторная жилая зона площадью 28,7 м² оформлена светлыми тонами и оборудована встроенной гардеробной. В квартире установлены новые качественные окна, обеспечивающие отличный вид на городские пейзажи. Санузел совмещенный, выполнен в стильном дизайне с душевой кабиной, современной сантехникой и полотенцесушителем. есть отдельная гардеробная комната 4 кв.м, подведено электричество и вода для подключения стиральной машины и сушильной машины. Квартира сдается без мебели, имеется возможность подключения любой бытовой техники (посудомоечная машина, свч, варочной панели, холодильника, стиральной и сушильной машины). Подключен кондиционер инвенторный. Подъезд оснащен двумя пассажирскими лифтами и одним грузовым, что обеспечивает удобство перемещения. Для автомобилей предусмотрена подземная парковка. Во дворе закрытая территория с возможностью прогулок и занятий спортом, благодаря наличию спортивной площадки. Курение в помещении запрещено, а проживание с детьми разрешено. Отличное предложение для тех, кто ценит комфорт и современность в городской среде. Станция метро Волгоградский проспект 2 мин Собственник ID 22475360 +7 915 042-57-... Написать три дня назад 24 апр, 13:45",,https://www.cian.ru/cat.php?deal_type=rent&district%5B0%5D=8&engine_version=2&offer_type=flat&room9=1&type=4&p=2,2026-04-27T11:20:07+00:00
2093,329117063,ЮВАО,https://www.cian.ru/rent/flat/329117063/?context=4.wliVECeHe1Q.QEvXc7jMKZ2qtz7Zb2773sdxtf1A2IW8unAc8Gem12M0AinYIrltaUz4KND9A1y8ogoUKfPaOUHvPw&mlSearchSessionGuid=2563f63b1d546e2b6d3152e29d739159,1/9,2054000,20.4,20,21,,"1/9 Студия, 20,4 м², 20/21 этаж Только на Циан Волгоградский проспект 3 минуты пешком Москва , ЮВАО , р-н Южнопортовый , м. Волгоградский проспект , Новоостаповская улица , 20 54 000 ₽/мес. От года, комм. платежи включены (без счётчиков), комиссия 50%, залог 54 000 ₽ В аренду предлагается СТУДИЯ в ЖК HighWay. В студии выполнен качественный ремонт в современном стиле. Совмещенный санузел оборудован импортной сантехникой (душевая кабина). Кухонный гарнитур с вытяжкой, варочной панелью и посудомоечной машинкой. 2 встроенных шкафа для одежды. Кровать с подъемным механизмом (без матраса). Кондиционер. Двор без машин. До метро 5 минут пешком от подъезда. Временную регистрацию не делают. Не курящих. Длительный срок аренды. Риелтор Антон Смолев Суперагент +7 915 012-09-... Написать 3 часа назад сегодня, 11:14",,https://www.cian.ru/cat.php?deal_type=rent&district%5B0%5D=8&engine_version=2&offer_type=flat&room9=1&type=4&p=3,2026-04-27T11:20:07+00:00
2070,328729519,ЮВАО,https://www.cian.ru/rent/flat/328729519/?context=4._ePEKxQqdgc.g5YIJNL7uu4uFr1ZKKn8gn_IGcs3v-nplUuu7iKcZkcxVPSBiwyQCRjjKC8wgrMDy2eGDVvCsA-WjA&mlSearchSessionGuid=3c5899e8ce23f7cd56b0c5190b70ca97,1/8,2058000,22.0,19,23,,"1/8 Апартаменты-студия, 22 м², 19/23 этаж Только на Циан Волгоградский проспект 3 минуты пешком Москва , ЮВАО , р-н Южнопортовый , м. Волгоградский проспект , Новоостаповская улица , 20 58 000 ₽/мес. От года, комм. платежи включены (без счётчиков), комиссия 60%, залог 30 000 ₽ Современная студия 23 м2! 2 минуты от станции метро Волгоградский проспект или 7 минут от метро Угрешская. 10 минут до Кремля, рядом Третье транспортное кольцо, удобно добираться в любую точку города. Максимально комфортное проживание вам обеспечено. Круглосуточная охрана подъезда и территории. Высота потолков под 2,8 метра. Современный дизайн, и мебель. Новая техника (кондиционер, встроенный холодильник, плита, стиральная машина, телевизор, СВЧ). Большая ванна Индивидуальное отопление с возможностью регулировки каждой батареи. Коммунальные платежи по счетчикам. Популярный Жилой комплекс ЖК ""Хайвей"". Расположен в отличном районе города Москвы с сложившейся инфраструктурой района. Недалеко от комплекса: Крупнейший развлекательный комплекс ""Остров мечты"", Коломенский парк, Современная архитектура и авторская отделка корпусов. Благоустроенная и охраняемая территория. Собственный подземный паркинг, оригинальные современные детские площадки. Квартира сдается ВПЕРВЫЕ. Порядочный и доброжелательный собственник. Желаю Удачи! Риелтор Дмитрий Сыромятников Суперагент +7 986 323-66-... неделю назад 18 апр, 20:36",,https://www.cian.ru/cat.php?deal_type=rent&district%5B0%5D=8&engine_version=2&offer_type=flat&room9=1&type=4&p=2,2026-04-27T11:20:07+00:00
2081,329032904,ЮВАО,https://www.cian.ru/rent/flat/329032904/?context=4.1VtR18gXo50.TB8Q6OrIxLiwrKIUUsVjE1-ZUDNW92z2QHEyEhCAkIJfkr174xUyOo45yL06IhGPNmAGl_pZycpZaA&mlSearchSessionGuid=2563f63b1d546e2b6d3152e29d739159,1/9,2060000,25.0,3,25,,"1/9 Апартаменты-студия, 25 м², 3/25 этаж Волгоградский проспект 3 минуты пешком Москва , ЮВАО , р-н Южнопортовый , м. Волгоградский проспект , Новоостаповская улица , 20 60 000 ₽/мес. От года, комм. платежи включены (без счётчиков), без комиссии, залог 60 000 ₽ Сдается уютная и комфортная студия 25 кв.м в первый раз, 2 минуты пешком до метро Волгоградский проспект. Новый ремонт, никто не жил. Есть вся необходимая новая техника, кондиционер с функцией обогрева, шторы блек аут, теплый пол. Третий этаж, снизу нет жилых помещений благодаря архитектурному проекту дома. Панорамные окна, шумоизоляция. Территория ЖК огорожена и охраняется. До метро полторы -2 минуты пешком. Во дворе есть детская площадка, двор без машин. Если кому надо, есть подземная парковка за отдельную плату. , без животных. На длительный срок, без комиссии. Звонить с 12 до 21 часа. ----- Примечание: у собственника могут быть дополнительные пожелания к жильцам - обсудите их в чате или по телефону Собственник ID 139256113 Документы проверены +7 916 431-92-... Написать три дня назад 24 апр, 08:05",,https://www.cian.ru/cat.php?deal_type=rent&district%5B0%5D=8&engine_version=2&offer_type=flat&room9=1&type=4&p=3,2026-04-27T11:20:07+00:00
2095,326387814,ЮВАО,https://www.cian.ru/rent/flat/326387814/?context=4.GYpG19egy3g.oG_mpv3trEzkV32MYW2FU2LnAXaIPYBz5G9SrdttfN-x6bKapSUuW1LM5bnPmshAHnsNiVoDtbbb0A&mlSearchSessionGuid=2563f63b1d546e2b6d3152e29d739159,1/11,2060000,25.1,6,23,,"1/11 Апартаменты-студия, 25,1 м², 6/23 этаж Только на Циан Волгоградский проспект 3 минуты пешком Москва , ЮВАО , р-н Южнопортовый , м. Волгоградский проспект , Новоостаповская улица , 20 60 000 ₽/мес. От года, комм. платежи включены (без счётчиков), комиссия 50%, залог 60 000 ₽ Предлагается стильная студия в монолитном доме в 2 минутах от метро. Окна во двор, свежий ремонт, кондиционер и новая обстановка. Каждый сантиметр студии продуман, для максимально комфортного проживания. Есть вся необходимая бытовая техника и множество мест хранения одежды и прочих вещей. Риелтор Овик Хачатрян Суперагент +7 985 223-23-... Написать шесть дней назад 20 апр, 21:08",,https://www.cian.ru/cat.php?deal_type=rent&district%5B0%5D=8&engine_version=2&offer_type=flat&room9=1&type=4&p=3,2026-04-27T11:20:07+00:00
2030,327508327,ЮВАО,https://www.cian.ru/rent/flat/327508327/?context=4.x-OecblBbaY.8JVsjKp8bVec1bSh83IvQnfhqxbBSSDzNFDPKH6gan9twsxyCeE5Jtf2XOzvwaJrvOCLD4FqH4h-Qw&mlSearchSessionGuid=eab2cefc752236b7c6e78cec726d7aae,1/5 Ещё фото,2065000,27.3,10,23,,"1/5 Ещё фото Апартаменты-студия, 27,3 м², 10/23 этаж Волгоградский проспект 3 минуты пешком Москва , ЮВАО , р-н Южнопортовый , м. Волгоградский проспект , Новоостаповская улица , 20 65 000 ₽/мес. От года, комм. платежи включены (без счётчиков), комиссия 50%, залог 70 000 ₽ Id 61338. **Сдается студия в новом ЖК ""HighWay""** Об апартаменте: - Видовая (на другой ЖК и кроны деревьев) - Высокий этаж как одно из преимуществ. - Только долгосрок. Главные преимущества комплекса Хайвей: - Метро ""Волгоградский проспект"" в 1 минуте ходьбы. - До центра города 2 станции на метро! - На первых этаж уже работает продуктовый магазин ""Дикси"", также в комплексе открыты пункты выдачи ""Ozon"" и ""Wildberries"" - Летом будет открыт фитнес-клуб с бассейном, до которых можно добраться не выходя из подъезда! - Закрытая территория с пропускной системой. - Подземный паркинг. - ЖК находится в активно развивающемся районе Москвы. Звоните для записи на показ, отвечаю быстро Агентство недвижимости EstateLiga Документы проверены Посмотреть все объекты +7 916 863-15-... Написать вчера вчера, 19:25",,https://www.cian.ru/cat.php?deal_type=rent&district%5B0%5D=8&engine_version=2&offer_type=flat&room9=1&type=4&p=1,2026-04-27T11:20:07+00:00
2091,328378658,ЮВАО,https://www.cian.ru/rent/flat/328378658/?context=4.yroz-p3_fCE.2Z5st8qVYSIVxRym3C0oISiolKFxqSFWXUl7JBUvm21yk9jTTSKrUHov8fJld9s7ptQMgBwAQWhPQw&mlSearchSessionGuid=2563f63b1d546e2b6d3152e29d739159,1/16,2065000,25.0,13,22,,"1/16 Апартаменты-студия, 25 м², 13/22 этаж Только на Циан Волгоградский проспект 3 минуты пешком Москва , ЮВАО , р-н Южнопортовый , м. Волгоградский проспект , Новоостаповская улица , 20 65 000 ₽/мес. От года, комм. платежи включены (без счётчиков), комиссия 10%, залог 65 000 ₽ Сдаётся впервые дизайнерская стильная студия площадью 25 кв. м в современном доме. Апартаменты расположены на 13 этаже 22-этажного здания, всего в 1 минуте пешком от метро. Высокие потолки 2.8 метра создают ощущение простора. Студия с дизайнерским ремонтом полностью готова к проживанию. В квартире есть вся необходимая мебель: двуспальная кровать с подьемным механизмом, комфортный ортопедический матрас, прикроватные тумбы и тумба под телевизор, кухонный гарнитур с антресолью, обеденная зона со столом и стульями, вместительный шкаф с антресолью, прихожая, аксессуары, а также современная техника: большой телевизор, кондиционер, большой двух камерный холодильник, варочная панель, вытяжка, посудомоечная машина на 60 см, микроволновка. В ванной комнате установлена душевая кабина, современная тумба со стиральной машиной, зеркало с подсветкой, унитаз с крышкой микро - лифт! Продуманная электрика, много розеток и несколько сценариев освещения! Тишина и комфорт: профессиональная стяжка пола с шумоизоляцией! На длительный срок, для одного - двух человек максимум, без детей и животных! Дом в отличном состоянии, оборудован пассажирским и грузовым лифтами. Для удобства жильцов предусмотрена подземная парковка. Проведён интернет, поэтому можно оставаться на связи. Рядом находятся школы, детские сады, клиники и магазины, что делает район удобным для жизни. Записывайтесь на просмотр и оцените все преимущества этой уютной студии! Риелтор ID 83949298 Документы проверены +7 919 725-05-... Написать два дня назад 24 апр, 19:10",,https://www.cian.ru/cat.php?deal_type=rent&district%5B0%5D=8&engine_version=2&offer_type=flat&room9=1&type=4&p=3,2026-04-27T11:20:07+00:00
2066,327143324,ЮВАО,https://www.cian.ru/rent/flat/327143324/?context=4.XXVey_j_uOE.GBuOFjeUI9olyjs0o1GLIcx738Luyez-ql5kN4cIWp5PYdbDRxZJyTx5wMv5r7Ic-Y_iPfj0MBbc_Q&mlSearchSessionGuid=3c5899e8ce23f7cd56b0c5190b70ca97,1/9,2066999,26.0,22,23,,"1/9 Апартаменты-студия, 26 м², 22/23 этаж Волгоградский проспект 3 минуты пешком Москва , ЮВАО , р-н Южнопортовый , м. Волгоградский проспект , Новоостаповская улица , 20 66 999 ₽/мес. От года, комм. платежи включены (без счётчиков), комиссия 50%, залог 75 000 ₽ Id 60982. Сдается просторная студия в ЖК ""HighWay"" ! Об апартаменте: - Квартира оснащена всей необходимой мебелью и техникой. - Большое панорамное окно. - Дизайнерский ремонт на стадии завершения. - Полностью укомплектована Главные преимущества комплекса Хайвей: - Метро ""Волгоградский проспект"" в 3 минутах ходьбы. - До центра города 10 минут на метро! - На первых этаж уже работает продуктовый магазин ""Дикси"", также в комплексе открыты пункты выдачи ""Ozon"" и ""Wildberries"" - Летом будет открыт фитнес-клуб с бассейном, до которых можно добраться не выходя из подъезда! - Закрытая территория с пропускной системой. - Подземный паркинг. - ЖК находится в активно развивающемся районе Москвы. - Рядом расположен торговый центр ""Дубровка"" известный своими положительными отзывами. Рассмотрим предложения, звоните для записи на показ, отвечаю быстро! Агентство недвижимости EstateLiga Документы проверены +7 916 863-15-... Написать вчера 25 апр, 19:04",,https://www.cian.ru/cat.php?deal_type=rent&district%5B0%5D=8&engine_version=2&offer_type=flat&room9=1&type=4&p=2,2026-04-27T11:20:07+00:00
2035,328582292,ЮВАО,https://www.cian.ru/rent/flat/328582292/?context=4.tKc3lJ3DCfo.6N1KUU_4v3hkuKrxTAo-ILamfnjdSVsQgcIrTyU4c6ERtkDFmX5WnA_h1ubTS3xsQSNMjftC2xlL7w&mlSearchSessionGuid=eab2cefc752236b7c6e78cec726d7aae,1/14 Ещё фото,2070000,26.5,12,23,,"1/14 Ещё фото Апартаменты-студия, 26,5 м², 12/23 этаж Только на Циан Волгоградский проспект 3 минуты пешком Москва , ЮВАО , р-н Южнопортовый , м. Волгоградский проспект , Новоостаповская улица , 20 70 000 ₽/мес. От года, комм. платежи включены (без счётчиков), комиссия 50%, залог 77 000 ₽ Id 62410. Стильная студия в современном жилом комплексе ""HighWay"" с панорамными видами Москвы Представляем к аренде уникальную студию в жилом комплексе бизнес-класса ""HighWay"". Это не просто апартаменты, а полностью готовое к комфортной жизни пространство. Объект идеально подойдет для одного человека или пары, ценящих современный ритм жизни, безупречный ремонт и отличную транспортную доступность. Апартаменты выполнены с дизайнерским евроремонтом и полностью укомплектована всей необходимой техникой и мебелью. Вы сможете заселиться с одним чемоданом: в вашем распоряжении удобная меблированная зона, современная кухня со встроенной техникой и мебелью, телевизор, интернет. Отдельная благоустроенная ванная комната с душевой кабиной добавляет удобства. Большая панорамная оконная группа выходит на улицу, наполняя пространство светом и открывая динамичные городские виды. Жилой комплекс ""HighWay"" - это новый стандарт жизни. Локация является ключевым преимуществом: всего 2 минуты пешком до метро ""Волгоградский проспект"" и 10-12 минут неспешным шагом до станций ""Дубровка"" и ""Угрешская"". Район обладает развитой инфраструктурой с магазинами, кафе и сервисами. Арендная ставка составляет 77 000 рублей в месяц. В эту сумму уже включены коммунальные услуги, что обеспечивает прозрачность ежемесячных платежей. Залог равен одному месяцу аренды. Это предложение представляет собой отличную возможность для молодых профессионалов, работающих в центре или в деловых кластерах Москвы, а также для тех, кто ищет современное и безопасное жилье с долгосрочной перспективой аренды. Чтобы запланировать просмотр этой светлой студии в ЖК ""HighWay"" и оценить все ее преимущества лично, свяжитесь с нами для согласования времени визита. Агентство недвижимости EstateLiga Документы проверены Посмотреть все объекты +7 916 863-15-... Написать вчера вчера, 19:25",,https://www.cian.ru/cat.php?deal_type=rent&district%5B0%5D=8&engine_version=2&offer_type=flat&room9=1&type=4&p=1,2026-04-27T11:20:07+00:00
2050,328394404,ЮВАО,https://www.cian.ru/rent/flat/328394404/?context=4.C4y54I-MRYE.Jz5dKw-5zzxLf07JOC0KKiFs7-WKjKvjkSaYJofB_XVN3uCU3GRapq3ZzI0D_kdd4JGNXCfndDiQOw&mlSearchSessionGuid=3c5899e8ce23f7cd56b0c5190b70ca97,1/41 Ещё фото,2070000,21.7,11,23,,"1/41 Ещё фото Апартаменты-студия, 21,7 м², 11/23 этаж Волгоградский проспект 3 минуты пешком Москва , ЮВАО , р-н Южнопортовый , м. Волгоградский проспект , Новоостаповская улица , 20 70 000 ₽/мес. От года, комм. платежи включены (без счётчиков), без комиссии, залог 70 000 ₽ долгосрочная аренда! От года! дизайнерский ремонт. бытовая техника Haier, телевизор яндекс с Алисой , интернет вай фай , фильтра на общую и питьевую воду, система протечки нептун, видео домофон, стиральная машинка с сушкой,утюг, ручной пылесос, чайник, фен все Haier. резервный проточный водонагреватель. инверторный бесшумный кондиционер Haier. мастер выключатель. usb розетки в удобных местах. гладильная доска. очень много места для хранения. все продумано и эргономично, диван раскладывается. обеденный Стол раздвигается . шторы в спальной зоне Блэк аут, по факту 3 спальных места. ремонт сделан из качественных материалов! мебель изготовлена из лдсп egger. сантехника качественная! станция метро прям у подъезда. окна выходят не на дорогу!!! в жк есть фитнес зал, бассейн, магазины, кафе. только после ремонта! звонки бывают не проходят, блокирует спам. так что пишите, отвечу! видеообзор по запросу. возможна временная регистрация. возможна оплата по безналу( условия обсуждаются). Собственник ID 61899843 Документы проверены Посмотреть все объекты +7 916 478-51-... Написать 45 минут назад сегодня, 13:31",,https://www.cian.ru/cat.php?deal_type=rent&district%5B0%5D=8&engine_version=2&offer_type=flat&room9=1&type=4&p=2,2026-04-27T11:20:07+00:00
2084,328879254,ЮВАО,https://www.cian.ru/rent/flat/328879254/?context=4.xPxpG_XZ6BE.QaFpi1n172AhJ2y0Bkvz8z3F_SJ59XineqPGxOIqHs3wgBbZH59OIAmoJZ3jt1B53_gWRw0_FlR9nQ&mlSearchSessionGuid=2563f63b1d546e2b6d3152e29d739159,1/13,2075000,27.5,2,23,,"1/13 Апартаменты-студия, 27,5 м², 2/23 этаж Только на Циан Волгоградский проспект 3 минуты пешком Москва , ЮВАО , р-н Южнопортовый , м. Волгоградский проспект , Новоостаповская улица , 20 75 000 ₽/мес. От года, комм. платежи включены (счётчики включены), без комиссии, залог 70 000 ₽ Сдается на длительный срок студия 27,5 м2 с дизайнерским ремонтом в современном ЖК ХайВэй. Расположение ЖК 1 мин пешком до м. Волгоградский пр-т, 5 мин до м. Дубровка, 10 мин до м.Угрешская, вся необходимая инфраструктура, рядом магазин Дикси и др, закрытая охраняемая территория, благоустроенный двор и подземный паркинг. Ремонт: новый дизайнерский, идеальное состояние. санузел совместный с душевой зоной. Техника в квартире вся стильная и новая: большой холодильник, стиральная машина, микроволновая печь, духовой шкаф, телевизор, кондиционер, стеклокерамическая варочная панель, вытяжка. Мебель: кухня, большой шкаф купе, кровать с ортопедическим матрасом 200*160. полка под телевизор, кухонный стол и стулья. Сдается для одного человека или семейной пары, без детей и без животных. Дополнительно оплачивается стоимость коммунальных услуг ( вода, электричество, отопление) и интернет. Посредников прошу не беспокоить. Собственник ID 90497284 +7 915 243-42-... Написать два дня назад 24 апр, 16:02",,https://www.cian.ru/cat.php?deal_type=rent&district%5B0%5D=8&engine_version=2&offer_type=flat&room9=1&type=4&p=3,2026-04-27T11:20:07+00:00
2075,329111753,ЮВАО,https://www.cian.ru/rent/flat/329111753/?context=4.GYVpruHGxLw.69j60NFoiqYvkYwnl77gq2EVTZDJ7wc_f1yljeaaT1pB-zukG6YqWkvVBHu60jQ3JwewSUBDj6Af1Q&mlSearchSessionGuid=2563f63b1d546e2b6d3152e29d739159,1/21,2079000,19.0,10,23,,"1/21 Апартаменты-студия, 19 м², 10/23 этаж Волгоградский проспект 3 минуты пешком Москва , ЮВАО , р-н Южнопортовый , м. Волгоградский проспект , Новоостаповская улица , 20 79 000 ₽/мес. От года, комм. платежи включены (счётчики включены), без комиссии, залог 79 000 ₽ Для Вас арт пространство для комфортного проживания. Дизайн выполнен в классическом стиле с яркими деталями, задающими характер. Основной упор сделан на функциональности студии. Тщательно продуманы зоны для отдыха, работы, приема пищи, хранения вещей, зональное освещение, проходные выключатели. Портативная варочная панель хранится в шкафу, таким образом не загромождает поверхность столешницы. При необходимости достается для приготовления. Шумоизоляция стен, пола выполнена по стандарту класса А, шумоизоляция дверей по классу 3. Это обеспечивает максимальную независимость от шума соседей. Подогрев полов разделен на 2е зоны: комната и санузел. Не думайте про оплату воды, света, интернет. Для удобства всё включено в единый платеж за проживание. Бесплатно предоставляется услуга генеральной уборки клининговой компании один раз в 4 месяца, плюс бытовая химия и средства для уборки. Данное предложение для одного человека женского пола. Агентам просьба не беспокоить. ID 92647727 Документы проверены +7 986 264-15-... Написать два дня назад 25 апр, 13:32",,https://www.cian.ru/cat.php?deal_type=rent&district%5B0%5D=8&engine_version=2&offer_type=flat&room9=1&type=4&p=3,2026-04-27T11:20:07+00:00
2077,329111558,ЮВАО,https://www.cian.ru/rent/flat/329111558/?context=4.n5q9JnZKHbc.uxmAYGR15D8ihtYPifGvLwmuUU55W-6cSZWuvpuAIPUbmnIQW9JDc1_pN2_xX52Pyw0C2m3eTf3ZhA&mlSearchSessionGuid=2563f63b1d546e2b6d3152e29d739159,1/22,2079000,19.0,10,23,,"1/22 Апартаменты-студия, 19 м², 10/23 этаж Волгоградский проспект 3 минуты пешком Москва , ЮВАО , р-н Южнопортовый , м. Волгоградский проспект , Новоостаповская улица , 20 79 000 ₽/мес. От года, комм. платежи включены (счётчики включены), без комиссии, залог 79 000 ₽ Для Вас арт пространство для комфортного проживания. Дизайн выполнен в стиле минимализм. Визуальная гамма с растяжкой цвета от белого к голубому создает ощущение вида на море. Основной упор сделан на функциональности студии. Тщательно продуманы зоны для отдыха, работы, приема пищи, хранения вещей, зональное освещение, проходные выключатели. Портативная варочная панель хранится в шкафу, таким образом не загромождает поверхность столешницы. При необходимости достается для приготовления. Шумоизоляция стен, пола выполнена по стандарту класса А, шумоизоляция дверей по классу 3. Это обеспечивает максимальную независимость от шума соседей. Подогрев полов разделен на 2е зоны: комната и санузел. Не думайте про оплату воды, света, интернет. Для удобства всё включено в единый платеж за проживание. Бесплатно предоставляется услуга генеральной уборки клининговой компании один раз в 4 месяца, плюс бытовая химия и средства для уборки. Данное предложение для одного человека женского пола. Агентам просьба не беспокоить. ID 92647727 Документы проверены +7 986 264-15-... Написать два дня назад 25 апр, 13:32",,https://www.cian.ru/cat.php?deal_type=rent&district%5B0%5D=8&engine_version=2&offer_type=flat&room9=1&type=4&p=3,2026-04-27T11:20:07+00:00
2087,328909207,ЮВАО,https://www.cian.ru/rent/flat/328909207/?context=4.e6a5m_6oM1k.uzhHopyo6CWhIKylLyDAKwI12-av71kv3OUTL4AkcdkjbUNL3q03MZU_C8F6b1-ROyLxQfWULJNErw&mlSearchSessionGuid=2563f63b1d546e2b6d3152e29d739159,1/22,2080000,25.0,20,24,,"1/22 Апартаменты-студия, 25 м², 20/24 этаж Волгоградский проспект 3 минуты пешком Москва , ЮВАО , р-н Южнопортовый , м. Волгоградский проспект , Новоостаповская улица , 20 80 000 ₽/мес. На несколько месяцев, комм. платежи включены (без счётчиков), без комиссии, залог 80 000 ₽ Собственник впервые сдает студию в новом ЖК бизнес класса. Квартира сдается от нескольких месяцев и на длительный срок. Всего 2 минуты пешком до метро Волгоградский проспект и через 7 минут Вы окажетесь в самом центре нашей столицы! Видовая квартира с отличной панорамой на центр города, стильный ремонт и обстановка, качественная мебель и современная бытовая техника Kupersberg (кондиционер, стиральная машина, посудомоечная машина, холодильник, духовой шкаф и варочная панель, тв, утюг ...), вся необходимая домашняя утварь и посуда. Есть все, что нужно для качественной и комфортной жизни! Осталось только завезти свои вещи! Новый ЖК бизнес класса с закрытой территорией и приличными соседями. Зеленый район, рядом кафе, школы, детские сады, магазины, внутри территории находится фитнес клуб. Собственник ID 81815441 Документы проверены +7 917 422-07-... Написать 2 часа назад сегодня, 11:58",,https://www.cian.ru/cat.php?deal_type=rent&district%5B0%5D=8&engine_version=2&offer_type=flat&room9=1&type=4&p=3,2026-04-27T11:20:07+00:00
2039,327342234,ЮВАО,https://www.cian.ru/rent/flat/327342234/?context=4.bFEewKrHi7s._xaFzXKd12ruy8-1JyV-YYrly7EdCmalnZAUWms1iArag4GC6mgV8wxqDEF3ticrhyU8CsbQEvAkgA&mlSearchSessionGuid=eab2cefc752236b7c6e78cec726d7aae,1/17 Ещё фото,2084100,27.0,17,21,,"1/17 Ещё фото Без депозита! Рядом метро Студия, 27 м², 17/21 этаж Волгоградский проспект 3 минуты пешком Москва , ЮВАО , р-н Южнопортовый , м. Волгоградский проспект , Новоостаповская улица , 20 84 100 ₽/мес. От года, комм. платежи включены (без счётчиков), комиссия 50%, без залога Сдаётся светлая студия с евроремонтом и совмещённым санузлом, без депозита! Её можно посмотреть когда Вам удобно: бронируете время, забираете ключи и спокойно осматриваете. Если всё понравится, договор подпишем онлайн и будем поддерживать Вас на всех этапах аренды. В квартире есть: - Кухонный гарнитур; - Телевизор; - Холодильник; - Стиральная машина; - Кондиционер; - Интернет и роутер. Дополнительную мебель/технику можно приобрести в счёт арендной платы. Полы ламинат и плитка. Окна выходят во двор, на юг. Собственник готов заселить не более 2 взрослых жильцов с детьми старше 7 лет или заключить договор с юридическим лицом. С домашним питомцем нельзя. Дом расположен в районе с развитой инфраструктурой, в пешей доступности - школы и детские сады, продуктовые супермаркеты, фитнес-клубы, кафе, аптеки и медицинские учреждения, автосервисы и заправки. До м. Волгоградский проспект - 1 минута пешком. Агентство недвижимости ПИК-Аренда Документы проверены Посмотреть все объекты +7 986 323-90-... Написать вчера вчера, 21:18",,https://www.cian.ru/cat.php?deal_type=rent&district%5B0%5D=8&engine_version=2&offer_type=flat&room9=1&type=4&p=1,2026-04-27T11:20:07+00:00
2031,327246474,ЮВАО,https://www.cian.ru/rent/flat/327246474/?context=4.0He0rwiZ61Q.YqaIXxd2X4HUUgLxj_HksAB6Bntwz9u8fzyrsx69UUC_-k9RRs7jimYE1YIiEXm2vHubUgxgxR-GFA&mlSearchSessionGuid=eab2cefc752236b7c6e78cec726d7aae,1/11,3739000,16.0,5,10,,"1/11 Студия, 16 м², 5/10 этаж Авиамоторная 19 минут пешком Москва , ЮВАО , р-н Нижегородский , м. Авиамоторная , Подъемная улица , 14С37 39 000 ₽/мес. От года, комм. платежи включены (без счётчиков), комиссия 60%, залог 48 000 ₽ Код объекта: 2056548. Семь причин снять эту студию: 1) Вы снимаете не просто метры, а получаете доступ к целой экосистеме. Больше не нужно тратить время и деньги на фитнес-клуб и коворкинг. На первых этажах ЖК к вашим услугам спортзал, бильярд, аэрохоккей, кафе и коворкинг, где можно расслабиться и пообщаться после рабочего дня. Вы освобождаете время на логистику и можете инвестировать его в себя. 2) Удивительная локация: три старообрядческих монастыря, прогулки по территории которых — это ментальная перезагрузка. 1 минута пешком от подъезда —и вы получаете атмосферу, за которой люди уезжают за город. 3) Студия оборудована всем необходимым, включая кондиционер и посудомоечную машину. Отдельно отмечу большой крепкий диван. 4) Комфортно не только вам, но и вашему транспорту. На первом этаже —помещение для хранения велосипедов, самокатов. Собственная автомобильная парковка под шлагбаумом. Охрана 24/7. 5) Объект куплен как инвестиция для сдачи в аренду на долгий срок. Можете быть уверены — никаких неожиданных выселений. 6) Живописные локации рядом сочетаются с доступом к ресурсам большого города. 2 минуты пешком до ТЦ ""Город"". Бутики, рестораны, пункты выдачи заказов, все к вашим услугам. 7) Экологичное окружение. Архетип жителя ЖК — это молодые амбициозные люди, работающие в IT-сфере. Драйвовая атмосфера людей, уважающих личные границы и нацеленных на успех. Залог можем разбить на 3 месяца. Агентство недвижимости Владис Документы проверены +7 915 207-99-... Написать 2 часа назад сегодня, 12:04",,https://www.cian.ru/cat.php?deal_type=rent&district%5B0%5D=8&engine_version=2&offer_type=flat&room9=1&type=4&p=1,2026-04-27T11:20:07+00:00
2080,303851429,ЮВАО,https://www.cian.ru/rent/flat/303851429/?context=4.WrjM9o40BPg.KWgSEG2ZHNjKvHj_QkA9RApxbSZmTNwKpaIMOeU7rS_qH63gU2YFhpYiMjTp56AWq0a1vfGdlmUMsA&mlSearchSessionGuid=2563f63b1d546e2b6d3152e29d739159,1/7,4444000,15.0,4,4,,"1/7 Апартаменты-студия, 15 м², 4/4 этаж Авиамоторная 19 минут пешком Москва , ЮВАО , р-н Нижегородский , м. Авиамоторная , Подъемная улица , 14С44 44 000 ₽/мес. От года, комм. платежи включены (счётчики включены), без комиссии, залог 44 000 ₽ Сдаётся стильная студия в современном жилом комплексе АГЕНТАМ И ПОСРЕДНИКАМ НЕ БЕСПОКОИТЬ! Предлагаем вам светлую студию с высоким потоком и уютными пространствами для отдыха и сна. Здесь каждый уголок продуман до мелочей для вашего комфорта: • Кухня: Полноценная и незаметная, оснащённая холодильником, плитой и СВЧ-печью. • Спальная зона: Большой ортопедический матрас обеспечит вам здоровый сон. • Хранение: Достаточно места для хранения ваших вещей. • Прихожая: Удобная и просторная. • Санузел: Современный и комфортный. Преимущества локации: • Рядом с домом находится торговый центр со всем необходимым, включая любые доставки еды и товаров. • Близость к центру города и ТТК обеспечивает удобный доступ к ключевым точкам Москвы. • Удобное расположение в пешей доступности от станции метро и МЦД • Исторический район Рогожская слобода с ценными культурными и архитектурными памятниками рядом Инфраструктура жилого комплекса: • Коливинг-зона с диванами для отдыха • Уютная кофейня • Магазин у дома • Прачечная • Бильярд и аэрохоккей • Хранение велосипедов • Тренажёрный зал • Бесплатная парковка в закрытом дворе Студия находится в окружении отличных соседей, что создаёт атмосферу безопасности. Сдаётся от собственника. Звоните прямо сейчас! Собственник ID 90315860 Документы проверены +7 985 516-58-... Написать вчера вчера, 19:13",,https://www.cian.ru/cat.php?deal_type=rent&district%5B0%5D=8&engine_version=2&offer_type=flat&room9=1&type=4&p=3,2026-04-27T11:20:07+00:00
