id,listing_id,district,url,title,price_rub,area_m2,floor,total_floors,metro,address,description_snippet,source_page,scraped_at
1434,283229441,ЮВАО,https://www.cian.ru/rent/flat/283229441/?context=3.yj8nkiNJlAs.70uyBFmKE65NHgiSjMqb4hNpPVPRZ7Vmi8h1Chktfou6twZKCQNAbi_ijviH_sR2_5nhUSUfBodOAQ&mlSearchSessionGuid=3f10215de1bf32477171644dcca76f4a,1/5,133000,16.0,1,17,,"1/5 Студия, 16 м², 1/17 этаж Люблино 4 минуты на транспорте Москва , ЮВАО , р-н Марьино , м. Люблино , улица Верхние Поля , 42К1 33 000 ₽/мес. От года, комм. платежи включены (счётчики включены), без комиссии, залог 16 500 ₽ В действующем отели, на длительный срок, сдается студия гостиничного типа, без кухни ! В стоимость все включено, страховой депозит - 50%. Рассматривают 1-2 чел., РФ. В комнате минимум мебели - кровать, стол+ 2 стула, телевизор. Кондиционер. Санузел совмещенный, душ-кабина. Подробности по телефону. Агентство недвижимости Лунный Свет +7 923 078-87-... Написать вчера 14 апр, 12:32",,https://www.cian.ru/cat.php?deal_type=rent&district%5B0%5D=8&engine_version=2&offer_type=flat&room9=1&type=4&p=1,2026-04-16T05:14:42+00:00
1449,326294321,ЮВАО,https://www.cian.ru/rent/flat/326294321/?context=3.pDHFSnxsWDM.DXOo9m_lwK2cbirMDryYyxQ6T3DAwg2X5PAbg2qG4YevllIuLdB-YRAveYVbgXs4U_ekGLSDo6jgwg&mlSearchSessionGuid=3f10215de1bf32477171644dcca76f4a,1/15,135000,11.6,2,10,,"1/15 Студия, 11,6 м², 2/10 этаж Только на Циан Юго-Восточная 8 минут пешком Москва , ЮВАО , р-н Выхино-Жулебино , м. Юго-Восточная , Ташкентская улица , 25К1 35 000 ₽/мес. От года, комм. платежи включены (без счётчиков), комиссия 70%, залог 35 000 ₽ Сдается уютная студия площадью 11.6 кв. м. на длительный срок. До метро Юго-Восточная всего 8 минут пешком. В квартире есть все необходимое для комфортного проживания: косметический ремонт, необходимая мебель, холодильник, стиральная машина, микроволновая плита, электрическая поверхность, электрический чайник. Планировка включает совмещенный санузел с душевой кабиной. В вашем распоряжении также интернет, поэтому можно смело работать или учиться онлайн. Лоджия добавляет дополнительное пространство для хранения или отдыха. Дом находится в районе с развитой инфраструктурой. В шаговой доступности расположены школы, детские сады и клиники, поэтому все важные учреждения будут у вас под рукой. Для любителей шопинга и повседневных покупок поблизости есть магазины. Риелтор ID 116658281 +7 985 254-20-... Написать неделю назад 5 апр, 21:12",,https://www.cian.ru/cat.php?deal_type=rent&district%5B0%5D=8&engine_version=2&offer_type=flat&room9=1&type=4&p=1,2026-04-16T05:14:42+00:00
1455,328958448,ЮВАО,https://www.cian.ru/rent/flat/328958448/?context=3.mmEI-xAbl2g.cHBAO4rvou48PMIWf4kSqqbIEhUsRDbKcY4f3B5M1LUEKA47BXfTJIB8gceRJGlNFGSdJuf8jEDdKA&mlSearchSessionGuid=3f10215de1bf32477171644dcca76f4a,1/20,138000,18.0,1,5,,"1/20 Апартаменты-студия, 18 м², 1/5 этаж Только на Циан Юго-Восточная 4 минуты на транспорте Москва , ЮВАО , р-н Выхино-Жулебино , м. Юго-Восточная , улица Чугунные Ворота , 7К1 38 000 ₽/мес. От года, комм. платежи включены (без счётчиков), без комиссии, залог 35 000 ₽ апартаменты! на цоколе жилого дома! НА СООБЩЕНИЯ НЕ ОТВЕЧАЮ! ЗВОНИТЕ ПОЖАЛУЙСТА! никто не жил, сдаются впервые. есть все необходимое для жизни. строго 1-2 человека без детей и животных. в апартаментах не курят. дизайнерский ремонт, где все пространство продумано до мелочей. фото полностью соответствует. мебель икея. просмотры по договоренности. Собственник ID 9695908 Документы проверены +7 986 248-18-... Написать вчера вчера, 22:27",,https://www.cian.ru/cat.php?deal_type=rent&district%5B0%5D=8&engine_version=2&offer_type=flat&room9=1&type=4&p=1,2026-04-16T05:14:42+00:00
1512,292111720,ЮВАО,https://www.cian.ru/rent/flat/292111720/?context=3.4q_vjU28c-k.K8X4kdy4WNE3SjUz8h3s1j-cGEatIVQoUtStF50wFScFJXnRqvdqo9Yf0FBv5N3pA7A9vN_zVgDdVA&mlSearchSessionGuid=780327f859d8abc70ab3c62ab3fe3aa4,1/29,144000,14.0,2,4,,"1/29 Апартаменты-студия, 14 м², 2/4 этаж Только на Циан Нижегородская 7 минут пешком Москва , ЮВАО , р-н Нижегородский , м. Нижегородская , шоссе Фрезер , 17АС1 44 000 ₽/мес. На несколько месяцев, комм. платежи включены (без счётчиков), без комиссии, залог 40 000 ₽ Апартамент в новом комплексе. Есть вся необходимая мебель и техника. Кухня, фильтр для воды, стиральная машина с сушкой, холодильник, микроволновая печь, чайник, индукционная плита, диван-кровать, вместительный шкаф-купе, стол и стулья, душевая кабина, бойлер, утюг, гладильная доска. Закрытая территория, спальное место 194x100см Рядом бесплатная парковка, всегда есть места В шаговой доступности магазин Пятерочка, WB Рядом с метро Нижегородская расположен ТЦ Город, в том числе магазин Ашан Залог можно разбить на 2 части Здание без лифта Регистрация и прописка невозможна Возможность подключить проводной интернет отсутствует Под окном крыша здания, шума под окнами нет Вход с Северной стороны, ближайший дом для ориентира - Басовская улица 4 (4й подъезд) минимальный срок аренды 4 месяца. можно больше Агентам просьба не беспокоить Собственник ID 16682150 Документы проверены +7 985 730-03-... Написать вчера 14 апр, 11:25",,https://www.cian.ru/cat.php?deal_type=rent&district%5B0%5D=8&engine_version=2&offer_type=flat&room9=1&type=4&p=3,2026-04-16T05:14:42+00:00
1485,328985601,ЮВАО,https://www.cian.ru/rent/flat/328985601/?context=3.Tj27qDbYXc0.Ue37HFd5g74UpfqTp_XjetXiDF69BV8DTA4sNfliNTUuZ4P1yOZqrBNrEdek230EAuerZmE88wTjMQ&mlSearchSessionGuid=780327f859d8abc70ab3c62ab3fe3aa4,1/10,148000,15.0,1,9,,"1/10 Студия, 15 м², 1/9 этаж Только на Циан Кожуховская 5 минут пешком Москва , ЮВАО , р-н Южнопортовый , м. Кожуховская , 5-я Кожуховская улица , 34К1 48 000 ₽/мес. От года, комм. платежи включены (без счётчиков), без комиссии, залог 63 000 ₽ БЕЗ КОМИССИИ, Я СОБСТВЕННИК. Студия. Свежий ремонт. Очень обжитой район со всей необходимой инфраструктурой, до метро Кожуховская 3 минуты пешком. Сдаю по договору строго для одного человека. Коммунальные услуги оплачиваются отдельно по счетчикам. Собственник ID 35549711 Документы проверены +7 916 220-78-... Написать вчера 14 апр, 22:37",,https://www.cian.ru/cat.php?deal_type=rent&district%5B0%5D=8&engine_version=2&offer_type=flat&room9=1&type=4&p=3,2026-04-16T05:14:42+00:00
1482,328211368,ЮВАО,https://www.cian.ru/rent/flat/328211368/?context=3.GscYJaIa3CU.tOtUiu71PGn6bkuYun9jVF_NJUYZOTxnq25uAqZhsJxgNuLxnhBbsvycAsx2bNebNdTyV8bsNDTZ4g&mlSearchSessionGuid=b3eba14503f206728a00c8b8103f52bf,1/8,155000,21.0,3,25,,"1/8 Студия, 21 м², 3/25 этаж Только на Циан Нижегородская 11 минут пешком Москва , ЮВАО , р-н Нижегородский , м. Нижегородская , Рязанский проспект , 2/2к1 55 000 ₽/мес. От года, комм. платежи включены (без счётчиков), комиссия 50%, залог 55 000 ₽ ОТЛИЧНОЕ ПРЕДЛОЖЕНИЕ! Предлагается в аренду новая, уютная квартира-студия, в новом жилом комплексе Аквилон Beside, в 5 минутах ходьбы от метро Нижегородская. Квартира ПУСТАЯ, но теплая и светлая. Выполнен качественный евроремонт (делали для себя) Полы плитка /теплые по всей квартире/. Имеется теплая просторная лоджия /можно сделать рабочую зону/. На территории ЖК уютный, красивый двор без машин, территория огорожена. Есть подземный паркинг. Район с развитой инфраструктурой, в пешей доступности: ТЦ Город, гипермаркет Лемана Про и Ашан, Озон, Валберис, кафе, аптеки Прекрасная транспортная доступность, рядом 4 станции метро и МЦК. Примечание: у собственника дополнительные пожелания к жильцам. Риелтор Илья Вериго Суперагент +7 985 338-39-... Написать неделю назад 7 апр, 16:06",,https://www.cian.ru/cat.php?deal_type=rent&district%5B0%5D=8&engine_version=2&offer_type=flat&room9=1&type=4&p=2,2026-04-16T05:14:42+00:00
1454,328869295,ЮВАО,https://www.cian.ru/rent/flat/328869295/?context=3.zktLODDrMs8.2oUfOLxAmh8uO216xUgj7cKHCCb4g40u0DCcp2XBNWQQ0NW9JBHbL7sMPfehJ941Ye7HXBRnKgDkfg&mlSearchSessionGuid=3f10215de1bf32477171644dcca76f4a,1/10,160000,21.1,1,5,,"1/10 Апартаменты-студия, 21,1 м², 1/5 этаж Только на Циан Лефортово 10 минут пешком Москва , ЮВАО , р-н Лефортово , м. Лефортово , Ухтомская улица , 16К1 60 000 ₽/мес. От года, комм. платежи включены (без счётчиков), без комиссии, залог 60 000 ₽ Предлагаем уютные апартаменты по адресу: ул. Ухтомская, 16, к.1 21,1 м² Почему это идеальный вариант: Дизайнерский ремонт: Свежий, стильный интерьер — здесь приятно находиться. Полная комплектация: Заезжайте с одним чемоданом! Есть вся необходимая техника: стиральная машина, холодильник, СВЧ-печь, варочная панель. Готовность: Квартира полностью меблирована и готова к заселению прямо сейчас. Локация: Отличная транспортная доступность позволит вам легко добираться до любой точки города. Условия аренды: Цена: 60 000 руб./мес. + коммунальные платежи. Агентство недвижимости ONE OSNOVA Документы проверены +7 986 274-23-... Написать вчера 14 апр, 11:09",,https://www.cian.ru/cat.php?deal_type=rent&district%5B0%5D=8&engine_version=2&offer_type=flat&room9=1&type=4&p=1,2026-04-16T05:14:42+00:00
1461,328869349,ЮВАО,https://www.cian.ru/rent/flat/328869349/?context=3.TfAGD8Y-j-k.J-9nYFR56BSg2uJeVk2atC4-Qrl28t-ZqTSfo6z3e5kXICKoSTT_3G8wAW03u-htph2kdHjlDLtN9Q&mlSearchSessionGuid=b3eba14503f206728a00c8b8103f52bf,1/13,160000,20.9,1,5,,"1/13 Апартаменты-студия, 20,9 м², 1/5 этаж Только на Циан Лефортово 10 минут пешком Москва , ЮВАО , р-н Лефортово , м. Лефортово , Ухтомская улица , 16К1 60 000 ₽/мес. От года, комм. платежи включены (без счётчиков), без комиссии, залог 60 000 ₽ Стильная студия 20,9 м² с новым ремонтом — заезжай и живи! Предлагаем уютные апартаменты по адресу: ул. Ухтомская, 16, к.1 Почему это идеальный вариант: Дизайнерский ремонт: Свежий, стильный интерьер — здесь приятно находиться. Полная комплектация: Заезжайте с одним чемоданом! Есть вся необходимая техника: стиральная машина, холодильник, СВЧ-печь, варочная панель. Готовность: Квартира полностью меблирована и готова к заселению прямо сейчас. Локация: Отличная транспортная доступность позволит вам легко добираться до любой точки города. Условия аренды: Цена: 60 000 руб./мес. + коммунальные платежи Агентство недвижимости ONE OSNOVA Документы проверены +7 986 274-23-... Написать вчера 14 апр, 11:06",,https://www.cian.ru/cat.php?deal_type=rent&district%5B0%5D=8&engine_version=2&offer_type=flat&room9=1&type=4&p=2,2026-04-16T05:14:42+00:00
1468,328585103,ЮВАО,https://www.cian.ru/rent/flat/328585103/?context=3.93qyofOYlG0.f7zsnk_VA2bxbLbmXBz4u_h39TRLhdgQu0oafJUQEioIgTiej0nIwWQbZ1SAnx6Q8nZ5q6wm5bx1Ew&mlSearchSessionGuid=b3eba14503f206728a00c8b8103f52bf,1/13,160000,19.7,18,24,,"1/13 Студия, 19,7 м², 18/24 этаж Только на Циан Проверено в Росреестре Новохохловская 6 минут пешком Москва , ЮВАО , р-н Нижегородский , м. Новохохловская , Новохохловская улица , 15к1 60 000 ₽/мес. От года, комм. платежи включены (без счётчиков), без комиссии, залог 60 000 ₽ БЕЗ КОМИССИИ, ОТ СОБСТВЕННИКА! Квартира свободна и готова к заселению. Сдается в аренду студия в современном доме 2023 года постройки. Квартира площадью 19.7 кв. м расположена на 18 этаже 24-этажного здания. До станции МЦК и МЦД2 всего 6 минут пешком, что обеспечит вам удобный и быстрый доступ ко всем частям города. Прекрасная студия с евроремонтом и продуманной планировкой. Здесь вы найдете все необходимое для комфортного проживания: мебель в комнате и на кухне, современную технику — кондиционер, холодильник, телевизор, кофемашина, станция Алиса, отпариватель и стиральную машину. Совмещенный санузел оборудован душевой кабиной и гигиеническим душем. Окна выходят на улицу, поэтому в квартире всегда светло и уютно. Дом оснащен четырьмя грузовыми лифтами и подземной парковкой, что делает его удобным для жителей. В пешей доступности от дома расположены клиники и магазины, поэтому все необходимые учреждения будут у вас под рукой. Условия аренды: квартира сдается без комиссии посредников, от собственника. Предусмотрен залог, разбиваем на 2 части, который возвращается при выезде. Квартира идеально подойдет для одного человека или пары. Без детей. Допустимо небольшое воспитанное животное по согласованию. Приглашаем вас на просмотр! Записывайтесь на удобное для вас время и приходите оценить все преимущества этого жилья лично. Собственник ID 431169 Документы проверены +7 980 214-38-... Написать вчера вчера, 20:35",,https://www.cian.ru/cat.php?deal_type=rent&district%5B0%5D=8&engine_version=2&offer_type=flat&room9=1&type=4&p=2,2026-04-16T05:14:42+00:00
1453,313435761,ЮВАО,https://www.cian.ru/rent/flat/313435761/?context=3.8cxTk9eAzqU.YR07QgyMnuFE_2086pnZEwDOpX303tsIpIlutWhAL0TJi-EHKKB-kv0D98040paANv2Ws5RxSDcRDg&mlSearchSessionGuid=3f10215de1bf32477171644dcca76f4a,1/11,170000,26.0,2,8,,"1/11 Студия, 26 м², 2/8 этаж Угрешская 5 минут пешком Москва , ЮВАО , р-н Южнопортовый , м. Угрешская , Волгоградский проспект , 32/5к1 70 000 ₽/мес. От года, комм. платежи включены (без счётчиков), без комиссии, без залога Сдаётся на долгий срок новая уютная квартира-студия. С дизайнерским ремонтом, выполненным из качественных материалов. В жилом комплексе бизнес - класса Метрополия. В прихожей большой шкаф купе в потолок на несколько секций. Удобная кровать с хорошим матрасом для комфортного сна. Дом оборудован индивидуальной входной группой со своим консьержем. В шаговой доступности находятся кафе, салоны красоты, магазины, аптеки, все что необходимо для комфортной жизни. ЖК находится в 8-ми минутах от станции метро Волгоградский проспект, в двух минутах МЦК Угрешская. Собственник ID 123287814 +7 989 561-77-... Написать вчера вчера, 17:59",,https://www.cian.ru/cat.php?deal_type=rent&district%5B0%5D=8&engine_version=2&offer_type=flat&room9=1&type=4&p=1,2026-04-16T05:14:42+00:00
1445,321344783,ЮВАО,https://www.cian.ru/rent/flat/321344783/?context=3.vVbGXxR0f7Y.6Sn7P4nvazWbr3qZyfM2F0Ij4gQoGOssbXxIjEWB99i3DnoVpY80z0E-Eh1Rl9kL5cbEl23HYJ4uqQ&mlSearchSessionGuid=3f10215de1bf32477171644dcca76f4a,1/22,190000,32.0,5,14,,"1/22 Студия, 32 м², 5/14 этаж Только на Циан Римская 10 минут пешком Москва , ЮВАО , р-н Лефортово , м. Серп и Молот , проезд Шелихова , 1к1 90 000 ₽/мес. От года, комм. платежи включены (без счётчиков), без комиссии, залог 90 000 ₽ Квартира в ЖК Символ, доме бизнес класса. Сдаётся впервые и на длительный срок. Оборудована всем необходимым: телевизор, интернет, на кухне встроенная техника (духовой шкаф, посудомоечная машина, холодильник, морозильная камера). Грамотно продуманная система хранения. Кондиционер, подогрев пола, видео домофон. Грамотно продуманная входная группа в подъезде с зоной коворкинга. Риелтор Ольга Цегельная Документы проверены +7 916 043-84-... Написать вчера вчера, 11:40",,https://www.cian.ru/cat.php?deal_type=rent&district%5B0%5D=8&engine_version=2&offer_type=flat&room9=1&type=4&p=1,2026-04-16T05:14:42+00:00
1447,328221715,ЮВАО,https://www.cian.ru/rent/flat/328221715/?context=3.DmOvxGpCMMo.lf_8G84MeTu1lukVtfoEH8qPaqmf73ayAX1t56ecW8KixpmykuGlBFDECZDSGvQTOQykj0nxWd421w&mlSearchSessionGuid=3f10215de1bf32477171644dcca76f4a,1/49,199000,32.0,1,14,,"1/49 Новая дизайнерская квартира Студия, 32 м², 1/14 этаж Римская 10 минут пешком Москва , ЮВАО , р-н Лефортово , м. Серп и Молот , проезд Шелихова , 1к1 99 000 ₽/мес. От года, комм. платежи включены (без счётчиков), без комиссии, залог 99 000 ₽ Предлагаем квартиру в ЖК бизнес-класса ""Символ"" с охраняемой территорий, видеонаблюдением и консьерж-сервисом. Свежий дизайнерский ремонт. Все новое, никто не проживал! Квартира представляет собой идеальный вариант для тех, кто ценит комфорт, современный дизайн и удобное расположение. До метро 7 минут пешком. до центра города 4,5 км ЖК ""Символ"" славится своей развитой инфраструктурой, включающей в себя все необходимое для комфортной жизни: магазины, кафе, фитнес-центры, детские площадки и зоны отдыха. Транспортная доступность комплекса также на высоте, что обеспечивает легкий доступ к любой точке города. Огромная территория-парк Зеленая река между всеми корпусами открыт для прогулок и отдыха жителей всех возрастов. В домах жителям доступны различные общественные пространства: детские и подростковые игровые, коворкинги, фитнес-румы, репетиторские, лаунжи. На крышах некоторых корпусов расположены креативные пространства Условия оплаты: аренда + счетчики (вода, электричество) Прямая сдача. Без комиссии. Риэлторы и агенты, просьба не беспокоить. Сдается платежеспособным и аккуратным арендаторам. Залог обязателен. Подробности и запись на просмотр по телефону. Риелтор Наталия Долгих Документы проверены +7 985 065-28-... Написать вчера вчера, 11:27",,https://www.cian.ru/cat.php?deal_type=rent&district%5B0%5D=8&engine_version=2&offer_type=flat&room9=1&type=4&p=1,2026-04-16T05:14:42+00:00
1452,328807224,ЮВАО,https://www.cian.ru/rent/flat/328807224/?context=3.Q795lIrzRhU.DQrp5CyeMWkYoGFGCsFjpNAGSyGDRtW0T4-QmX-rPt32tEjgK22SU_B2_S-rqGVaf-8MGOkKUP80Cw&mlSearchSessionGuid=3f10215de1bf32477171644dcca76f4a,1/6,235000,18.0,2,5,,"1/6 Апартаменты-студия, 18 м², 2/5 этаж Только на Циан Текстильщики 12 минут пешком Москва , ЮВАО , р-н Текстильщики , м. Текстильщики , улица Артюхиной , 6К2 35 000 ₽/мес. От года, комм. платежи включены (без счётчиков), комиссия 10%, залог 17 500 ₽ Внимание!! акция - кто проживёт 11 месяцев 12-й в подарок !!! Сдaется уютная студия с cовременным pемoнтом нa длитeльный cpoк. Метро текстильщики 9 минут!Кoммунaльныe уcлуги oплaчивaются арeндaтoром по cчетчикaм. B дoме paбoтаeт конcьеpж, чтo oбеcпечивaет допoлнительный кoмфopт и бeзопaснocть. Вo двoрe зaкрытая территoрия c парковкoй за шлaгбаумoм. Просторная кухня оборудована необходимой техникой, включая холодильник и стиральную машину. В комнате установлены шкафы для хранения вещей. Санузел совместный, оснащен современной сантехникой и душевой кабиной. В студии также имеется удобная рабочая зона с письменным столом и стулом. Цена 34000 + 17.000 1 человек. До 30 лет!! просьба риэлторов не беспокоить!! Риелтор ID 140263101 Документы проверены +7 985 775-24-... Написать два дня назад 13 апр, 21:12",,https://www.cian.ru/cat.php?deal_type=rent&district%5B0%5D=8&engine_version=2&offer_type=flat&room9=1&type=4&p=1,2026-04-16T05:14:42+00:00
1477,326403023,ЮВАО,https://www.cian.ru/rent/flat/326403023/?context=3.8xJMHXariUc.EW-z9Ij0R3vr4wi2W7_P9p2DcazzbDjDpH0IxsLYcmUQrEeFbhZU_j4G9-kH0Pnmchu1eJrIK5eMzA&mlSearchSessionGuid=b3eba14503f206728a00c8b8103f52bf,1/11,241000,17.0,3,5,,"1/11 Студия, 17 м², 3/5 этаж Только на Циан Кузьминки 9 минут пешком Москва , ЮВАО , р-н Кузьминки , м. Кузьминки , Жигулевская улица , 4К2 41 000 ₽/мес. От года, комм. платежи включены (без счётчиков), комиссия 50%, залог 41 000 ₽ Сдаётся студия 17 м² в новом ЖК Нью Форм Сдаётся впервые уютная студия площадью 17 м², расположенная на 3 этаже нового жилого комплекса Нью Форм. Квартира полностью укомплектована для комфортного проживания: двуспальный диван шкаф для хранения вещей кухонный гарнитур с техникой: холодильник, плита, СВЧ ванная комната полностью оборудована: стиральная машина, душ, полотенцесушитель Новая квартира, никто не проживал. Подходит для одного человека или семейной пары. Инфраструктура и транспорт: рядом большое количество магазинов до метро — 7 минут пешком возле метро расположен крупный торгово-развлекательный центр Отличный вариант для комфортной жизни в новом доме. Звоните / пишите для просмотра. Агентство недвижимости АРТИН Суперагент +7 915 234-34-... неделю назад 8 апр, 08:31",,https://www.cian.ru/cat.php?deal_type=rent&district%5B0%5D=8&engine_version=2&offer_type=flat&room9=1&type=4&p=2,2026-04-16T05:14:42+00:00
1457,329014906,ЮВАО,https://www.cian.ru/rent/flat/329014906/?context=3.qSs-NBNmIJU.ofZZOMjX90VVOS6b7EdTX2XGtQCUOeEjGJ-Tf-KuWi_GMIrLu7dRc4AzQnk9rOpqgqow8QLWYixjfg&mlSearchSessionGuid=b3eba14503f206728a00c8b8103f52bf,1/33,245000,23.3,20,33,,"1/33 Студия, 23,3 м², 20/33 этаж Перерва 4 минуты пешком Москва , ЮВАО , р-н Люблино , м. Перерва , Иловайская улица , 2 45 000 ₽/мес. От года, комм. платежи включены (без счётчиков), комиссия 50%, без залога Дoлгocрочная apeндa (дoгoвор на 11 мecяцeв). Прeдocтавляем вaшeму внимaнию стильную квaртиру студию, площадью 23,3 кв.м. в ЖK Люблинский парк. В квaртирe выполнeнa меблиpoвка пo индивидуaльному дизaйнepcкoму пpoекту от компaнии SМАRЕNT. Бытoвая теxникa: кондиционер, холoдильник, ваpочная пaнель, микровoлновая печь, телeвизоp, электрический чaйник, стиpальная машинa. У дoма отличная транспортная доступность: до МЦД ""Перерва"" всего 10 минут пешком, до станции метро ""Люблино"" 15-20 минут пешком, ""Братиславская"" 20-25 минут пешком, До МКАД можно добрать на автомобиле всего за 15 минут, до ЮВХ — за 11 минут, а до ТТК — за 19 минут. Район обладает насыщенной и развитой инфраструктурой: На первых этажах жилого квартала Люблинский парк расположились магазины, кафе и полезные сервисы. Вам больше не придётся тратить много времени и сил на то, чтобы закупить продукты на неделю. Можно выйти за покупкой ингредиентов к обеду прямо в домашних тапочках, а в будний день поработать в одном из местных кафе. В 15 минутах на автомобиле расположен Люблинский парк. Старинный парк, в котором сохранилась красивая усадьба XIX века. Здесь приятно гулять по аккуратным дорожкам, отдыхать у прудов и фонтанов. Чуть дальше находится парк Кузьминки. Здесь можно отдохнуть в кафе, сходить в музей Паустовского, покататься на лодке. А можно уйти вглубь парка, где густой сосновый бор переходит в смешанный лес с двухсотлетними дубами. Сотрудники местного экоцентра водят по лесу экскурсии. Условия проживания по Тарифу Комфортное проживание: - Комиссия 50% от арендного платежа; - Раннее бронирование объекта (за 3 дня до заселения); - Персональный менеджер на всех этапах аренды быстро реагирует на запросы - большинство бытовых вопросов решаем за 48 часов; - Страхование гражданской ответственности до 0,3 млн ₽; - Организация мелкого ремонта. Коммунальные платежи: электроэнергия, хвс\гвс, услуги интернет провайдера, расходы за отопление дома/квартиры и вывоз ТБО оплачивает арендатор. Заселение только при наличии постоянной регистрации РФ. Без животных. Агентство недвижимости СМАРЕНТ Документы проверены +7 985 853-93-... Написать вчера вчера, 16:58",,https://www.cian.ru/cat.php?deal_type=rent&district%5B0%5D=8&engine_version=2&offer_type=flat&room9=1&type=4&p=2,2026-04-16T05:14:42+00:00
1499,324338003,ЮВАО,https://www.cian.ru/rent/flat/324338003/?context=3.gFEF0FErQls.BdoQZCjSonSHWlSP__x992gY7BzyjDp-taqD-dOy30fGfVOfat5OBj025KTALaxPnxWhN48pMIHIZg&mlSearchSessionGuid=780327f859d8abc70ab3c62ab3fe3aa4,1/14,245000,20.0,10,17,,"1/14 Студия, 20 м², 10/17 этаж Только на Циан Перерва 4 минуты пешком Москва , ЮВАО , р-н Люблино , м. Перерва , Иловайская улица , 2 45 000 ₽/мес. От года, комм. платежи включены (без счётчиков), комиссия 50%, залог 45 000 ₽ Сдается впервые квартира-студия в новом ЖК Люблинский парк. Район с развитой инфраструктурой, в пешей доступности от станции м. Марьино 15-20 минут, и в 5 минутах от МЦД Перерва, двор без машин, имеет закрытую территорию. В квартире имеется все необходимое для комфортного проживания 1-2 человек, новая техника и мебель, раскладывающийся диван с ортопедическим матрасом Аскона, кондиционер. Замечательный собственник рассмотрит 1 человека или пару, на длительный срок. Оперативно покажу, звоните, состав обсуждаем. У собственника могут быть предпочтения по составу проживающих. Риелтор Александр Кириллов Суперагент +7 910 536-87-... Написать три дня назад 12 апр, 11:02",,https://www.cian.ru/cat.php?deal_type=rent&district%5B0%5D=8&engine_version=2&offer_type=flat&room9=1&type=4&p=3,2026-04-16T05:14:42+00:00
1473,328214421,ЮВАО,https://www.cian.ru/rent/flat/328214421/?context=3.wFLBrPNzSDA.8ZU2__CXfzoJwnUOaha46eJoYkMw6V4KWGzqqiQHId6oGnT_-HMuXAm-0_keHcWEUZD0KqCqOOz-Xw&mlSearchSessionGuid=b3eba14503f206728a00c8b8103f52bf,1/6,247000,20.0,1,17,,"1/6 Студия, 20 м², 1/17 этаж Жулебино 8 минут пешком Москва , ЮВАО , р-н Выхино-Жулебино , м. Котельники , Привольная улица , 73К2 47 000 ₽/мес. От года, комм. платежи включены (без счётчиков), комиссия 60%, без залога Без залога и депозита. Сдаётся квартира- студия, от метро до 5 минут пешком. Район с хорошей инфраструктурой. Высокий первый этаж. Квартира полностью укомплектована современной мебелью и бытовой техникой. Есть всё для комфортного проживания. Рассмотрим всех платежеспособных , показ оперативно. Риелтор Ольга Кадырова Суперагент +7 916 956-33-... Написать 2 недели назад 31 мар, 09:43",,https://www.cian.ru/cat.php?deal_type=rent&district%5B0%5D=8&engine_version=2&offer_type=flat&room9=1&type=4&p=2,2026-04-16T05:14:42+00:00
1488,328935296,ЮВАО,https://www.cian.ru/rent/flat/328935296/?context=3.bB4YASJsw6k.5wrlkB_jPb4deV9tt7q4CkuZE4MFxUz-_JhYTlrUQ2AygcoC27NxPhD_YEEmGZjPdbnul-JbbXtExA&mlSearchSessionGuid=780327f859d8abc70ab3c62ab3fe3aa4,1/11,248000,23.0,28,33,,"1/11 Студия, 23 м², 28/33 этаж Только на Циан Перерва 4 минуты пешком Москва , ЮВАО , р-н Люблино , м. Перерва , Иловайская улица , 2 48 000 ₽/мес. От года, комм. платежи включены (без счётчиков), без комиссии, залог 45 000 ₽ Сдается стильная студия общей площадью 23 кв. м, расположенная на 28 этаже современного 33-этажного дома, построенного в 2024 году. Дом находится в 10 минутах пешком от метро Перерва (внимание, закрыта в сторону центра). 20 минут пешком до Марьино (можно и чуть быстрее). Ремонт выполнен для себя с любовью, всё под рукой, при этом предусмотрено много мест для хранения. Техника: кондиционер, холодильник, стиральная машина, микроволновка, плита, электросушилка для полотенец. В санузле установлена душевая кабина. Условия аренды: договор аренды напрямую от собственника. Возможна аренда с последующим продлением. Предусмотрен залог. Квартира идеально подходит для проживания одного человека или пары. Можно с животными. В квартире пол года жила кошка. Собственник ID 137415951 Назначить просмотр два дня назад 14 апр, 08:04",,https://www.cian.ru/cat.php?deal_type=rent&district%5B0%5D=8&engine_version=2&offer_type=flat&room9=1&type=4&p=3,2026-04-16T05:14:42+00:00
1435,328651703,ЮВАО,https://www.cian.ru/rent/flat/328651703/?context=3.Fpw99liE6BA.pxS5BJvIlJyK26VWVzvYWcrb9P6KU8WSjQs-1MAoYmOv1rH20uVsz9d4DSlVBDek7M28lAkvW6OlQg&mlSearchSessionGuid=3f10215de1bf32477171644dcca76f4a,1/16 Ещё фото,249900,19.6,2,15,,"1/16 Ещё фото Без депозита! Рядом МЦД Студия, 19,6 м², 2/15 этаж Депо 18 минут пешком Москва , ЮВАО , р-н Люблино , м. Депо , Люблинская улица , 72Ак2 49 900 ₽/мес. От года, комм. платежи включены (без счётчиков), комиссия 30%, без залога Сдаётся квартира-студия с евроремонтом и совмещённым санузлом в ЖК Люблинский Парк, без депозита! Её можно посмотреть когда Вам удобно: бронируете время, забираете ключи и спокойно осматриваете. Если всё понравится, договор подпишем онлайн и будем поддерживать Вас на всех этапах аренды. Квартира оборудована кухонным гарнитуром, можно обсудить покупку необходимой мебели в счёт арендной платы. Интернет проведён. Полы ламинат и плитка. Окна выходят на улицу, есть бесплатная парковка. Собственник готов заселить не более 2 взрослых жильцов с детьми, оформить и заключить договор с юридическим лицом. Можно с домашним питомцем. Дом находится в районе с развитой инфраструктурой, рядом: - Гипермаркет Ашан; - ТЦ Бум; - Парк им. Артёма Боровика; - Парк Героев Отечественной войны 1812 года. Также в пешей доступности школы и детские сады, салоны красоты, кафе, заправки и автосервисы, колледж, культурный центр, фитнес-клуб, бассейн и кинотеатр. До МЦД-2 Перерва 20 минут пешком, до м. Братиславская 20 минут на общественном транспорте. Агентство недвижимости ПИК-Аренда Документы проверены Посмотреть все объекты +7 986 248-10-... Написать вчера вчера, 16:54",,https://www.cian.ru/cat.php?deal_type=rent&district%5B0%5D=8&engine_version=2&offer_type=flat&room9=1&type=4&p=1,2026-04-16T05:14:42+00:00
1436,328068984,ЮВАО,https://www.cian.ru/rent/flat/328068984/?context=3.JJwWTMdkJu4.A_5LlLDenGwhjEKjXp_qCDKX4n1fteOmnXH1bsL_8eZnul1JkdxZepQPKuHgdcVEmz7DTYq2zfc8kA&mlSearchSessionGuid=3f10215de1bf32477171644dcca76f4a,1/15 Ещё фото,251000,21.0,22,25,,"1/15 Ещё фото Без залога! Пешком до МЦД Студия, 21 м², 22/25 этаж Депо 18 минут пешком Москва , ЮВАО , р-н Люблино , м. Депо , Люблинская улица , 72Ак2 51 000 ₽/мес. От года, комм. платежи включены (без счётчиков), комиссия 60%, без залога Сдаётся светлая квартира-студия с евроремонтом и совмещённым санузлом в ЖК Люблинский Парк, без депозита! Её можно посмотреть когда Вам удобно: бронируете время, забираете ключи и спокойно осматриваете. Если всё понравится, договор подпишем онлайн и будем поддерживать Вас на всех этапах аренды. В квартире есть: - кухонный гарнитур; - кондиционер; - холодильник; - стиральная машина; - варочная панель; - духовой шкаф; - микроволновая печь. Под диваном есть место для хранения. Проведён интернет. Полы ламинат и плитка. Окна выходят во двор, на север. Есть бесплатная парковка. Собственник готов заселить не более 2 взрослых жильцов с детьми, докупить мебель/технику или заключить договор с юридическим лицом. Возможно заселиться с собакой или питомцем в клетке/аквариуме. Дом находится в районе с развитой инфраструктурой: в пешей доступности школы и детские сады, салоны красоты и парикмахерские, кафе и закусочные, заправки и автосервисы, колледж, культурный центр, фитнес-клубы, бассейн и кинотеатр. Недалеко гипермаркет Ашан, ТЦ Бум, парк им. Артёма Боровика и парк Героев Отечественной войны 1812 года. До МЦД-2 Перерва 20 минут пешком, до м. Братиславская 20 минут на общественном транспорте. Агентство недвижимости ПИК-Аренда Документы проверены Посмотреть все объекты +7 986 274-33-... Написать вчера вчера, 16:24",,https://www.cian.ru/cat.php?deal_type=rent&district%5B0%5D=8&engine_version=2&offer_type=flat&room9=1&type=4&p=1,2026-04-16T05:14:42+00:00
1458,328008898,ЮВАО,https://www.cian.ru/rent/flat/328008898/?context=3.SD4sbCK948o.yiWMLztBNgIJXuwsOevGcsiIH0QTUslCyAWpBAEQr8QL4aetywmO5gv8v89TBtztiaEiks05KVLwzw&mlSearchSessionGuid=b3eba14503f206728a00c8b8103f52bf,1/24,253000,23.6,26,33,,"1/24 Студия, 23,6 м², 26/33 этаж Окская 10 минут пешком Москва , ЮВАО , р-н Рязанский , м. Окская , улица Михайлова , 30Ак2 53 000 ₽/мес. От года, комм. платежи включены (без счётчиков), комиссия 50%, без залога Дoлгocрoчная аpенда (договoр нa 11 месяцeв). Cтильнaя и cветлaя студия в ЖК Михaйлoвский Пapк, площадь кв.м. 23.6. Meбель: вмeститeльный шкaф, удобный pасклaднoй диван, куxoнный гаpнитуp, обeденная зона, pабoчая зoнa, кoмод. Бытовая техника: Стиральная машина, холодильник, вытяжка, варочная панель, электрический чайник, микроволновая печь. Район обладает развитой инфраструктурой: В пешей доступности детские сады, школы, поликлиники, магазины, фитнес-клуб, ТЦ Рязанский. До большого Кусковского лесопарка со старинной усадьбой Кусково и прудом 20 минут пешком по прямой. 10 мин. ходьбы до метро Окская и в 15 мин. пешком до метро Рязанский проспект Условия проживания по Тарифу Комфортное проживание - комиссия 50% от арендного платежа; - Раннее бронирование объекта (за 3 дней до заселения); - Персональный менеджер на всех этапах аренды быстро реагирует на запросы - большинство бытовых вопросов решаем за 48 часов; - Страхование гражданской ответственности до 300 000 ₽; - Организация мелкого ремонта. - Заселение с детьми (возраст детей от 6 лет). Коммунальные платежи: электроэнергия, хвс\гвс, услуги интернет провайдера, расходы за отопление (при наличии счетчика) дома/квартиры оплачивает арендатор. Заселение только при наличии постоянной регистрации РФ Без животных Агентство недвижимости СМАРЕНТ Документы проверены +7 985 853-93-... Написать неделю назад 8 апр, 14:16",,https://www.cian.ru/cat.php?deal_type=rent&district%5B0%5D=8&engine_version=2&offer_type=flat&room9=1&type=4&p=2,2026-04-16T05:14:42+00:00
1438,328922251,ЮВАО,https://www.cian.ru/rent/flat/328922251/?context=3._tNMrtOs0_A.PZcTq38JQaroXdew2VCI63SImIiT5jS9WInOkhYV3PdoeQr8mtMyhwBfJ4bvS2sTLwRPfRL1qQDoig&mlSearchSessionGuid=3f10215de1bf32477171644dcca76f4a,1/14 Ещё фото,253100,19.6,4,17,,"1/14 Ещё фото Студия, 19,6 м², 4/17 этаж Братиславская 3 минуты на транспорте Москва , ЮВАО , р-н Люблино , м. Перерва , Иловайская улица , 2 53 100 ₽/мес. От года, комм. платежи включены (без счётчиков), комиссия 60%, без залога Сдаётся светлая квартира-студия с евроремонтом и совмещённым санузлом в Люблинский Парк, без депозита! Её можно посмотреть когда Вам удобно: бронируете время, забираете ключи и спокойно осматриваете. Если всё понравится, договор подпишем онлайн и будем поддерживать Вас на всех этапах аренды. В квартире есть: - Интернет с роутером; - Телевизор; - Холодильник; - Стиральная машина; - Кондиционер; - Микроволновая печь; - Варочная панель; - Духовой шкаф. Полы ламинат и плитка. Окна выходят во двор, есть бесплатная парковка. Собственник готов заселить не более 2 взрослых жильцов с детьми, докупить мебель/технику и заключить договор с юридическим лицом. Можно с небольшой собачкой. Дом расположен в районе с развитой инфраструктурой, рядом находятся: - Гипермаркет Ашан; - Парк Героев Отечественной войны 1812 года. На территории жилого комплекса обустроены детские игровые и спортивные площадки, зоны для прогулок и отдыха. В пешей доступности школы и детские сады, салоны красоты и парикмахерские, кафе, пекарни и закусочные, заправки и автосервисы, колледж, культурный центр и кинотеатр, аптеки, медицинские учреждения. До МЦД-2 Перерва 6 минут пешком, до м. Братиславская 15 минут на общественном транспорте. Агентство недвижимости ПИК-Аренда Документы проверены Посмотреть все объекты +7 917 506-34-... Написать вчера вчера, 16:24",,https://www.cian.ru/cat.php?deal_type=rent&district%5B0%5D=8&engine_version=2&offer_type=flat&room9=1&type=4&p=1,2026-04-16T05:14:42+00:00
1433,327434422,ЮВАО,https://www.cian.ru/rent/flat/327434422/?context=3.ViVJ0o1LXv4.bo0anzMwLm4XAjQODXwiaFA-6RTo6aNWMBMpmkkpMuPqpTso4zXScyKz2MhnN6jAdRSXPVNFMEF15w&mlSearchSessionGuid=3f10215de1bf32477171644dcca76f4a,1/14 Ещё фото,255000,23.2,18,25,,"1/14 Ещё фото Без депозита! Евроремонт! Студия, 23,2 м², 18/25 этаж Депо 18 минут пешком Москва , ЮВАО , р-н Люблино , м. Депо , Люблинская улица , 72Ак2 55 000 ₽/мес. От года, комм. платежи включены (без счётчиков), комиссия 60%, без залога Сдаётся светлая квартира-студия со смежным санузлом в современном ЖК Люблинский Парк, без депозита! Её можно посмотреть когда Вам удобно: бронируете время, забираете ключи и спокойно осматриваете. Если всё понравится, договор подпишем онлайн и будем поддерживать Вас на всех этапах аренды. Квартира оснащена вместительным кухонным гарнитуром, мебелью и бытовой техникой: - Холодильник; - Телевизор; - Микроволновка; - Варочная панель; - Стиральная машина; - Вытяжка; - Робот-пылесос; - Проведён интернет + WI-FI. Полы ламинат и плитка. Окна выходят во двор, на восток, есть бесплатная парковка. Собственник готов заселить не более 2 взрослых жильцов с детьми старше 3 лет и заключить договор с юридическим лицом. Можно с домашним питомцем по согласованию. Недалеко от дома: - Гипермаркет Ашан; - ТЦ Бум; - Парк им. Артёма Боровика; - Парк Героев Отечественной войны 1812 года. В пешей доступности школы и детские сады, салоны красоты, кафе, заправки и автосервисы, колледж, культурный центр, фитнес-клубы, бассейн и кинотеатр. До МЦД-2 Перерва 20 минут пешком, до м. Братиславская 19 минут на общественном транспорте. Агентство недвижимости ПИК-Аренда Документы проверены Посмотреть все объекты +7 915 255-17-... Написать вчера вчера, 15:40",,https://www.cian.ru/cat.php?deal_type=rent&district%5B0%5D=8&engine_version=2&offer_type=flat&room9=1&type=4&p=1,2026-04-16T05:14:42+00:00
1442,308207637,ЮВАО,https://www.cian.ru/rent/flat/308207637/?context=3.GWS6g6oyM0g.GXEIzGYWP6H1CN0b7mN_7HEAaGzjv7eYuSRkfJzNeTtyENsiJcmVW1sHjU3fWudlzNMgQlXqIRC2sg&mlSearchSessionGuid=3f10215de1bf32477171644dcca76f4a,1/16 Ещё фото,260000,20.0,30,33,,"1/16 Ещё фото Уютная видовая студия Студия, 20 м², 30/33 этаж Новохохловская 6 минут пешком Москва , ЮВАО , р-н Нижегородский , м. Новохохловская , Новохохловская улица , 15к2 60 000 ₽/мес. От года, комм. платежи включены (без счётчиков), без комиссии, залог 60 000 ₽ Сдаётся уютная студия в ЖК Новохохловская 15. Квартира находится на 30 этаже нового дома (2023 года постройки) и оборудована всем необходимым для комфортного проживания 1-2 человек без животных. Так, квартира оборудована необходимой мебелью и техникой (техника и мебель новая), предлагая все удобства для комфортной жизни. Окна выходят на улицу, замечательный вид. Сдаётся от собственника. Заезд возможен в день показа. Прекрасная транспортная доступность: до станций МЦК и МЦД Новохохловская всего 7 минут пешком. Удобный выезд на ТТК и МСД, садовое кольцо в 5 км. Действительно заинтересованным прошу откликаться на анкету (функция звонков скрыта из-за огромного количества агентов) Собственник ID 102197638 Документы проверены Посмотреть все объекты Назначить просмотр вчера вчера, 14:10",,https://www.cian.ru/cat.php?deal_type=rent&district%5B0%5D=8&engine_version=2&offer_type=flat&room9=1&type=4&p=1,2026-04-16T05:14:42+00:00
1463,328932824,ЮВАО,https://www.cian.ru/rent/flat/328932824/?context=3.YeyuDjRXK7g.wU1NIhOSyH0Az9xg77gcTxvBYtQr_yF9W-jOoHyAdw2MIWOazlAI-z2q3icWNH93toGLfvUT0VCU0w&mlSearchSessionGuid=b3eba14503f206728a00c8b8103f52bf,1/11,260000,20.0,20,25,,"1/11 Студия, 20 м², 20/25 этаж Нижегородская 12 минут пешком Москва , ЮВАО , р-н Нижегородский , м. Нижегородская , Рязанский проспект , 2/2к2 60 000 ₽/мес. От года, комм. платежи включены (счётчики включены), без комиссии, залог 50 000 ₽ Сдается уютная квартира-студия в ЖК Аквилон Beside. Новый дом, сдан в 2024 г. Студия сдается впервые. В квартире: свежий ремонт, кухонный гарнитур, варочная панель, микроволновка, холодильник, стиральная машина, душевая кабина, кондиционер, шкафы для хранения, рабочий стол, Wi-Fi. Сдам одному человеку или паре. Собственник ID 70872605 +7 986 264-08-... Написать вчера вчера, 10:40",,https://www.cian.ru/cat.php?deal_type=rent&district%5B0%5D=8&engine_version=2&offer_type=flat&room9=1&type=4&p=2,2026-04-16T05:14:42+00:00
1431,328931683,ЮВАО,https://www.cian.ru/rent/flat/328931683/?context=3.ULeEdN-uOI4.SL707bsphwJvPwrEebbZkvWydh3VPrvo1MDbFmDHRbQLWM8zZ353CtuGOEVqXOOfQ5J069Htw_Q3ug&mlSearchSessionGuid=3f10215de1bf32477171644dcca76f4a,1/12,266000,20.1,14,33,,"1/12 Студия, 20,1 м², 14/33 этаж Только на Циан Проверено в Росреестре Новохохловская 6 минут пешком Москва , ЮВАО , р-н Нижегородский , м. Новохохловская , Новохохловская улица , 15к2 66 000 ₽/мес. От года, комм. платежи включены (без счётчиков), без комиссии, залог 66 000 ₽ Я собственник. Сдается уютная светлая студия с дизайнерским ремонтом. Отличный вид из окна на юго-восток. 5-7 минут пешком до станции Новохохловская В квартире есть все необходимое: - Холодильник - Стиральная машина - ТВ и интернет - Плита и чайник, микроволновка - Раскладной диван с ортопедическим основанием - Оборудована душевая кабина - Шкафы и ящики для хранения Дом свежий, сдан в конце 2023 года, в ЖК есть магазины, пвз, салоны, кофейня. Ищу добропорядочных арендаторов, квартира походит для одного человека или пары. Оплата - ежемесячный платеж+депозит в размере 100% Не всегда могу ответить на звонок, если не беру трубку - пишите, обязательно отвечу. ----- Примечание: у собственника могут быть дополнительные пожелания к жильцам - обсудите их в чате или по телефону Собственник ID 115866818 +7 986 364-25-... Написать вчера 14 апр, 11:43",,https://www.cian.ru/cat.php?deal_type=rent&district%5B0%5D=8&engine_version=2&offer_type=flat&room9=1&type=4&p=1,2026-04-16T05:14:42+00:00
1466,328938822,ЮВАО,https://www.cian.ru/rent/flat/328938822/?context=3.3hWfGyJmTbM.xgQY4sxoRK6zA7lh-GsPEC1_-uWi-LLLQqBgs1fe07VXc7NCZ9JUlOa84R5HETG7HUD4Be9r1PP3Dg&mlSearchSessionGuid=b3eba14503f206728a00c8b8103f52bf,1/23,270000,23.0,20,24,,"1/23 Студия, 23 м², 20/24 этаж Только на Циан Нижегородская 12 минут пешком Москва , ЮВАО , р-н Нижегородский , м. Нижегородская , Рязанский проспект , 2/2к2 70 000 ₽/мес. От года, комм. платежи включены (без счётчиков), без комиссии, залог 70 000 ₽ Собственник, сдаю прекрасную студию, м. Нижегородская, на долгий срок 10 мин до м. Нижегородская (там же БКЛ, МЦК, МЦД-4) Новостройка, 20-й этаж, 23 м², белые стены, лоджия с теплым полом. Качественная отделка под себя. Помимо стандартного набора: - измельчитель отходов в раковине - стиралка со встроенной сушкой - кондиционер - отпариватель - кровать с ортопедическим матрасом - умный чайник - качественные выключатели и сантехника (Schneider, hansgroge, grohe, ravak) Для водителей: простой выезд на ТТК и МСД, круглосуточная недорогая парковка в соседнем ТЦ. Рядом лавка с фермерскими овощами и фруктами, вкусвилл, пятерочка, аптеки, кофейни, ПВЗ (желтый, синий, розовый), фитнес. 15 мин пешком до Ашана и Лемана Про, там же большой МФЦ. Условия: Курение запрещено Без комиссии Залог (1 месяц) можно разбить на 2 месяца. Квартира готова к показу и заселению Собственник ID 67814503 Документы проверены +7 919 765-60-... Написать вчера вчера, 22:08",,https://www.cian.ru/cat.php?deal_type=rent&district%5B0%5D=8&engine_version=2&offer_type=flat&room9=1&type=4&p=2,2026-04-16T05:14:42+00:00
1503,328908588,ЮВАО,https://www.cian.ru/rent/flat/328908588/?context=3.GxqoQi0UnJY.-ALVEKKmZ_TEeIxX_pbMHnvFa3CUjQ2_J-wirXKwNUsUmLNLOTF5Hs3ZNsx-7xsyOD9nLA-xFsrbLQ&mlSearchSessionGuid=780327f859d8abc70ab3c62ab3fe3aa4,1/25,273000,25.0,6,30,,"1/25 Студия, 25 м², 6/30 этаж Только на Циан Угрешская 5 минут пешком Москва , ЮВАО , р-н Южнопортовый , м. Угрешская , Волгоградский проспект , 32/5к2 73 000 ₽/мес. От года, комм. платежи включены (без счётчиков), комиссия 50%, залог 73 000 ₽ Стильная студия с отдельной спальней | Панорамное окно | 5 мин до МЦК Угрешская Если ты ищешь не просто квартиру, а пространство, в которое хочется возвращаться — ты его нашёл. ЖК Метрополия, корпус Афины Главное преимущество — грамотное зонирование: это не студия всё в одном, а полноценный формат: — отдельная зона спальни — кухня-гостиная для жизни и отдыха 25 м², которые ощущаются как больше за счёт: — панорамного окна (много света) — высоких потолков — продуманной планировки Полностью готова к жизни: — кухня с техникой (есть посудомоечная машина — редкость в этом сегменте) — стиральная машина — микроволновка — кондиционер — достаточно мест для хранения — ничего не будет на виду Ванная, а не душ — комфорт на уровне, который обычно встречается в более дорогих вариантах Локация, которая экономит время: — 5 минут до МЦК Угрешская — быстрый доступ до Москва-Сити — удобный выезд в центр Про ЖК: — закрытый двор-парк без машин — стильные входные группы — подземный паркинг — атмосфера современного города Кому подойдет: — одному человеку, который ценит комфорт — паре без детей — тем, кто работает в Сити или в центре Почему стоит написать прямо сейчас: такие квартиры с отдельной спальней в этом бюджете появляются редко и уходят быстро Пишите/звоните — покажу оперативно Предпочтительно рассмотрим без животных КУ оплачиваются отдельно по счетчикам Комиссия 50% Риелтор ID 31619852 Документы проверены +7 985 066-58-... Написать два дня назад 13 апр, 12:17",,https://www.cian.ru/cat.php?deal_type=rent&district%5B0%5D=8&engine_version=2&offer_type=flat&room9=1&type=4&p=3,2026-04-16T05:14:42+00:00
1504,297717306,ЮВАО,https://www.cian.ru/rent/flat/297717306/?context=3.nVYzQw9slr8.0k94eX10F9ygZSKu2lL7JgkKrtm0Q-Kt5LcCYK-kAyt2CarrvOwZ1fV5vlIZEx9-Rl6D6-9_-tjoSQ&mlSearchSessionGuid=780327f859d8abc70ab3c62ab3fe3aa4,1/10,275000,19.6,1,9,,"1/10 Студия, 19,6 м², 1/9 этаж Только на Циан Дубровка 12 минут пешком Москва , ЮВАО , р-н Южнопортовый , м. Дубровка , Шарикоподшипниковская улица , 2 75 000 ₽/мес. На несколько месяцев, комм. платежи включены (счётчики включены), без комиссии, залог 20 000 ₽ Предлагается с 23 апреля в аренду студия( возможна аренда на 1,2,3 месяца) Есть все необходимое для комфортного проживания. Размер кровати 160х200 Кресло- кровать( спальное место 80х200). Кондиционер холодильник микроволновая печь стиральная машина постельные принадлежности и полотенца. отчетные документы от ИП. Риелтор Наталья Бережная Суперагент +7 933 937-81-... Написать два дня назад 13 апр, 22:47",,https://www.cian.ru/cat.php?deal_type=rent&district%5B0%5D=8&engine_version=2&offer_type=flat&room9=1&type=4&p=3,2026-04-16T05:14:42+00:00
1459,329009883,ЮВАО,https://www.cian.ru/rent/flat/329009883/?context=3.ifUYbmAT8x4.pHEQCdeMyGYlnfZqFBEvh30r_BIvHR-3IPyJRe_1DganjADmcGAssl2yFVvQUdZqXnrVWC7_wjTjoQ&mlSearchSessionGuid=b3eba14503f206728a00c8b8103f52bf,1/34,280000,30.1,2,4,,"1/34 Студия, 30,1 м², 2/4 этаж Москва-Товарная 8 минут пешком Москва , ЮВАО , р-н Лефортово , м. Москва-Товарная , шоссе Энтузиастов , 3к2 80 000 ₽/мес. От года, комм. платежи включены (без счётчиков), комиссия 50%, без залога Дoлгocрoчная аренда (договoр нa 11 меcяцев). Kвартиpа cдaeтcя впepвые! Представляeм вашему внимaнию студию площадью 30.1 кв.м. pасполoжeнную в ЖК Символ Квартира укомплектована всем необходимым для комфортного проживания: качественная техника и стильная мебель! Бытовая теxника: cтиральнaя мaшина, xoлодильник, варочная панeль, духовой шкаф, пoсудомоечная машина, электрический чайник, утюг, телевизор, кондиционер. Транспортная доступность: Метро Площадь Ильича - 6-10 мин пешком Метро Римская- 6-10 мин пешком - На территории ЖК открыты лицей при МГТУ им. Баумана, детские сады, физкультурно-оздоровительные комплексы, детская и взрослая поликлиники, кафе, супермаркеты, рестораны и многое другое. - Рядом расположены Лефортовский парк и парк Казачьей Славы и набережная реки Яузы. - Напротив квартала находится крупный торгово-развлекательный центр Город. Условия проживания по Тарифу Комфортное проживание: - 50% от арендного платежа при заселении; - Раннее бронирование объекта (за 3 дня до заселения); - Персональный менеджер на всех этапах аренды быстро реагирует на запросы - большинство бытовых вопросов решаем за 48 часов; - Страхование гражданской ответственности до 300 000 ₽; - Организация мелкого ремонта. Коммунальные платежи: электроэнергия, хвс\гвс, услуги интернет-провайдера, расходы за отопление дома/квартиры оплачивает арендатор. Заселение только при наличии постоянной регистрации РФ. Без животных. Агентство недвижимости СМАРЕНТ Документы проверены +7 985 853-93-... Написать вчера вчера, 15:09",,https://www.cian.ru/cat.php?deal_type=rent&district%5B0%5D=8&engine_version=2&offer_type=flat&room9=1&type=4&p=2,2026-04-16T05:14:42+00:00
1448,313752293,ЮВАО,https://www.cian.ru/rent/flat/313752293/?context=3.OvlJYixmqZc.UFJhzn8kT80OBYp7vZGiOg_X2MANCT7zVI3_gYlIGOqv5wJn70V0qBj1fVY82rjZpUykRH3gQO9QDQ&mlSearchSessionGuid=3f10215de1bf32477171644dcca76f4a,1/50,297000,43.0,17,17,,"1/50 Просторная студия у МЦК Дубровка Студия, 43 м², 17/17 этаж Проверено в Росреестре Дубровка 7 минут пешком Москва , ЮВАО , р-н Южнопортовый , м. Дубровка , 6-я Кожуховская улица , 15к2 97 000 ₽/мес. От года, комм. платежи включены (без счётчиков), без комиссии, залог 120 000 ₽ На последнем 17 этаже, на южной стороне одноподъездного монолитного дома 2005 года постройки, сдается просторная 43 м. студия с лоджией, полностью оборудованная и укомплектованная всем необходимым. Установлена новая сушильная машина, капсульная Nespresso, индукционная плита, фильтрация питьевой воды с осмосом, бойлер, Oled (именно Олед) телевизор с не замедляемым ютубом, Apple tv 4k с Кинопабом! (Не путать с Кинопоиском и другими бесполезными онлайн кинотеатрами) , колонкой Алисой с элементами умного дома (интерьерное освещение на голосовом управлении), домашним кинотеатром 5.1 B&W мультирум, по необходимости + xbox X. Инверторный кондиционер Fujitsu с ночным режимом 19dB и Конвекционная микроволновая печь Panasonic (оба made in Japan). В наличии хорошая, новая кухонная посуда, приборы Broggi новое белье (икея импорт)) и всё что нужно для жизни, (штопор есть!). Вам, только развесить на 120 вешалках личные вещи, в 2-х шкафах, и в прихожей разместить 27 пар обуви в обувнице. Кровать - 160/200 и доп спальное место из дивана 120/180. Не смотря на то, что дом находится рядом с ТТК, с прекрасной транспортной доступностью, в квартире тихо и можно спать с открытыми окнами. В доме приветливые соседи и круглосуточный консьерж. У дома ВСЕГДА есть бесплатные парковочные места. Рядом, в соседних домах, продуктовые сетевые магазины с алкоголем, работающие до 23:00 и один круглосуточный + большой Магнит Косметик, через дом Яндекс лавка., Аптека и тандыр Пекарня. В трех! минутах ходьбы от дома большой ТРЦ Мозаика, с фудкортом, гипер маркетом, фитнесом (DDX) флагманским Мфц и 2-х минутным переходом на станцию МЦК Дубровка. Метро Кожуховская в 12 минутах ходьбы. Недалеко находится ландшафтный парк Остров Мечты (идеально для велопрогулок) В стоимость аренды включены все платежи кроме электроэнергии. Сдаю без животных, на длительный срок ценящим чистоту, камерность и уют. Если вы хотите жить в современных условиях, но большие ЖК с маленькими деревьями и плохой шумоизоляцией вам не подходят, тогда это предложение может быть вам интересно. ID 47359882 Документы проверены +7 985 002-22-... Написать вчера вчера, 22:38",,https://www.cian.ru/cat.php?deal_type=rent&district%5B0%5D=8&engine_version=2&offer_type=flat&room9=1&type=4&p=1,2026-04-16T05:14:42+00:00
1440,328376795,ЮВАО,https://www.cian.ru/rent/flat/328376795/?context=3.sgzm_coqoCU.kdqGRVcXzHVKO05JpmobznzZCfj05tW1vqthmSy6hCUZsHf51Ck_vCd5r9qjEwRQW8wkzgJpXrE_wA&mlSearchSessionGuid=3f10215de1bf32477171644dcca76f4a,1/11,336000,12.0,10,15,,"1/11 Студия, 12 м², 10/15 этаж Люблино 15 минут пешком Москва , ЮВАО , р-н Люблино , м. Люблино , Цимлянская улица , 3к3 36 000 ₽/мес. От года, комм. платежи включены (счётчики включены), комиссия 100%, залог 36 000 ₽ Показы 8 апреля СДАМ ДЛЯ ОДНОГО человека на длительный срок квартиру-студию с современным евроремонтом в новом ЖК бизнес-класса ""ВЛюблино"", район Люблино. Депозит возможно разбить на 2 части. Дом 15-этажный монолитный. Этаж 10/15, пластиковые окна, санузел совмещен. Диван двуспальный, микроволновая печь, холодильник, электро-плита, чайник, шкаф, стиральная машина (в коридоре). Инфраструктура развитая, все объекты первой необходимости расположены в пешей доступности: школа, детский сад, супермаркеты и др. Рядом парки. От станции метро Люблино - 9 минут пешком. Автобусные остановки возле дома. Оперативный показ: Москва, Цимлянская 3к3. Агентство недвижимости ЖИЛСЕРВИС Суперагент +7 915 496-36-... Написать вчера вчера, 22:56",,https://www.cian.ru/cat.php?deal_type=rent&district%5B0%5D=8&engine_version=2&offer_type=flat&room9=1&type=4&p=1,2026-04-16T05:14:42+00:00
1511,323118683,ЮВАО,https://www.cian.ru/rent/flat/323118683/?context=3.duMtMKcMn-Y.UiBlwvBVY21Lriy1gZNt0S5e6Ijxkw-hbkZNv-UEVI8-EocDwPjxBBYygix4cT45zempQ7_sXCo4YQ&mlSearchSessionGuid=780327f859d8abc70ab3c62ab3fe3aa4,1/11,338000,15.0,4,5,,"1/11 Студия, 15 м², 4/5 этаж Только на Циан Окская 14 минут пешком Москва , ЮВАО , р-н Кузьминки , м. Окская , Окская улица , 28К3 38 000 ₽/мес. От года, комм. платежи включены (без счётчиков), комиссия 50%, залог 38 000 ₽ Вам к нам! Только если: вы любите качество, по адекватной цене! Наша квартира для тех ,кто хочет жить каждое мгновение жизни, а не только приезжать ночевать в арендную квартиру. Уютная квартира. Спокойная атмосфера. Отличная локация. Адекватный собственник!! Тут можно жить и работать не выходя из дома!!! Рассмотрим все ваши предложения, учитывая пожелания от собственника. Звоните, уважаемые клиенты и коллеги!!! P.S. Если не отвечаю на звонок, то напишите SMS с названием улицы, когда я освобожусь, то обязательно перезвоню. Заселение с 1 мая, просмотры по договоренности. Плюс квитанция жкх 3000. Агентство недвижимости ПАРТНЕР Суперагент +7 980 154-12-... Написать вчера 14 апр, 16:54",,https://www.cian.ru/cat.php?deal_type=rent&district%5B0%5D=8&engine_version=2&offer_type=flat&room9=1&type=4&p=3,2026-04-16T05:14:42+00:00
1432,324788407,ЮВАО,https://www.cian.ru/rent/flat/324788407/?context=3.8rZSSqC4zSw.5NY-rpvrPJz94srot5n_ms2Toa1iluyBnsHwffMQchzkeL33R0cvunHusxlNS3z0GFOXi3ICTGSkDA&mlSearchSessionGuid=3f10215de1bf32477171644dcca76f4a,1/18 Ещё фото,349500,27.0,19,25,,"1/18 Ещё фото Пешком до метро! Студия, 27 м², 19/25 этаж Перерва 4 минуты на транспорте Москва , ЮВАО , р-н Люблино , м. Перерва , Люблинская улица , 74к3 49 500 ₽/мес. От года, комм. платежи включены (без счётчиков), комиссия 50%, залог 49 500 ₽ Сдаётся уютная 1-комнатная квартира с хорошим ремонтом и совмещённым санузлом в ЖК Люблинский Парк. Её можно посмотреть когда Вам удобно: бронируете время, забираете ключи и спокойно осматриваете. Если всё понравится, договор подпишем онлайн и будем поддерживать Вас на всех этапах аренды. Квартира оборудована всей необходимой для проживания мебелью и техникой, имеются: - Кухонный гарнитур; - Плита; - Стиральная машина; - Холодильник; - Интернет. Можно обсудить покупки дополнительной мебели/техники в счёт арендной платы. Полы - плитка и ламинат. Окна выходят во двор, на запад. Есть бесплатная парковка. Собственник готов заселить не более 2 взрослых жильцов с детьми. Можно с питомцем. Дом находится в районе с развитой инфраструктурой, рядом: - ТЦ Люблю Молл; - Парк Героев Отечественной войны 1812 года. Также в пешей доступности находятся продуктовые супермаркеты, школы, детские сады, медицинские учреждения, аптеки, кафе, салоны красоты. До МЦД-2 Перерва - 17 минут пешком. Агентство недвижимости ПИК-Аренда Документы проверены Посмотреть все объекты +7 916 573-01-... Написать вчера вчера, 15:40",,https://www.cian.ru/cat.php?deal_type=rent&district%5B0%5D=8&engine_version=2&offer_type=flat&room9=1&type=4&p=1,2026-04-16T05:14:42+00:00
1446,328948409,ЮВАО,https://www.cian.ru/rent/flat/328948409/?context=3.to27V6ENmys.3l2sIkk3y9sTW9ZMMeqoQDwR_YhTUD35QffVzyI1ko8R-bag0ePJaqExkFuaszmkGkiSeWVHXk_HkQ&mlSearchSessionGuid=3f10215de1bf32477171644dcca76f4a,1/14,350000,23.1,5,25,,"1/14 Студия, 23,1 м², 5/25 этаж Только на Циан Братиславская 5 минут на транспорте Москва , ЮВАО , р-н Люблино , м. Перерва , Люблинская улица , 74к3 50 000 ₽/мес. От года, комм. платежи включены (без счётчиков), без комиссии, залог 50 000 ₽ Просьба писать, а не звонить т. к работаю! Сдается впервые студия, ранее не сдавалась. Окна выходят во двор. До метро Братиславская(Перерва) 20 мин пешком, каждые 10 мин ходят автобусы 704, 35.Рядом есть магазины: Ашан, Магнит, Пятерочка, аптеки. Сдам работающим, платежеспособным 1-2 людям в приоритете семейной паре. Без животных! Цена 50.000 плюс залог в размере месячной оплаты. Оплата по счетчикам( свет, вода) Регистрацию не делаю! Собственник ID 140073292 +7 986 404-53-... Написать вчера 14 апр, 09:02",,https://www.cian.ru/cat.php?deal_type=rent&district%5B0%5D=8&engine_version=2&offer_type=flat&room9=1&type=4&p=1,2026-04-16T05:14:42+00:00
1441,321407694,ЮВАО,https://www.cian.ru/rent/flat/321407694/?context=3.Pom2C0s6xfM.rIY6aEbHNOF6s890wzWH_D6UidP6rSQB9UiMmhDV2FpnVzqFHoNIziZhIx9MIeSMKUfu8WlV2i5qsQ&mlSearchSessionGuid=3f10215de1bf32477171644dcca76f4a,1/15 Ещё фото,375000,30.0,20,23,,"1/15 Ещё фото Студия рядом с метро Студия, 30 м², 20/23 этаж Только на Циан Стахановская 1 минута пешком Москва , ЮВАО , р-н Рязанский , м. Стахановская , 2-й Грайвороновский проезд , 44к3 75 000 ₽/мес. От года, комм. платежи включены (без счётчиков), без комиссии, залог 75 000 ₽ Собственник предлагает аккуратным и порядочным людям студию с оптимальным метражем для аренды на длительный срок. 2 минуты пешком до м. Стахановская. Квартира находится в новом ЖК с развитой инфраструктурой- кафе, рестораны, студии фитнеса и йоги, салоны красоты, массажа, барбершопы, химчистки, пункты выдачи маркетплейсов, разнообразные продуктовые магазины и т.д. Охраняемая закрытая территория, вдоль ЖК расположен пешеходный бульвар с открытыми спортивными площадками, футбольным полем, скейт парком. Удобное транспортное расположение. Квартира с интересными интерьерными решениями , качественной отделкой, сантехникой и мебелью. В квартире предусмотрено всё для Вашего комфортного проживания: посудомоечная машина, микроволновая печь, духовой шкаф, индукционная плита, фильтр для воды,электрический чайник, холодильник, стиральная и сушильная машина, водонагреватель, smart TV, продумано много мест для хранения. Оплата: за первый месяц плюс обеспечительный платеж (стоимость аренды за месяц), который возвращается после выселения из квартиры. отдельно оплачивается интернет+коммунальные платежи по счётчикам. Собственник ID 99121972 Документы проверены Посмотреть все объекты +7 916 536-94-... Написать вчера вчера, 12:55",,https://www.cian.ru/cat.php?deal_type=rent&district%5B0%5D=8&engine_version=2&offer_type=flat&room9=1&type=4&p=1,2026-04-16T05:14:42+00:00
1443,328204522,ЮВАО,https://www.cian.ru/rent/flat/328204522/?context=3.FQLu6sdEVAk.jsdAilaf-nhS8mxr71wvKphH5NdVdeIq3GPdkms2XPBcRkz6lh4cUOwiVQhVEH9PFdBZDh2PNgReHg&mlSearchSessionGuid=3f10215de1bf32477171644dcca76f4a,1/11,420000,18.0,1,22,,"1/11 Апартаменты-студия, 18 м², 1/22 этаж Только на Циан Волгоградский проспект 5 минут на транспорте Москва , ЮВАО , р-н Нижегородский , м. Калитники , Автомобильный проезд , 4 20 000 ₽/мес. От года, комм. платежи включены (без счётчиков), комиссия 60%, без залога ВАШЕМУ ВНИМАНИЮ! Описание обязательно к прочтению! Сдаются апартаменты в ЧЕРНОВОЙ отделке, как под проживание так и под свободное назначение! Ограничений к составу проживающих нет. Все разводки под коммуникации присутствуют (туалета и ванной нет!), а именно: Отопление есть Гор\хол вода есть Труба под водоотвод есть. Фото нет, есть только видео, могу выслать в личные сообщения в мессенджер. Студия теплая, если требуется лёгкий ремонт, можете сделать под себя, либо же арендовать под склад, рабочее помещение и любые другие задачи. Помещение высокое, рассчитано под двухэтажный проект. Улучшение условий проживания за счёт наймодателя не рассматриваем! В наличии есть несколько объектов схожей планировки и квадратуры в собственности, поэтому предложение всегда актуально. Показ и заселение возможно в любой день! Оперативный просмотр! Агентство недвижимости PREMIUM CITY Суперагент +7 923 077-63-... Написать 2 недели назад 26 мар, 12:17",,https://www.cian.ru/cat.php?deal_type=rent&district%5B0%5D=8&engine_version=2&offer_type=flat&room9=1&type=4&p=1,2026-04-16T05:14:42+00:00
1508,328035351,ЮВАО,https://www.cian.ru/rent/flat/328035351/?context=3.aNrAZY6ZQZg.1nfttVoijsyfriZwT3_j_3489RThgefDQTDmwwReQX_k2HCG-A7So5EYaX1MuY9kVoRgN3FpywuSAQ&mlSearchSessionGuid=780327f859d8abc70ab3c62ab3fe3aa4,1/17,448000,17.8,16,21,,"1/17 Апартаменты-студия, 17,8 м², 16/21 этаж Калитники 10 минут пешком Москва , ЮВАО , р-н Нижегородский , м. Калитники , Автомобильный проезд , 4 48 000 ₽/мес. От года, комм. платежи включены (без счётчиков), комиссия 42%, залог 30 000 ₽ Новая студия со свежим ремонтом и мебелью в ЖК Бизнес-класса N'ICE LOFT! Свежий ремонт. Сдается впервые после ремонта и обустройства. Все готово к вашему комфортному проживанию. Кондиционер, холодильник, стиральная машина, раскладной диван для сохранения пространства, вместительные шкафы, много места для хранения, новый комплект посуды, постельного белья и спальных принадлежностей. Удобная транспортная доступность: - Станция Калитники в 10-ти минутах пешком; - до Волгоградского проспекта 11 минут; - остановка общественного транспорта в 5-ти минутах пешком; - удобный выезд на Третье транспортное кольцо; - до Кремля 5 км. Условия аренды: От 4 месяцев или на длительной срок Плата за месяц -48.000 руб. (плюс оплата по счетчикам) Залог - 30.000 руб. Комиссия - 20.000 руб. Подробности по телефону. НЕ ОТКЛАДЫВАЙТЕ звонок на завтра, завтра могут сказать что ""квартира уже сдана""! Риелтор Кадрия Котова Суперагент +7 923 078-61-... Написать четыре дня назад 11 апр, 19:31",,https://www.cian.ru/cat.php?deal_type=rent&district%5B0%5D=8&engine_version=2&offer_type=flat&room9=1&type=4&p=3,2026-04-16T05:14:42+00:00
1476,326768811,ЮВАО,https://www.cian.ru/rent/flat/326768811/?context=3.GX9oJDCO0WM.P2BYKmqkseACHKg-9nN8G9WOPmOAbqHdBnZ5ZYre-vC4mBX-67W0hc0560KIr8vt7NC7H4_Z5isTvw&mlSearchSessionGuid=b3eba14503f206728a00c8b8103f52bf,1/23,454990,11.0,4,21,,"1/23 Апартаменты-студия, 11 м², 4/21 этаж Только на Циан Калитники 10 минут пешком Москва , ЮВАО , р-н Нижегородский , м. Калитники , Автомобильный проезд , 4 54 990 ₽/мес. На несколько месяцев, комм. платежи включены (счётчики включены), без комиссии, залог 10 000 ₽ КЛИНИНГ ВКЛЮЧЕН В СТОИМОСТЬ. СРЕДНЕСРОЧНАЯ АРЕНДА на 1-6-12 мес. ЖК Nice Loft | Студия с кондиционером рядом с метро | Постельное белье и полотенца | Кондиционер | Двуспальная кровать | Smart TV | Высокоскоростной Wi-Fi | Полный пакет отчетных документов с чеками | Высокий Рейтинг | _ _ _ Дизайнерская Студия в ЖК Nice Loft. Чистая, уютная и новая студия, откуда не хочется уезжать. Интерьер продуман до мелочей. Заходи и Живи! Метро Калитники D2 (10 минут пешком) В квартире есть все необходимое для проживания 2-х человек: — двуспальная кровать; — кондиционер; — Wi-Fi, Smart-TV; — гладильная доска, утюг, сушилка; — постельное белье, комплект полотенец. Кухня: — плита, вытяжка, микроволновая печь, холодильник, чайник; — набор посуды и вся необходимая утварь; — чай, кофе, соль, сахар. Ванная комната: — душевая, фен; — стиральная машина, сушильная машина (в прихожей); — косметические принадлежности (шампунь, гель для душа, мыло). _ _ _ Инфраструктура: — метро Калитники D2 (10 минут пешком); — Калитниковский пруд (7 минут пешком); — Московский кёрлинг-клуб (15 минут пешком) — Международный университет психолого-педагогических инноваций (15 минут пешком); — Первый Московский кадетский корпус, Таганская кадетская школа (15 минут пешком); — Высшая школа телевидения Останкино (3 минут на авто); — Московский дайвинг (5 минут на авто); — квесты ""Клаустрофобия"" и ""Quest Stars"" (7 минут на авто); — Московский финансово-юридический университет (10 минут на авто); — Театр на Мельникова (10 минут на авто); — Товарищество артистов МХАТ (10 минут на авто); — завод ЦНИИТМАШ (12 минут на авто); — спортивный комплекс ""Центральный"" (13 минут на авто) _ _ _ Правила проживания: — от 18 лет при наличии паспорта; — проживание с детьми разрешено; — курение и шумные мероприятия в квартире не допускаются; При бронировании вносится предоплата за 1 месяц проживания 50 000 рублей Залог - 10 000 рублей. Коммунальные услуги не включены в стоимость - 5000 руб. Будем рады встретить Вас у нас в гостях! Забронируйте прямо сейчас! Ждем наших дорогих гостей! Агентство недвижимости ФУЛЛ ХАУС Суперагент +7 933 938-47-... Написать 3 недели назад 25 мар, 18:02",,https://www.cian.ru/cat.php?deal_type=rent&district%5B0%5D=8&engine_version=2&offer_type=flat&room9=1&type=4&p=2,2026-04-16T05:14:42+00:00
1479,326768340,ЮВАО,https://www.cian.ru/rent/flat/326768340/?context=3.uYVDXL8nzUs.CcctQa_AVc51jag-mEjsgniYeeU_7njIsncMzy_t0IWndcRlXhNeB5G38kyFlFiqYr0s9KCe8kwpAA&mlSearchSessionGuid=b3eba14503f206728a00c8b8103f52bf,1/20,454990,10.0,2,21,,"1/20 Студия, 10 м², 2/21 этаж Только на Циан Калитники 10 минут пешком Москва , ЮВАО , р-н Нижегородский , м. Калитники , Автомобильный проезд , 4 54 990 ₽/мес. На несколько месяцев, комм. платежи включены (без счётчиков), без комиссии, залог 10 000 ₽ КЛИНИНГ ВКЛЮЧЕН В СТОИМОСТЬ. СРЕДНЕСРОЧНАЯ АРЕНДА на 1-6-12 мес. ЖК Nice Loft | Студия с кондиционером рядом с метро | Постельное белье и полотенца | Кондиционер | Двуспальная кровать | Smart TV | Высокоскоростной Wi-Fi | Полный пакет отчетных документов с чеками | Высокий Рейтинг | _ _ _ Дизайнерская Студия в ЖК Nice Loft. Чистая, уютная и новая студия, откуда не хочется уезжать. Интерьер продуман до мелочей. Заходи и Живи! Метро Калитники D2 (10 минут пешком) В квартире есть все необходимое для проживания 2-х человек: — двуспальная кровать; — кондиционер; — Wi-Fi, Smart-TV; — гладильная доска, утюг, сушилка; — постельное белье, комплект полотенец. Кухня: — плита, вытяжка, микроволновая печь, холодильник, чайник; — набор посуды и вся необходимая утварь; — чай, кофе, соль, сахар. Ванная комната: — душевая, фен; — стиральная машина, сушильная машина (в прихожей); — косметические принадлежности (шампунь, гель для душа, мыло). _ _ _ Инфраструктура: — метро Калитники D2 (10 минут пешком); — Калитниковский пруд (7 минут пешком); — Московский кёрлинг-клуб (15 минут пешком) — Международный университет психолого-педагогических инноваций (15 минут пешком); — Первый Московский кадетский корпус, Таганская кадетская школа (15 минут пешком); — Высшая школа телевидения Останкино (3 минут на авто); — Московский дайвинг (5 минут на авто); — квесты ""Клаустрофобия"" и ""Quest Stars"" (7 минут на авто); — Московский финансово-юридический университет (10 минут на авто); — Театр на Мельникова (10 минут на авто); — Товарищество артистов МХАТ (10 минут на авто); — завод ЦНИИТМАШ (12 минут на авто); — спортивный комплекс ""Центральный"" (13 минут на авто) _ _ _ Правила проживания: — от 18 лет при наличии паспорта; — проживание с детьми разрешено; — курение и шумные мероприятия в квартире не допускаются; При бронировании вносится предоплата за 1 месяц проживания 50 000 рублей Залог - 10 000 рублей. Коммунальные услуги не включены в стоимость - 5000 руб. Будем рады встретить Вас у нас в гостях! Забронируйте прямо сейчас! Ждем наших дорогих гостей! Агентство недвижимости ФУЛЛ ХАУС Суперагент +7 933 938-47-... Написать 3 недели назад 25 мар, 18:05",,https://www.cian.ru/cat.php?deal_type=rent&district%5B0%5D=8&engine_version=2&offer_type=flat&room9=1&type=4&p=2,2026-04-16T05:14:42+00:00
1467,328179979,ЮВАО,https://www.cian.ru/rent/flat/328179979/?context=3.FD1RsXOiEMY.GSAJWAf3yWJhe1e74g0C_wqi4oJTCYxwldd89aSXvkKjeBAKTnoW8LsMNFfDF_p3BYUclU08Cvh98w&mlSearchSessionGuid=b3eba14503f206728a00c8b8103f52bf,1/14,457000,23.5,4,17,,"1/14 Студия, 23,5 м², 4/17 этаж Новохохловская 5 минут на транспорте Москва , ЮВАО , р-н Текстильщики , м. Новохохловская , 1-й Грайвороновский проезд , 3Ак4 57 000 ₽/мес. От года, комм. платежи включены (счётчики включены), без комиссии, залог 57 000 ₽ Новая уютная студия - идеально для одного человека или пары. Первая сдача, никто не жил. Пешая доступность до метро Новохохловская и Текстильщики. До центра - около 10 минут на метро или 25 минут на машине. Рядом вся необходимая инфраструктура: торговые центры, магазины, фитнес-клубы, кафе, рестораны, кинотеатр, скверы. О квартире: • Площадь: 23,5 м² • Новый ремонт • Полностью укомплектована - можно заехать и жить • Кухня: холодильник, плита, духовка, микроволновка, посудомоечная машина, вытяжка • Мебель: двуспальный диван с наматрасником, шкафы, рабочая зона, кухонный остров • Санузел с душевой, стиральная машина • Кондиционер • Фильтр для воды (осмос, Аквафор DWM-70) • Робот-пылесос Xiaomi • Вид из окна: во двор и на город Дом и территория: • Закрытый двор • Охрана • Парковка • Детская площадка • Магазины и пункты выдачи заказов в доме Условия для 1-2 человек Стоимость: 55 000 ₽/мес + свет и вода по счетчикам Депозит - 1 месяц (возможна разбивка) Срок аренды - от 6 месяцев Заселение сразу Показ по договоренности Фото и видео по запросу Без комиссии, не агентство Собственник ID 105348705 +7 985 085-60-... Написать вчера 14 апр, 08:38",,https://www.cian.ru/cat.php?deal_type=rent&district%5B0%5D=8&engine_version=2&offer_type=flat&room9=1&type=4&p=2,2026-04-16T05:14:42+00:00
1456,328650937,ЮВАО,https://www.cian.ru/rent/flat/328650937/?context=3.PWyMGDntwBg.5ftaN4s-B465Tqcig6rlR0QDYYLpYd1THaBdAirYOejydPlCcaHyEcB3PRmsrMwmV7cIpyjpsq0sTA&mlSearchSessionGuid=3f10215de1bf32477171644dcca76f4a,1/16,460000,19.8,15,17,,"1/16 Студия, 19,8 м², 15/17 этаж Текстильщики 10 минут на транспорте Москва , ЮВАО , р-н Текстильщики , м. Новохохловская , 1-й Грайвороновский проезд , 3Ак4 60 000 ₽/мес. На несколько месяцев, комм. платежи включены (без счётчиков), без комиссии, залог 60 000 ₽ Предлагается студия в современном жилом комплексе. Квартира никогда не сдавалась и не использовалась для аренды — вы станете первыми жильцами. В квартире выполнен ремонт ""под ключ"" с продуманной эргономикой и качественными материалами. Идеально подойдет для аккуратного человека или семейной пары. Квартира с окнами во двор. Планировка и мебель: Установлена кровать с орто-основанием и подъемным механизмом. Под матрасом — глубокий короб для хранения. Обеденная зона с раздвижным столом. Большой распашной шкаф для одежды и обуви. Письменный стол с удобным креслом. Техника и оснащение: — индукционная варочная панель (2 конфорки, быстрый нагрев); — посудомоечная машина; — вытяжка, микроволновая печь, чайник, холодильник no frost; — кондиционер; — фильтр для воды под мойкой (питьевая вода без бутылок и кулеров); — в ванной: стиральная машина с функцией сушки, шкаф и тумба для хранения; — несколько сценариев освещения. Ecть всe нeoбxодимoe для комфopтного прoживания, в т.ч нaбoр посуды для пригoтовлeния, нaбор столoвoй поcуды и cтоловыx прибoров, разделочная доска. Подушки, одеяло, гладильная доска. Инфраструктура и расположение: Дом находится в районе с полностью сформированной инфраструктурой ""в шаге от дома"". В пешей доступности : — детский сад и общеобразовательная школа; — городская поликлиника и частный медицинский центр; — продуктовые супермаркеты и круглосуточные аптеки; — кофейни, кафе для завтраков, салоны красоты и барбершопы. Условия: — Аренда долгосрочная, договор на 11 месяцев. Если съезжаете ранее чем через 6 месяцев, депозит не возвращается) — Залог 100% — Коммунальные платежи в стоимость не входят, оплачиваются дополнительно — Без домашних животных (индивидуально обговаривается маленькая собака) — В квартире нельзя курить (стоят датчики дыма). Собственник ID 39546126 +7 985 627-68-... Написать 15 минут назад сегодня, 07:55",,https://www.cian.ru/cat.php?deal_type=rent&district%5B0%5D=8&engine_version=2&offer_type=flat&room9=1&type=4&p=1,2026-04-16T05:14:42+00:00
1460,328298236,ЮВАО,https://www.cian.ru/rent/flat/328298236/?context=3.WP9BrFU-_Ag.pI5qNK5lpUhrFSad8P9i6rJp82vkmbIn8rMwXnujmrYp_Aij7ntuePzsTZMQ4xrdXpUc6XvYjuT-OQ&mlSearchSessionGuid=b3eba14503f206728a00c8b8103f52bf,1/13,460000,17.0,11,17,,"1/13 Студия, 17 м², 11/17 этаж Только на Циан Волгоградский проспект 19 минут пешком Москва , ЮВАО , р-н Нижегородский , м. Калитники , Автомобильный проезд , 4 60 000 ₽/мес. От года, комм. платежи включены (без счётчиков), комиссия 50%, залог 60 000 ₽ Представляю вашему вниманию уникальную квартиру с дизайнерским ремонтом в современном монолитно-кирпичном доме 2025 года постройки. Расположенная в новом спортивном жилом комплексе Найс Лофт, эта квартира находится в пределах Третьего транспортного кольца, предлагая идеальное сочетание спокойной жизни и легкого доступа ко всем преимуществам центра Москвы. Пространство и комфорт: Просторная комната: Идеальное место для отдыха и сна. Удобная кровать и вместительный шкаф для хранения обеспечат максимальный комфорт. Современная кухня: Оснащена стильной мебелью и всей необходимой встроенной бытовой техникой, включая холодильник и микроволновую печь. Здесь вы сможете с удовольствием готовить любимые блюда. Удобства: Квартира оборудована стиральной машиной для вашего удобства. Совмещенный санузел: Выполнен в современном стиле с акцентом на качество. Высококлассная сантехника и просторная душевая кабина создают атмосферу спа-салона. Преимущества дома и ЖК: Высокий этаж: Квартира расположена на11 этаже 24-этажного дома, откуда открывается приятный вид. Современная инфраструктура: В доме функционируют два пассажирских и один грузовой лифт, обеспечивая быстрый и удобный доступ к вашему этажу. Безопасность и удобство: Для жителей комплекса предусмотрена парковка за шлагбаумом во дворе, что гарантирует безопасность ваших автомобилей. Новый спортивный ЖК: Найс Лофт — это современный жилой комплекс, где вы сможете наслаждаться активным образом жизни. Эта квартира — идеальный выбор для тех, кто ценит стиль, комфорт и удобное расположение. Добро пожаловать в ваш новый дом! Номер объекта: #1/536958/24838 Агентство недвижимости City Real Estate Документы проверены +7 916 935-64-... Написать вчера вчера, 16:38",,https://www.cian.ru/cat.php?deal_type=rent&district%5B0%5D=8&engine_version=2&offer_type=flat&room9=1&type=4&p=2,2026-04-16T05:14:42+00:00
1481,328043091,ЮВАО,https://www.cian.ru/rent/flat/328043091/?context=3.Pt8zp819yDQ.d28TZLTa-k6sO8zBaWIa1mqLz6uzOKHeoUs6QAmPvPHZBe44jGj4dHlpF6Y_ulX8m3ijj0FaM-o1_Q&mlSearchSessionGuid=b3eba14503f206728a00c8b8103f52bf,1/37,460000,24.0,10,32,,"1/37 Студия, 24 м², 10/32 этаж Только на Циан Угрешская 6 минут пешком Москва , ЮВАО , р-н Южнопортовый , м. Угрешская , Волгоградский проспект , 32/5к4 60 000 ₽/мес. От года, комм. платежи включены (без счётчиков), комиссия 50%, залог 60 000 ₽ ПОД АВАНСОМ ДО 15 АПРЕЛЯ. Юлия, Москва, ЖК ""МЕТРОПОЛИЯ"", корпус ""Владивосток"", Волгоградский проспект 32/5 к4 -5 мин. пешком от метро Волгоградский проспект. СДАЁТСЯ ВПЕРВЫЕ ВЕЛИКОЛЕПНАЯ, СТИЛЬНАЯ, УЮТНАЯ, НОВАЯ СОВРЕМЕННАЯ КВАРТИРА-СТУДИЯ С ДИЗАЙНЕРСКИМ ЕВРОРЕМОНТОМ, выполненным из качественных и дорогих материалов - грамотно-продуманное решение пространства, использован каждый сантиметр! Большое количество встроенных шкафов позволит вам комфортно разместить все вещи и гардероб. Встроенная евро-кухня под единой столешницей с абсолютно всей новой бытовой техникой: варочная поверхность, духовой шкаф, вытяжка, СВЧ, двухкамерный холодильник, ПОСУДОМОЕЧНАЯ МАШИНА. Диван-аккордеон легко превращается в комфортную двуспальную кровать с независимыми пружинами. ЖК ТВ. Санузел евростандарт совмещенный С ВАННОЙ! Стиральная машина-автомат. СУШИЛЬНАЯ МАШИНА. КОНДИЦИОНЕР. Панорамный вид из окна на солнечную внешнюю сторону. ПОЛНОСТЬЮ ГОТОВА К ЗАСЕЛЕНИЮ! Показ оперативно - по договорённости, КЛЮЧИ НА РУКАХ! На длительный срок. Оплата+счётчики. Риелтор Юлия Шарапова Суперагент +7 985 102-75-... Написать три дня назад 13 апр, 00:28",,https://www.cian.ru/cat.php?deal_type=rent&district%5B0%5D=8&engine_version=2&offer_type=flat&room9=1&type=4&p=2,2026-04-16T05:14:42+00:00
1478,327093478,ЮВАО,https://www.cian.ru/rent/flat/327093478/?context=3.NyXqpJnmuxs.BiXY2W2jY8dA6Ra3HfNsFM_8lVDIP7oRoEtMHgCOH1qdN5MBmNF8dSn2e7Eem7iz_jV84W3J4VKPxw&mlSearchSessionGuid=b3eba14503f206728a00c8b8103f52bf,1/22,465000,17.5,8,21,,"1/22 Апартаменты-студия, 17,5 м², 8/21 этаж Только на Циан Калитники 10 минут пешком Москва , ЮВАО , р-н Нижегородский , м. Калитники , Автомобильный проезд , 4 65 000 ₽/мес. От года, комм. платежи включены (без счётчиков), комиссия 50%, залог 59 500 ₽ Ищете не просто квартиру, а настоящее творческое пространство? Эта стильная студия в трендовом ЖК Найс Лофт — то, что вам нужно на несколько месяцев или на долгий срок! О квартире: •Просторная студия с умной планировкой, которая позволяет зонировать пространство на уютную спальню, гостиную и рабочую область. •Студия с дизайнерским ремонтом, сдается впервые: Высокие окна, стильная отделка. Готова к заселению! •Вся необходимая техника уже есть (холодильник, стиральная машина, плита), мебель (кровать, шкаф, диван, стол). Приезжайте только с чемоданом. •Свет и вид: Из окон открывается вид на город. Квартира очень светлая. Идеально для: •Молодого профессионала, ценящего стиль и удобство. •Пары, которая хочет жить в динамичном районе. •Студента или фрилансера, ищущего вдохновляющее пространство. Аренда на срок до 1 года по согласованию. Звоните или пишите, чтобы назначить просмотр! Агентство недвижимости Art Seasons Apartments Суперагент +7 985 203-88-... Написать 2 недели назад 30 мар, 14:14",,https://www.cian.ru/cat.php?deal_type=rent&district%5B0%5D=8&engine_version=2&offer_type=flat&room9=1&type=4&p=2,2026-04-16T05:14:42+00:00
1497,328627739,ЮВАО,https://www.cian.ru/rent/flat/328627739/?context=3.bbjtnys5wjU.EKEdmQ8oFsKFr_kO-DVEtvWoVjQWbNcC9J_O5ABBVlJxT0ye4hS42WBFdmwO7TMBAXtdjONA0W1sIw&mlSearchSessionGuid=780327f859d8abc70ab3c62ab3fe3aa4,1/6,525000,19.0,3,21,,"1/6 Апартаменты-студия, 19 м², 3/21 этаж Только на Циан Калитники 11 минут пешком Москва , ЮВАО , р-н Нижегородский , м. Калитники , Автомобильный проезд , 4к5 25 000 ₽/мес. От года, комм. платежи включены (без счётчиков), без комиссии, залог 25 000 ₽ Сдаётся студия площадью 19 кв. м на третьем этаже современного 21-этажного дома. Высокие потолки 3.1 метра создают ощущение простора. Окна выходят во двор. Квартира сдаётся без ремонта и мебели. под склад,пред чистовая отделка(white-box) Дом оснащён двумя пассажирскими и одним грузовым лифтами, поэтому можно без проблем добраться до квартиры. Имеется подземная парковка для вашего автомобиля. . До ближайшей станции метро можно дойти за 10 минут, что удобно для поездок по городу. Условия аренды обсуждаются индивидуально. Возможна аренда по долгосрочному договору. Квартира сдаётся без комиссии. Звоните и записывайтесь на просмотр, чтобы лично оценить все преимущества этого предложения. Мы будем рады ответить на все ваши вопросы и показать квартиру в удобное для вас время. Есть еще апартамент в 6 корпусе на 11 этаже. Собственник ID 91147563 Документы проверены Назначить просмотр неделю назад 6 апр, 18:03",,https://www.cian.ru/cat.php?deal_type=rent&district%5B0%5D=8&engine_version=2&offer_type=flat&room9=1&type=4&p=3,2026-04-16T05:14:42+00:00
1484,328544382,ЮВАО,https://www.cian.ru/rent/flat/328544382/?context=3.ZDXSCS7pECI.jRsn-2hyz7C4Pvt41KOdJ2pxYS4ZvR_kps6jGZYfQpZFvmfdkpQNFYMLGYNYoVYiKvuUy1sATlUA9Q&mlSearchSessionGuid=b3eba14503f206728a00c8b8103f52bf,1/11,555000,21.5,11,16,,"1/11 Студия, 21,5 м², 11/16 этаж Авиамоторная 12 минут пешком Москва , ЮВАО , р-н Лефортово , м. Авиамоторная , Красноказарменная улица , 14Ак5 55 000 ₽/мес. От года, комм. платежи включены (без счётчиков), комиссия 60%, залог 55 000 ₽ Сдается отличная , уютная , теплая студия на 11 этаже с прекрасным панорамой. квартире все имеется для комфортного проживания. квартира находится пеший доступности от метро , прекрасном районе . Имеется шикарный двор без машин. оперативный показ и заселение . счетчики и интернет оплачивает наниматель. Квартира под авансов до 25.04.2026 до 19-00. показа пока не будет . Риелтор Алия Анашкина Суперагент +7 915 190-89-... Написать вчера 14 апр, 20:45",,https://www.cian.ru/cat.php?deal_type=rent&district%5B0%5D=8&engine_version=2&offer_type=flat&room9=1&type=4&p=2,2026-04-16T05:14:42+00:00
1439,326159535,ЮВАО,https://www.cian.ru/rent/flat/326159535/?context=3._wXnYXy-Hdo.DbWSRgNsPOnOE0xGl6FvMTCTzNJYw4cBjXqU6aGcCkURWbsUe3uZroPkrf4QbAA_RF_2tXHD42qyLQ&mlSearchSessionGuid=3f10215de1bf32477171644dcca76f4a,1/14 Ещё фото,644900,19.5,14,25,,"1/14 Ещё фото Пешком до метро! Студия, 19,5 м², 14/25 этаж Перерва 12 минут пешком Москва , ЮВАО , р-н Люблино , м. Перерва , Люблинская улица , 80к6 44 900 ₽/мес. От года, комм. платежи включены (без счётчиков), комиссия 60%, без залога Сдаётся светлая квартира-студия с евроремонтом и совмещённым санузлом в ЖК Люблинский парк! Без депозита! Её можно посмотреть когда Вам удобно: бронируете время, забираете ключи или встречаетесь с нашим представителем и спокойно осматриваете. Если всё понравится, договор подпишем онлайн и будем поддерживать Вас на всех этапах аренды. В квартире есть: - Кухонный гарнитур; - Варочная панель; - Холодильник; - Стиральная машина; - Вытяжка. Полы — ламинат и плитка. Окна выходят во двор, на восток. Во дворах обустроены детские площадки, двор без машин. На территории дома есть бесплатные парковочные места. Собственник готов заселить не более 2 взрослых жильцов с детьми, обсудить оформление временной регистрации, докупить мебель/технику или заключить договор с юридическим лицом. Можно с небольшим домашним питомцем по согласованию. Дом находится в районе с развитой инфраструктурой: в пешей доступности находятся продуктовые супермаркеты, школы, детские сады, медицинские учреждения, салоны красоты. Недалеко — парк Героев Отечественной войны 1812 года. В 18 минутах пешком — станция МЦД-2 Перерва, в 20 минутах — м. Братиславская. Автомобилистам будет удобно выезжать на Люблинскую улицу. Агентство недвижимости ПИК-Аренда Документы проверены Посмотреть все объекты +7 916 760-62-... Написать вчера вчера, 19:32",,https://www.cian.ru/cat.php?deal_type=rent&district%5B0%5D=8&engine_version=2&offer_type=flat&room9=1&type=4&p=1,2026-04-16T05:14:42+00:00
1494,328929919,ЮВАО,https://www.cian.ru/rent/flat/328929919/?context=3.HW2MbRKDNfU.FjGqDX6GCjBv9Jlfm-wnVEzU_9y3KPAIaiFM2pZ7ewRx3aaeAJc0nUCAtaBibayG3VPVCQ0RhWXk-g&mlSearchSessionGuid=780327f859d8abc70ab3c62ab3fe3aa4,1/11,646000,20.0,23,26,,"1/11 Студия, 20 м², 23/26 этаж Только на Циан Проверено в Росреестре Братиславская 20 минут пешком Москва , ЮВАО , р-н Люблино , м. Перерва , Люблинская улица , 80к6 46 000 ₽/мес. От года, комм. платежи включены (без счётчиков), без комиссии, залог 40 000 ₽ Предлагается уютная студия от собственника с современным евроремонтом. Квартира полностью готова к проживанию: вся необходимая мебель и техника в наличии, включая кабельное телевидение. Особое внимание стоит уделить кондиционеру, который станет вашим спасением в жаркие летние дни. Сдается строго одному арендатору, без детей и домашних животных. Агентствам и риелторам просьба не беспокоить. Собственник ID 139284860 +7 915 462-25-... Написать два дня назад 13 апр, 17:15",,https://www.cian.ru/cat.php?deal_type=rent&district%5B0%5D=8&engine_version=2&offer_type=flat&room9=1&type=4&p=3,2026-04-16T05:14:42+00:00
1451,327807212,ЮВАО,https://www.cian.ru/rent/flat/327807212/?context=3.h8FHRDse2pg.My2s3uFS5G_ujoH3WrUJzpqNbQzXDIvkrm9ujapw40pqRdhHUdTPtdVT8zW83U_jpLz-YsLdAEK7-g&mlSearchSessionGuid=3f10215de1bf32477171644dcca76f4a,1/24,670000,21.0,1,2,,"1/24 Апартаменты-студия, 21 м², 1/2 этаж Текстильщики 13 минут пешком Москва , ЮВАО , р-н Текстильщики , м. Текстильщики , Грайвороновская улица , 4С6 70 000 ₽/мес. От года, комм. платежи включены (счётчики включены), без комиссии, залог 70 000 ₽ Фото и видео реальные! Собственник! БЕЗ КОМИССИИ! Агентов просьба не беспокоить) На длительный срок сдаются уникальные двухуровневые апартаменты с отдельным входом - единственные в своем роде в Москве! Комплекс повышенного комфорта с СПОРТЗАЛОМ для жильцов. Интерьер как с Pinterest - заходишь и влюбляешься! Живите как в своем ОТДЕЛЬНОМ доме рядом с центром. Полная приватность, современный стиль и продуманный дизайн до мелочей. Всего 8 таких объектов во всем ЖК. Для тех, кто знает, чего хочет, и получает это. Двухуровневая студия с высокими потолками - светлая, уютная, с воздухом и пространством, где хочется жить и работать. В шаговой доступности: кафе, кофейни, магазины, аптеки, службы доставки. До центра Москвы - 12 минут на авто, 4 станции до Китай-города, 20 минут до Кремля. До метро Текстильщики - 10 минут пешком или 2 остановки на общественном транспорте (остановка прямо у выхода с территории, интервал движения 3 минуты). Всё для комфортной жизни: парки, спортивные и культурные объекты рядом. Новый современный апарт-комплекс с охраняемой 24/7 территорией. Бесплатная большая парковка, всегда есть место. Тихий, закрытый двор, спокойные соседи, без детских площадок. Для жильцов - бесплатный спортивный зал с современным оборудованием. На территории - пункт выдачи Ozon. Вся квартира укомплектована техникой и мебелью на заказ: Холодильник, кондиционер, посудомоечная машина. стиральная машина, микроволновка, варочная панель, телевизор, чайник, пылесос. Раскладывающийся диван (полноценное двуспальное место). Большая двуспальная кровать с новым матрасом 160 на 200, безопасная лестница, вместительные шкафы. Набор кухонной и столовой посуды для комфортного проживания. Идеально для жизни и работы, приватности и комфорта. =) Аренда - 70 000 ₽/мес. Квартплата оплачивается отдельно. Pet-friendly: можно с животными (обсуждается отдельно). Звоните отвечу на любые вопросы! Собственник ID 78088840 Документы проверены +7 989 595-43-... Написать вчера вчера, 18:41",,https://www.cian.ru/cat.php?deal_type=rent&district%5B0%5D=8&engine_version=2&offer_type=flat&room9=1&type=4&p=1,2026-04-16T05:14:42+00:00
1483,328667187,ЮВАО,https://www.cian.ru/rent/flat/328667187/?context=3.zApbQF8kIwc.zpKVGIEMcuf7-QHFD3dONKzm2ic7AfJ00VLW8vtuUbtu7W18lewJ7TO2-RdoiLZk8kGB1t79SV0BAg&mlSearchSessionGuid=b3eba14503f206728a00c8b8103f52bf,1/21,1057000,30.0,13,31,,"1/21 Студия, 30 м², 13/31 этаж Только на Циан Нижегородская 9 минут пешком Москва , ЮВАО , р-н Нижегородский , м. Нижегородская , Газгольдерная улица , 10 57 000 ₽/мес. От года, комм. платежи включены (без счётчиков), комиссия 50%, залог 57 000 ₽ Квартира в монолитном доме класса комфорт +. Современный ремонт. В квартире есть все необходимое для комфортного проживания: посудомоечная машина, кондиционер, телевизор, пылесос, гладильная сушильная доска и т.д. На длительный срок. Закрытый двор без автомобилей. Метро в шаговой доступности. Оперативный показ и заселение Риелтор Вадим Белов Суперагент +7 988 194-26-... Написать два дня назад 13 апр, 18:34",,https://www.cian.ru/cat.php?deal_type=rent&district%5B0%5D=8&engine_version=2&offer_type=flat&room9=1&type=4&p=2,2026-04-16T05:14:42+00:00
1510,328371177,ЮВАО,https://www.cian.ru/rent/flat/328371177/?context=3.FRg6eR-URSE.HlVhzNN7_w-tvR9m4d3-lDlURJvv8JaRtDQrsBnKBrgVXa3Z7Ue7I3ndVQJjarTfPUGZx5UzzEwS_w&mlSearchSessionGuid=780327f859d8abc70ab3c62ab3fe3aa4,1/22,1059000,18.23,1,2,,"1/22 Апартаменты-студия, 18,23 м², 1/2 этаж Лефортово 7 минут пешком Москва , ЮВАО , р-н Лефортово , м. Лефортово , Госпитальная площадь , 1/10 59 000 ₽/мес. На несколько месяцев, комм. платежи включены (без счётчиков), комиссия 35%, залог 59 000 ₽ Сдаётся просторный номер в молодёжном коливинге, размещённом в особняке XVIII века у метро Лефортово (5 минут пешком). Идеальное жильё для ценителей атмосферы исторической Москвы и комфорта современного жилья. В номере есть всё необходимое для комфортной жизни: — двуспальная кровать, прикроватный столик и торшер; — большое окно с широким подоконником; — шкаф, комод и зеркало в полный рост; — рабочая зона: стол, барный стул; — базовая техника: микроволновка, чайник; — посуда и предметы быта; — совмещённый санузел; — дизайнерский ремонт; — дверь закрывается на ключ. Общие зоны дома (2 этажа): — просторная кухня на 1 этаже: кухонный гарнитур, 5 плит, посудомоечная машина и 3 общих холодильника (помимо холодильников в номерах); — обеденная зона с барными стойками и большим столом; — холл с лобби-зоной и мини-библиотекой; — переговорная (до 10 человек); — две прачечные с машинами и сушилками; — буфет на 2 этаже с кофемашиной, микроволновкой и кухонным гарнитуром; — ресепшн для жильцов и гостей. Про комьюнити Colife: Colife — это не только жильё, но и дружное сообщество творческих и талантливых молодых людей. Каждую неделю проводим бесплатные мероприятия, которые делают жизнь интереснее: — тренировки по йоге и дыхательные практики; — разговорные клубы в уютной атмосфере; — спортивные соревнования и культурные выезды (музеи, выставки); — вечеринки Colife — от масштабных костюмированных до уютных камерных посиделок; — кинопросмотры, книжный клуб, настолки, спиддейтинги и нетворкинги. Здесь легко завести новые знакомства, найти друзей и окружение, которое вдохновляет. Расположение: До м. Лефортово — 5 минут пешком (680 м), до м. Бауманская — около 20 минут (1,7 км). Дом — объект культурного наследия, полностью восстановленный в современном лофт-стиле. Есть огороженная парковка. В 1 минуте остановка автобуса, рядом продуктовый магазин, кафе и кофейни. Для прогулок — Лефортовский парк (4 минуты пешком) с теннисными кортами, беговой дорожкой, футбольным полем и прудами. Формат аренды Номер в особняке сдаём мы - компания Colife Комфорт. Мы не сторонние агенты или риелторы, вы подписываете договор напрямую с нами, а в стоимость уже включен сервис и поддержка 24/7: например, если что-то сломается мы бесплатно и быстро починим.",,https://www.cian.ru/cat.php?deal_type=rent&district%5B0%5D=8&engine_version=2&offer_type=flat&room9=1&type=4&p=3,2026-04-16T05:14:42+00:00
1444,325424262,ЮВАО,https://www.cian.ru/rent/flat/325424262/?context=3.chu133--SH0.PPXMB81eTMrAeK4VGaPLpPlXfcOGgjefW2sC3obflVl0PqyLEezsXE_fRWl35rdQqtrnzrmu6OAg6A&mlSearchSessionGuid=3f10215de1bf32477171644dcca76f4a,1/14,1070000,25.6,9,31,,"1/14 Сдается впервые помле ремонта Студия, 25,6 м², 9/31 этаж Только на Циан Нижегородская 9 минут пешком Москва , ЮВАО , р-н Нижегородский , м. Нижегородская , Газгольдерная улица , 10 70 000 ₽/мес. От года, комм. платежи включены (без счётчиков), без комиссии, залог 75 000 ₽ Сдается новая стильная уютная квартира-студия общей площадью 25,6 кв м. Располагается на 12 этаже. Окна выходят на улицу. Техника в квартире: стиральная машина, индукционная варочная панель с 2 конфорками, полноразмерный холодильник, духовой шкаф с функцией микроволновки, вытяжка, кондиционер, проточный водонагреватель, электрочайник, беспроводной пылесос, утюг. Квартира обставлена удобной мебелью: полноразмерная кровать шириной 160 см с подъемным механизмом, анатомический матрас Askona (высота 17 см), прикроватная тумбочка, стеллаж, комод, большой шкаф для одежды, обеденный стол с 2 стульями, пуфик, зеркало. Также есть стремянка и гладильная доска. Санузел с ванной (170 см) площадью 3,2 кв м. Кроме того имеется набор посуды: кастрюли, сковорода, чашки, тарелки, салатники, столовые приборы. Квартира сдается впервые после ремонта. Договор найма заключается на 11 месяцев Коммунальные платежи: электроэнергия, ХВС, ГВС, отопление, интернет оплачиваются арендатором. Риелтор Марианна Маринычева Суперагент +7 915 267-45-... Написать вчера вчера, 16:40",,https://www.cian.ru/cat.php?deal_type=rent&district%5B0%5D=8&engine_version=2&offer_type=flat&room9=1&type=4&p=1,2026-04-16T05:14:42+00:00
1507,298608752,ЮВАО,https://www.cian.ru/rent/flat/298608752/?context=3.hAojhsCvPUE.mzd92ftH6ET1lusWLmI3xk9P2NXXE2Q8H7sjZ7Vmn7pr34PLqkMOxCdVSvflPo0qUX08uFF68l8uPw&mlSearchSessionGuid=780327f859d8abc70ab3c62ab3fe3aa4,1/11,1250000,19.0,10,16,,"1/11 Студия, 19 м², 10/16 этаж Только на Циан Серп и Молот 7 минут пешком Москва , ЮВАО , р-н Лефортово , м. Серп и Молот , Таможенный проезд , 12 50 000 ₽/мес. От года, комм. платежи включены (без счётчиков), комиссия 50%, залог 50 000 ₽ Сдается с 03.02 на длительный срок уютная студия с косметическим ремонтом и всей необходимой мебелью и техникой в 8 минутах пешком от м. Площадь Ильича или Римская или в 6 минутах пешком от станции МЦД Серп и Молот. Угловой диван раскладывается. Можно с небольшими воспитанными животными. Оперативный показ и заселение! Звоните, уважаемые клиенты и коллеги! Риелтор Юрий Старшинов Суперагент +7 994 785-89-... Написать вчера 14 апр, 15:14",,https://www.cian.ru/cat.php?deal_type=rent&district%5B0%5D=8&engine_version=2&offer_type=flat&room9=1&type=4&p=3,2026-04-16T05:14:42+00:00
1430,328627345,ЮВАО,https://www.cian.ru/rent/flat/328627345/?context=3.yTaP1B1TO1s.9nCx73pHCbxeRJDuR7t7GGO4XrF6F1VMftgw0ueYV3aD2_WT0CW6tTNNEqrF7k9O071wNDd5UYuC6w&mlSearchSessionGuid=3f10215de1bf32477171644dcca76f4a,1/13 Ещё фото,1950000,20.0,1,5,,"1/13 Ещё фото Апартаменты-студия, 20 м², 1/5 этаж Только на Циан Сортировочная 9 минут пешком Москва , ЮВАО , р-н Лефортово , м. Сортировочная , Ухтомская улица , 19 50 000 ₽/мес. От года, комм. платежи включены (без счётчиков), комиссия 50%, залог 55 000 ₽ Сдаю на длительный срок стильную квартиру. Высота потолков 3,1 м, что дает простор в помещении. Квартира сдается впервые после качественного ремонта, есть все необходимое для жизни. Оперативный показ Риелтор Екатерина Рычкова Суперагент Посмотреть все объекты +7 936 706-91-... Написать вчера вчера, 09:22",,https://www.cian.ru/cat.php?deal_type=rent&district%5B0%5D=8&engine_version=2&offer_type=flat&room9=1&type=4&p=1,2026-04-16T05:14:42+00:00
1474,327917847,ЮВАО,https://www.cian.ru/rent/flat/327917847/?context=3.WLl9bWIB-ZI.eFQwld-I4CA5FFZjD5vNhjvNNHMmwCPVx0u19JBcEEeIHqPIvHyZdNRaBJTqH8MSI8Eqjyu6zVKjSA&mlSearchSessionGuid=b3eba14503f206728a00c8b8103f52bf,1/14,2027000,29.2,5,23,,"1/14 Апартаменты-студия, 29,2 м², 5/23 этаж Только на Циан Волгоградский проспект 2 минуты пешком Москва , ЮВАО , р-н Южнопортовый , м. Волгоградский проспект , Новоостаповская улица , 20 27 000 ₽/мес. От года, комм. платежи включены (без счётчиков), без комиссии, залог 25 000 ₽ Арт. 129551791 На длительный срок сдаётся студия в ЖК HighWay 29.2 метра, строго под склад. 1 минута до метро Волгоградский проспект, 15 минут до станции МЦК Угрешская и до станции метро Дубровка. Агентство недвижимости Мечты в квадрате Суперагент +7 986 263-98-... Написать вчера 14 апр, 17:40",,https://www.cian.ru/cat.php?deal_type=rent&district%5B0%5D=8&engine_version=2&offer_type=flat&room9=1&type=4&p=2,2026-04-16T05:14:42+00:00
1450,328323673,ЮВАО,https://www.cian.ru/rent/flat/328323673/?context=3.VtEsh5-9miY._L5IXb4AIL4WwCTDNZSTA4r2HlyfSK8elIgAnXfc-YUBBAskCQrvCx9MnuKtOnz_Kk4NvArMLOnlMQ&mlSearchSessionGuid=3f10215de1bf32477171644dcca76f4a,1/15,2057500,23.0,16,25,,"1/15 Комиссия 0% + Самая низкая цена! Апартаменты-студия, 23 м², 16/25 этаж Волгоградский проспект 3 минуты пешком Москва , ЮВАО , р-н Южнопортовый , м. Волгоградский проспект , Новоостаповская улица , 20 57 500 ₽/мес. От года, комм. платежи включены (без счётчиков), без комиссии, залог 57 500 ₽ УНИКАЛЬНОЕ ПРЕДЛОЖЕНИЕ: 1) Без комиссии для арендатора ! 2) Самая низкая цена за дизайнерскую студию в ЖК бизнес-класса в пределах ТТК ! 3) До метро 1 мин пешком ! Сдается на длительный срок стильная студия 23 кв.м. с дизайнерским ремонтом в современном ЖК бизнес-класса ХайВэй. АДРЕС: г. Москва, ул. Новоостаповская, д. 20. ЭТАЖ: 16 из 25. ПЛОЩАДЬ: 23 кв.м. (комната 18 кв.м., кухня-гостиная 5 кв.м.). РЕМОНТ: Объект в идеальном состоянии, дизайнерский ремонт. ОТДЕЛКА САНУЗЛА: Совмещенный санузел с душевой кабиной. ПОЛНОЕ ОСНАЩЕНИЕ МЕБЕЛЬЮ И ТЕХНИКОЙ: • Кондиционер. • Большой холодильник. • Стиральная машина. • Стеклокерамическая варочная панель. • Вытяжной шкаф. • Микроволновая печь. • ! 3 ОГРОМНЫХ ГАРДЕРОБНЫХ ШКАФА ! ЛОКАЦИЯ И ТРАНСПОРТ: • 1 минута пешком до м. Волгоградский проспект. • 10 минут пешком до м. Дубровка. • 12 минут пешком до м. Угрешская. • 10 минут на автомобиле до Садового кольца. • 10 минут до центра Москвы на метро. ИНФРАСТРУКТУРА ЖК ХАЙВЭЙ: • Комплекс бизнес-класса с подземным паркингом. • Вся необходимая инфраструктура. •Прямо в доме продуктовый супермаркет Дикси. • Скоро в ЖК будет открыт собственный фитнес-центр с бассейном World Class. • Закрытая охраняемая территория с видеонаблюдением. • Благоустроенный двор. ФИНАНСОВЫЕ И ОРГАНИЗАЦИОННЫЕ УСЛОВИЯ: • Собственник действует как ИП. Аренда возможна как для физических лиц, так и для юридических лиц (для проживания конкретного сотрудника, указываемого в договоре). • ВСЯ ОПЛАТА СТРОГО ПО БЕЗНАЛИЧНОМУ РАСЧЕТУ. • ДЛЯ ПРОЖИВАНИЯ 1 ЧЕЛОВЕКА ИЛИ СЕМЕЙНОЙ ПАРЫ БЕЗ ДЕТЕЙ! • ПРОЖИВАНИЕ С ЖИВОТНЫМИ НЕ ДОПУСКАЕТСЯ. • В стоимость аренды включены коммунальные платежи. Дополнительно оплачиваются: электроэнергия, вода по счетчикам, интернет. Риелтор ID 123676766 Документы проверены +7 985 041-16-... Написать неделю назад 3 апр, 18:26",,https://www.cian.ru/cat.php?deal_type=rent&district%5B0%5D=8&engine_version=2&offer_type=flat&room9=1&type=4&p=1,2026-04-16T05:14:42+00:00
1429,328729519,ЮВАО,https://www.cian.ru/rent/flat/328729519/?context=3.XR7QLbrriEA.Ofgs1ZdCQpO_QucQB-7H_fkoJUSfZNW76gUCelOaXFoGrsXnyOvNnoGZQvNrhuYbxgJ9-RMkSQZGXw&mlSearchSessionGuid=3f10215de1bf32477171644dcca76f4a,1/8 Ещё фото,2058000,23.5,21,23,,"1/8 Ещё фото Возможно снять и на короткий срок Апартаменты-студия, 23,5 м², 21/23 этаж Только на Циан Волгоградский проспект 3 минуты пешком Москва , ЮВАО , р-н Южнопортовый , м. Волгоградский проспект , Новоостаповская улица , 20 58 000 ₽/мес. От года, комм. платежи включены (без счётчиков), комиссия 60%, залог 30 000 ₽ Современная студия 23 м2! 2 минуты от станции метро Волгоградский проспект или 7 минут от метро Угрешская. 10 минут до Кремля, рядом Третье транспортное кольцо, удобно добираться в любую точку города. Максимально комфортное проживание вам обеспечено. Круглосуточная охрана подъезда и территории. Высота потолков под 2,8 метра. Современный дизайн, и мебель. Новая техника (кондиционер, встроенный холодильник, плита, стиральная машина, телевизор, СВЧ). Большая ванна Индивидуальное отопление с возможностью регулировки каждой батареи. Коммунальные платежи по счетчикам. Популярный Жилой комплекс ЖК ""Хайвей"". Расположен в отличном районе города Москвы с сложившейся инфраструктурой района. Недалеко от комплекса: Крупнейший развлекательный комплекс ""Остров мечты"", Коломенский парк, Современная архитектура и авторская отделка корпусов. Благоустроенная и охраняемая территория. Собственный подземный паркинг, оригинальные современные детские площадки. Квартира сдается ВПЕРВЫЕ. Порядочный и доброжелательный собственник. Желаю Удачи! Риелтор Дмитрий Сыромятников Суперагент Посмотреть все объекты +7 986 323-66-... вчера вчера, 12:09 Как опередить это объявление?",,https://www.cian.ru/cat.php?deal_type=rent&district%5B0%5D=8&engine_version=2&offer_type=flat&room9=1&type=4&p=1,2026-04-16T05:14:42+00:00
1505,328057567,ЮВАО,https://www.cian.ru/rent/flat/328057567/?context=3.CAyh-EvOegU.Ly6w6ishpq4Za0MmVNbtiZgYgch5QSfs3wMlZHDwctIyGiH39vpv7pKRGVhIlYtnyaQoaJigkBdDiw&mlSearchSessionGuid=780327f859d8abc70ab3c62ab3fe3aa4,1/10,2060000,23.0,3,23,,"1/10 Апартаменты-студия, 23 м², 3/23 этаж Только на Циан Волгоградский проспект 3 минуты пешком Москва , ЮВАО , р-н Южнопортовый , м. Волгоградский проспект , Новоостаповская улица , 20 60 000 ₽/мес. От года, комм. платежи включены (без счётчиков), комиссия 50%, залог 60 000 ₽ К Вашему вниманию предлагается: Новые Светлые апартаменты с удобным месторасположением, с качественной современной отделкой, разные вариации освещения, мягкий диван- кровать на два спальных места, сделанная на заказ кухня со встроенной техникой и большим количеством места под хранения вещей, смесители из латуни. Весь комплект посуды и кухонной утвари для комфортного проживания есть, ничего с собой привозить нет необходимости. Туалетная комната оснащена стиральной- сушильной машиной, огромной столешницей с раковиной из искусственного камня, большое зеркало с подсветкой, душевая кабина с тропическим душем, шкафы для хранения. В прихожей огромный шкаф- гардеробная для хранения одежды. Наполнение апартаментов: пылесос, кондиционер, холодильник, посудомоечная машина, стирально-сушильная машина, телевизор, доп кровать, 3 комплекта постельного белья, полотенца, чистящие средства. Расположение рядом с метро и центром Москвы, светлые комфортабельные апартаменты, закрытая охраняемая территория, собственный двухэтажный фитнес-клуб с бассейном, подземный паркинг, благоустроенный закрытый двор с ландшафтным озеленением и детскими площадками, модные кафе, магазины, салоны красоты, высокий уровень сервиса. Риелтор Людмила Сухорукова Суперагент +7 986 807-79-... Написать два дня назад 13 апр, 08:39",,https://www.cian.ru/cat.php?deal_type=rent&district%5B0%5D=8&engine_version=2&offer_type=flat&room9=1&type=4&p=3,2026-04-16T05:14:42+00:00
1491,328856050,ЮВАО,https://www.cian.ru/rent/flat/328856050/?context=3.U7H8lG4Ek9k.NbnW6lhTzbtpVeSFPt3l8vd_xFEcvLnthtzWMwc0-rEx6phFBcNg0i-08ariyJXqVbtH6GWMefQUPA&mlSearchSessionGuid=780327f859d8abc70ab3c62ab3fe3aa4,1/10,2065000,23.0,9,24,,"1/10 Студия, 23 м², 9/24 этаж Только на Циан Волгоградский проспект 3 минуты пешком Москва , ЮВАО , р-н Южнопортовый , м. Волгоградский проспект , Новоостаповская улица , 20 65 000 ₽/мес. От года, комм. платежи включены (без счётчиков), без комиссии, залог 65 000 ₽ Студия 23 квадрата, свежий ремонт, все новое. Квартира сдается строго НЕ курящим и без животных. Я собственник, агентам скидываю. Сдача по договору, без комиссии за сдачу Собственник ID 140606392 +7 916 958-56-... Написать вчера 14 апр, 13:55",,https://www.cian.ru/cat.php?deal_type=rent&district%5B0%5D=8&engine_version=2&offer_type=flat&room9=1&type=4&p=3,2026-04-16T05:14:42+00:00
1509,328255372,ЮВАО,https://www.cian.ru/rent/flat/328255372/?context=3.fJGTw4K0Pl4.5c6MKD22K-78FgJKQH6_teBwkUU-WtGtiZTOhX5m_2i3UnL1THFHojRbJ6Z-3kzczB-fJnQbm91_YQ&mlSearchSessionGuid=780327f859d8abc70ab3c62ab3fe3aa4,1/18,2067000,27.0,11,23,,"1/18 Апартаменты-студия, 27 м², 11/23 этаж Волгоградский проспект 3 минуты пешком Москва , ЮВАО , р-н Южнопортовый , м. Волгоградский проспект , Новоостаповская улица , 20 67 000 ₽/мес. От года, комм. платежи включены (без счётчиков), комиссия 60%, залог 67 000 ₽ ВАШЕМУ ВНИМАНИЮ! м.Волгоградский проспект - 2 минуты пешком! Предлагается, светлая, уютная квартира. Квартира в отличном состоянии, после ремонта. Полностью укомплектована всей необходимой мебелью и техникой для комфортного проживания. В шаговой доступности магазины одежды и обуви, салоны красоты, бытовые услуги, спортклуб, продуктовые магазины. Заселение день в день. Оперативный показ. По всем вопросам звонить 24/7. Агентство недвижимости PREMIUM CITY Документы проверены +7 985 586-44-... Написать вчера вчера, 14:51",,https://www.cian.ru/cat.php?deal_type=rent&district%5B0%5D=8&engine_version=2&offer_type=flat&room9=1&type=4&p=3,2026-04-16T05:14:42+00:00
1470,328676245,ЮВАО,https://www.cian.ru/rent/flat/328676245/?context=3.nvqr-S7FzPw.o-vmttP2Y8okYr-e3Q7TRWF6zotni1dzs13kaQD03xIPdrDlhTztZv_IvyvtgJgrRLwCUkxyYm4ZFg&mlSearchSessionGuid=b3eba14503f206728a00c8b8103f52bf,1/11,2069000,27.5,10,23,,"1/11 Апартаменты-студия, 27,5 м², 10/23 этаж Волгоградский проспект 3 минуты пешком Москва , ЮВАО , р-н Южнопортовый , м. Волгоградский проспект , Новоостаповская улица , 20 69 000 ₽/мес. От года, комм. платежи включены (без счётчиков), без комиссии, залог 40 000 ₽ Сдаётся уютная студия с дизайнерским ремонтом в шаговой доступности от метро Волгоградский проспект — всего 2 минуты пешком. Квартира расположена на 10 этаже 23-этажного дома, общая площадь — 27.5 кв. м, высота потолков — 2.7 метра. В квартире никто не жил. Мебель и техника новое. В студии есть всё необходимое для комфортного проживания: кондиционер, холодильник, телевизор и стиральная машина. Совмещённый санузел оборудован современной душевой кабиной. Стильный интерьер и продуманная планировка создают атмосферу уюта и удобства. Дом находится в ЖК Хайвей, имеется подземная парковка, три пассажирских и один грузовой лифт, а также стабильный доступ в интернет. Все условия для комфортной жизни. Район предлагает развитую инфраструктуру: рядом находятся школы, детские сады, клиники и магазины, поэтому можно быстро добраться до всего необходимого. Условия аренды: договор аренды, обсуждаемый срок проживания, депозит. Квартира сдаётся без комиссии. Приезжайте на просмотр, чтобы оценить все преимущества этой студии. Запись на просмотр по телефону. Собственник ID 105019842 +7 916 467-10-... Написать вчера 14 апр, 13:58",,https://www.cian.ru/cat.php?deal_type=rent&district%5B0%5D=8&engine_version=2&offer_type=flat&room9=1&type=4&p=2,2026-04-16T05:14:42+00:00
1469,327143324,ЮВАО,https://www.cian.ru/rent/flat/327143324/?context=3.B4M-oorPK9s.LBYQK-As-hNbQJNvKrzINfJsdYKfRp1ZoaA052077I7zESotYOpV34-l03e9SayVGsuwLfXbjSC3tg&mlSearchSessionGuid=b3eba14503f206728a00c8b8103f52bf,1/9,2069900,26.0,22,23,,"1/9 Апартаменты-студия, 26 м², 22/23 этаж Волгоградский проспект 3 минуты пешком Москва , ЮВАО , р-н Южнопортовый , м. Волгоградский проспект , Новоостаповская улица , 20 69 900 ₽/мес. От года, комм. платежи включены (без счётчиков), комиссия 50%, залог 75 000 ₽ Id 60982. Сдается просторная студия в ЖК ""HighWay"" ! Об апартаменте: - Квартира оснащена всей необходимой мебелью и техникой. - Большое панорамное окно. - Дизайнерский ремонт на стадии завершения. - Полностью укомплектована Главные преимущества комплекса Хайвей: - Метро ""Волгоградский проспект"" в 3 минутах ходьбы. - До центра города 10 минут на метро! - На первых этаж уже работает продуктовый магазин ""Дикси"", также в комплексе открыты пункты выдачи ""Ozon"" и ""Wildberries"" - Летом будет открыт фитнес-клуб с бассейном, до которых можно добраться не выходя из подъезда! - Закрытая территория с пропускной системой. - Подземный паркинг. - ЖК находится в активно развивающемся районе Москвы. - Рядом расположен торговый центр ""Дубровка"" известный своими положительными отзывами. Рассмотрим предложения, звоните для записи на показ, отвечаю быстро! Агентство недвижимости EstateLiga Документы проверены +7 916 863-15-... Написать вчера вчера, 14:24",,https://www.cian.ru/cat.php?deal_type=rent&district%5B0%5D=8&engine_version=2&offer_type=flat&room9=1&type=4&p=2,2026-04-16T05:14:42+00:00
1465,327359127,ЮВАО,https://www.cian.ru/rent/flat/327359127/?context=3.AOhOYc3-B_M.OXiFK_u665eGH7w6VMxv008Y-FWjfT8QOlV0X2fUex-cR8m9HXSjisagF7QxiJuMdYjyKdEnKEGpFQ&mlSearchSessionGuid=b3eba14503f206728a00c8b8103f52bf,1/20,2069999,35.0,8,23,,"1/20 Апартаменты-студия, 35 м², 8/23 этаж Волгоградский проспект 3 минуты пешком Москва , ЮВАО , р-н Южнопортовый , м. Волгоградский проспект , Новоостаповская улица , 20 69 999 ₽/мес. На несколько месяцев, комм. платежи включены (без счётчиков), без комиссии, залог 70 000 ₽ СДАЕТСЯ комфортная, просторная, видовая студия 35 м2 в новом ЖК HighWay, всего в минуте (реально!) пешком от станции метро Волгоградский проспект (дом сдан в 2025 году). До центра города 10 минут на метро! Современный монолитный дом, комфортный 8 этаж. Окна во двор. Закрытая охраняемая территория, круглосуточная охрана, видеонаблюдение, двор без машин. Сделан абсолютно новый качественный ремонт, современная отделка, натяжные потолки (комфортное освещение), теплые полы. Первые жильцы! В квартире есть всё необходимое для комфортного проживания, вся бытовая техника и мебель в наличии в отличном состоянии: - Шикарный кухонный гарнитур со встроенной техникой. Есть холодильник, капсульная кофеварка, микроволновка, чайник, имеется вся необходимая посуда. - Совмещённый санузел. Есть стиральная машина с сушкой, электрический водонагреватель (на случай профилактического отключения воды), электрический полотенцесушитель. - Кровать 160*200 с матрасом средней и высокой жесткости, прикроватные тумбочки. Удобный диван для отдыха, с мягкими декоративными подушками, торшер. - Удобные места хранения: вместительный 4-х створчатый шкаф с зеркалами, и просторный 2-х створчатый шкаф в прихожей. - Smart TV, кондиционер, пылесос. Квартира в которой хочется жить! Инфраструктура ЖК: - Скоростные лифты, подземный паркинг. - Дворы с озеленением, лаунж-зонами, детскими площадками. Спортивные тренажеры для взрослых - Летом на территории комплекса будет открыт фитнес-клуб с бассейном. - ЖК находится в активно развивающемся районе Москвы. Удобная транспортная развязка позволяет быстро добраться до центра города и других районов, обеспечивая комфортную жизнь без лишних хлопот. - Рядом магазины, кафе, поликлиники. На первых этаж уже работает продуктовый магазин ""Дикси"", также в комплексе открыты пункты выдачи ""Ozon"" и ""Wildberries"" Условия аренды: - Цена: 69999 (ЖКУ включено в аренду) - Дополнительно: оплата по счетчикам (свет, вода, тепло) - Оплата: первый + последний месяц при заселении. Без комиссии агента! - Долгосрочная аренда (от 6 месяцев); - Только для некурящих; Отличный вариант для супружеской пары. Рассмотрим приличных и платёжеспособных, аккуратных людей. Квартира готова к заселению. Собственник ID 13910714",,https://www.cian.ru/cat.php?deal_type=rent&district%5B0%5D=8&engine_version=2&offer_type=flat&room9=1&type=4&p=2,2026-04-16T05:14:42+00:00
1471,328394404,ЮВАО,https://www.cian.ru/rent/flat/328394404/?context=3.cyl5xAe16NY.yjjIBSa-WEefMx30l-AlR7sWUxwRZB1Z5F9YV8FmGxezSPGM-lPwwPlPgVB6PD6wdCn94PWoVDDEfw&mlSearchSessionGuid=b3eba14503f206728a00c8b8103f52bf,1/20,2070000,21.7,11,23,,"1/20 Апартаменты-студия, 21,7 м², 11/23 этаж Волгоградский проспект 3 минуты пешком Москва , ЮВАО , р-н Южнопортовый , м. Волгоградский проспект , Новоостаповская улица , 20 70 000 ₽/мес. От года, комм. платежи включены (без счётчиков), без комиссии, без залога долгосрочная аренда! От года! дизайнерский ремонт. бытовая техника Haier, телевизор яндекс с Алисой , интернет вай фай , фильтра на общую и питьевую воду, система протечки нептун, видео домофон, стиральная машинка с сушкой,утюг, ручной пылесос, чайник, фен все Haier. резервный проточный водонагреватель. инверторный бесшумный кондиционер Haier. мастер выключатель. usb розетки в удобных местах. гладильная доска. очень много места для хранения. все продумано и эргономично, диван раскладывается. обеденный Стол раздвигается . шторы в спальной зоне Блэк аут, по факту 3 спальных места. ремонт сделан из качественных материалов! мебель изготовлена из лдсп egger. сантехника качественная! станция метро прям у подъезда. окна выходят не на дорогу!!! в жк есть фитнес зал, бассейн, магазины, кафе. только после ремонта! звонки бывают не проходят, блокирует спам. так что пишите, отвечу! видеообзор по запросу. возможна временная регистрация. возможна оплата по безналу( условия обсуждаются). Собственник ID 61899843 +7 916 478-51-... Написать два дня назад 14 апр, 03:03",,https://www.cian.ru/cat.php?deal_type=rent&district%5B0%5D=8&engine_version=2&offer_type=flat&room9=1&type=4&p=2,2026-04-16T05:14:42+00:00
1502,329016274,ЮВАО,https://www.cian.ru/rent/flat/329016274/?context=3.-A4clC_wHT0.5L7dvlCVJp9_bJDZonTiWxLmoBpqj6MPV4ZNU4B0IYiBXg2eTYCjSC_eFNNKVR2a1xWHkFsOzUlGlA&mlSearchSessionGuid=780327f859d8abc70ab3c62ab3fe3aa4,1/9,2070000,25.0,8,23,,"1/9 Апартаменты-студия, 25 м², 8/23 этаж Волгоградский проспект 3 минуты пешком Москва , ЮВАО , р-н Южнопортовый , м. Волгоградский проспект , Новоостаповская улица , 20 70 000 ₽/мес. От года, комм. платежи включены (без счётчиков), комиссия 50%, залог 70 000 ₽ Предлагается в аренду прекрасная студия в ЖК HighWay. В наличии вся необходимая для комфортного проживания мебель и техника. Просторная кухня-гостиная. Район с развитой инфраструктурой. Просмотры по договорённости. О КВАРТИРЕ: - Квартира полностью укомплектована всем необходимым для комфортного проживания: телевизор, сверхскоростной интернет, посудомоечная машина, стиральная машина, кондиционер, микроволновка, духовой шкаф, варочная панель! - Просторная кухня-гостиная. - Планировка квартиры позволяет комфортно использовать пространство и добавить свои элементы декора или мебели. Транспорт: - Удобная транспортная развязка, в пешей доступности метро - ""Волгоградский проспект""! А так же в транспортной доступности стация ""Угрешская"" и ""Дубровка""! - Удобный выезд на ТТК, Волгоградский проспект, Остаповский проезд и МСД! Парковка: Подземный паркинг. Безопасный двор. Есть охрана. Хороший и адекватный собственник! Оперативный показ! Звоните, с удовольствием отвечу на ваши вопросы! Агентство недвижимости PREMIUM CITY Документы проверены +7 917 589-00-... Написать вчера вчера, 18:05",,https://www.cian.ru/cat.php?deal_type=rent&district%5B0%5D=8&engine_version=2&offer_type=flat&room9=1&type=4&p=3,2026-04-16T05:14:42+00:00
1464,328879254,ЮВАО,https://www.cian.ru/rent/flat/328879254/?context=3.EgV05BbpnAw.A5_iUDuVUaUH5_NNl_kyvC7YstQZMraQeggYbzN_CI6KKwLADTnGnHb5e2Z0w3OZvdsqcxs9ECN7Ew&mlSearchSessionGuid=b3eba14503f206728a00c8b8103f52bf,1/14,2075000,27.5,2,23,,"1/14 Апартаменты-студия, 27,5 м², 2/23 этаж Только на Циан Волгоградский проспект 3 минуты пешком Москва , ЮВАО , р-н Южнопортовый , м. Волгоградский проспект , Новоостаповская улица , 20 75 000 ₽/мес. От года, комм. платежи включены (счётчики включены), без комиссии, залог 70 000 ₽ Сдается на длительный срок студия 27,5 м2 с дизайнерским ремонтом в современном ЖК ХайВэй. Расположение ЖК 1 мин пешком до м. Волгоградский пр-т, 5 мин до м. Дубровка, 10 мин до м.Угрешская, вся необходимая инфраструктура, рядом магазин Дикси и др, закрытая охраняемая территория, благоустроенный двор и подземный паркинг. Ремонт: новый дизайнерский, идеальное состояние. санузел совместный с душевой зоной. Техника в квартире вся стильная и новая: большой холодильник, стиральная машина, микроволновая печь, духовой шкаф, телевизор, кондиционер, стеклокерамическая варочная панель, вытяжка. Мебель: кухня, большой шкаф купе, кровать с ортопедическим матрасом 200*160. полка под телевизор, кухонный стол и стулья. Сдается для одного человека или семейной пары, без детей и без животных. Дополнительно оплачивается стоимость коммунальных услуг ( вода, электричество, отопление) и интернет. Посредников прошу не беспокоить. Собственник ID 90497284 +7 915 243-42-... Написать три дня назад 12 апр, 08:24",,https://www.cian.ru/cat.php?deal_type=rent&district%5B0%5D=8&engine_version=2&offer_type=flat&room9=1&type=4&p=2,2026-04-16T05:14:42+00:00
1480,295985967,ЮВАО,https://www.cian.ru/rent/flat/295985967/?context=3.N3BUuuAmsIc.uN8PCxi_zOY0yC3P6dgW8NJRu5Nx7UZ33gD6aJPAkcb7cwnSF9DBAM0seq5F2m2zaGXcMe8igM-97w&mlSearchSessionGuid=b3eba14503f206728a00c8b8103f52bf,1/17,2548000,13.7,4,4,,"1/17 Апартаменты-студия, 13,7 м², 4/4 этаж Только на Циан Авиамоторная 17 минут пешком Москва , ЮВАО , р-н Нижегородский , м. Авиамоторная , Подъемная улица , 14С25 48 000 ₽/мес. От года, комм. платежи включены (без счётчиков), комиссия 50%, залог 48 000 ₽ Сдается двухуровневая студия после косметического ремонта и клиннинга. Готова к заезду от 11 месяцев. Счетчики включены в стоимость аренды, которая указана в объявлении! В 12 минутах на транспорте от метро площадь Ильича, в 18ти минутах пешком до авиамоторной, в 10 минутах на транспорте мцд катилники. В студии есть все необходимое для проживания: кровать, холодильник, электрическая плита, духовая печь, микроволновая печка, стиральная машина, посудомоечная машина, кондиционер, телевизор, интернет, душевая кабина с санузлом, отопление. В 5 минутах от дома большое количество продуктовых магазинов, в 8 минутах от дома большой трц Город. Все документы в порядке. Без животных. ----- Примечание: у собственника могут быть дополнительные пожелания к жильцам - обсудите их в чате или по телефону Риелтор Максим Афонин Суперагент +7 916 910-49-... Написать вчера вчера, 19:20",,https://www.cian.ru/cat.php?deal_type=rent&district%5B0%5D=8&engine_version=2&offer_type=flat&room9=1&type=4&p=2,2026-04-16T05:14:42+00:00
1437,328298801,ЮВАО,https://www.cian.ru/rent/flat/328298801/?context=3.reByacGSeJ4.PSL477RXwiw-8VsMaCsKd5cIoRAx45BOUEpH9ML-TDI4z4Y0tm70-8p6tmMc9RAejqkMDggF_tbHSQ&mlSearchSessionGuid=3f10215de1bf32477171644dcca76f4a,1/7,2835000,25.0,12,17,,"1/7 Студия, 25 м², 12/17 этаж Только на Циан Некрасовка 10 минут пешком Москва , ЮВАО , р-н Некрасовка , м. Некрасовка , улица Недорубова , 28 35 000 ₽/мес. От года, комм. платежи включены (счётчики включены), комиссия 60%, залог 35 000 ₽ Сдается на длительный период . Качественный рeмoнт, вся мебель и бытовая техника, нeoбходимая для кoмфopтного пpoживaния. Пoлнoстью меблиpoвана мебелью: шкаф,комод, кровать двухспальная , куxонный гарнитур, диван-кресло, барная стойка , высокие стулья . Квартира укомплектована всей бытовой техникой: электрическая плита , холодильник, стиральная машина, микроволновка. Сан узел раздельный, ванна, стиральная машина автомат раздельный в пользовании 3 комнат. Рядом с метро торговые центры, фитнес центр, продуктовые магазины в доме и рядом с домом. Шаговая доступность 7 минут до станции метро Некрасовка. Сдается на длительный период . Рассмотрят платежеспособных жильцов, приоритет для девушки, женщины. Оплата 35000 рублей все платежи включены в стоимость. Депозит 35000 рублей можно разделить на 2 платежа. Комиссия . ID 307387 Документы проверены +7 923 074-33-... Написать неделю назад 7 апр, 13:27",,https://www.cian.ru/cat.php?deal_type=rent&district%5B0%5D=8&engine_version=2&offer_type=flat&room9=1&type=4&p=1,2026-04-16T05:14:42+00:00
1506,327936828,ЮВАО,https://www.cian.ru/rent/flat/327936828/?context=3.9EMi2j8ijTg.c3FMDNt5F-4HY6g1aWQBgLNTV4NUZapLJvWsFWpY8UDxTeg4S47RVLeUBrKmeoeQEh-AAaP3T9xk8g&mlSearchSessionGuid=780327f859d8abc70ab3c62ab3fe3aa4,1/18,3155000,25.0,16,21,,"1/18 Апартаменты-студия, 25 м², 16/21 этаж Волгоградский проспект 16 минут пешком Москва , ЮВАО , р-н Нижегородский , м. Калитники , Скотопрогонная улица , 31 55 000 ₽/мес. От года, комм. платежи включены (без счётчиков), комиссия 100%, залог 55 000 ₽ Арт. 132954872 Стильная дизайнерская студия в центре Москвы — внутри ТТК. Квартира полностью укомплектована новой мебелью и качественным текстилем — заезжаете и живёте без лишних покупок. Установлен кондиционер — комфортная температура в любое время года. Домофон обеспечивает дополнительную безопасность. Дополнительные преимущества: Дом бизнес-класса. Красивая входная группа. 2 ледовые арены и баскетбольная секция на территории комплекса. 10 минут пешком до метро. Удобный выезд на Третье транспортное кольцо. 5 км до Кремля. Агентство недвижимости Самолет Плюс Басманный Документы проверены +7 910 473-48-... Написать вчера 14 апр, 11:55",,https://www.cian.ru/cat.php?deal_type=rent&district%5B0%5D=8&engine_version=2&offer_type=flat&room9=1&type=4&p=3,2026-04-16T05:14:42+00:00
1475,316900047,ЮВАО,https://www.cian.ru/rent/flat/316900047/?context=3.qbVzKexPppw.uZMgm-gxUer_1btyWQO272Q-hjDoOP6AnI6U3Upv0LVbNE5IO0BOJv44TLFuMAiIPjdWhmMr0ACHDg&mlSearchSessionGuid=b3eba14503f206728a00c8b8103f52bf,1/14,3340000,19.0,20,25,,"1/14 Студия, 19 м², 20/25 этаж Только на Циан Некрасовка 1 минута пешком Москва , ЮВАО , р-н Некрасовка , м. Некрасовка , Рождественская улица , 33 40 000 ₽/мес. От года, комм. платежи включены (без счётчиков), без комиссии, залог 40 000 ₽ Сдается уютная студия около метро, в одной минуте от метро Некрасовка утепленный балкон с теплым полом. все необходимое есть для проживания. новый диван аскона, полноценное спальное место. строго без животных. Агентство недвижимости Ваш Ключ Суперагент +7 915 338-35-... Написать два дня назад 13 апр, 20:19",,https://www.cian.ru/cat.php?deal_type=rent&district%5B0%5D=8&engine_version=2&offer_type=flat&room9=1&type=4&p=2,2026-04-16T05:14:42+00:00
1500,327246474,ЮВАО,https://www.cian.ru/rent/flat/327246474/?context=3.VVl6egnVInA.yHvBF-xtUOroMRruvJW6trDLY6BG_IeCXu2Wmt4kuHeH9KuOcMjdMJEjnI76980OoBUUmH2gufXgiQ&mlSearchSessionGuid=780327f859d8abc70ab3c62ab3fe3aa4,1/11,3739000,16.0,5,10,,"1/11 Студия, 16 м², 5/10 этаж Авиамоторная 19 минут пешком Москва , ЮВАО , р-н Нижегородский , м. Авиамоторная , Подъемная улица , 14С37 39 000 ₽/мес. От года, комм. платежи включены (без счётчиков), комиссия 60%, залог 48 000 ₽ Код объекта: 2056548. Семь причин снять эту студию: 1) Вы снимаете не просто метры, а получаете доступ к целой экосистеме. Больше не нужно тратить время и деньги на фитнес-клуб и коворкинг. На первых этажах ЖК к вашим услугам спортзал, бильярд, аэрохоккей, кафе и коворкинг, где можно расслабиться и пообщаться после рабочего дня. Вы освобождаете время на логистику и можете инвестировать его в себя.2) Удивительная локация: три старообрядческих монастыря, прогулки по территории которых — это ментальная перезагрузка. 1 минута пешком от подъезда —и вы получаете атмосферу, за которой люди уезжают за город.3) Студия оборудована всем необходимым, включая кондиционер и посудомоечную машину. Отдельно отмечу большой крепкий диван.4) Комфортно не только вам, но и вашему транспорту. На первом этаже —помещение для хранения велосипедов, самокатов Собственная автомобильная парковка под шлагбаумом. Охрана 24/7.5) Объект куплен как инвестиция для сдачи в аренду на долгий срок. Можете быть уверены — никаких неожиданных выселений.6) Живописные локации рядом сочетаются с доступом к ресурсам большого города. 2 минуты пешком до ТЦ ""Город"". Бутики, рестораны, пункты выдачи заказов, все к вашим услугам.7) Экологичное окружение. Архетип жителя ЖК — это молодые амбициозные люди, работающие в IT-сфере. Драйвовая атмосфера людей, уважающих личные границы и нацеленных на успех. залог можем разбить на 3 месяца. Агентство недвижимости Владис Документы проверены +7 915 207-99-... Написать вчера вчера, 21:30",,https://www.cian.ru/cat.php?deal_type=rent&district%5B0%5D=8&engine_version=2&offer_type=flat&room9=1&type=4&p=3,2026-04-16T05:14:42+00:00
