id,listing_id,district,url,title,price_rub,area_m2,floor,total_floors,metro,address,description_snippet,source_page,scraped_at
1080,301543961,ЮВАО,https://www.cian.ru/rent/flat/301543961/?context=3.rEUi226LVMc.3uS9EKUI7ADN7hdNczoJ0begO0Thx21spEjaNxlxnAWrXNA_Lh7VXtiaWtvd4u0rdvAGwX3RYtKonQ&mlSearchSessionGuid=749bcddc3eae43a8af0c7ec947bd376d,1/12,40000,17.0,5,5,,"1/12 Апартаменты-студия, 17 м², 5/5 этаж Только на Циан Текстильщики 18 минут пешком Москва , ЮВАО , р-н Текстильщики , м. Текстильщики , 1-й Грайвороновский проезд , 2А 40 000 ₽/мес. От года, комм. платежи включены (без счётчиков), комиссия 60%, залог 43 000 ₽ Сдаю студию со всеми удобствами в районе метро Текстильщики, от метро 15 минут пешком или 3 остановки автобусом. В квартире имеется все для комфортного проживания: кухня, микроволновка, чайник, варочная панель, вытяжка, холодильник, кровать двуспальная, обеденный стол, стиральная машинка, совмещённый санузел, шкаф-гардероб. Условия: предоплата за месяц, залог за последний месяц аренды, коммунальные платежи отдельно, комиссия агенту разово при заселении. Риелтор Александр Дворников Документы проверены +7 985 579-70-... Написать вчера 12 апр, 13:12",,https://www.cian.ru/cat.php?deal_type=rent&district%5B0%5D=8&engine_version=2&offer_type=flat&room9=1&type=4&p=3,2026-04-14T03:41:49+00:00
1056,328843370,ЮВАО,https://www.cian.ru/rent/flat/328843370/?context=3.Us80Pf37p9U.tkD_rbpetm1hSSwSEiFZLnhua_KzaaYcCDaJ84uDE0SjxdXf8mXa0W7DG9fN-wu7C-QAqn-iSUiVCw&mlSearchSessionGuid=7e1a99e261491740540e769a1faf4e60,1/4,51000,28.5,2,25,,"1/4 Студия, 28,5 м², 2/25 этаж Нижегородская 7 минут пешком Москва , ЮВАО , р-н Нижегородский , м. Нижегородская , Рязанский проспект , 2/1к2Д 51 000 ₽/мес. От года, комм. платежи включены (без счётчиков), комиссия 30%, залог 51 000 ₽ Предлагается уютная студия на втором этаже современного 25-этажного дома. Квартира расположена в ЖК "" Среда"", всего в 7 минутах пешком от станции метро ""Нижегородская"". Общая площадь квартиры составляет 28.5 кв. м, что идеально подойдет для комфортного проживания одного человека. Квартира с дизайнерским ремонтом, создает атмосферу уюта и современности. В студии есть вся необходимая мебель. Установлена современная техника: кондиционер, холодильник и стиральная машина, поэтому можно сразу въехать и наслаждаться комфортом. Ванная комната оборудована душевой кабиной. В квартире подключен интернет. Дом оснащен двумя пассажирскими и одним грузовым лифтами, поэтому можно быстро и удобно добраться до квартиры. Район отличается развитой инфраструктурой. Все необходимые магазины, кафе и учреждения находятся в шаговой доступности, экономя ваше время на дорогу. Условия аренды: квартира сдается на длительный срок по договору с внесением залога. Квартира свободна от обременений, 1 собственник. Приглашаем вас на просмотр! Свяжитесь со мной, чтобы договориться о времени, удобном для вас. Не упустите возможность стать жителем этого комфортного и современного дома. Риелтор ID 90531867 +7 916 059-61-... Написать вчера 12 апр, 17:14",,https://www.cian.ru/cat.php?deal_type=rent&district%5B0%5D=8&engine_version=2&offer_type=flat&room9=1&type=4&p=2,2026-04-14T03:41:49+00:00
1027,328835097,ЮВАО,https://www.cian.ru/rent/flat/328835097/?context=3.FDPqa5WlmCc.SmomLAzVC7h-jTn0zW03xCwvebdF3qIqtFZMg3692zAIIXT37qw6zOcX7o-D-fYsjJxYEcvA866MaA&mlSearchSessionGuid=9691a310a5dcda76fd65087747550f53,1/14,80000,27.0,13,27,,"1/14 Студия, 27 м², 13/27 этаж Только на Циан Авиамоторная 13 минут пешком Москва , ЮВАО , р-н Лефортово , м. Авиамоторная , Символ ЖК , Независимость кв-л 80 000 ₽/мес. От года, комм. платежи включены (без счётчиков), комиссия 50%, залог 80 000 ₽ Ждем вас на просмотр! Сдаётся просторная и светлая студия с абсолютно новым ремонтом, мебелью и техникой в ЖК бизнес-класса Символ. Отличная локация за счет своей транспортной и пешей доступности. Станции метро Площадь Ильича, Авиамоторная и Римская в 10-15 минутах пешей доступности. Быстрый выезд на ТТК и комфортная развязка к центру города. В квартире выполнен дизайнерский ремонт, присутствует все необходимое для жизни. Если мы посмотрим из окна, то насладимся спокойным видом на двор, ухоженной придомовой территорией с детской площадкой. Установлена система охраны и видеонаблюдения. На территории комплекса находится охраняемый наземный и подземный паркинг. Закрытая территория. В самом ЖК большое количество ресторанов и кафе. Закрытые дворы без машин с современными детскими площадками и прогулочными зонами. Данная локация славится своей развитой инфраструктурой. Рядом находится ТРЦ Город с невероятным количеством различных магазинов, заведений и развлечений, а также банки, аптеки и пункты выдачи. Через дорогу от дома всеми известный фитнесс клуб World Class. В пешей доступности находятся школы, детские сады. Парк Зеленая река - станет незаменимым местом для прогулок. Большое количество очистных пространств рядом с ЖК. Квартира сдаётся на длительный срок. Звоните, прямо сейчас, чтобы договориться о просмотре. Буду рада ответить на все интересующие вопросы! Номер объекта: #1/537035/24838 Агентство недвижимости Moscow Sales Department Документы проверены +7 916 612-48-... Написать вчера вчера, 18:10",,https://www.cian.ru/cat.php?deal_type=rent&district%5B0%5D=8&engine_version=2&offer_type=flat&room9=1&type=4&p=1,2026-04-14T03:41:49+00:00
1017,283229441,ЮВАО,https://www.cian.ru/rent/flat/283229441/?context=3.dSW-QKE8ECs.IxscCulGlnIH70ovvtWSq69yp6R-Yg0Pkxng_wXrP5IL-K_jowVEX1KUKVRMAz_s_XafsimRDwJLcA&mlSearchSessionGuid=9691a310a5dcda76fd65087747550f53,1/5,133000,16.0,1,17,,"1/5 Студия, 16 м², 1/17 этаж Люблино 4 минуты на транспорте Москва , ЮВАО , р-н Марьино , м. Люблино , улица Верхние Поля , 42К1 33 000 ₽/мес. От года, комм. платежи включены (счётчики включены), без комиссии, залог 16 500 ₽ В действующем отели, на длительный срок, сдается студия гостиничного типа, без кухни ! В стоимость все включено, страховой депозит - 50%. Рассматривают 1-2 чел., РФ. В комнате минимум мебели - кровать, стол+ 2 стула, телевизор. Кондиционер. Санузел совмещенный, душ-кабина. Подробности по телефону. Агентство недвижимости Лунный Свет +7 923 078-87-... Написать вчера 12 апр, 09:50",,https://www.cian.ru/cat.php?deal_type=rent&district%5B0%5D=8&engine_version=2&offer_type=flat&room9=1&type=4&p=1,2026-04-14T03:41:49+00:00
1035,326294321,ЮВАО,https://www.cian.ru/rent/flat/326294321/?context=3.YaK1fe_pFfU.BJ2hpaJo5qTN-sLCDSrsC44ugg4A9srLw_SYbzgUpa9t3Ra7qTNOI3huFdaqtQ7TZdYxppfUVLstYg&mlSearchSessionGuid=9691a310a5dcda76fd65087747550f53,1/15,135000,11.6,2,10,,"1/15 Студия, 11,6 м², 2/10 этаж Только на Циан Юго-Восточная 8 минут пешком Москва , ЮВАО , р-н Выхино-Жулебино , м. Юго-Восточная , Ташкентская улица , 25К1 35 000 ₽/мес. От года, комм. платежи включены (без счётчиков), комиссия 70%, залог 35 000 ₽ Сдается уютная студия площадью 11.6 кв. м. на длительный срок. До метро Юго-Восточная всего 8 минут пешком. В квартире есть все необходимое для комфортного проживания: косметический ремонт, необходимая мебель, холодильник, стиральная машина, микроволновая плита, электрическая поверхность, электрический чайник. Планировка включает совмещенный санузел с душевой кабиной. В вашем распоряжении также интернет, поэтому можно смело работать или учиться онлайн. Лоджия добавляет дополнительное пространство для хранения или отдыха. Дом находится в районе с развитой инфраструктурой. В шаговой доступности расположены школы, детские сады и клиники, поэтому все важные учреждения будут у вас под рукой. Для любителей шопинга и повседневных покупок поблизости есть магазины. Риелтор ID 116658281 +7 985 254-20-... Написать неделю назад 5 апр, 21:12",,https://www.cian.ru/cat.php?deal_type=rent&district%5B0%5D=8&engine_version=2&offer_type=flat&room9=1&type=4&p=1,2026-04-14T03:41:49+00:00
1077,300381793,ЮВАО,https://www.cian.ru/rent/flat/300381793/?context=3.LC7ig9PML24.WZHRqQHvoy-wO-OybzSD3u1LHL7ufBMW6279W6_Ok1Xut_HDzKKns4AGfjmjVsenzYY6xkBI8ULTQg&mlSearchSessionGuid=749bcddc3eae43a8af0c7ec947bd376d,1/6,135000,16.0,1,12,,"1/6 Студия, 16 м², 1/12 этаж Только на Циан Люблино 13 минут пешком Москва , ЮВАО , р-н Люблино , м. Люблино , Тихорецкий бульвар , 4К1 35 000 ₽/мес. От года, комм. платежи включены (без счётчиков), комиссия 100%, залог 35 000 ₽ Залог делится на два месяца. Вашему вниманию предлагается уютная студия. Высокий первый этаж. В студии есть абсолютно все для комфортного проживания: Кухонный гарнитур, холодильник, стиральная машина, стол, 2 стула. Рядом с домом магазины, детские сады, школы. Спокойные соседи, Собственник адекватный. Сдается на длительный срок. Заехать можно сразу Звоните. Показ по договоренности. Риелтор ID 105044327 Документы проверены +7 989 146-61-... Написать два дня назад 11 апр, 11:26",,https://www.cian.ru/cat.php?deal_type=rent&district%5B0%5D=8&engine_version=2&offer_type=flat&room9=1&type=4&p=3,2026-04-14T03:41:49+00:00
1083,304833727,ЮВАО,https://www.cian.ru/rent/flat/304833727/?context=3.wxFza5q7eYE.AC7mmJ5xDzd1cLHz8IgubCtdS4iM7ViL338gwk-owHlHWU0dahHis8F-8Bs8D5IamkbAX3PIgrEjDQ&mlSearchSessionGuid=749bcddc3eae43a8af0c7ec947bd376d,1/5,144000,23.0,7,16,,"1/5 Студия, 23 м², 7/16 этаж Только на Циан Люблино 16 минут пешком Москва , ЮВАО , р-н Люблино , м. Люблино , Цимлянская улица , 3к1 44 000 ₽/мес. На несколько месяцев, комм. платежи включены (без счётчиков), без комиссии, залог 50 000 ₽ Уютная студия со всей мебелью в развитом в плане инфраструктуры районе сдается одному человеку - гражданину РФ с добропорядочной репутацией и без долгов. Цена аренды указана без коммунальных расходов. Договор. На звонки отвечаю редко, пишите в мессенджерах. Собственник ID 107316047 Документы проверены Назначить просмотр месяц назад 4 мар, 13:08",,https://www.cian.ru/cat.php?deal_type=rent&district%5B0%5D=8&engine_version=2&offer_type=flat&room9=1&type=4&p=3,2026-04-14T03:41:49+00:00
1038,292111720,ЮВАО,https://www.cian.ru/rent/flat/292111720/?context=3.41onyNxBw-A.HZlxIflmRTsyhViOt3aH96l-b66c5vA3yE002_dNtfR3UElxOp2fXdej4PWgJ4Crhv8LgJqNkP43oA&mlSearchSessionGuid=7e1a99e261491740540e769a1faf4e60,1/29,145000,14.0,2,4,,"1/29 Апартаменты-студия, 14 м², 2/4 этаж Только на Циан Нижегородская 7 минут пешком Москва , ЮВАО , р-н Нижегородский , м. Нижегородская , шоссе Фрезер , 17АС1 45 000 ₽/мес. На несколько месяцев, комм. платежи включены (без счётчиков), без комиссии, залог 40 000 ₽ Апартамент в новом комплексе. Есть вся необходимая мебель и техника. Кухня, фильтр для воды, стиральная машина с сушкой, холодильник, микроволновая печь, чайник, индукционная плита, диван-кровать, вместительный шкаф-купе, стол и стулья, душевая кабина, бойлер, утюг, гладильная доска. Закрытая территория, спальное место 194x100см Рядом бесплатная парковка, всегда есть места В шаговой доступности магазин Пятерочка, WB Рядом с метро Нижегородская расположен ТЦ Город, в том числе магазин Ашан Залог можно разбить на 2 части Здание без лифта Регистрация и прописка невозможна Возможность подключить проводной интернет отсутствует Под окном крыша здания, шума под окнами нет Вход с Северной стороны, ближайший дом для ориентира - Басовская улица 4 (4й подъезд) минимальный срок аренды 4 месяца. можно больше Агентам просьба не беспокоить Собственник ID 16682150 Документы проверены +7 985 730-03-... Написать два дня назад 11 апр, 14:49",,https://www.cian.ru/cat.php?deal_type=rent&district%5B0%5D=8&engine_version=2&offer_type=flat&room9=1&type=4&p=2,2026-04-14T03:41:49+00:00
1059,328069745,ЮВАО,https://www.cian.ru/rent/flat/328069745/?context=3.BS7XTW6mYnU.7mAI69Nb-qKuTF2Y_ym3CarfxwY5d91b4tj7Am16wnnkic3aOVaYdRA0VkXt4Ev-BsdV9GeJTzS_lw&mlSearchSessionGuid=7e1a99e261491740540e769a1faf4e60,1/17,151000,23.0,21,33,,"1/17 Студия, 23 м², 21/33 этаж Нижегородская 7 минут пешком Москва , ЮВАО , р-н Нижегородский , м. Нижегородская , Перовское шоссе , 2к1 51 000 ₽/мес. От года, комм. платежи включены (без счётчиков), комиссия 60%, залог 40 000 ₽ Сдаётся светлая квартира-студия с евроремонтом и совмещённым санузлом в ЖК Перовское 2. Её можно посмотреть когда Вам удобно: бронируете время, забираете ключи и спокойно осматриваете. Если всё понравится, договор подпишем онлайн и будем поддерживать Вас на всех этапах аренды. В квартире есть: - Кухонный гарнитур; - Кондиционер; - Стиральная машина; - Холодильник; - Микроволновая печь; - Телевизор; - Утюг; - Варочная панель. Дополнительную мебель и технику можно приобрести в счёт арендной платы. Полы ламинат и плитка. Окна выходят во двор, есть бесплатная парковка. Собственник готов заселить не более 2 взрослых жильцов (можно с детьми). С домашним питомцем нельзя. Дом находится в районе с развитой инфраструктурой: в пешей доступности школы, продуктовые супермаркеты, заправки, спортивные клубы, почта, аптеки и медицинские учреждения, бассейн, салоны красоты и парикмахерские, кафе и закусочные. Недалеко ТЦ Город, Перовский парк, Кусковский лесопарк и парк Карачарово. До м. Нижегородская можно дойти за 10 минут, до м. Стахановская 18 минут пешком. Агентство недвижимости ПИК-Аренда Документы проверены +7 986 248-21-... Написать вчера вчера, 18:32",,https://www.cian.ru/cat.php?deal_type=rent&district%5B0%5D=8&engine_version=2&offer_type=flat&room9=1&type=4&p=2,2026-04-14T03:41:49+00:00
1028,328869295,ЮВАО,https://www.cian.ru/rent/flat/328869295/?context=3.sdosG20lEpA.EL_Cld0DnDU9fgjwfM9XGxzSG9ehItamhDXoej8tOV9jab6cGhfYOVcQ9JOz5wRXjwKEUGlKFpj1JA&mlSearchSessionGuid=9691a310a5dcda76fd65087747550f53,1/10,160000,21.1,1,5,,"1/10 Апартаменты-студия, 21,1 м², 1/5 этаж Только на Циан Лефортово 10 минут пешком Москва , ЮВАО , р-н Лефортово , м. Лефортово , Ухтомская улица , 16К1 60 000 ₽/мес. От года, комм. платежи включены (без счётчиков), без комиссии, залог 60 000 ₽ Предлагаем уютные апартаменты по адресу: ул. Ухтомская, 16, к.1 21,1 м² Почему это идеальный вариант: Дизайнерский ремонт: Свежий, стильный интерьер — здесь приятно находиться. Полная комплектация: Заезжайте с одним чемоданом! Есть вся необходимая техника: стиральная машина, холодильник, СВЧ-печь, варочная панель. Готовность: Квартира полностью меблирована и готова к заселению прямо сейчас. Локация: Отличная транспортная доступность позволит вам легко добираться до любой точки города. Условия аренды: Цена: 60 000 руб./мес. + коммунальные платежи. Агентство недвижимости ONE OSNOVA Документы проверены +7 986 274-23-... Написать вчера вчера, 23:11",,https://www.cian.ru/cat.php?deal_type=rent&district%5B0%5D=8&engine_version=2&offer_type=flat&room9=1&type=4&p=1,2026-04-14T03:41:49+00:00
1057,328869349,ЮВАО,https://www.cian.ru/rent/flat/328869349/?context=3.aMQIGlOA15A.NqG4SCJYkrE-ZdY8IjtwMEWtiRHhpmV6EPzK-rhjuCLKk3nXw_LS_m9yo6HkP6JnWYuMe_htaJgV9A&mlSearchSessionGuid=7e1a99e261491740540e769a1faf4e60,1/16,160000,20.9,1,5,,"1/16 Апартаменты-студия, 20,9 м², 1/5 этаж Только на Циан Лефортово 10 минут пешком Москва , ЮВАО , р-н Лефортово , м. Лефортово , Ухтомская улица , 16К1 60 000 ₽/мес. От года, комм. платежи включены (без счётчиков), без комиссии, залог 60 000 ₽ Стильная студия 20,9 м² с новым ремонтом — заезжай и живи! Предлагаем уютные апартаменты по адресу: ул. Ухтомская, 16, к.1 Почему это идеальный вариант: Дизайнерский ремонт: Свежий, стильный интерьер — здесь приятно находиться. Полная комплектация: Заезжайте с одним чемоданом! Есть вся необходимая техника: стиральная машина, холодильник, СВЧ-печь, варочная панель. Готовность: Квартира полностью меблирована и готова к заселению прямо сейчас. Локация: Отличная транспортная доступность позволит вам легко добираться до любой точки города. Условия аренды: Цена: 60 000 руб./мес. + коммунальные платежи Агентство недвижимости ONE OSNOVA Документы проверены +7 986 274-23-... Написать вчера вчера, 23:10",,https://www.cian.ru/cat.php?deal_type=rent&district%5B0%5D=8&engine_version=2&offer_type=flat&room9=1&type=4&p=2,2026-04-14T03:41:49+00:00
1067,328585103,ЮВАО,https://www.cian.ru/rent/flat/328585103/?context=3.m7chmfa4hd8.qaKymc2obmkrMb6uv8ByZVlHnMb7-_1Ts-n0v3DNyksX44UZ2fpOmN3Y9NlW6aRJrHHgwnEFs-9aPQ&mlSearchSessionGuid=749bcddc3eae43a8af0c7ec947bd376d,1/14,160000,19.7,18,24,,"1/14 Студия, 19,7 м², 18/24 этаж Только на Циан Проверено в Росреестре Новохохловская 6 минут пешком Москва , ЮВАО , р-н Нижегородский , м. Новохохловская , Новохохловская улица , 15к1 60 000 ₽/мес. От года, комм. платежи включены (без счётчиков), без комиссии, залог 60 000 ₽ БЕЗ КОМИССИИ, ОТ СОБСТВЕННИКА! Сдается в аренду студия в современном доме 2023 года постройки. Квартира площадью 19.7 кв. м расположена на 18 этаже 24-этажного здания. До станции МЦК и МЦД2 всего 6 минут пешком, что обеспечит вам удобный и быстрый доступ ко всем частям города. Прекрасная студия с евроремонтом и продуманной планировкой. Здесь вы найдете все необходимое для комфортного проживания: мебель в комнате и на кухне, современную технику — кондиционер, холодильник, телевизор, кофемашина, станция Алиса, отпариватель и стиральную машину. Совмещенный санузел оборудован душевой кабиной и гигиеническим душем. Окна выходят на улицу, поэтому в квартире всегда светло и уютно. Дом оснащен четырьмя грузовыми лифтами и подземной парковкой, что делает его удобным для жителей. В пешей доступности от дома расположены клиники и магазины, поэтому все необходимые учреждения будут у вас под рукой. Условия аренды: квартира сдается без комиссии посредников, от собственника. Предусмотрен залог, разбиваем на 2 части, который возвращается при выезде. Квартира идеально подойдет для одного человека или пары. Без детей. Допустимо небольшое воспитанное животное по согласованию. Приглашаем вас на просмотр! Записывайтесь на удобное для вас время и приходите оценить все преимущества этого жилья лично. Собственник ID 431169 Документы проверены +7 980 214-38-... Написать вчера вчера, 11:15",,https://www.cian.ru/cat.php?deal_type=rent&district%5B0%5D=8&engine_version=2&offer_type=flat&room9=1&type=4&p=3,2026-04-14T03:41:49+00:00
1087,328887690,ЮВАО,https://www.cian.ru/rent/flat/328887690/?context=3.W4qSbAG-3QM.4xyswTiWVtIASBwxrVJQ9wZWiURpUe3Ak2ATLmzqTdX2x5t1GUt9xXmJhBHBfr_MJYTOA7ETWO01Vg&mlSearchSessionGuid=749bcddc3eae43a8af0c7ec947bd376d,1/12,165000,23.0,2,3,,"1/12 Апартаменты-студия, 23 м², 2/3 этаж Только на Циан Текстильщики 13 минут пешком Москва , ЮВАО , р-н Текстильщики , м. Текстильщики , Грайвороновская улица , 4С1 65 000 ₽/мес. На несколько месяцев, комм. платежи включены (счётчики включены), без комиссии, залог 10 000 ₽ Студия с современным ремонтом и стильным интерьером. В студии предусмотрено четыре спальных места, что делает её идеальной для семейного отдыха. Курение запрещено, но можно с детьми. В студии есть всё необходимое для комфортного проживания: холодильник, стиральная машина, телевизор с Wi-Fi. Из окон открывается вид во двор, создавая тихую атмосферу. Для удобства гостей предусмотрена бесплатная парковка. Кухня оборудована современной техникой, включая микроволновую печь и плиту. В ванной комнате установлена душевая кабина и современная сантехника. В наличии постельное бельё и средства гигиены по умолчанию на две персоны, дети до 4 лет размещаются бесплатно, но без доп постельного белья. При изменении количества персон сумма изменится и студию укомплектуют необходимым. Бесконтактное заселение обеспечивает дополнительную безопасность и удобство. В студии есть: Полотенца, Тапочки, Зубная щетка и паста, Шампунь, Гель для душа, Посуда для приготовления пищи. Находимся в 10 минутах ходьбы от станции метро Текстильщики. 11 км до Красной площади. Мы открыты к любым пожеланиям наших гостей относительно улучшения сервиса и готовы оперативно реагировать на любые запросы Риелтор Сергей Самаров Суперагент +7 917 513-18-... Написать вчера 12 апр, 12:40",,https://www.cian.ru/cat.php?deal_type=rent&district%5B0%5D=8&engine_version=2&offer_type=flat&room9=1&type=4&p=3,2026-04-14T03:41:49+00:00
1049,328567594,ЮВАО,https://www.cian.ru/rent/flat/328567594/?context=3.mzjZoXx2uKg.PLJQhdB2t1fQJuCLdqoClcAAei1B9mcQbtZDESbcWTiFOWnJZfsEWT9uFSp-LVARbES3ZSnyez3Utw&mlSearchSessionGuid=7e1a99e261491740540e769a1faf4e60,1/22,167000,20.7,27,27,,"1/22 Студия, 20,7 м², 27/27 этаж Авиамоторная 11 минут пешком Москва , ЮВАО , р-н Лефортово , м. Авиамоторная , улица Крузенштерна , 10к1 67 000 ₽/мес. От года, комм. платежи включены (без счётчиков), комиссия 50%, без залога Дoлгоcрочная аренда (договoр нa 11 меcяцeв). Прeдcтaвляeм вaшeму внимaнию пpocторную, уютную студию плoщадью 20,7 кв.м. рacпoложeнную в ЖК Символ. Бытовая техника: кондиционер, телевизор, посудомоечная машина, хoлoдильник, варочная панель, микроволновая печь, cтиpальная машинa, элeктричecкий чайник. Есть все необходимое для комфортного и долгосрочного проживания, в т.ч. посуда. Удобства квартиры: - Встроенная посудомоечная машина; - Вместительные системы хранения; - Уютная просторная комната с красивым видом из окна; - Светлая, уютная ванная комната с современной сантехникой. Дом находится в районе с развитой инфраструктурой: в шаговой доступности остановки общественного транспорта, в 10 минутах пешком находится станция метро ""Авиамоторная"", в 15-20 минутах - станция ""Лефортово"". Рядом с домом расположены: продуктовые супермаркеты, пункты выдачи, аптеки и медицинские учреждения, кафе, рестораны. Преимущество ЖК Символ - безопасные дворы без машин с охраняемой территорией. Во дворе обустроены отдельные детские и спортивные площадки, а также экозоны для прогулок и отдыха. Условия проживания по Тарифу Комфортное проживание: - 50% от арендного платежа при заселении; - Раннее бронирование объекта (за 3 дня до заселения); - Персональный менеджер на всех этапах аренды быстро реагирует на запросы - большинство бытовых вопросов решаем за 48 часов; - Страхование гражданской ответственности до 0,3 млн ₽; - Организация мелкого ремонта. Коммунальные платежи: электроэнергия, хвс\гвс, услуги интернет провайдера, расходы за отопление дома/квартиры оплачивает арендатор. Заселение только при наличии постоянной регистрации РФ. Без животных Агентство недвижимости СМАРЕНТ Документы проверены +7 985 853-93-... Написать шесть дней назад 7 апр, 10:16",,https://www.cian.ru/cat.php?deal_type=rent&district%5B0%5D=8&engine_version=2&offer_type=flat&room9=1&type=4&p=2,2026-04-14T03:41:49+00:00
1010,328880801,ЮВАО,https://www.cian.ru/rent/flat/328880801/?context=3.aa1aQAsfO9M._mzvxShwMf6fhiAiCA2muc_0eaSt2nhAhMKaZEfIZEXtvCpKAEtHc2FX8W-dSqezz3iRgWSszTMsgQ&mlSearchSessionGuid=9691a310a5dcda76fd65087747550f53,1/19 Ещё фото,174990,28.0,3,13,,"1/19 Ещё фото Цивилизованная аренда от ДОМ РФ Апартаменты-студия, 28 м², 3/13 этаж Площадь Ильича 8 минут пешком Москва , ЮВАО , р-н Лефортово , м. Москва-Товарная , шоссе Энтузиастов , 3к1 74 990 ₽/мес. От года, комм. платежи включены (без счётчиков), без комиссии, залог 74 990 ₽ Идут показы с датой заселения после 25.04.2026. Апартамент доступен к просмотру и бронированию! Предлагается в долгосрочную аренду светлая студия в арендном доме ""Символ"" от ДОМ.РФ. 163 Доступна рассрочка оплаты депозита на 3 месяца! Без комиссии. Разрешено проживание с животными! Апартамент с индивидуальным интерьерным решением в современном стиле, качественной отделкой, мебелью и техникой для жизни от ведущих брендов (Hotpoint Ariston): - Встраиваемая бытовая техника; - Стиральная машина; - Электрическая варочная панель; - Холодильник; - Кондиционер; - Плазменный телевизор В квартире размещён полный комплект необходимой мебели: - современный кухонный гарнитур; - обеденный стол и 2 стула; - тумба под телевизор; - двуспальный раскладной диван; - вместительный шкаф; В квартире один совмещенный санузел с душевой кабиной, раковиной и зеркалом с подсветкой и стиральной машиной. Услуги консьерж-сервиса 24/7 включены в арендную плату (прием корреспонденции, заявок на ремонт, выдача гостевых пропусков, и т.д.), дополнительно можно заказать: доставку воды, уборку, стирку, глажку, уход за животными и многое другое. Разрешено проживание с животными! Территория ""Символ"" закрытая, установлено видеонаблюдение и действует система электронных пропусков. В доме отапливаемая подземная парковка. Район с развитой инфраструктурой: в 5 минутах езды всевозможные развлекательные кластеры, такие как Винзавод, Артплей, Арма и ТРЦ Атриум. Поблизости располагаются несколько школ, детских садов, поликлиник, фитнес-центров, парков и супермаркетов. Хорошо развита транспортная сеть: в пешей доступности есть несколько станций метро (Римская-6 мин, Площадь Ильича- 6 мин), 350 метров до ТТК, а до Садового кольца всего 2 км. Услуги 24/7 ВКЛЮЧЕНЫ В АРЕНДНУЮ ПЛАТУ! (прием корреспонденции, заявок на ремонт, выдача гостевых пропусков и т.д.). Удобный и доступный сервис дополнительных услуг: уборка, стирка, глажка, а также присмотр за животными и др. При заселении оплачивается стоимость аренды за первый месяц. При заключении договора аренды до 30 апреля доступна рассрочка оплаты депозита на 3 месяца! Дополнительно оплачиваются только счетчики коммунальных услуг. Аренда от ДОМ.РФ - это не просто квадратные метры. ДОМ.РФ",,https://www.cian.ru/cat.php?deal_type=rent&district%5B0%5D=8&engine_version=2&offer_type=flat&room9=1&type=4&p=1,2026-04-14T03:41:49+00:00
1009,328499468,ЮВАО,https://www.cian.ru/rent/flat/328499468/?context=3.qAooi2LDp2Q.5vjTYFPpjBYBmnAfqIumn8khF_yKnkaOqeXmCLsbAsUoG9UmJpg__MTtsLkvjan1AhH-bvxJarGikA&mlSearchSessionGuid=9691a310a5dcda76fd65087747550f53,1/19 Ещё фото,178990,29.0,10,13,,"1/19 Ещё фото Цивилизованная аренда от ДОМ РФ Апартаменты-студия, 29 м², 10/13 этаж Только на Циан Площадь Ильича 8 минут пешком Москва , ЮВАО , р-н Лефортово , м. Москва-Товарная , шоссе Энтузиастов , 3к1 78 990 ₽/мес. От года, комм. платежи включены (без счётчиков), без комиссии, залог 78 990 ₽ Идут показы с датой заселения после 25.04.2026. Апартамент доступен к просмотру и бронированию! Предлагается в долгосрочную аренду светлая студия в арендном доме ""Символ"" от ДОМ.РФ. 54 Доступна рассрочка оплаты депозита на 3 месяца! Без комиссии. Разрешено проживание с животными! Апартамент с индивидуальным интерьерным решением в современном стиле, качественной отделкой, мебелью и техникой для жизни от ведущих брендов (Hotpoint Ariston): - Встраиваемая бытовая техника; - Стиральная машина; - Электрическая варочная панель; - Холодильник; - Кондиционер; - Плазменный телевизор В квартире размещён полный комплект необходимой мебели: - современный кухонный гарнитур; - обеденный стол и 2 стула; - тумба под телевизор; - двуспальный раскладной диван; - вместительный шкаф; В квартире один совмещенный санузел с душевой кабиной, раковиной и зеркалом с подсветкой и стиральной машиной. Услуги консьерж-сервиса 24/7 включены в арендную плату (прием корреспонденции, заявок на ремонт, выдача гостевых пропусков, и т.д.), дополнительно можно заказать: доставку воды, уборку, стирку, глажку, уход за животными и многое другое. Разрешено проживание с животными! Территория ""Символ"" закрытая, установлено видеонаблюдение и действует система электронных пропусков. В доме отапливаемая подземная парковка. Район с развитой инфраструктурой: в 5 минутах езды всевозможные развлекательные кластеры, такие как Винзавод, Артплей, Арма и ТРЦ Атриум. Поблизости располагаются несколько школ, детских садов, поликлиник, фитнес-центров, парков и супермаркетов. Хорошо развита транспортная сеть: в пешей доступности есть несколько станций метро (Римская-6 мин, Площадь Ильича- 6 мин), 350 метров до ТТК, а до Садового кольца всего 2 км. Услуги 24/7 ВКЛЮЧЕНЫ В АРЕНДНУЮ ПЛАТУ! (прием корреспонденции, заявок на ремонт, выдача гостевых пропусков и т.д.). Удобный и доступный сервис дополнительных услуг: уборка, стирка, глажка, а также присмотр за животными и др. При заселении оплачивается стоимость аренды за первый месяц. При заключении договора аренды до 30 апреля доступна рассрочка оплаты депозита на 3 месяца! Дополнительно оплачиваются только счетчики коммунальных услуг. Аренда от ДОМ.РФ - это не просто квадратны",,https://www.cian.ru/cat.php?deal_type=rent&district%5B0%5D=8&engine_version=2&offer_type=flat&room9=1&type=4&p=1,2026-04-14T03:41:49+00:00
1022,321344783,ЮВАО,https://www.cian.ru/rent/flat/321344783/?context=3.z1Jt4-KpRyY.NB2UWPif-rfvLhAubFfatws29Wooc9iWSDs-gFNJ5h4NYLepeGsguMQZPEu1aeDHuOFXta1etzTJPQ&mlSearchSessionGuid=9691a310a5dcda76fd65087747550f53,1/22,190000,32.0,5,14,,"1/22 Студия, 32 м², 5/14 этаж Только на Циан Римская 10 минут пешком Москва , ЮВАО , р-н Лефортово , м. Серп и Молот , проезд Шелихова , 1к1 90 000 ₽/мес. От года, комм. платежи включены (без счётчиков), без комиссии, залог 90 000 ₽ Квартира в ЖК Символ, доме бизнес класса. Сдаётся впервые и на длительный срок. Оборудована всем необходимым: телевизор, интернет, на кухне встроенная техника (духовой шкаф, посудомоечная машина, холодильник, морозильная камера). Грамотно продуманная система хранения. Кондиционер, подогрев пола, видео домофон. Грамотно продуманная входная группа в подъезде с зоной коворкинга. Риелтор Ольга Цегельная Суперагент +7 916 043-84-... Написать вчера вчера, 11:10",,https://www.cian.ru/cat.php?deal_type=rent&district%5B0%5D=8&engine_version=2&offer_type=flat&room9=1&type=4&p=1,2026-04-14T03:41:49+00:00
1033,328221715,ЮВАО,https://www.cian.ru/rent/flat/328221715/?context=3.2gyYMMMGayQ.wD5WO01GRwN3TkMUUldIvKqz_tetEUY8U8uh_ft8QGWZ0ujVRoOrGl0b69RHtrT1uHGsgBKWcmrKww&mlSearchSessionGuid=9691a310a5dcda76fd65087747550f53,1/49,199000,32.0,1,14,,"1/49 Новая дизайнерская квартира Студия, 32 м², 1/14 этаж Римская 10 минут пешком Москва , ЮВАО , р-н Лефортово , м. Серп и Молот , проезд Шелихова , 1к1 99 000 ₽/мес. От года, комм. платежи включены (без счётчиков), без комиссии, залог 99 000 ₽ Предлагаем квартиру в ЖК бизнес-класса ""Символ"" с охраняемой территорий, видеонаблюдением и консьерж-сервисом. Свежий дизайнерский ремонт. Все новое, никто не проживал! Квартира представляет собой идеальный вариант для тех, кто ценит комфорт, современный дизайн и удобное расположение. До метро 7 минут пешком. до центра города 4,5 км ЖК ""Символ"" славится своей развитой инфраструктурой, включающей в себя все необходимое для комфортной жизни: магазины, кафе, фитнес-центры, детские площадки и зоны отдыха. Транспортная доступность комплекса также на высоте, что обеспечивает легкий доступ к любой точке города. Огромная территория-парк Зеленая река между всеми корпусами открыт для прогулок и отдыха жителей всех возрастов. В домах жителям доступны различные общественные пространства: детские и подростковые игровые, коворкинги, фитнес-румы, репетиторские, лаунжи. На крышах некоторых корпусов расположены креативные пространства Условия оплаты: аренда + счетчики (вода, электричество) Прямая сдача. Без комиссии. Риэлторы и агенты, просьба не беспокоить. Сдается платежеспособным и аккуратным арендаторам. Залог обязателен. Подробности и запись на просмотр по телефону. Риелтор Наталия Долгих Документы проверены +7 985 065-28-... Написать вчера вчера, 20:56",,https://www.cian.ru/cat.php?deal_type=rent&district%5B0%5D=8&engine_version=2&offer_type=flat&room9=1&type=4&p=1,2026-04-14T03:41:49+00:00
1079,326403023,ЮВАО,https://www.cian.ru/rent/flat/326403023/?context=3.u0g9zyWS6ew.0Nm9sCsxP_jOIRYzGFm2_yWrv3d7oPIPRKiJpS6DYJKrhvFhtf57vFRnEcLBzjO1uXXdMVl9jVF79A&mlSearchSessionGuid=749bcddc3eae43a8af0c7ec947bd376d,1/11,241000,17.0,3,5,,"1/11 Студия, 17 м², 3/5 этаж Только на Циан Кузьминки 9 минут пешком Москва , ЮВАО , р-н Кузьминки , м. Кузьминки , Жигулевская улица , 4К2 41 000 ₽/мес. От года, комм. платежи включены (без счётчиков), комиссия 50%, залог 41 000 ₽ Сдаётся студия 17 м² в новом ЖК Нью Форм Сдаётся впервые уютная студия площадью 17 м², расположенная на 3 этаже нового жилого комплекса Нью Форм. Квартира полностью укомплектована для комфортного проживания: двуспальный диван шкаф для хранения вещей кухонный гарнитур с техникой: холодильник, плита, СВЧ ванная комната полностью оборудована: стиральная машина, душ, полотенцесушитель Новая квартира, никто не проживал. Подходит для одного человека или семейной пары. Инфраструктура и транспорт: рядом большое количество магазинов до метро — 7 минут пешком возле метро расположен крупный торгово-развлекательный центр Отличный вариант для комфортной жизни в новом доме. Звоните / пишите для просмотра. Агентство недвижимости АРТИН Суперагент +7 915 234-34-... пять дней назад 8 апр, 08:31",,https://www.cian.ru/cat.php?deal_type=rent&district%5B0%5D=8&engine_version=2&offer_type=flat&room9=1&type=4&p=3,2026-04-14T03:41:49+00:00
1012,328604135,ЮВАО,https://www.cian.ru/rent/flat/328604135/?context=3.9iT-vVgDkEI.IYlbUnxTt64ni6u-KpUd_aaHHUpOPR8ReaOLlVUD5B62venDPE1954QmsKOyVUvjbOVJKn_oMv8Hgg&mlSearchSessionGuid=9691a310a5dcda76fd65087747550f53,1/14 Ещё фото,244500,23.0,9,33,,"1/14 Ещё фото Пешком до МЦД! Студия, 23 м², 9/33 этаж Перерва 4 минуты пешком Москва , ЮВАО , р-н Люблино , м. Перерва , Иловайская улица , 2 44 500 ₽/мес. От года, комм. платежи включены (без счётчиков), комиссия 30%, залог 43 000 ₽ Сдаётся светлая студия с евроремонтом и совмещённым санузлом в ЖК Люблинский Парк! Её можно посмотреть когда Вам удобно: бронируете время, забираете ключи и спокойно осматриваете. Если всё понравится, договор подпишем онлайн и будем поддерживать Вас на всех этапах аренды. В квартире есть: - Кухонный гарнитур; - Холодильник; - Стиральная машина; - Кондиционер; - Интернет проведён. Полы - ламинат и плитка. Окна выходят во двор, есть бесплатная парковка. Собственник готов заселить не более 2 взрослых жильцов с детьми. С домашним питомцем нельзя. Дом находится в районе с развитой инфраструктурой, рядом расположены: - Гипермаркет Ашан и ТЦ Бум; - Парк им. Артёма Боровика и Парк Героев Отечественной войны 1812. В пешей доступности школы и детские сады, салоны красоты и парикмахерские, кафе и закусочные, заправки и автосервисы, колледж, культурный центр, фитнес-клубы, бассейн и кинотеатр. До МЦД-2 Перерва 7 минут пешком, до м. Братиславская 20 минут. Агентство недвижимости ПИК-Аренда Документы проверены Посмотреть все объекты +7 985 687-95-... Написать вчера вчера, 18:32",,https://www.cian.ru/cat.php?deal_type=rent&district%5B0%5D=8&engine_version=2&offer_type=flat&room9=1&type=4&p=1,2026-04-14T03:41:49+00:00
1053,326423378,ЮВАО,https://www.cian.ru/rent/flat/326423378/?context=3.8HJRienIk0I.GFckY6T1WUfNnevDtirVlxy5pVBwsyU6XMBMTWE4aYg6KueT8850AaR69Pwf5FMcE6BGr79sN1q8RQ&mlSearchSessionGuid=7e1a99e261491740540e769a1faf4e60,1/10,245000,18.0,1,5,,"1/10 Студия, 18 м², 1/5 этаж Текстильщики 7 минут пешком Москва , ЮВАО , р-н Текстильщики , м. Текстильщики , Люблинская улица , 17К2 45 000 ₽/мес. От года, комм. платежи включены (без счётчиков), комиссия 100%, залог 45 000 ₽ Арт. 112495345 Залог разбиваем! Уютная и чистая 1-комнатная квартира. Имеется вся необходимая мебель и бытовая техника для комфортного проживания. Развитая инфраструктура, всё в пешей доступности. До метро Текстильщики 7 минут пешком. Звоните. Пишите. Агентство недвижимости Самолет Плюс Запад Документы проверены +7 916 433-59-... Написать вчера вчера, 17:10",,https://www.cian.ru/cat.php?deal_type=rent&district%5B0%5D=8&engine_version=2&offer_type=flat&room9=1&type=4&p=2,2026-04-14T03:41:49+00:00
1088,324338003,ЮВАО,https://www.cian.ru/rent/flat/324338003/?context=3.fAeZjq41mP0.NrJx-vw7mHRLffx9sqZgYClWQ7dKqkGhExAVqweR9_VxfRw4VAT0SIddmgPJtNcyubgoPYHD6znc0Q&mlSearchSessionGuid=749bcddc3eae43a8af0c7ec947bd376d,2/14,245000,20.0,10,17,,"2/14 Студия, 20 м², 10/17 этаж Только на Циан Перерва 4 минуты пешком Москва , ЮВАО , р-н Люблино , м. Перерва , Иловайская улица , 2 45 000 ₽/мес. От года, комм. платежи включены (без счётчиков), комиссия 50%, залог 45 000 ₽ Сдается впервые квартира-студия в новом ЖК Люблинский парк. Район с развитой инфраструктурой, в пешей доступности от станции м. Марьино 15-20 минут, и в 5 минутах от МЦД Перерва, двор без машин, имеет закрытую территорию. В квартире имеется все необходимое для комфортного проживания 1-2 человек, новая техника и мебель, раскладывающийся диван с ортопедическим матрасом Аскона, кондиционер. Замечательный собственник рассмотрит 1 человека или пару, на длительный срок. Оперативно покажу, звоните, состав обсуждаем. У собственника могут быть предпочтения по составу проживающих. Риелтор Александр Кириллов Суперагент +7 910 536-87-... Написать вчера 12 апр, 11:02",,https://www.cian.ru/cat.php?deal_type=rent&district%5B0%5D=8&engine_version=2&offer_type=flat&room9=1&type=4&p=3,2026-04-14T03:41:49+00:00
1041,328051633,ЮВАО,https://www.cian.ru/rent/flat/328051633/?context=3.UXa7W12Tj1g.g1SYt_PXQVptEbFEh_xxDynDAqzAE5yHq0AeRkbR_F_3QP-fAAu-AIZ_P2kYgWKpMimTj4by6d20TQ&mlSearchSessionGuid=7e1a99e261491740540e769a1faf4e60,1/12,247000,20.0,23,33,,"1/12 Студия, 20 м², 23/33 этаж Только на Циан Перерва 4 минуты пешком Москва , ЮВАО , р-н Люблино , м. Перерва , Иловайская улица , 2 47 000 ₽/мес. От года, комм. платежи включены (без счётчиков), без комиссии, залог 47 000 ₽ Без комиссии! Напрямую от собственника. Сдаем уютную студию площадью 20 кв. м на 23-м этаже нового дома 2025 года постройки. Квартира находится всего в 4 минутах пешком от станции МЦД, что делает ее расположение особенно удобным для тех, кто ценит время. В квартире свежий ремонт, который создает современную и стильную атмосферу. Оборудована всей необходимой техникой: кондиционером, холодильником, посудомоечной и стиральной машинами. Удобная кровать 140*200 с ортопедическим матрасом подарит отличный сон. Комната и кухня полностью меблированы, а в ванной комнате установлена душевая кабина, что делает проживание здесь максимально комфортным. Дом оснащен четырьмя грузовыми лифтами и подземной парковкой, поэтому можно не беспокоиться о парковке вашего автомобиля. Это современное здание с высоким уровнем комфорта и безопасности. Вокруг дома развита инфраструктура. Квартира сдается в аренду от собственника без комиссии! Собственник ID 19467203 Документы проверены Назначить просмотр два дня назад 11 апр, 13:15",,https://www.cian.ru/cat.php?deal_type=rent&district%5B0%5D=8&engine_version=2&offer_type=flat&room9=1&type=4&p=2,2026-04-14T03:41:49+00:00
1068,328406963,ЮВАО,https://www.cian.ru/rent/flat/328406963/?context=3.tIW4mgmjPbU.cLl4JBnSqXr2Qrk1P_Cvg8Mq5wIQddvXcKeUVwgEpyPHpGQ3iqdmSdTf9cVoOldElf95S0Jo90h1YA&mlSearchSessionGuid=749bcddc3eae43a8af0c7ec947bd376d,1/10,247000,23.4,11,33,,"1/10 Студия, 23,4 м², 11/33 этаж Перерва 4 минуты пешком Москва , ЮВАО , р-н Люблино , м. Перерва , Иловайская улица , 2 47 000 ₽/мес. От года, комм. платежи включены (без счётчиков), комиссия 50%, залог 47 000 ₽ Представляется уютная студия в ЖК ""Люблинский Парк"" вблизи станции Перерва. Предлагаю сразу ознакомиться с видео и записываться на показ. Студия оборудована всей необходимой техникой для комфортного проживания: Заезжай и живи! Имеется удобная кровать, шкафы с местом для хранения вещей, рабочее место. А так же холодильник, СВЧ, душевая кабинка и стиральная машина. Очень приятный и отзывчивый собственник. Шикарная инфраструктура вокруг дома. В 10-ти минутах ходьбы расположена станция МЦД-2 Перерва. В пешей доступности имеются различные сетевые магазины, кафе, ПВЗ и многое другое! Прямо в доме находится супермаркет ""Пятёрочка"". Отличный внутренний двор для прогулок. Рассмотрим одного проживающего или семейную пару. Без детей и животных. Если будут вопросы обращайтесь по телефону. С уважением, Илья. Риелтор Илья Шанава Суперагент +7 986 384-28-... Написать пять дней назад 8 апр, 13:00",,https://www.cian.ru/cat.php?deal_type=rent&district%5B0%5D=8&engine_version=2&offer_type=flat&room9=1&type=4&p=3,2026-04-14T03:41:49+00:00
1050,326149369,ЮВАО,https://www.cian.ru/rent/flat/326149369/?context=3.oJCYWAhHqFU.F87Ocb613xGDPs_pW1vTyowd59sIgFXPuH4n8CHvxYKeP_FPt1aFJLuovfi3U9Q9mBXqI9pUe0tmvQ&mlSearchSessionGuid=7e1a99e261491740540e769a1faf4e60,1/27,250000,23.5,3,33,,"1/27 Студия, 23,5 м², 3/33 этаж Только на Циан Новохохловская 6 минут пешком Москва , ЮВАО , р-н Нижегородский , м. Новохохловская , Новохохловская улица , 15к2 50 000 ₽/мес. От года, комм. платежи включены (без счётчиков), комиссия 100%, залог 50 000 ₽ Сдается квартира в современном доме. В квартире есть вся необходимая мебель и техника. Высокоразвитый район: школы, детские сады, продуктовые магазины (Магнит, Пятерочка и т.п.), ТЦ Три-D, ТЦ Город. В пешей доступности МЦД Новохохловская. Ищем допропорядочных Нанимателей, преимущественно 1-2 человека, пару. Можно с ребенком. Животные обсуждаются отдельно. По оплате: - 50 тыс. р. - ежемесячный платеж (плюс 1-2 т. р. за счетчики и интернет); - 50 тыс. р. - депозит/залог (можно разбить на 2 части). Ключи у меня, показываю по договоренности. Агентство недвижимости Этажи Москва Документы проверены +7 985 873-66-... Написать 2 недели назад 25 мар, 12:03",,https://www.cian.ru/cat.php?deal_type=rent&district%5B0%5D=8&engine_version=2&offer_type=flat&room9=1&type=4&p=2,2026-04-14T03:41:49+00:00
1062,327779614,ЮВАО,https://www.cian.ru/rent/flat/327779614/?context=3.4uSw2u0KWIg.w9Qaxnw23iB4yZqA1azav6J2W0_5gu9XT_0pc8HkJys7yn6c4tQYztizAH_l4OkENFOk8aHb38IJJw&mlSearchSessionGuid=7e1a99e261491740540e769a1faf4e60,1/5,250000,20.0,24,27,,"1/5 Студия, 20 м², 24/27 этаж Нижегородская 10 минут пешком Москва , ЮВАО , р-н Нижегородский , м. Нижегородская , Перовское шоссе , 2к2 50 000 ₽/мес. От года, комм. платежи включены (без счётчиков), комиссия 50%, залог 55 000 ₽ Сдаётся уютная студия площадью 20 кв. м в новом доме 2023 года постройки. Квартира расположена на 24-м этаже 27-этажного здания, с окнами, выходящими во двор, что обеспечивает тишину и спокойствие. До метро Нижегородская всего 10 минут пешком. В квартире сделан современный евроремонт, что создаёт атмосферу комфорта и уюта. Просторная жилая зона и кухня площадью 6 кв. м полностью меблированы. Студия оборудована необходимой техникой: холодильником и стиральной машиной. В ванной комнате установлена душевая кабина. Дом оснащён как пассажирским, так и грузовым лифтами, а также наземной парковкой, поэтому можно спокойно оставить автомобиль рядом. Присутствует высокоскоростной интернет. Район с развитой инфраструктурой: рядом находятся школы, детские сады, клиники и магазины, что делает жизнь здесь удобной и комфортной. Условия аренды прозрачны: с залогом за один месяц. Квартира готова к заселению, идеально подходит для одного человека или пары. Позвоните, чтобы записаться на просмотр и убедиться в том, что эта студия станет вашим уютным домом. Риелтор ID 4559 +7 986 253-96-... Написать вчера 12 апр, 18:39",,https://www.cian.ru/cat.php?deal_type=rent&district%5B0%5D=8&engine_version=2&offer_type=flat&room9=1&type=4&p=2,2026-04-14T03:41:49+00:00
1018,328068984,ЮВАО,https://www.cian.ru/rent/flat/328068984/?context=3.VgkpE_6_NaY.dlneJEAKP0fQsV-18-9aIagxxe7QQ8DjQiw6os_unBI534mg7oeWUvOaz9b5qwBGlTtRW4NKdHxo0g&mlSearchSessionGuid=9691a310a5dcda76fd65087747550f53,1/15 Ещё фото,251000,21.0,22,25,,"1/15 Ещё фото Без залога! Пешком до МЦД Студия, 21 м², 22/25 этаж Депо 18 минут пешком Москва , ЮВАО , р-н Люблино , м. Депо , Люблинская улица , 72Ак2 51 000 ₽/мес. От года, комм. платежи включены (без счётчиков), комиссия 60%, без залога Сдаётся светлая квартира-студия с евроремонтом и совмещённым санузлом в ЖК Люблинский Парк, без депозита! Её можно посмотреть когда Вам удобно: бронируете время, забираете ключи и спокойно осматриваете. Если всё понравится, договор подпишем онлайн и будем поддерживать Вас на всех этапах аренды. В квартире есть: - кухонный гарнитур; - кондиционер; - холодильник; - стиральная машина; - варочная панель; - духовой шкаф; - микроволновая печь. Под диваном есть место для хранения. Проведён интернет. Полы ламинат и плитка. Окна выходят во двор, на север. Есть бесплатная парковка. Собственник готов заселить не более 2 взрослых жильцов с детьми, докупить мебель/технику или заключить договор с юридическим лицом. Возможно заселиться с собакой или питомцем в клетке/аквариуме. Дом находится в районе с развитой инфраструктурой: в пешей доступности школы и детские сады, салоны красоты и парикмахерские, кафе и закусочные, заправки и автосервисы, колледж, культурный центр, фитнес-клубы, бассейн и кинотеатр. Недалеко гипермаркет Ашан, ТЦ Бум, парк им. Артёма Боровика и парк Героев Отечественной войны 1812 года. До МЦД-2 Перерва 20 минут пешком, до м. Братиславская 20 минут на общественном транспорте. Агентство недвижимости ПИК-Аренда Документы проверены Посмотреть все объекты +7 986 274-33-... Написать вчера вчера, 15:41",,https://www.cian.ru/cat.php?deal_type=rent&district%5B0%5D=8&engine_version=2&offer_type=flat&room9=1&type=4&p=1,2026-04-14T03:41:49+00:00
1048,328008898,ЮВАО,https://www.cian.ru/rent/flat/328008898/?context=3.6faUleweR7o.kPWmcxQ6nyEAomyUB9n7KZhBOOfXWDkvfQvfg4_rixbJRDIOMyiJNI6ncVStSGOH0jb5jOe1RxBE1g&mlSearchSessionGuid=7e1a99e261491740540e769a1faf4e60,1/24,253000,23.6,26,33,,"1/24 Студия, 23,6 м², 26/33 этаж Окская 10 минут пешком Москва , ЮВАО , р-н Рязанский , м. Окская , улица Михайлова , 30Ак2 53 000 ₽/мес. От года, комм. платежи включены (без счётчиков), комиссия 50%, без залога Дoлгocрoчная аpенда (договoр нa 11 месяцeв). Cтильнaя и cветлaя студия в ЖК Михaйлoвский Пapк, площадь кв.м. 23.6. Meбель: вмeститeльный шкaф, удобный pасклaднoй диван, куxoнный гаpнитуp, обeденная зона, pабoчая зoнa, кoмод. Бытовая техника: Стиральная машина, холодильник, вытяжка, варочная панель, электрический чайник, микроволновая печь. Район обладает развитой инфраструктурой: В пешей доступности детские сады, школы, поликлиники, магазины, фитнес-клуб, ТЦ Рязанский. До большого Кусковского лесопарка со старинной усадьбой Кусково и прудом 20 минут пешком по прямой. 10 мин. ходьбы до метро Окская и в 15 мин. пешком до метро Рязанский проспект Условия проживания по Тарифу Комфортное проживание - комиссия 50% от арендного платежа; - Раннее бронирование объекта (за 3 дней до заселения); - Персональный менеджер на всех этапах аренды быстро реагирует на запросы - большинство бытовых вопросов решаем за 48 часов; - Страхование гражданской ответственности до 300 000 ₽; - Организация мелкого ремонта. - Заселение с детьми (возраст детей от 6 лет). Коммунальные платежи: электроэнергия, хвс\гвс, услуги интернет провайдера, расходы за отопление (при наличии счетчика) дома/квартиры оплачивает арендатор. Заселение только при наличии постоянной регистрации РФ Без животных Агентство недвижимости СМАРЕНТ Документы проверены +7 985 853-93-... Написать пять дней назад 8 апр, 14:16",,https://www.cian.ru/cat.php?deal_type=rent&district%5B0%5D=8&engine_version=2&offer_type=flat&room9=1&type=4&p=2,2026-04-14T03:41:49+00:00
1015,328922251,ЮВАО,https://www.cian.ru/rent/flat/328922251/?context=3.Zz21pTvwes8.ia7Yl8yq-LPrHOrAspZV_3L9ak3DleCxL0dSH7eycxhIGj2hRgZ5vN1euC_4EEW-n2NEUpdqvH8GcQ&mlSearchSessionGuid=9691a310a5dcda76fd65087747550f53,1/14 Ещё фото,253100,19.6,4,17,,"1/14 Ещё фото Студия, 19,6 м², 4/17 этаж Братиславская 3 минуты на транспорте Москва , ЮВАО , р-н Люблино , м. Перерва , Иловайская улица , 2 53 100 ₽/мес. От года, комм. платежи включены (без счётчиков), комиссия 60%, без залога Сдаётся светлая квартира-студия с евроремонтом и совмещённым санузлом в Люблинский Парк, без депозита! Её можно посмотреть когда Вам удобно: бронируете время, забираете ключи и спокойно осматриваете. Если всё понравится, договор подпишем онлайн и будем поддерживать Вас на всех этапах аренды. В квартире есть: - Интернет с роутером; - Телевизор; - Холодильник; - Стиральная машина; - Кондиционер; - Микроволновая печь; - Варочная панель; - Духовой шкаф. Полы ламинат и плитка. Окна выходят во двор, есть бесплатная парковка. Собственник готов заселить не более 2 взрослых жильцов с детьми, докупить мебель/технику и заключить договор с юридическим лицом. Можно с небольшой собачкой. Дом расположен в районе с развитой инфраструктурой, рядом находятся: - Гипермаркет Ашан; - Парк Героев Отечественной войны 1812 года. На территории жилого комплекса обустроены детские игровые и спортивные площадки, зоны для прогулок и отдыха. В пешей доступности школы и детские сады, салоны красоты и парикмахерские, кафе, пекарни и закусочные, заправки и автосервисы, колледж, культурный центр и кинотеатр, аптеки, медицинские учреждения. До МЦД-2 Перерва 6 минут пешком, до м. Братиславская 15 минут на общественном транспорте. Агентство недвижимости ПИК-Аренда Документы проверены Посмотреть все объекты +7 917 506-34-... Написать вчера вчера, 16:24",,https://www.cian.ru/cat.php?deal_type=rent&district%5B0%5D=8&engine_version=2&offer_type=flat&room9=1&type=4&p=1,2026-04-14T03:41:49+00:00
1019,328651703,ЮВАО,https://www.cian.ru/rent/flat/328651703/?context=3.Qw5XGtuRwwQ.KCJ2GBDWtlZc-kDBEhkXy9Yapne0w20QPrCVMuyREfFGzN4ZiwgZTcV6KM7HCqjY1wzLvdyHcQWrJg&mlSearchSessionGuid=9691a310a5dcda76fd65087747550f53,1/16 Ещё фото,253100,19.6,2,15,,"1/16 Ещё фото Без депозита! Рядом МЦД Студия, 19,6 м², 2/15 этаж Депо 18 минут пешком Москва , ЮВАО , р-н Люблино , м. Депо , Люблинская улица , 72Ак2 53 100 ₽/мес. От года, комм. платежи включены (без счётчиков), комиссия 30%, без залога Сдаётся квартира-студия с евроремонтом и совмещённым санузлом в ЖК Люблинский Парк, без депозита! Её можно посмотреть когда Вам удобно: бронируете время, забираете ключи и спокойно осматриваете. Если всё понравится, договор подпишем онлайн и будем поддерживать Вас на всех этапах аренды. Квартира оборудована кухонным гарнитуром, можно обсудить покупку необходимой мебели в счёт арендной платы. Интернет проведён. Полы ламинат и плитка. Окна выходят на улицу, есть бесплатная парковка. Собственник готов заселить не более 2 взрослых жильцов с детьми, оформить и заключить договор с юридическим лицом. Можно с домашним питомцем. Дом находится в районе с развитой инфраструктурой, рядом: - Гипермаркет Ашан; - ТЦ Бум; - Парк им. Артёма Боровика; - Парк Героев Отечественной войны 1812 года. Также в пешей доступности школы и детские сады, салоны красоты, кафе, заправки и автосервисы, колледж, культурный центр, фитнес-клуб, бассейн и кинотеатр. До МЦД-2 Перерва 20 минут пешком, до м. Братиславская 20 минут на общественном транспорте. Агентство недвижимости ПИК-Аренда Документы проверены Посмотреть все объекты +7 986 248-10-... Написать вчера вчера, 16:26",,https://www.cian.ru/cat.php?deal_type=rent&district%5B0%5D=8&engine_version=2&offer_type=flat&room9=1&type=4&p=1,2026-04-14T03:41:49+00:00
1037,323960207,ЮВАО,https://www.cian.ru/rent/flat/323960207/?context=3.yJHYpz5z0oE.sAkl0T1T_bezG3joQ3ztMRGKb6ziWKV03j7rTMIiKyQ7_x1xrzq0TdPSfFvXBqljYArwmeqGEe2vNA&mlSearchSessionGuid=7e1a99e261491740540e769a1faf4e60,1/26,255000,28.0,21,33,,"1/26 Студия, 28 м², 21/33 этаж Перерва 4 минуты пешком Москва , ЮВАО , р-н Люблино , м. Перерва , Иловайская улица , 2 55 000 ₽/мес. От года, комм. платежи включены (без счётчиков), комиссия 80%, залог 60 000 ₽ Сдается уютная квартира свободной планировки в новом ЖК. В квартире есть всё для комфортного проживания: мебель, бытовая техника телевизор, холодильник, стиральная машина, кондиционер, духовка, электроплита от западных брендов, ортопедическая кровать 160200, продуманы зоны отдыха, сна, хранения и т.д. ЖК находится в окружении развитой социальной и коммерческой инфраструктуры - детский сад, различные образовательные учреждения, сетевые супермаркеты (Пятёрочка, ВкусВилл) , ПВЗ (Озон, WB), скоро открытие нескольких кафе и ресторанов. В пешей доступности - Люблинский парк, станции метро Перерва, Братиславская и Марьино. Квартира сдается на длительный срок одному 1 человеку от 30 лет без вредных привычек, без детей и животных. Риелтор Жанна Шойбекова Суперагент +7 916 632-93-... Написать вчера вчера, 09:49",,https://www.cian.ru/cat.php?deal_type=rent&district%5B0%5D=8&engine_version=2&offer_type=flat&room9=1&type=4&p=2,2026-04-14T03:41:49+00:00
1072,327344692,ЮВАО,https://www.cian.ru/rent/flat/327344692/?context=3.EoPR9WvfMRo.sGqZm94ATACQu2bfARn0gTyARwU9DCNdCwznG175up0ZapHx8tgBBXd-SVNxuMlU1GNn94P2CZzIuw&mlSearchSessionGuid=749bcddc3eae43a8af0c7ec947bd376d,1/11,258000,20.0,10,24,,"1/11 Студия, 20 м², 10/24 этаж Текстильщики 18 минут пешком Москва , ЮВАО , р-н Текстильщики , м. Текстильщики , 1-й Грайвороновский проезд , 3Ак2 58 000 ₽/мес. От года, комм. платежи включены (без счётчиков), без комиссии, залог 60 000 ₽ Сдаётся впервые уютная студия в новом доме в районе Текстильщики. Площадь квартиры — 20 кв. м, расположена на 10 этаже 24-этажного дома. До метро Текстильщики можно дойти пешком всего за 18 минут, до метро Новохохловская - 13 минут . В квартире сделан дизайнерский ремонт, который создаёт атмосферу современности и уюта. Обстановка продумана до мелочей: в наличии вся необходимая мебель как на кухне, так и в жилой зоне. Из техники установлены кондиционер, холодильник, духовой шкаф, индукционная варочная панель, микроволновая печь, телевизор и стиральная машина, что позволит вам чувствовать себя комфортно с первых дней проживания. В санузле — душевая кабина. Дом оборудован двумя пассажирскими и одним грузовым лифтом, а на территории имеется наземная и многоуровневая парковка. Район с развитой инфраструктурой: рядом находятся школы, детские сады, клиники и магазины. Это позволит вам решать все бытовые вопросы, не покидая район. Условия аренды: залог Квартира сдаётся на длительный срок. Без животных! Идеально подойдёт для одного человека или пары. Записывайтесь на просмотр, чтобы лично оценить эту замечательную студию! Агентам не беспокоить! Риелтор ID 309175 Документы проверены +7 985 554-52-... Написать два дня назад 11 апр, 09:34",,https://www.cian.ru/cat.php?deal_type=rent&district%5B0%5D=8&engine_version=2&offer_type=flat&room9=1&type=4&p=3,2026-04-14T03:41:49+00:00
1043,324359709,ЮВАО,https://www.cian.ru/rent/flat/324359709/?context=3.SASzFYlRc2M.XoBZTsbo1QVoi5tjQhmobChehfHeqhOuhBIShTg1d92mbFk7t_gO8Fte-YrzJ1uNBE8Bzz1ZsbR1fQ&mlSearchSessionGuid=7e1a99e261491740540e769a1faf4e60,1/8,260000,34.0,9,33,,"1/8 Студия, 34 м², 9/33 этаж Перерва 4 минуты пешком Москва , ЮВАО , р-н Люблино , м. Перерва , Иловайская улица , 2 60 000 ₽/мес. От года, комм. платежи включены (без счётчиков), комиссия 50%, залог 60 000 ₽ ==ЛОТ 223269 ==Сдается 1 комн. квартира студия в современном ЖК после ремонта на длительный срок. Предпочтительно семье с ребенком от 4 лет. Квартира укомплектована всей необходимой мебелью и техникой. Тихий, уютный двор. Доброжелательные соседи. Прекрасная инфраструктура: метро, дет. сад, школа, магазины, парки в шаговой доступности. Рассмотрим граждан РФ, не конфликтных и платежеспособных. Все условия прописываются в договоре. Агентство недвижимости Замоскворечье Суперагент +7 923 078-46-... Написать неделю назад 3 апр, 13:25",,https://www.cian.ru/cat.php?deal_type=rent&district%5B0%5D=8&engine_version=2&offer_type=flat&room9=1&type=4&p=2,2026-04-14T03:41:49+00:00
1052,328571046,ЮВАО,https://www.cian.ru/rent/flat/328571046/?context=3.a9kEXbTkNUY.L7s6jGwtI0z4khwxga3yvwjpExnPiKT9W8f7CltiJyqpS1uoEUA469U7BDd6kfTk9cSbpaRGh9eVsA&mlSearchSessionGuid=7e1a99e261491740540e769a1faf4e60,1/19,260000,23.6,18,37,,"1/19 Студия, 23,6 м², 18/37 этаж Нижегородская 10 минут пешком Москва , ЮВАО , р-н Нижегородский , м. Нижегородская , Перовское шоссе , 2к2 60 000 ₽/мес. От года, комм. платежи включены (без счётчиков), комиссия 50%, без залога Дoлгоcрочная аренда (договoр нa 11 меcяцeв). Прeдcтaвляeм вaшeму внимaнию пpocторную, уютную студию плoщадью 23,6 кв.м. рacпoложeнную в ЖК Перовское. Бытовая техника: кондиционер, телевизор, хoлoдильник, варочная панель, микроволновая печь, cтиpальная машинa, элeктричecкий чайник, утюг, гладильная доска, сушилка для одежды. Есть все необходимое для комфортного и долгосрочного проживания, в т.ч. посуда. Удобства квартиры: - Вместительные системы хранения; - Обеденная зона с телевизором; - Уютная просторная комната с красивым видом из окна; - Светлая, уютная ванная комната с современной сантехникой. Дом находится в районе с развитой инфраструктурой: в шаговой доступности остановки общественного транспорта, в пешей доступности станция метро Нижегородская. Рядом с домом расположены: продуктовые супермаркеты, пункты выдачи, аптеки, кафе, рестораны. Условия проживания по Тарифу Комфортное проживание: - 50% от арендного платежа при заселении; - Раннее бронирование объекта (за 3 дня до заселения); - Персональный менеджер на всех этапах аренды быстро реагирует на запросы - большинство бытовых вопросов решаем за 48 часов; - Страхование гражданской ответственности до 0,3 млн ₽; - Организация мелкого ремонта. Коммунальные платежи: электроэнергия, хвс\гвс, услуги интернет провайдера, расходы за отопление дома/квартиры оплачивает арендатор. Заселение только при наличии постоянной регистрации РФ. Без животных Агентство недвижимости СМАРЕНТ Документы проверены +7 985 853-93-... Написать пять дней назад 8 апр, 13:53",,https://www.cian.ru/cat.php?deal_type=rent&district%5B0%5D=8&engine_version=2&offer_type=flat&room9=1&type=4&p=2,2026-04-14T03:41:49+00:00
1073,327451459,ЮВАО,https://www.cian.ru/rent/flat/327451459/?context=3.A1BhFBnFPao.Q4HoZeVbdZNOmTKVtb8kQJK7UjUMHAXSyN5AioyIcvqjyc6bVsulqsXkx7VJfrQR6iy5ZgwSZ3086Q&mlSearchSessionGuid=749bcddc3eae43a8af0c7ec947bd376d,1/5,260000,20.0,26,27,,"1/5 Студия, 20 м², 26/27 этаж Только на Циан Нижегородская 10 минут пешком Москва , ЮВАО , р-н Нижегородский , м. Нижегородская , Перовское шоссе , 2к2 60 000 ₽/мес. От года, комм. платежи включены (без счётчиков), без комиссии, залог 50 000 ₽ Сдаётся уютная студия площадью 20 кв. м на 26 этаже нового дома, построенного в 2023 году. Дом расположен всего в 10 минутах пешком от метро ""Нижегородская"", что делает его идеальным местом для тех, кто ценит удобство и доступность транспорта. В квартире сделан современный ремонт, установлена вся необходимая мебель и техника. В вашем распоряжении будет кондиционер, холодильник, посудомоечная и стиральная машины. Для комфортного принятия душа предусмотрена душевая кабина. Удачная планировка студии позволяет максимально эффективно использовать пространство. Дом оснащён двумя пассажирскими и двумя грузовыми лифтами.Высокоскоростной интернет позволит вам оставаться на связи и работать из дома без помех. В шаговой доступности находятся школы, детские сады, клиники и магазины, что делает это предложение отличным вариантом для семей и профессионалов. Все необходимые инфраструктурные объекты буквально под рукой. Условия аренды: без комиссии, возможна долгосрочная аренда. Владелец квартиры открыт для обсуждения деталей и готов рассмотреть ваши предложения. Собственник ID 139628622 Документы проверены +7 916 709-67-... Написать вчера вчера, 13:15",,https://www.cian.ru/cat.php?deal_type=rent&district%5B0%5D=8&engine_version=2&offer_type=flat&room9=1&type=4&p=3,2026-04-14T03:41:49+00:00
1061,328938822,ЮВАО,https://www.cian.ru/rent/flat/328938822/?context=3.no5lyvwnRBo.5pxrf2qFNPFMAmFS93Eap3CC3lqjxoBDQGoeMhvrtSge3gHYAfqkVJYdd_9HRNMDiZgwg51emVsN9Q&mlSearchSessionGuid=7e1a99e261491740540e769a1faf4e60,1/10,270000,23.0,20,24,,"1/10 Студия, 23 м², 20/24 этаж Нижегородская 12 минут пешком Москва , ЮВАО , р-н Нижегородский , м. Нижегородская , Рязанский проспект , 2/2к2 70 000 ₽/мес. От года, комм. платежи включены (без счётчиков), без комиссии, залог 70 000 ₽ Собственник, сдаю прекрасную студию, м. Нижегородская, на долгий срок 10 мин до м. Нижегородская (там же БКЛ, МЦК, МЦД-4) Новостройка, 20-й этаж, 23 м², белые стены, лоджия с теплым полом. Качественная отделка под себя. Помимо стандартного набора: - измельчитель отходов в раковине - стиралка со встроенной сушкой - кондиционер - отпариватель - кровать с ортопедическим матрасом - умный чайник - качественные выключатели и сантехника (Schneider, hansgroge, grohe, ravak) Для водителей: простой выезд на ТТК и МСД, круглосуточная недорогая парковка в соседнем ТЦ. Рядом лавка с фермерскими овощами и фруктами, вкусвилл, пятерочка, аптеки, кофейни, ПВЗ (желтый, синий, розовый), фитнес. 15 мин пешком до Ашана и Лемана Про, там же большой МФЦ. Условия: Курение Без комиссии Залог (1 месяц) можно разбить на 2 месяца. Квартира готова к показу и заселению Собственник ID 67814503 Документы проверены +7 919 765-60-... Написать вчера вчера, 20:23",,https://www.cian.ru/cat.php?deal_type=rent&district%5B0%5D=8&engine_version=2&offer_type=flat&room9=1&type=4&p=2,2026-04-14T03:41:49+00:00
1031,313752293,ЮВАО,https://www.cian.ru/rent/flat/313752293/?context=3.FC6re_eIKiw.lmNb3ozfEFZU-HnhSFbigEJGYlGkp0rTUl95nej8xxt21bNmyifwZYrrBMZinkptfWfrsuJgvpXs5w&mlSearchSessionGuid=9691a310a5dcda76fd65087747550f53,1/50,298000,43.0,17,17,,"1/50 Просторная студия у МЦК Дубровка Студия, 43 м², 17/17 этаж Проверено в Росреестре Дубровка 7 минут пешком Москва , ЮВАО , р-н Южнопортовый , м. Дубровка , 6-я Кожуховская улица , 15к2 98 000 ₽/мес. От года, комм. платежи включены (без счётчиков), без комиссии, залог 120 000 ₽ На последнем 17 этаже, на южной стороне одноподъездного монолитного дома 2005 года постройки, сдается просторная 43 м. студия с лоджией, полностью оборудованная и укомплектованная всем необходимым. Установлена новая сушильная машина, капсульная Nespresso, индукционная плита, фильтрация питьевой воды с осмосом, бойлер, Oled (именно Олед) телевизор с не замедляемым ютубом, Apple tv 4k с Кинопабом! (Не путать с Кинопоиском и другими бесполезными онлайн кинотеатрами) , колонкой Алисой с элементами умного дома (интерьерное освещение на голосовом управлении), домашним кинотеатром 5.1 B&W мультирум, по необходимости + xbox X. Инверторный кондиционер Fujitsu с ночным режимом 19dB и Конвекционная микроволновая печь Panasonic (оба made in Japan). В наличии хорошая, новая кухонная посуда, приборы Broggi новое белье (икея импорт)) и всё что нужно для жизни, (штопор есть!). Вам, только развесить на 120 вешалках личные вещи, в 2-х шкафах, и в прихожей разместить 27 пар обуви в обувнице. Кровать - 160/200 и доп спальное место из дивана 120/180. Не смотря на то, что дом находится рядом с ТТК, с прекрасной транспортной доступностью, в квартире тихо и можно спать с открытыми окнами. В доме приветливые соседи и круглосуточный консьерж. У дома ВСЕГДА есть бесплатные парковочные места. Рядом, в соседних домах, продуктовые сетевые магазины с алкоголем, работающие до 23:00 и один круглосуточный + большой Магнит Косметик, через дом Яндекс лавка., Аптека и тандыр Пекарня. В трех! минутах ходьбы от дома большой ТРЦ Мозаика, с фудкортом, гипер маркетом, фитнесом (DDX) флагманским Мфц и 2-х минутным переходом на станцию МЦК Дубровка. Метро Кожуховская в 12 минутах ходьбы. Недалеко находится ландшафтный парк Остров Мечты (идеально для велопрогулок) В стоимость аренды включены все платежи кроме электроэнергии. Сдаю без животных, на длительный срок ценящим чистоту, камерность и уют. Если вы хотите жить в современных условиях, но большие ЖК с маленькими деревьями и плохой шумоизоляцией вам не подходят, тогда это предложение может быть вам интересно. ID 47359882 Документы проверены +7 985 002-22-... Написать вчера вчера, 12:38",,https://www.cian.ru/cat.php?deal_type=rent&district%5B0%5D=8&engine_version=2&offer_type=flat&room9=1&type=4&p=1,2026-04-14T03:41:49+00:00
1023,328376795,ЮВАО,https://www.cian.ru/rent/flat/328376795/?context=3.ToztTKAgfRw.XFu4ub_H1OucTskqEVzO1Ww4M6w_pfU4bSyTX5SOJvt5m7aNcYO3PBv-L9fjKySQuuZmcqUYl03egg&mlSearchSessionGuid=9691a310a5dcda76fd65087747550f53,1/11,336000,12.0,10,15,,"1/11 Студия, 12 м², 10/15 этаж Люблино 15 минут пешком Москва , ЮВАО , р-н Люблино , м. Люблино , Цимлянская улица , 3к3 36 000 ₽/мес. От года, комм. платежи включены (счётчики включены), комиссия 100%, залог 36 000 ₽ Показы 8 апреля СДАМ ДЛЯ ОДНОГО человека на длительный срок квартиру-студию с современным евроремонтом в новом ЖК бизнес-класса ""ВЛюблино"", район Люблино. Депозит возможно разбить на 2 части. Дом 15-этажный монолитный. Этаж 10/15, пластиковые окна, санузел совмещен. Диван двуспальный, микроволновая печь, холодильник, электро-плита, чайник, шкаф, стиральная машина (в коридоре). Инфраструктура развитая, все объекты первой необходимости расположены в пешей доступности: школа, детский сад, супермаркеты и др. Рядом парки. От станции метро Люблино - 9 минут пешком. Автобусные остановки возле дома. Оперативный показ: Москва, Цимлянская 3к3. Агентство недвижимости ЖИЛСЕРВИС Суперагент +7 915 496-36-... Написать вчера 12 апр, 21:31",,https://www.cian.ru/cat.php?deal_type=rent&district%5B0%5D=8&engine_version=2&offer_type=flat&room9=1&type=4&p=1,2026-04-14T03:41:49+00:00
1047,328614306,ЮВАО,https://www.cian.ru/rent/flat/328614306/?context=3.3bBOMO5NZDk.MlVt9Jw8qN-hYNhJSeltfgHEtarF5DlCB-AOwOBqlsATjwiK0c9D-PY3rT_r_61G4kHyxWU_pr5NMw&mlSearchSessionGuid=7e1a99e261491740540e769a1faf4e60,1/5,336000,28.0,7,30,,"1/5 Студия, 28 м², 7/30 этаж Только на Циан Волгоградский проспект 7 минут пешком Москва , ЮВАО , р-н Южнопортовый , м. Волгоградский проспект , Волгоградский проспект , 32/5к3 36 000 ₽/мес. От года, комм. платежи включены (счётчики включены), без комиссии, без залога Квартира с отделкой вайт бокс установлена ванная и туалет. остальное как на фото. рассмотрю одного арендатора! Собственник ID 135355322 Документы проверены +7 915 007-35-... Написать три дня назад 11 апр, 05:57",,https://www.cian.ru/cat.php?deal_type=rent&district%5B0%5D=8&engine_version=2&offer_type=flat&room9=1&type=4&p=2,2026-04-14T03:41:49+00:00
1065,277860670,ЮВАО,https://www.cian.ru/rent/flat/277860670/?context=3._nSrEMmLbRY.iMZFOsTSIauUJKmjA_85TCHwiDWw2qX3m5s-paCs6hvErpUpi-lNmX3MRjkzVY8WrEce2VnDgiJtgQ&mlSearchSessionGuid=749bcddc3eae43a8af0c7ec947bd376d,1/7,338000,15.5,2,5,,"1/7 Студия, 15,5 м², 2/5 этаж Ранний доступ Только на Циан Кузьминки 14 минут пешком Москва , ЮВАО , р-н Кузьминки , м. Кузьминки , Окская улица , 28К3 38 000 ₽/мес. От года, комм. платежи включены (без счётчиков), без комиссии, залог 38 000 ₽ прошу писать, а не звонить Квартира светлая со свежим ремонтом. предыдущий жилец оставил загрязнения, поэтому на первый месяц будет предоставлена скидка 5 тыс.руб. показы не провожу, прошу писать если готовы снять сразу Собственник ID 88806947 Документы проверены +7 985 865-37-... Написать час назад сегодня, 04:57",,https://www.cian.ru/cat.php?deal_type=rent&district%5B0%5D=8&engine_version=2&offer_type=flat&room9=1&type=4&p=3,2026-04-14T03:41:49+00:00
1081,323118683,ЮВАО,https://www.cian.ru/rent/flat/323118683/?context=3.48nSvFWWR5E.jKuc7b1wEr_7FE0Km0B5fLtlEf-sl41uEd7onMWpv_GDjhilJkO2FVjfxoDlNFurpj2XX5i4ASZ8GQ&mlSearchSessionGuid=749bcddc3eae43a8af0c7ec947bd376d,1/11,338000,15.0,4,5,,"1/11 Студия, 15 м², 4/5 этаж Только на Циан Окская 14 минут пешком Москва , ЮВАО , р-н Кузьминки , м. Окская , Окская улица , 28К3 38 000 ₽/мес. От года, комм. платежи включены (без счётчиков), комиссия 50%, залог 38 000 ₽ Вам к нам! Только если: вы любите качество, по адекватной цене! Наша квартира для тех ,кто хочет жить каждое мгновение жизни, а не только приезжать ночевать в арендную квартиру. Уютная квартира. Спокойная атмосфера. Отличная локация. Адекватный собственник!! Тут можно жить и работать не выходя из дома!!! Рассмотрим все ваши предложения, учитывая пожелания от собственника. Звоните, уважаемые клиенты и коллеги!!! P.S. Если не отвечаю на звонок, то напишите SMS с названием улицы, когда я освобожусь, то обязательно перезвоню. Заселение с 1 мая, просмотры по договоренности. Плюс квитанция жкх 3000. Агентство недвижимости ПАРТНЕР Суперагент +7 980 154-12-... Написать неделю назад 6 апр, 14:25",,https://www.cian.ru/cat.php?deal_type=rent&district%5B0%5D=8&engine_version=2&offer_type=flat&room9=1&type=4&p=3,2026-04-14T03:41:49+00:00
1071,328043825,ЮВАО,https://www.cian.ru/rent/flat/328043825/?context=3.EG553TnMttI.4T4fP-fHqD3W4Y7t6e8rXR71Rlb4aAXY44oOMlGbo9Rm2EsblL-JSsQmSEMGA6SB_MFUMTbWs8OT1w&mlSearchSessionGuid=749bcddc3eae43a8af0c7ec947bd376d,1/6,343000,20.0,1,12,,"1/6 Студия, 20 м², 1/12 этаж Марьино 6 минут пешком Москва , ЮВАО , р-н Марьино , м. Марьино , Новомарьинская улица , 3К3 43 000 ₽/мес. От года, комм. платежи включены (без счётчиков), комиссия 70%, залог 43 000 ₽ Арт. 133103315 Сдается студия рядом с метро. Сделан свежий ремонт и установлена новая мебель. Есть балкон. Хорошо подойдет для одного человека. Звоните. Агентство недвижимости Самолет Плюс Документы проверены +7 989 151-24-... Написать вчера 12 апр, 16:10",,https://www.cian.ru/cat.php?deal_type=rent&district%5B0%5D=8&engine_version=2&offer_type=flat&room9=1&type=4&p=3,2026-04-14T03:41:49+00:00
1082,291249489,ЮВАО,https://www.cian.ru/rent/flat/291249489/?context=3.Ofus2HDg0RU.hkKDHZrRNCxSM7J2NSYELZOvK2C-4lFKGOkqB5OlV1YHMhraVdvIqdlrSre41Pbup9CUnsfQ9PIY0g&mlSearchSessionGuid=749bcddc3eae43a8af0c7ec947bd376d,1/19,350000,27.0,18,25,,"1/19 Студия, 27 м², 18/25 этаж Братиславская 5 минут на транспорте Москва , ЮВАО , р-н Люблино , м. Перерва , Люблинская улица , 74к3 50 000 ₽/мес. От года, комм. платежи включены (без счётчиков), комиссия 50%, залог 50 000 ₽ Сдаётся квартира Студия в пешей доступности до метро Братиславская. Звоните все подробности по телефону. Агентство недвижимости Диалог Риэлт Суперагент +7 915 259-07-... вчера вчера, 13:58",,https://www.cian.ru/cat.php?deal_type=rent&district%5B0%5D=8&engine_version=2&offer_type=flat&room9=1&type=4&p=3,2026-04-14T03:41:49+00:00
1045,328527436,ЮВАО,https://www.cian.ru/rent/flat/328527436/?context=3.vBM8y1lIwDo.kZ11pQV6-IwKNLRvYKT2_U9NMen7BDt96x3WNIJbPzKsKgGZOeW2sTo0h-FHpprdDYCwNW1foXjlHA&mlSearchSessionGuid=7e1a99e261491740540e769a1faf4e60,1/33,354000,20.0,20,24,,"1/33 Студия, 20 м², 20/24 этаж Текстильщики 19 минут пешком Москва , ЮВАО , р-н Текстильщики , м. Текстильщики , 1-й Грайвороновский проезд , 3Ак3 54 000 ₽/мес. От года, комм. платежи включены (без счётчиков), комиссия 50%, без залога Kвapтирa cдaется впервые Дoлгоcрoчная аpенда (дoгoвop нa 11 мecяцев). Предcтавляeм вашему внимaнию cвeтлую и уютную cтудию в ЖK Bолжский пaрк площадью 20 кв.м., раcполoжeнную на юго-востoкe Mоcквы в рaйоне Тeкстильщики. B кваpтиpе выпoлнeна меблировка по индивидуaльнoму дизайнеpскому пpоeкту от кoмпании SМАRЕNТ. Бытовая техника: стиральная машина, холодильник, варочная панель, СВЧ, телевизор, электрический чайник. Район обладает насыщенной и развитой инфраструктурой: - в 15 минутах пешком от метро Текстильщики - подземные и наземные паркинги, дворы-парки - поликлиники, магазины и фитнес-клубы. - в окружении находятся ТЦ Город, Леруа Мерлен, кинотеатр Олимпик Синема и стадион Москвич. Поблизости благоустроенные зелёные зоны: Волжский бульвар, большой Кузьминский лесопарк, пруд Садки и музей-усадьба Кусково ПРАВИЛА ПРОЖИВАНИЯ: Тариф Комфортное проживание: Заселение без домашних животных. - Раннее бронирование объекта (за 3 дней до заселения) - Персональный менеджер на всех этапах аренды быстро реагирует на запросы - большинство бытовых вопросов решаем за 48 часов - Страхование гражданской ответственности до 300 000 ₽ - Организация мелкого ремонта Коммунальные платежи: электроэнергия, хвс\гвс, услуги интернет провайдера, расходы за отопление дома/квартиры оплачивает арендатор. Заселение только при наличии постоянной регистрации РФ. - комиссия 50% от арендного платежа Агентство недвижимости СМАРЕНТ Документы проверены +7 985 853-93-... Написать вчера вчера, 17:34",,https://www.cian.ru/cat.php?deal_type=rent&district%5B0%5D=8&engine_version=2&offer_type=flat&room9=1&type=4&p=2,2026-04-14T03:41:49+00:00
1030,316033389,ЮВАО,https://www.cian.ru/rent/flat/316033389/?context=3.WQSLL9Wsxus.DxbPtlJYKZHNY6YdSFWg5y-f2Dqq5HSg7miehcn6g-vl4p1yG35yaSQM4vShuvxp8dUlxQH7DOhGyg&mlSearchSessionGuid=9691a310a5dcda76fd65087747550f53,1/15,365000,25.0,6,30,,"1/15 Студия 25 кв.м Апартаменты-студия, 25 м², 6/30 этаж Проверено в Росреестре Волгоградский проспект 7 минут пешком Москва , ЮВАО , р-н Южнопортовый , м. Волгоградский проспект , Волгоградский проспект , 32/5к3 65 000 ₽/мес. От года, комм. платежи включены (без счётчиков), без комиссии, залог 65 000 ₽ Сдается собственником!!! Студия в ЖК Метрополия башня Флоренция у станции метро ""Волгоградский проспект"" - Таганско-Краснопресненская линия метрополитена (фиолетовая ветка на карте Московского метро). Южнопортовый район, Юго-Восточный административный округ столицы. Всего 3 минуты пешком от корпуса Флоренция до станции метро ""Волгоградский проспект"". Район внутри ТТК на границе с ЦАО. Идеальная локация для жизни и работы! Дизайнерский ремонт студии Транспортная доступность: • 15 минут на транспорте до Садового кольца. • Удобные выезды на ТТК, МЦК УГРЕШСКАЯ и в центр Москвы. • Рядом остановки наземного транспорта. Инфраструктура внутри ЖК: • Магазины: ВкусВилл, Клевер, Монголия, Ароматный Мир, Винлаб, Красное&Белое,Барин Дома, Точка Дыма, Деликатеска. • Аптеки Ригла,36,6, Горздрав. • Кафе и рестораны на любой вкус:Sense, Surf Coffe, Здрасте, Дом Winner, French Bakery,Деликатеска и многое другое. • Пункты выдачи заказов в соседнем доме: OZON, Wildberries, Яндекс. • Сервисы: барбершопы, салоны красоты, груминг. Химчистка LEDA. • Круглосуточная доставка всего. Образование рядом: • Школа им. Маяковского. • Частная Ломоносовская гимназия (20 минут пешком). • Вузы: МТУ, МЛГУ, МФЮА, Институт психоанализа, ИПИ НОУ. О доме - корпус Флоренция: • Вход по чип-ключу, круглосуточная охрана и видеонаблюдение на всех этажах. • 3 лифта с WIFI (1 грузовой). • В холле охрана, мягкая мебель для жильцов и гостей, видеонаблюдение. • Лаунж-зона во дворе, двор без машин. В соседнем доме со двора - ПВЗ: WB и OZON. • Подземная парковка (возможна аренда машино-места). • Территория для выгула домашних питомцев в 50 метрах от подъезда. Студия с дизайнерским ремонтом: Высота потолков 280 см • Мебель: двуспальный диван-кровать, функциональная кухня. • Техника: холодильник, индукционная плита, СВЧ, посудомоечная машина, угольная вытяжка, принудительная вентиляция в тч. В ванной - стиральная машина. • Бытовая техника: пылесос, парогенератор, фен, ТВ, Wi-Fi 500 Мбит/сек. • Дополнительно: док-станция JBL (Apple), датчики дыма в прихожей и зале, противопожарная система оповещения - громкоговоритель. Условия проживания: • Курение запрещено в апартаментах и МОП (в том числе электронных сигарет).",,https://www.cian.ru/cat.php?deal_type=rent&district%5B0%5D=8&engine_version=2&offer_type=flat&room9=1&type=4&p=1,2026-04-14T03:41:49+00:00
1021,321407694,ЮВАО,https://www.cian.ru/rent/flat/321407694/?context=3.XJvqbgxQObY.Ug_TiemSwcOnUjywcEN2H6wI20Z9fWIgvo_1oIegaaU57IoZI8_yV4ILZKeXx9eyA6iofoHwMcvT2w&mlSearchSessionGuid=9691a310a5dcda76fd65087747550f53,1/15 Ещё фото,375000,30.0,20,23,,"1/15 Ещё фото Студия рядом с метро Студия, 30 м², 20/23 этаж Только на Циан Стахановская 1 минута пешком Москва , ЮВАО , р-н Рязанский , м. Стахановская , 2-й Грайвороновский проезд , 44к3 75 000 ₽/мес. От года, комм. платежи включены (без счётчиков), без комиссии, залог 75 000 ₽ Собственник предлагает аккуратным и порядочным людям студию с оптимальным метражем для аренды на длительный срок. 2 минуты пешком до м. Стахановская. Квартира находится в новом ЖК с развитой инфраструктурой- кафе, рестораны, студии фитнеса и йоги, салоны красоты, массажа, барбершопы, химчистки, пункты выдачи маркетплейсов, разнообразные продуктовые магазины и т.д. Охраняемая закрытая территория, вдоль ЖК расположен пешеходный бульвар с открытыми спортивными площадками, футбольным полем, скейт парком. Удобное транспортное расположение. Квартира с интересными интерьерными решениями , качественной отделкой, сантехникой и мебелью. В квартире предусмотрено всё для Вашего комфортного проживания: посудомоечная машина, микроволновая печь, духовой шкаф, индукционная плита, фильтр для воды,электрический чайник, холодильник, стиральная и сушильная машина, водонагреватель, smart TV, продумано много мест для хранения. Оплата: за первый месяц плюс обеспечительный платеж (стоимость аренды за месяц), который возвращается после выселения из квартиры. отдельно оплачивается интернет+коммунальные платежи по счётчикам. Собственник ID 99121972 Документы проверены Посмотреть все объекты +7 916 536-94-... Написать вчера вчера, 12:25",,https://www.cian.ru/cat.php?deal_type=rent&district%5B0%5D=8&engine_version=2&offer_type=flat&room9=1&type=4&p=1,2026-04-14T03:41:49+00:00
1029,328204522,ЮВАО,https://www.cian.ru/rent/flat/328204522/?context=3.1WffualtOIM.83lcVNIWv6PVMzZEbDih14YtMpRq_AhVISW-fWZLr7vvw9iansvJmXfyGBFeY7TFoU-eafVUMLqYVg&mlSearchSessionGuid=9691a310a5dcda76fd65087747550f53,1/11,420000,18.0,1,22,,"1/11 Апартаменты-студия, 18 м², 1/22 этаж Только на Циан Волгоградский проспект 5 минут на транспорте Москва , ЮВАО , р-н Нижегородский , м. Калитники , Автомобильный проезд , 4 20 000 ₽/мес. От года, комм. платежи включены (без счётчиков), комиссия 60%, без залога ВАШЕМУ ВНИМАНИЮ! Описание обязательно к прочтению! Сдаются апартаменты в ЧЕРНОВОЙ отделке, как под проживание так и под свободное назначение! Ограничений к составу проживающих нет. Все разводки под коммуникации присутствуют (туалета и ванной нет!), а именно: Отопление есть Гор\хол вода есть Труба под водоотвод есть. Фото нет, есть только видео, могу выслать в личные сообщения в мессенджер. Студия теплая, если требуется лёгкий ремонт, можете сделать под себя, либо же арендовать под склад, рабочее помещение и любые другие задачи. Помещение высокое, рассчитано под двухэтажный проект. Улучшение условий проживания за счёт наймодателя не рассматриваем! В наличии есть несколько объектов схожей планировки и квадратуры в собственности, поэтому предложение всегда актуально. Показ и заселение возможно в любой день! Оперативный просмотр! Агентство недвижимости PREMIUM CITY Суперагент +7 923 077-63-... Написать 2 недели назад 26 мар, 12:17",,https://www.cian.ru/cat.php?deal_type=rent&district%5B0%5D=8&engine_version=2&offer_type=flat&room9=1&type=4&p=1,2026-04-14T03:41:49+00:00
1014,328751223,ЮВАО,https://www.cian.ru/rent/flat/328751223/?context=3.Io7M7CqtRT0.KT0r6yokqASnD4spkhTprfHOekDCWGc8v3SCsXr8-aI5U3vu2lymhkYp2NKvAdLRqxzjFofZDhF7xw&mlSearchSessionGuid=9691a310a5dcda76fd65087747550f53,1/6,425000,17.5,11,21,,"1/6 Апартаменты-студия, 17,5 м², 11/21 этаж Только на Циан Волгоградский проспект 5 минут на транспорте Москва , ЮВАО , р-н Нижегородский , м. Калитники , Автомобильный проезд , 4 25 000 ₽/мес. От года, комм. платежи включены (без счётчиков), без комиссии, без залога Сдам на длительный срок. Если не ответил.пишите. я перезвоню. Собственник ID 130770500 +7 985 558-57-... Написать пять дней назад 8 апр, 14:38",,https://www.cian.ru/cat.php?deal_type=rent&district%5B0%5D=8&engine_version=2&offer_type=flat&room9=1&type=4&p=1,2026-04-14T03:41:49+00:00
1084,326768340,ЮВАО,https://www.cian.ru/rent/flat/326768340/?context=3.KCZND3Q9tWA.hiI575cRVBx9jQdOh4JPViQi7WOc1pc3nVqFiaQaRDUsrktwIalyNZ-0Jdy1rW9d1oJquljC-LH3Fg&mlSearchSessionGuid=749bcddc3eae43a8af0c7ec947bd376d,1/20,454990,10.0,2,21,,"1/20 Студия, 10 м², 2/21 этаж Только на Циан Калитники 10 минут пешком Москва , ЮВАО , р-н Нижегородский , м. Калитники , Автомобильный проезд , 4 54 990 ₽/мес. На несколько месяцев, комм. платежи включены (без счётчиков), без комиссии, залог 10 000 ₽ КЛИНИНГ ВКЛЮЧЕН В СТОИМОСТЬ. СРЕДНЕСРОЧНАЯ АРЕНДА на 1-6-12 мес. ЖК Nice Loft | Студия с кондиционером рядом с метро | Постельное белье и полотенца | Кондиционер | Двуспальная кровать | Smart TV | Высокоскоростной Wi-Fi | Полный пакет отчетных документов с чеками | Высокий Рейтинг | _ _ _ Дизайнерская Студия в ЖК Nice Loft. Чистая, уютная и новая студия, откуда не хочется уезжать. Интерьер продуман до мелочей. Заходи и Живи! Метро Калитники D2 (10 минут пешком) В квартире есть все необходимое для проживания 2-х человек: — двуспальная кровать; — кондиционер; — Wi-Fi, Smart-TV; — гладильная доска, утюг, сушилка; — постельное белье, комплект полотенец. Кухня: — плита, вытяжка, микроволновая печь, холодильник, чайник; — набор посуды и вся необходимая утварь; — чай, кофе, соль, сахар. Ванная комната: — душевая, фен; — стиральная машина, сушильная машина (в прихожей); — косметические принадлежности (шампунь, гель для душа, мыло). _ _ _ Инфраструктура: — метро Калитники D2 (10 минут пешком); — Калитниковский пруд (7 минут пешком); — Московский кёрлинг-клуб (15 минут пешком) — Международный университет психолого-педагогических инноваций (15 минут пешком); — Первый Московский кадетский корпус, Таганская кадетская школа (15 минут пешком); — Высшая школа телевидения Останкино (3 минут на авто); — Московский дайвинг (5 минут на авто); — квесты ""Клаустрофобия"" и ""Quest Stars"" (7 минут на авто); — Московский финансово-юридический университет (10 минут на авто); — Театр на Мельникова (10 минут на авто); — Товарищество артистов МХАТ (10 минут на авто); — завод ЦНИИТМАШ (12 минут на авто); — спортивный комплекс ""Центральный"" (13 минут на авто) _ _ _ Правила проживания: — от 18 лет при наличии паспорта; — проживание с детьми разрешено; — курение и шумные мероприятия в квартире не допускаются; При бронировании вносится предоплата за 1 месяц проживания 50 000 рублей Залог - 10 000 рублей. Коммунальные услуги не включены в стоимость - 5000 руб. Будем рады встретить Вас у нас в гостях! Забронируйте прямо сейчас! Ждем наших дорогих гостей! Агентство недвижимости ФУЛЛ ХАУС Суперагент +7 933 938-47-... Написать 2 недели назад 25 мар, 18:05",,https://www.cian.ru/cat.php?deal_type=rent&district%5B0%5D=8&engine_version=2&offer_type=flat&room9=1&type=4&p=3,2026-04-14T03:41:49+00:00
1040,328071464,ЮВАО,https://www.cian.ru/rent/flat/328071464/?context=3.J-8Ykakydlo.c49jlwjsxlyCvnoN6FZaBfv3IznolQSoyeYVdaSXRVGNsP5_QOr50vzPybTaQpmKzAIvgP-4Q-cxGA&mlSearchSessionGuid=7e1a99e261491740540e769a1faf4e60,1/26,456000,20.0,7,19,,"1/26 Апартаменты-студия, 20 м², 7/19 этаж Только на Циан Калитники 11 минут пешком Москва , ЮВАО , р-н Нижегородский , м. Калитники , Автомобильный проезд , 4к4 56 000 ₽/мес. От года, комм. платежи включены (без счётчиков), без комиссии, залог 56 000 ₽ Я собственник, сдается без комиссии. Сдается впервые уютная студия в ЖК бизнес класса Nice loft. В студии имеется все необходимое для длительного комфортного проживания. Из техники: кондиционер, смарт тв, пмм, свч, индукционная плита, холодильник, стиральная машина, проточный водонагреватель (в случае отключения горячей воды), встроенный в кран фильтр питьевой воды. Дом оснащен двумя пассажирскими и одним грузовым лифтами. Для автовладельцев в ЖК имеется подземная парковка (не входит в стоимость аренды). ЖК расположен на границе ЦАО. В пешей доступности МЦД Калитники, 10 минут и вы на Курской. Рядом с ЖК находится автобусная остановка, от которой можно доехать за 15 минут до метро Волгоградский проспект. Также в пешей доступности ходит трамвай А, который домчит вас до метро Павелецкая, Третьяковская и Чистые пруды. Студия идеально подходит для проживания одного человека. Ждем аккуратного и ответственного жильца. Условия: Свет, вода и интернет оплачиваются отдельно. Без животных и детей. Курение в студии строго запрещено. Риелтор Анна Ковашова Суперагент +7 985 238-11-... Написать вчера вчера, 12:34",,https://www.cian.ru/cat.php?deal_type=rent&district%5B0%5D=8&engine_version=2&offer_type=flat&room9=1&type=4&p=2,2026-04-14T03:41:49+00:00
1054,328298236,ЮВАО,https://www.cian.ru/rent/flat/328298236/?context=3.YfZ9rpLgesM.5ktMfRCryD65nzjHgOvpv8FyVreVAPYci-eKcBd9dE6AIaW6_2eWNLKjeR7g3DCwH9AW3aiYPpWMQg&mlSearchSessionGuid=7e1a99e261491740540e769a1faf4e60,1/13,460000,17.0,11,17,,"1/13 Студия, 17 м², 11/17 этаж Только на Циан Волгоградский проспект 19 минут пешком Москва , ЮВАО , р-н Нижегородский , м. Калитники , Автомобильный проезд , 4 60 000 ₽/мес. От года, комм. платежи включены (без счётчиков), комиссия 50%, залог 60 000 ₽ Представляю вашему вниманию уникальную квартиру с дизайнерским ремонтом в современном монолитно-кирпичном доме 2025 года постройки. Расположенная в новом спортивном жилом комплексе Найс Лофт, эта квартира находится в пределах Третьего транспортного кольца, предлагая идеальное сочетание спокойной жизни и легкого доступа ко всем преимуществам центра Москвы. Пространство и комфорт: Просторная комната: Идеальное место для отдыха и сна. Удобная кровать и вместительный шкаф для хранения обеспечат максимальный комфорт. Современная кухня: Оснащена стильной мебелью и всей необходимой встроенной бытовой техникой, включая холодильник и микроволновую печь. Здесь вы сможете с удовольствием готовить любимые блюда. Удобства: Квартира оборудована стиральной машиной для вашего удобства. Совмещенный санузел: Выполнен в современном стиле с акцентом на качество. Высококлассная сантехника и просторная душевая кабина создают атмосферу спа-салона. Преимущества дома и ЖК: Высокий этаж: Квартира расположена на11 этаже 24-этажного дома, откуда открывается приятный вид. Современная инфраструктура: В доме функционируют два пассажирских и один грузовой лифт, обеспечивая быстрый и удобный доступ к вашему этажу. Безопасность и удобство: Для жителей комплекса предусмотрена парковка за шлагбаумом во дворе, что гарантирует безопасность ваших автомобилей. Новый спортивный ЖК: Найс Лофт — это современный жилой комплекс, где вы сможете наслаждаться активным образом жизни. Эта квартира — идеальный выбор для тех, кто ценит стиль, комфорт и удобное расположение. Добро пожаловать в ваш новый дом! Номер объекта: #1/536958/24838 Агентство недвижимости City Real Estate Документы проверены +7 916 935-64-... Написать вчера вчера, 11:24",,https://www.cian.ru/cat.php?deal_type=rent&district%5B0%5D=8&engine_version=2&offer_type=flat&room9=1&type=4&p=2,2026-04-14T03:41:49+00:00
1058,328650937,ЮВАО,https://www.cian.ru/rent/flat/328650937/?context=3.biBNEtaiWTM.X4J3_0h-3X871soKPUSaUJ7aHBMiUzznt5NoSDojCEq-A2CKfh9eGp0ZNDzu-gQmbLGe2DLPSqApnw&mlSearchSessionGuid=7e1a99e261491740540e769a1faf4e60,1/16,460000,19.8,15,17,,"1/16 Студия, 19,8 м², 15/17 этаж Текстильщики 10 минут на транспорте Москва , ЮВАО , р-н Текстильщики , м. Новохохловская , 1-й Грайвороновский проезд , 3Ак4 60 000 ₽/мес. На несколько месяцев, комм. платежи включены (без счётчиков), без комиссии, залог 60 000 ₽ Предлагается студия в современном жилом комплексе. Квартира никогда не сдавалась и не использовалась для аренды — вы станете первыми жильцами. В квартире выполнен ремонт ""под ключ"" с продуманной эргономикой и качественными материалами. Идеально подойдет для аккуратного человека или семейной пары. Квартира с окнами во двор. Планировка и мебель: Установлена кровать с орто-основанием и подъемным механизмом. Под матрасом — глубокий короб для хранения. Обеденная зона с раздвижным столом. Большой распашной шкаф для одежды и обуви. Письменный стол с удобным креслом. Техника и оснащение: — индукционная варочная панель (2 конфорки, быстрый нагрев); — посудомоечная машина; — вытяжка, микроволновая печь, чайник, холодильник no frost; — кондиционер; — фильтр для воды под мойкой (питьевая вода без бутылок и кулеров); — в ванной: стиральная машина с функцией сушки, шкаф и тумба для хранения; — несколько сценариев освещения. Ecть всe нeoбxодимoe для комфopтного прoживания, в т.ч нaбoр посуды для пригoтовлeния, нaбор столoвoй поcуды и cтоловыx прибoров, разделочная доска. Подушки, одеяло, гладильная доска. Инфраструктура и расположение: Дом находится в районе с полностью сформированной инфраструктурой ""в шаге от дома"". В пешей доступности : — детский сад и общеобразовательная школа; — городская поликлиника и частный медицинский центр; — продуктовые супермаркеты и круглосуточные аптеки; — кофейни, кафе для завтраков, салоны красоты и барбершопы. Условия: — Аренда долгосрочная, договор на 11 месяцев. Если съезжаете ранее чем через 6 месяцев, депозит не возвращается) — Залог 100% — Коммунальные платежи в стоимость не входят, оплачиваются дополнительно — Без домашних животных (индивидуально обговаривается маленькая собака) — В квартире нельзя курить (стоят датчики дыма). Собственник ID 39546126 +7 985 627-68-... Написать шесть дней назад 7 апр, 09:41",,https://www.cian.ru/cat.php?deal_type=rent&district%5B0%5D=8&engine_version=2&offer_type=flat&room9=1&type=4&p=2,2026-04-14T03:41:49+00:00
1078,328043091,ЮВАО,https://www.cian.ru/rent/flat/328043091/?context=3.3byvXWTdE1U.4L7V3kmTWPCXPmHAXqH6mu0558gq7p1aW8Ky_T3rfuX64_sDz0m0TgTkcbQXysblM5K7Fodjp557uw&mlSearchSessionGuid=749bcddc3eae43a8af0c7ec947bd376d,1/37,460000,24.0,10,32,,"1/37 Студия, 24 м², 10/32 этаж Только на Циан Угрешская 6 минут пешком Москва , ЮВАО , р-н Южнопортовый , м. Угрешская , Волгоградский проспект , 32/5к4 60 000 ₽/мес. От года, комм. платежи включены (без счётчиков), комиссия 50%, залог 60 000 ₽ ПОД АВАНСОМ ДО 15 АПРЕЛЯ. Юлия, Москва, ЖК ""МЕТРОПОЛИЯ"", корпус ""Владивосток"", Волгоградский проспект 32/5 к4 -5 мин. пешком от метро Волгоградский проспект. СДАЁТСЯ ВПЕРВЫЕ ВЕЛИКОЛЕПНАЯ, СТИЛЬНАЯ, УЮТНАЯ, НОВАЯ СОВРЕМЕННАЯ КВАРТИРА-СТУДИЯ С ДИЗАЙНЕРСКИМ ЕВРОРЕМОНТОМ, выполненным из качественных и дорогих материалов - грамотно-продуманное решение пространства, использован каждый сантиметр! Большое количество встроенных шкафов позволит вам комфортно разместить все вещи и гардероб. Встроенная евро-кухня под единой столешницей с абсолютно всей новой бытовой техникой: варочная поверхность, духовой шкаф, вытяжка, СВЧ, двухкамерный холодильник, ПОСУДОМОЕЧНАЯ МАШИНА. Диван-аккордеон легко превращается в комфортную двуспальную кровать с независимыми пружинами. ЖК ТВ. Санузел евростандарт совмещенный С ВАННОЙ! Стиральная машина-автомат. СУШИЛЬНАЯ МАШИНА. КОНДИЦИОНЕР. Панорамный вид из окна на солнечную внешнюю сторону. ПОЛНОСТЬЮ ГОТОВА К ЗАСЕЛЕНИЮ! Показ оперативно - по договорённости, КЛЮЧИ НА РУКАХ! На длительный срок. Оплата+счётчики. Риелтор Юлия Шарапова Суперагент +7 985 102-75-... Написать вчера вчера, 00:28",,https://www.cian.ru/cat.php?deal_type=rent&district%5B0%5D=8&engine_version=2&offer_type=flat&room9=1&type=4&p=3,2026-04-14T03:41:49+00:00
1044,316217430,ЮВАО,https://www.cian.ru/rent/flat/316217430/?context=3.pcf5lGlx-lk.3UiTIjY8mAjDZeAEak-m6XXQLwiRJc9iN7puoii4Q-r3c_iNYvuc5AS0FOb5sm59iZRBise_D11tQw&mlSearchSessionGuid=7e1a99e261491740540e769a1faf4e60,1/16,552500,21.0,9,16,,"1/16 Студия, 21 м², 9/16 этаж Только на Циан Проверено в Росреестре Нижегородская 3 минуты пешком Москва , ЮВАО , р-н Нижегородский , м. Нижегородская , Рязанский проспект , 5 52 500 ₽/мес. От года, комм. платежи включены (без счётчиков), без комиссии, залог 52 500 ₽ Комфортабельная гармоничная студия, отличный капитальный ремонт, в шаговой доступности от метро, МЦД и МЦК Нижегородская. Быстрый выезд на авто на ТТК и МСД. До метро Китай-город 15 минут на автобусе. Огромный встроенный шкаф во всю стену. Дорогой двуспальный диван с пружинным блоком и положением комфорт. Качественная исправная техника. Полностью укомплектованная кухня. Кондиционер. Ванна 170 см. 9 этаж 16-этажного дома. Красивый вид из окна. Рядом торговый центр Город - фуд-корт, Ашан, много разных магазинов. Адекватная хозяйка. Тихие соседи. Сдается напрямую без риэлтора без детей и животных. ----- Примечание: у собственника могут быть дополнительные пожелания к жильцам - обсудите их в чате или по телефону Собственник ID 101070698 Документы проверены +7 917 542-43-... Написать пять дней назад 8 апр, 13:11",,https://www.cian.ru/cat.php?deal_type=rent&district%5B0%5D=8&engine_version=2&offer_type=flat&room9=1&type=4&p=2,2026-04-14T03:41:49+00:00
1046,328464105,ЮВАО,https://www.cian.ru/rent/flat/328464105/?context=3.77YU4G8joHg.5bgBCiXxty-pdjQzNDdrIQwGShymPlbRtLAAtVUDX9rqIpIh44d4luH6Twa9ieC-vDSLJYZk7RPylg&mlSearchSessionGuid=7e1a99e261491740540e769a1faf4e60,1/25,565000,25.9,5,8,,"1/25 Студия, 25,9 м², 5/8 этаж Только на Циан Волгоградский проспект 5 минут пешком Москва , ЮВАО , р-н Южнопортовый , м. Волгоградский проспект , Волгоградский проспект , 32к5 65 000 ₽/мес. От года, комм. платежи включены (без счётчиков), комиссия 50%, без залога Дoлгоcpочная aренда (договoр нa 11 меcяцeв) Пpeдставляeм вашeму внимaнию cтильную пpoсторную студию в ЖК Бизнec-клаcсa ""Метрополия "" площaдью 25 кв.м. Бытoвая теxникa: стиpaльная машинa, пocудомoечная машинa, холодильник, микpoвoлновaя пeчь, ваpoчная панель, духoвка, вытяжка,утюг, cушилкa для бeлья,а так жe вcе неoбxодимое для комфортного проживания, в т.ч. посуда и постельное белье. В квартире имеются теплые полы Район обладает насыщенной и развитой инфраструктурой: до метро "" Угрешская"" 6-10 минут пешком до метро ""Волгоградский проспект"" 11-15 минут пешком до метро ""Дубровка"" 16-20 мин. прогулочным шагом В пешей доступности продуктовые супермаркеты- Пятерочка,Магнит,Вкус Вил,салоны красоты, кафе-рестораны, закусочные, автосервисы, аптеки и медицинские учреждения. Условия проживания по Тарифу Комфортное проживание: - 50% от арендного платежа при заселении; - Раннее бронирование объекта (за 3 дня до заселения); - Персональный менеджер на всех этапах аренды быстро реагирует на запросы - большинство бытовых вопросов решаем за 48 часов; - Страхование гражданской ответственности до 300 т.р.; - Организация мелкого ремонта. Коммунальные платежи: электроэнергия, хвс\гвс, услуги интернет провайдера, расходы за отопление дома/квартиры оплачивает арендатор. Заселение только при наличии постоянной регистрации. Без животных. Агентство недвижимости СМАРЕНТ Документы проверены +7 985 853-93-... Написать неделю назад 6 апр, 12:14",,https://www.cian.ru/cat.php?deal_type=rent&district%5B0%5D=8&engine_version=2&offer_type=flat&room9=1&type=4&p=2,2026-04-14T03:41:49+00:00
1016,326159535,ЮВАО,https://www.cian.ru/rent/flat/326159535/?context=3.PTD09X-Jvuo.ipqTTBVKPGK8-fHCN6_L-3Hfb_P-YfKFE9h_EPIkLaQafqwn5TU0pxfeacA-sK9vvdT6iDbdUp7jVA&mlSearchSessionGuid=9691a310a5dcda76fd65087747550f53,1/14 Ещё фото,647000,19.5,14,25,,"1/14 Ещё фото Пешком до метро! Студия, 19,5 м², 14/25 этаж Перерва 12 минут пешком Москва , ЮВАО , р-н Люблино , м. Перерва , Люблинская улица , 80к6 47 000 ₽/мес. От года, комм. платежи включены (без счётчиков), комиссия 60%, без залога Сдаётся светлая квартира-студия с евроремонтом и совмещённым санузлом в ЖК Люблинский парк! Без депозита! Её можно посмотреть когда Вам удобно: бронируете время, забираете ключи или встречаетесь с нашим представителем и спокойно осматриваете. Если всё понравится, договор подпишем онлайн и будем поддерживать Вас на всех этапах аренды. В квартире есть: - Кухонный гарнитур; - Варочная панель; - Холодильник; - Стиральная машина; - Вытяжка. Полы — ламинат и плитка. Окна выходят во двор, на восток. Во дворах обустроены детские площадки, двор без машин. На территории дома есть бесплатные парковочные места. Собственник готов заселить не более 2 взрослых жильцов с детьми, обсудить оформление временной регистрации, докупить мебель/технику или заключить договор с юридическим лицом. Можно с небольшим домашним питомцем по согласованию. Дом находится в районе с развитой инфраструктурой: в пешей доступности находятся продуктовые супермаркеты, школы, детские сады, медицинские учреждения, салоны красоты. Недалеко — парк Героев Отечественной войны 1812 года. В 18 минутах пешком — станция МЦД-2 Перерва, в 20 минутах — м. Братиславская. Автомобилистам будет удобно выезжать на Люблинскую улицу. Агентство недвижимости ПИК-Аренда Документы проверены Посмотреть все объекты +7 916 760-62-... Написать вчера вчера, 15:41",,https://www.cian.ru/cat.php?deal_type=rent&district%5B0%5D=8&engine_version=2&offer_type=flat&room9=1&type=4&p=1,2026-04-14T03:41:49+00:00
1042,328203460,ЮВАО,https://www.cian.ru/rent/flat/328203460/?context=3.9QJyXhBh9t8.7I_Z8ntXLq6sOdawR4fyOk-Z2wCugR7TgiE8Gv2Oy3-MxeS4Cu87v0KkrBS8SZqJLilfTRU0F0R6sg&mlSearchSessionGuid=7e1a99e261491740540e769a1faf4e60,1/10,655000,20.0,13,25,,"1/10 Студия, 20 м², 13/25 этаж Братиславская 20 минут пешком Москва , ЮВАО , р-н Люблино , м. Перерва , Люблинская улица , 80к6 55 000 ₽/мес. От года, комм. платежи включены (без счётчиков), комиссия 60%, залог 55 000 ₽ ==ЛОТ 223271 ==Сдается студия в новом современном жк на длительный срок. В шаговой доступности от м, Братиславская, В квартире есть все необходимое для проживания: холодильник, стиральная машинка, вытяжка. Прекрасная инфраструктура: дет. сад, школа, магазины, парк и пр. в шаговой доступности. Консьерж в подъезде. Рассмотрим не конфликтных и платежеспособных. Все условия прописываются в договоре. Агентство недвижимости Замоскворечье Суперагент +7 923 078-46-... Написать неделю назад 6 апр, 14:35",,https://www.cian.ru/cat.php?deal_type=rent&district%5B0%5D=8&engine_version=2&offer_type=flat&room9=1&type=4&p=2,2026-04-14T03:41:49+00:00
1034,327807212,ЮВАО,https://www.cian.ru/rent/flat/327807212/?context=3.lmoyF5oRAN8.8Ub57_hUTVSJQ7kb0Y3sR4d2WCTAl-zT_lyDM3p7z1cCQsuJmZG_5M9-FNZHbhowjyIQFA1kwfbyhQ&mlSearchSessionGuid=9691a310a5dcda76fd65087747550f53,1/24,670000,21.0,1,2,,"1/24 Апартаменты-студия, 21 м², 1/2 этаж Текстильщики 13 минут пешком Москва , ЮВАО , р-н Текстильщики , м. Текстильщики , Грайвороновская улица , 4С6 70 000 ₽/мес. От года, комм. платежи включены (счётчики включены), без комиссии, залог 70 000 ₽ Фото и видео реальные! Собственник! БЕЗ КОМИССИИ! Агентов просьба не беспокоить) На длительный срок сдаются уникальные двухуровневые апартаменты с отдельным входом - единственные в своем роде в Москве! Комплекс повышенного комфорта с СПОРТЗАЛОМ для жильцов. Интерьер как с Pinterest - заходишь и влюбляешься! Живите как в своем ОТДЕЛЬНОМ доме рядом с центром. Полная приватность, современный стиль и продуманный дизайн до мелочей. Всего 8 таких объектов во всем ЖК. Для тех, кто знает, чего хочет, и получает это. Двухуровневая студия с высокими потолками - светлая, уютная, с воздухом и пространством, где хочется жить и работать. В шаговой доступности: кафе, кофейни, магазины, аптеки, службы доставки. До центра Москвы - 12 минут на авто, 4 станции до Китай-города, 20 минут до Кремля. До метро Текстильщики - 10 минут пешком или 2 остановки на общественном транспорте (остановка прямо у выхода с территории, интервал движения 3 минуты). Всё для комфортной жизни: парки, спортивные и культурные объекты рядом. Новый современный апарт-комплекс с охраняемой 24/7 территорией. Бесплатная большая парковка, всегда есть место. Тихий, закрытый двор, спокойные соседи, без детских площадок. Для жильцов - бесплатный спортивный зал с современным оборудованием. На территории - пункт выдачи Ozon. Вся квартира укомплектована техникой и мебелью на заказ: Холодильник, кондиционер, посудомоечная машина. стиральная машина, микроволновка, варочная панель, телевизор, чайник, пылесос. Раскладывающийся диван (полноценное двуспальное место). Большая двуспальная кровать с новым матрасом 160 на 200, безопасная лестница, вместительные шкафы. Набор кухонной и столовой посуды для комфортного проживания. Идеально для жизни и работы, приватности и комфорта. =) Аренда - 70 000 ₽/мес. Квартплата оплачивается отдельно. Pet-friendly: можно с животными (обсуждается отдельно). Звоните отвечу на любые вопросы! Собственник ID 78088840 Документы проверены +7 989 595-43-... Написать вчера вчера, 18:12",,https://www.cian.ru/cat.php?deal_type=rent&district%5B0%5D=8&engine_version=2&offer_type=flat&room9=1&type=4&p=1,2026-04-14T03:41:49+00:00
1060,312387295,ЮВАО,https://www.cian.ru/rent/flat/312387295/?context=3.jtJADg-ESTg.qKmwAYuyRknVKK0Ny-qm0Bk-gksp3DS95RjFRMZB5gP2b2mdFH_Ej_KuYjGDqd782Ch5FS42xuDtzQ&mlSearchSessionGuid=7e1a99e261491740540e769a1faf4e60,1/10,747000,19.0,1,5,,"1/10 Апартаменты-студия, 19 м², 1/5 этаж Только на Циан Проверено в Росреестре Лефортово 7 минут пешком Москва , ЮВАО , р-н Лефортово , м. Лефортово , 1-й Краснокурсантский проезд , 5/7 47 000 ₽/мес. От года, комм. платежи включены (без счётчиков), без комиссии, залог 45 000 ₽ Отличный район, 500 метров до метро Лефортово БКЛ. Тихий центр, все рядом и при этом никаких пробок или проблем с парковкой, через дорогу спортгородок МЭИ, рядом парк Лефортово, Екатерининский дворец. Все магазины в пяти шагах, пешком можно дойти до Бауманской, Авиамоторной, площади Ильича. Студия апартаменты, регистрация невозможна. Находится на цокольном этаже. Есть окно, оборудованный санузел - душевая кабина, раковина, унитаз. Только что закончили ремонт. Вход в блок помещений со двора, общие площади отремонтированы. Общая площадь 19 м2, санузел 1,5 м на 1,5 м, основное помещение 2,6 м на 5,5. Есть всё необходимое: диван, стол, посуда, микроволновка, холодильник, стиралка, плита. Идеально для проживания небольшой семьи или одиночки, для рабочего, массажного кабинета, турагентства, детского клуба, кабинета репетитора. Аренда от собственника. Адекватный собственник, в квартиру не приходит, мелочным контролем не донимает. Готов провести видеопоказ, обращайтесь. Я готов сотрудничать с риэлторами и агентами, но никаких ""эксклюзивных"" предложений и ""снимите ненадолго объявление"" не будет, не трудитесь зря. Есть вопросы? Пишите прямо сейчас, ответы на вопросы, видеопоказ, советы бесплатно! Пусть Москва будет добра к вам! Собственник ID 113872797 Документы проверены +7 986 304-28-... Написать вчера вчера, 22:25",,https://www.cian.ru/cat.php?deal_type=rent&district%5B0%5D=8&engine_version=2&offer_type=flat&room9=1&type=4&p=2,2026-04-14T03:41:49+00:00
1051,327375667,ЮВАО,https://www.cian.ru/rent/flat/327375667/?context=3.nxg4y1sRkXE.oCAb-2j3cMhb2LN9E_im2hssEk8PGC3VdRSSD5ouh3_EhHq5NWHK6ZpRe4sSGFUc3WW4L0pvvfRgtQ&mlSearchSessionGuid=7e1a99e261491740540e769a1faf4e60,1/18,1058000,26.9,9,32,,"1/18 Студия, 26,9 м², 9/32 этаж Только на Циан Нижегородская 8 минут пешком Москва , ЮВАО , р-н Нижегородский , м. Нижегородская , Газгольдерная улица , 10 58 000 ₽/мес. От года, комм. платежи включены (без счётчиков), комиссия 50%, без залога За объект уже внесли аванс Cдаетcя уютнaя студия ЖK Пpофит новая, свeтлая cтудия с дизaйнepcким pемoнтoм oт кoмпaнии Smarent. Квартира рacполoжeна на 9 этаже . Идeaльная тpaнcпoртнaя доступность - в 5 минутах xодьбы нaходится ст. мeтрo Hижeгорoдcкая, кoтoрая входит в крупнейший в Eвропе тpанспоpтнo-пepесадочный узел. В его составе: две станции метро, станции МЦК, МЦД и Горьковского направления МЖД. До ст. м Таганская можно добраться наземным транспортом за 20 мин, МЦК Москва Сити (Деловой Центр) 30 мин., Нескучный Сад в Парке Горького - 25 минут. Для автомобилистов удобный быстрый выезд на ТТК и Садовое Кольцо. Рядом большой торговый центр ""Город"", Леруа. Закрытый двор с детскими площадками и фитнес-зоной, а также большой подземный паркинг. Машиноместо можно снять по доступной цене. Бытовая техника: стиральная машина, холодильник, варочная панель, СВЧ печь, телевизор, электрический чайник. Есть всё необходимое для жизни УСЛОВИЯ ПРОЖИВАНИЯ: Тариф Комфортное проживание -50% от арендного платежа - Раннее бронирование объекта (за 3 дня до заселения) - Персональный менеджер на всех этапах аренды быстро реагирует на запросы - большинство бытовых вопросов решаем за 48 часов - Страхование гражданской ответственности до 0,3 млн ₽ - Организация мелкого ремонта ! Коммунальные платежи: электроэнергия, хвс\гвс, услуги интернет провайдера, расходы за отопление дома/квартиры оплачивает арендатор. ! Заселение только при наличии постоянной регистрации РФ. Строго без животных. Агентство недвижимости СМАРЕНТ Документы проверены +7 985 853-93-... Написать вчера вчера, 18:04",,https://www.cian.ru/cat.php?deal_type=rent&district%5B0%5D=8&engine_version=2&offer_type=flat&room9=1&type=4&p=2,2026-04-14T03:41:49+00:00
1091,327867504,ЮВАО,https://www.cian.ru/rent/flat/327867504/?context=3.nKaTyKVilaI.cFdhVijGjFCKgsqvuahM4HpBnDD-HbkZNBvPO5pIo5mD2hSbHEf-FBlLC9BrYlR-r6iTcsfTvxzZNg&mlSearchSessionGuid=749bcddc3eae43a8af0c7ec947bd376d,1/8,1065000,33.0,18,32,,"1/8 Студия, 33 м², 18/32 этаж Только на Циан Нижегородская 9 минут пешком Москва , ЮВАО , р-н Нижегородский , м. Нижегородская , Газгольдерная улица , 10 65 000 ₽/мес. От года, комм. платежи включены (без счётчиков), комиссия 50%, залог 65 000 ₽ Эксклюзивное предложение! Сдаётся студия, от метро Нижегородская до 5 минут пешком. В квартире выполнен дизайнерский ремонт. Планировка с зонированием спальни, полноценная кухня и совмещённый санузел. Есть вся необходимая мебель и техника. Наземная парковка за шлагбаумом. При симпатии депозит разбивается. Звоните, оперативно проведём показ! Агентство недвижимости Не для галочки Суперагент +7 916 505-14-... Написать вчера вчера, 21:20",,https://www.cian.ru/cat.php?deal_type=rent&district%5B0%5D=8&engine_version=2&offer_type=flat&room9=1&type=4&p=3,2026-04-14T03:41:49+00:00
1024,325424262,ЮВАО,https://www.cian.ru/rent/flat/325424262/?context=3.3qxX2dzQgVs.1qtq_9CumW-hWdY7dS9za7b6rj5znMpyNrHjQDptgoKpG0gwrnj8zRxYlceXZDGfeWLiOryYczclnw&mlSearchSessionGuid=9691a310a5dcda76fd65087747550f53,1/14,1070000,25.6,9,31,,"1/14 Сдается впервые помле ремонта Студия, 25,6 м², 9/31 этаж Только на Циан Нижегородская 9 минут пешком Москва , ЮВАО , р-н Нижегородский , м. Нижегородская , Газгольдерная улица , 10 70 000 ₽/мес. От года, комм. платежи включены (без счётчиков), без комиссии, залог 75 000 ₽ Сдается новая стильная уютная квартира-студия общей площадью 25,6 кв м. Располагается на 12 этаже. Окна выходят на улицу. Техника в квартире: стиральная машина, индукционная варочная панель с 2 конфорками, полноразмерный холодильник, духовой шкаф с функцией микроволновки, вытяжка, кондиционер, проточный водонагреватель, электрочайник, беспроводной пылесос, утюг. Квартира обставлена удобной мебелью: полноразмерная кровать шириной 160 см с подъемным механизмом, анатомический матрас Askona (высота 17 см), прикроватная тумбочка, стеллаж, комод, большой шкаф для одежды, обеденный стол с 2 стульями, пуфик, зеркало. Также есть стремянка и гладильная доска. Санузел с ванной (170 см) площадью 3,2 кв м. Кроме того имеется набор посуды: кастрюли, сковорода, чашки, тарелки, салатники, столовые приборы. Квартира сдается впервые после ремонта. Договор найма заключается на 11 месяцев Коммунальные платежи: электроэнергия, ХВС, ГВС, отопление, интернет оплачиваются арендатором. Риелтор Марианна Маринычева Суперагент +7 915 267-45-... Написать вчера вчера, 16:10",,https://www.cian.ru/cat.php?deal_type=rent&district%5B0%5D=8&engine_version=2&offer_type=flat&room9=1&type=4&p=1,2026-04-14T03:41:49+00:00
1092,323461704,ЮВАО,https://www.cian.ru/rent/flat/323461704/?context=3.1-77TwGJ_S0.3OHUMqDUZZ4CPE_LtNNsLbQ73zkwLemgM19r0vZVYO8cbNMHxyA8e6GvfcIbbzi8Biip-c-HWC62rA&mlSearchSessionGuid=749bcddc3eae43a8af0c7ec947bd376d,1/11,1648000,26.0,1,6,,"1/11 Апартаменты-студия, 26 м², 1/6 этаж Только на Циан Марьино 19 минут пешком Москва , ЮВАО , р-н Марьино , м. Перерва , улица Перерва , 16 48 000 ₽/мес. От года, комм. платежи включены (без счётчиков), без комиссии, залог 48 000 ₽ Сдаются уютные комфортабельные апартаменты, с дизайнерским ремонтом. Все готово для комфортного проживания! Расположены на цокольном этаже, БЕЗ ОКОН, апартаменты оснащены приточно-вытяжной вентиляцией ID 29917666 +7 985 476-77-... Написать вчера вчера, 22:00",,https://www.cian.ru/cat.php?deal_type=rent&district%5B0%5D=8&engine_version=2&offer_type=flat&room9=1&type=4&p=3,2026-04-14T03:41:49+00:00
1020,327917847,ЮВАО,https://www.cian.ru/rent/flat/327917847/?context=3.1Oxt2ttov4E.R8KirEBup5UknuiTC2MWGAR7IRlSFi1dgoK6uCg1d8druT4elGoXxZ8CG5stzzJwSIvMYcHcPjHBwg&mlSearchSessionGuid=9691a310a5dcda76fd65087747550f53,1/14,2027000,29.2,5,23,,"1/14 Апартаменты-студия, 29,2 м², 5/23 этаж Только на Циан Волгоградский проспект 2 минуты пешком Москва , ЮВАО , р-н Южнопортовый , м. Волгоградский проспект , Новоостаповская улица , 20 27 000 ₽/мес. От года, комм. платежи включены (без счётчиков), без комиссии, залог 25 000 ₽ Арт. 129551791 На длительный срок сдаётся студия в ЖК HighWay 29.2 метра, строго под склад. 1 минута до метро Волгоградский проспект, 15 минут до станции МЦК Угрешская и до станции метро Дубровка. Агентство недвижимости Мечты в квадрате Суперагент +7 986 263-98-... Написать вчера 12 апр, 17:26",,https://www.cian.ru/cat.php?deal_type=rent&district%5B0%5D=8&engine_version=2&offer_type=flat&room9=1&type=4&p=1,2026-04-14T03:41:49+00:00
1025,328323673,ЮВАО,https://www.cian.ru/rent/flat/328323673/?context=3.UVlT-NpSQgg.QA-u8kdbFTESPP8yMWcxy0bJFA4Rz3hsqKwV9Q7GhiEcJXgKRJcDMBaE41Ceiil_9r5lIO9wCoZ8lA&mlSearchSessionGuid=9691a310a5dcda76fd65087747550f53,1/15,2057500,23.0,16,25,,"1/15 Комиссия 0% + Самая низкая цена! Апартаменты-студия, 23 м², 16/25 этаж Только на Циан Волгоградский проспект 3 минуты пешком Москва , ЮВАО , р-н Южнопортовый , м. Волгоградский проспект , Новоостаповская улица , 20 57 500 ₽/мес. От года, комм. платежи включены (без счётчиков), без комиссии, залог 57 500 ₽ УНИКАЛЬНОЕ ПРЕДЛОЖЕНИЕ: 1) Без комиссии для арендатора ! 2) Самая низкая цена за дизайнерскую студию в ЖК бизнес-класса в пределах ТТК ! 3) До метро 1 мин пешком ! Сдается на длительный срок стильная студия 23 кв.м. с дизайнерским ремонтом в современном ЖК бизнес-класса ХайВэй. АДРЕС: г. Москва, ул. Новоостаповская, д. 20. ЭТАЖ: 16 из 25. ПЛОЩАДЬ: 23 кв.м. (комната 18 кв.м., кухня-гостиная 5 кв.м.). РЕМОНТ: Объект в идеальном состоянии, дизайнерский ремонт. ОТДЕЛКА САНУЗЛА: Совмещенный санузел с душевой кабиной. ПОЛНОЕ ОСНАЩЕНИЕ МЕБЕЛЬЮ И ТЕХНИКОЙ: • Кондиционер. • Большой холодильник. • Стиральная машина. • Стеклокерамическая варочная панель. • Вытяжной шкаф. • Микроволновая печь. • ! 3 ОГРОМНЫХ ГАРДЕРОБНЫХ ШКАФА ! ЛОКАЦИЯ И ТРАНСПОРТ: • 1 минута пешком до м. Волгоградский проспект. • 10 минут пешком до м. Дубровка. • 12 минут пешком до м. Угрешская. • 10 минут на автомобиле до Садового кольца. • 10 минут до центра Москвы на метро. ИНФРАСТРУКТУРА ЖК ХАЙВЭЙ: • Комплекс бизнес-класса с подземным паркингом. • Вся необходимая инфраструктура. •Прямо в доме продуктовый супермаркет Дикси. • Скоро в ЖК будет открыт собственный фитнес-центр с бассейном World Class. • Закрытая охраняемая территория с видеонаблюдением. • Благоустроенный двор. ФИНАНСОВЫЕ И ОРГАНИЗАЦИОННЫЕ УСЛОВИЯ: • Собственник действует как ИП. Аренда возможна как для физических лиц, так и для юридических лиц (для проживания конкретного сотрудника, указываемого в договоре). • ВСЯ ОПЛАТА СТРОГО ПО БЕЗНАЛИЧНОМУ РАСЧЕТУ. • ДЛЯ ПРОЖИВАНИЯ 1 ЧЕЛОВЕКА ИЛИ СЕМЕЙНОЙ ПАРЫ БЕЗ ДЕТЕЙ! • ПРОЖИВАНИЕ С ЖИВОТНЫМИ НЕ ДОПУСКАЕТСЯ. • В стоимость аренды включены коммунальные платежи. Дополнительно оплачиваются: электроэнергия, вода по счетчикам, интернет. Риелтор ID 123676766 Документы проверены +7 985 041-16-... Написать вчера вчера, 20:55",,https://www.cian.ru/cat.php?deal_type=rent&district%5B0%5D=8&engine_version=2&offer_type=flat&room9=1&type=4&p=1,2026-04-14T03:41:49+00:00
1032,328729519,ЮВАО,https://www.cian.ru/rent/flat/328729519/?context=3.BNl7M5d2G1w.ocsj9vpb4YzaD1G2TWYxWkR1Tt5EZ9OMse4oe-vyDklsNR79jjEE0yf4SV8iCbbea6lKLUKxvwP-3A&mlSearchSessionGuid=9691a310a5dcda76fd65087747550f53,1/8,2058000,23.5,21,23,,"1/8 Апартаменты-студия, 23,5 м², 21/23 этаж Только на Циан Волгоградский проспект 3 минуты пешком Москва , ЮВАО , р-н Южнопортовый , м. Волгоградский проспект , Новоостаповская улица , 20 58 000 ₽/мес. От года, комм. платежи включены (без счётчиков), комиссия 60%, залог 30 000 ₽ Современная студия 23 м2! 2 минуты от станции метро Волгоградский проспект или 7 минут от метро Угрешская. 10 минут до Кремля, рядом Третье транспортное кольцо, удобно добираться в любую точку города. Максимально комфортное проживание вам обеспечено. Круглосуточная охрана подъезда и территории. Высота потолков под 2,8 метра. Современный дизайн, и мебель. Новая техника (кондиционер, встроенный холодильник, плита, стиральная машина, телевизор, СВЧ). Большая ванна Индивидуальное отопление с возможностью регулировки каждой батареи. Коммунальные платежи по счетчикам. Популярный Жилой комплекс ЖК ""Хайвей"". Расположен в отличном районе города Москвы с сложившейся инфраструктурой района. Недалеко от комплекса: Крупнейший развлекательный комплекс ""Остров мечты"", Коломенский парк, Современная архитектура и авторская отделка корпусов. Благоустроенная и охраняемая территория. Собственный подземный паркинг, оригинальные современные детские площадки. Квартира сдается ВПЕРВЫЕ. Порядочный и доброжелательный собственник. Желаю Удачи! Риелтор Дмитрий Сыромятников Суперагент +7 986 323-66-... два дня назад 11 апр, 11:15",,https://www.cian.ru/cat.php?deal_type=rent&district%5B0%5D=8&engine_version=2&offer_type=flat&room9=1&type=4&p=1,2026-04-14T03:41:49+00:00
1075,328057567,ЮВАО,https://www.cian.ru/rent/flat/328057567/?context=3.yqiidr_L5hU.N5-I3BSfv1bZPfTdGFd7YXZhKNGINKOSaU3GjZSUuHQod7sZ1ot1Dokh1_5XG1ClVoQb-xd0mV3_fw&mlSearchSessionGuid=749bcddc3eae43a8af0c7ec947bd376d,1/10,2060000,23.0,3,23,,"1/10 Апартаменты-студия, 23 м², 3/23 этаж Только на Циан Волгоградский проспект 3 минуты пешком Москва , ЮВАО , р-н Южнопортовый , м. Волгоградский проспект , Новоостаповская улица , 20 60 000 ₽/мес. От года, комм. платежи включены (без счётчиков), комиссия 50%, залог 60 000 ₽ К Вашему вниманию предлагается: Новые Светлые апартаменты с удобным месторасположением, с качественной современной отделкой, разные вариации освещения, мягкий диван- кровать на два спальных места, сделанная на заказ кухня со встроенной техникой и большим количеством места под хранения вещей, смесители из латуни. Весь комплект посуды и кухонной утвари для комфортного проживания есть, ничего с собой привозить нет необходимости. Туалетная комната оснащена стиральной- сушильной машиной, огромной столешницей с раковиной из искусственного камня, большое зеркало с подсветкой, душевая кабина с тропическим душем, шкафы для хранения. В прихожей огромный шкаф- гардеробная для хранения одежды. Наполнение апартаментов: пылесос, кондиционер, холодильник, посудомоечная машина, стирально-сушильная машина, телевизор, доп кровать, 3 комплекта постельного белья, полотенца, чистящие средства. Расположение рядом с метро и центром Москвы, светлые комфортабельные апартаменты, закрытая охраняемая территория, собственный двухэтажный фитнес-клуб с бассейном, подземный паркинг, благоустроенный закрытый двор с ландшафтным озеленением и детскими площадками, модные кафе, магазины, салоны красоты, высокий уровень сервиса. Риелтор Людмила Сухорукова Суперагент +7 986 807-79-... Написать вчера вчера, 08:39",,https://www.cian.ru/cat.php?deal_type=rent&district%5B0%5D=8&engine_version=2&offer_type=flat&room9=1&type=4&p=3,2026-04-14T03:41:49+00:00
1026,328856050,ЮВАО,https://www.cian.ru/rent/flat/328856050/?context=3.aHsduff2fno.Mm8mFKGcWFzqtaJqwtX1UvZr1QZEEfD5-65YQ8XMFPa-Shspo0nc2MNPz2rfy9_0aEY_Un4Zwv6OEQ&mlSearchSessionGuid=9691a310a5dcda76fd65087747550f53,1/10,2065000,23.0,9,24,,"1/10 Студия, 23 м², 9/24 этаж Только на Циан Волгоградский проспект 3 минуты пешком Москва , ЮВАО , р-н Южнопортовый , м. Волгоградский проспект , Новоостаповская улица , 20 65 000 ₽/мес. От года, комм. платежи включены (без счётчиков), без комиссии, без залога Студия 23 квадрата, свежий ремонт, все новое. Квартира сдается строго НЕ курящим и без животных. Я собственник, агентам скидываю. Сдача по договору, без комиссии за сдачу Собственник ID 140606392 +7 916 958-56-... Написать вчера 12 апр, 22:05",,https://www.cian.ru/cat.php?deal_type=rent&district%5B0%5D=8&engine_version=2&offer_type=flat&room9=1&type=4&p=1,2026-04-14T03:41:49+00:00
1013,328255372,ЮВАО,https://www.cian.ru/rent/flat/328255372/?context=3.1Y9D-ryoz6Y.DH9uDZ-HV4patm1zORIcJ-CZcU-p-z2oMBgZ4zrDuO4ZIT6Bpscq_Q-BMd5MTK4LbtbZamMeXQsxRQ&mlSearchSessionGuid=9691a310a5dcda76fd65087747550f53,1/18 Ещё фото,2067000,27.0,11,23,,"1/18 Ещё фото Апартаменты-студия, 27 м², 11/23 этаж Волгоградский проспект 3 минуты пешком Москва , ЮВАО , р-н Южнопортовый , м. Волгоградский проспект , Новоостаповская улица , 20 67 000 ₽/мес. От года, комм. платежи включены (без счётчиков), комиссия 60%, залог 67 000 ₽ ВАШЕМУ ВНИМАНИЮ! м.Волгоградский проспект - 2 минуты пешком! Предлагается, светлая, уютная квартира. Квартира в отличном состоянии, после ремонта. Полностью укомплектована всей необходимой мебелью и техникой для комфортного проживания. В шаговой доступности магазины одежды и обуви, салоны красоты, бытовые услуги, спортклуб, продуктовые магазины. Заселение день в день. Оперативный показ. По всем вопросам звонить 24/7. Агентство недвижимости PREMIUM CITY Документы проверены Посмотреть все объекты +7 985 586-44-... Написать вчера вчера, 14:48",,https://www.cian.ru/cat.php?deal_type=rent&district%5B0%5D=8&engine_version=2&offer_type=flat&room9=1&type=4&p=1,2026-04-14T03:41:49+00:00
1055,327143324,ЮВАО,https://www.cian.ru/rent/flat/327143324/?context=3.goSfEQbdjTM.QgojQAy8xQUT7F8n6TyWWv6uxnLZkah-yf4w5Jf0syM96QQMpAYEDSJpcy5q_yln-s4MARygUW5Rqg&mlSearchSessionGuid=7e1a99e261491740540e769a1faf4e60,1/9,2069900,26.0,22,23,,"1/9 Апартаменты-студия, 26 м², 22/23 этаж Волгоградский проспект 3 минуты пешком Москва , ЮВАО , р-н Южнопортовый , м. Волгоградский проспект , Новоостаповская улица , 20 69 900 ₽/мес. От года, комм. платежи включены (без счётчиков), комиссия 50%, залог 75 000 ₽ Id 60982. Сдается просторная студия в ЖК ""HighWay"" ! Об апартаменте: - Квартира оснащена всей необходимой мебелью и техникой. - Большое панорамное окно. - Дизайнерский ремонт на стадии завершения. - Полностью укомплектована Главные преимущества комплекса Хайвей: - Метро ""Волгоградский проспект"" в 3 минутах ходьбы. - До центра города 10 минут на метро! - На первых этаж уже работает продуктовый магазин ""Дикси"", также в комплексе открыты пункты выдачи ""Ozon"" и ""Wildberries"" - Летом будет открыт фитнес-клуб с бассейном, до которых можно добраться не выходя из подъезда! - Закрытая территория с пропускной системой. - Подземный паркинг. - ЖК находится в активно развивающемся районе Москвы. - Рядом расположен торговый центр ""Дубровка"" известный своими положительными отзывами. Рассмотрим предложения, звоните для записи на показ, отвечаю быстро! Агентство недвижимости EstateLiga Документы проверены +7 916 863-15-... Написать вчера вчера, 19:57",,https://www.cian.ru/cat.php?deal_type=rent&district%5B0%5D=8&engine_version=2&offer_type=flat&room9=1&type=4&p=2,2026-04-14T03:41:49+00:00
1066,327359127,ЮВАО,https://www.cian.ru/rent/flat/327359127/?context=3.g0rz-qRi-nI.Lc0M_qRuup1-KCBB9c_r_7m3isBxTjxJKmbLRLe18MhZ4vNKlaUV6Ep5vt92k1NNMg_J6fLwWitFBQ&mlSearchSessionGuid=749bcddc3eae43a8af0c7ec947bd376d,1/20,2069999,35.0,8,23,,"1/20 Апартаменты-студия, 35 м², 8/23 этаж Волгоградский проспект 3 минуты пешком Москва , ЮВАО , р-н Южнопортовый , м. Волгоградский проспект , Новоостаповская улица , 20 69 999 ₽/мес. На несколько месяцев, комм. платежи включены (без счётчиков), без комиссии, залог 70 000 ₽ СДАЕТСЯ комфортная, просторная, видовая студия 35 м2 в новом ЖК HighWay, всего в минуте (реально!) пешком от станции метро Волгоградский проспект (дом сдан в 2025 году). До центра города 10 минут на метро! Современный монолитный дом, комфортный 8 этаж. Окна во двор. Закрытая охраняемая территория, круглосуточная охрана, видеонаблюдение, двор без машин. Сделан абсолютно новый качественный ремонт, современная отделка, натяжные потолки (комфортное освещение), теплые полы. Первые жильцы! В квартире есть всё необходимое для комфортного проживания, вся бытовая техника и мебель в наличии в отличном состоянии: - Шикарный кухонный гарнитур со встроенной техникой, включая варочную панель, посудомоечную машину. Есть холодильник, капсульная кофеварка, микроволновка, чайник, имеется вся необходимая посуда. - Совмещённый санузел. Есть стиральная машина с сушкой, электрический водонагреватель (на случай профилактического отключения воды), электрический полотенцесушитель. - Кровать 160*200 с матрасом средней и высокой жесткости, прикроватные тумбочки. Удобный диван для отдыха, с мягкими декоративными подушками, торшер. - Удобные места хранения: вместительный 4-х створчатый шкаф с зеркалами, и просторный 2-х створчатый шкаф в прихожей. - Smart TV, кондиционер, пылесос. Квартира в которой хочется жить! Инфраструктура ЖК: - Скоростные лифты, подземный паркинг. - Дворы с озеленением, лаунж-зонами, детскими площадками. Спортивные тренажеры для взрослых - Летом на территории комплекса будет открыт фитнес-клуб с бассейном. - ЖК находится в активно развивающемся районе Москвы. Удобная транспортная развязка позволяет быстро добраться до центра города и других районов, обеспечивая комфортную жизнь без лишних хлопот. - Рядом магазины, кафе, поликлиники. На первых этаж уже работает продуктовый магазин ""Дикси"", также в комплексе открыты пункты выдачи ""Ozon"" и ""Wildberries"" Условия аренды: - Цена: 69999 (ЖКУ включено в аренду) - Дополнительно: оплата по счетчикам (свет, вода, тепло) - Оплата: первый + последний месяц при заселении. Без комиссии агента! - Долгосрочная аренда (от 6 месяцев); - Только для некурящих; Отличный вариант для супружеской пары. Рассмотрим приличных и платёжеспособных, аккуратных людей. Кварт",,https://www.cian.ru/cat.php?deal_type=rent&district%5B0%5D=8&engine_version=2&offer_type=flat&room9=1&type=4&p=3,2026-04-14T03:41:49+00:00
1036,327283374,ЮВАО,https://www.cian.ru/rent/flat/327283374/?context=3.jia1MPeTOpU.tvm4WU7pXSbYNbgy_LognavbKBtIL0ZpPEm0R026abDkJwFEUIt7LjeWITH4H5o9DkxYjkeSBkx6ow&mlSearchSessionGuid=9691a310a5dcda76fd65087747550f53,1/27,2070000,37.0,6,23,,"1/27 Апартаменты-студия, 37 м², 6/23 этаж Дубровка 15 минут пешком Москва , ЮВАО , р-н Южнопортовый , м. Волгоградский проспект , Новоостаповская улица , 20 70 000 ₽/мес. От года, комм. платежи включены (без счётчиков), комиссия 70%, залог 70 000 ₽ Впервые,любовь с первого взгляда ! Это та самая квартира в которой хочется жить! Она прекрасна! поторопитесь ! Всего в минуте ходьбы от метро,в новом стильном доме HighWay сдается обалденная ,комфортная,просторная студия 37 кв.м,для современных людей. Она просто куколка! Натяжные потолки,теплые полы,выполнен качественный свежий евро ремонт. Техника и мебель дорогая,красивая. Большой,вместительный шкаф ! Установлена шикарная кухня,установлены фильтры для чистки воды. Имеется посуда,встроенная посудомоечная машина! Все абсолютно новое! Уютная атмосфера создана для вашего комфортного проживания. Оплата коммунальных услуг полностью оплачивается нанимателем,согласно квитанции,сверху арендной оплаты. Достойная студия. Собственники замечательные люди. Рассмотрим на длительный срок платежеспособных,аккуратных людей. Риелтор Инна Светлова Суперагент +7 986 304-21-... Написать вчера вчера, 18:37",,https://www.cian.ru/cat.php?deal_type=rent&district%5B0%5D=8&engine_version=2&offer_type=flat&room9=1&type=4&p=1,2026-04-14T03:41:49+00:00
1070,328394404,ЮВАО,https://www.cian.ru/rent/flat/328394404/?context=3.9oXAmTa2it0.gbAx2uyhCv_hiOFdtKm7p1ZJO5pvPse9riRGVJW1FHb5iyUBZ91IAWjtB8yAFgl-owEsbtixTz7d1w&mlSearchSessionGuid=749bcddc3eae43a8af0c7ec947bd376d,1/20,2070000,21.7,11,23,,"1/20 Апартаменты-студия, 21,7 м², 11/23 этаж Волгоградский проспект 3 минуты пешком Москва , ЮВАО , р-н Южнопортовый , м. Волгоградский проспект , Новоостаповская улица , 20 70 000 ₽/мес. От года, комм. платежи включены (без счётчиков), без комиссии, без залога долгосрочная аренда! От года! дизайнерский ремонт. бытовая техника Haier, телевизор яндекс с Алисой , интернет вай фай , фильтра на общую и питьевую воду, система протечки нептун, видео домофон, стиральная машинка с сушкой,утюг, ручной пылесос, чайник, фен все Haier. резервный проточный водонагреватель. инверторный бесшумный кондиционер Haier. мастер выключатель. usb розетки в удобных местах. гладильная доска. очень много места для хранения. все продумано и эргономично, диван раскладывается. обеденный Стол раздвигается . шторы в спальной зоне Блэк аут, по факту 3 спальных места. ремонт сделан из качественных материалов! мебель изготовлена из лдсп egger. сантехника качественная! станция метро прям у подъезда. окна выходят не на дорогу!!! в жк есть фитнес зал, бассейн, магазины, кафе. только после ремонта! звонки бывают не проходят, блокирует спам. так что пишите, отвечу! видеообзор по запросу. возможна временная регистрация. возможна оплата по безналу( условия обсуждаются). Собственник ID 61899843 +7 916 478-51-... Написать 3 часа назад сегодня, 03:03",,https://www.cian.ru/cat.php?deal_type=rent&district%5B0%5D=8&engine_version=2&offer_type=flat&room9=1&type=4&p=3,2026-04-14T03:41:49+00:00
1085,328009833,ЮВАО,https://www.cian.ru/rent/flat/328009833/?context=3.d6LLEKicD24.Cz4hMYuU0FSm2vcLO6lls-F0fGgIzf9VTUiojfE6RqBfiN4VzPMrf35cZXJVVozLgM9MQzyNyxFfXg&mlSearchSessionGuid=749bcddc3eae43a8af0c7ec947bd376d,1/41,2074999,27.0,7,22,,"1/41 Апартаменты-студия, 27 м², 7/22 этаж Волгоградский проспект 3 минуты пешком Москва , ЮВАО , р-н Южнопортовый , м. Волгоградский проспект , Новоостаповская улица , 20 74 999 ₽/мес. На несколько месяцев, комм. платежи включены (без счётчиков), без комиссии, залог 74 999 ₽ Замечательная студия с дорогим и современным ремонтом. Продуманная до мелочей. Здесь удобно и жить и работать. Большая кухня со всей встроенной техникой: двухкамерный холодильник, посудомоечная машина, микроволновая печь. Вместительная кровать 160 на 200 с ортопедическим матрасом, телевизор с 55 диагональю. Трехзонное освещение позволит настроить комфортный свет в квартире. Теплые полы по всей площади, кондиционер. Удобная ванная комната полностью оборудованная. Отдельная рабочая зона со своим освещением. Адаптированное место для подключения робот-пылесоса. Спешите, это супер отличный и качественный вариант. Оперативные показы с понедельника по пятницу. Риелтор Ильдар Канафеев Суперагент +7 917 566-42-... Написать вчера вчера, 22:01",,https://www.cian.ru/cat.php?deal_type=rent&district%5B0%5D=8&engine_version=2&offer_type=flat&room9=1&type=4&p=3,2026-04-14T03:41:49+00:00
1064,328879254,ЮВАО,https://www.cian.ru/rent/flat/328879254/?context=3.H9PmGvu8WSQ.6xqEO4ZUBptw6aF9diSwjNU-j9lLgagVqTJTRt4GnrENqRLppWTFbKDaI7qgmEnUSmLR9-W6uPvXsg&mlSearchSessionGuid=7e1a99e261491740540e769a1faf4e60,1/14,2075000,27.5,2,23,,"1/14 Апартаменты-студия, 27,5 м², 2/23 этаж Только на Циан Волгоградский проспект 3 минуты пешком Москва , ЮВАО , р-н Южнопортовый , м. Волгоградский проспект , Новоостаповская улица , 20 75 000 ₽/мес. От года, комм. платежи включены (счётчики включены), без комиссии, залог 70 000 ₽ Сдается на длительный срок студия 27,5 м2 с дизайнерским ремонтом в современном ЖК ХайВэй. Расположение ЖК 1 мин пешком до м. Волгоградский пр-т, 5 мин до м. Дубровка, 10 мин до м.Угрешская, вся необходимая инфраструктура, рядом магазин Дикси и др, закрытая охраняемая территория, благоустроенный двор и подземный паркинг. Ремонт: новый дизайнерский, идеальное состояние. санузел совместный с душевой зоной. Техника в квартире вся стильная и новая: большой холодильник, стиральная машина, микроволновая печь, духовой шкаф, телевизор, кондиционер, стеклокерамическая варочная панель, вытяжка. Мебель: кухня, большой шкаф купе, кровать с ортопедическим матрасом 200*160. полка под телевизор, кухонный стол и стулья. Сдается для одного человека или семейной пары, без детей и без животных. Дополнительно оплачивается стоимость коммунальных услуг ( вода, электричество, отопление) и интернет. Посредников прошу не беспокоить. Собственник ID 90497284 +7 915 243-42-... Написать вчера 12 апр, 08:24",,https://www.cian.ru/cat.php?deal_type=rent&district%5B0%5D=8&engine_version=2&offer_type=flat&room9=1&type=4&p=2,2026-04-14T03:41:49+00:00
1090,327843023,ЮВАО,https://www.cian.ru/rent/flat/327843023/?context=3.fK2PE30WLF8.h5VFRTUA3XXKOBhqiCUDnnluQWI0HkNiLNAnp1OMG6zaQ5E0UikkBDHQn0CgzBiZS_0Bi5HaNRdk5Q&mlSearchSessionGuid=749bcddc3eae43a8af0c7ec947bd376d,1/13,2075000,36.0,10,23,,"1/13 Апартаменты-студия, 36 м², 10/23 этаж Волгоградский проспект 3 минуты пешком Москва , ЮВАО , р-н Южнопортовый , м. Волгоградский проспект , Новоостаповская улица , 20 75 000 ₽/мес. От года, комм. платежи включены (без счётчиков), комиссия 40%, залог 75 000 ₽ Великолепная студия с только что завершенным евро ремонтом в Жк бизнес класса Хай Вэй. Комплекс расположен в непосредственной близости от метро Волгоградский проспект. В доме первые этажи нежилые, тут будет расположена вся инфраструктура (магазины, салоны, кафе, пвз) Закрытая и охраняемая придомовая территория, двор без машин, есть подземный паркинг. Студия очень просторная - 36 квадратных метров. Предусмотрено много мест для хранения. Для вашего комфорта установлена откидная кровать, которая убирается легким движением и на спальном месте остается уютный диван. В комнате большой шкаф и шкаф-купе на входе для верхней одежды. Кухня укомплектована всей встроенной техникой. Сплит система. Панорамное окно в пол выходящее на юго-западную сторону, квартира очень светлая и просторная. Приобреталась исключительно для сдачи в аренду, сдаётся на длительный срок. Риелтор Анна Шутова Суперагент +7 910 536-92-... Написать четыре дня назад 9 апр, 18:56",,https://www.cian.ru/cat.php?deal_type=rent&district%5B0%5D=8&engine_version=2&offer_type=flat&room9=1&type=4&p=3,2026-04-14T03:41:49+00:00
1063,328909207,ЮВАО,https://www.cian.ru/rent/flat/328909207/?context=3.P87uCmPCEGk.GEfLrq7UTTFzDQWi_n1ilRtYCZJoMk9_p_K07UPbx9I0hsRjkRL1NKcYxxpBRLmJDubarUlm2m93IA&mlSearchSessionGuid=7e1a99e261491740540e769a1faf4e60,1/22,2080000,25.0,20,24,,"1/22 Апартаменты-студия, 25 м², 20/24 этаж Волгоградский проспект 3 минуты пешком Москва , ЮВАО , р-н Южнопортовый , м. Волгоградский проспект , Новоостаповская улица , 20 80 000 ₽/мес. От года, комм. платежи включены (без счётчиков), без комиссии, залог 80 000 ₽ Собственник впервые сдает студию в новом ЖК бизнес класса. Всего 2 минуты пешком до метро Волгоградский проспект и через 7 минут Вы окажетесь в самом центре нашей столицы! Видовая квартира с отличной панорамой на центр города, стильный ремонт и обстановка, качественная мебель и современная бытовая техника Kupersberg (кондиционер, стиральная машина, посудомоечная машина, холодильник, духовой шкаф и варочная панель, тв, утюг ...), вся необходимая домашняя утварь и посуда. Есть все, что нужно для качественной и комфортной жизни! Осталось только завезти свои вещи! Новый ЖК бизнес класса с закрытой территорией и приличными соседями. Зеленый район, рядом кафе, школы, детские сады, магазины, внутри территории находится фитнес клуб. Собственник ID 81815441 Документы проверены +7 917 422-07-... Написать вчера вчера, 12:25",,https://www.cian.ru/cat.php?deal_type=rent&district%5B0%5D=8&engine_version=2&offer_type=flat&room9=1&type=4&p=2,2026-04-14T03:41:49+00:00
1039,328873800,ЮВАО,https://www.cian.ru/rent/flat/328873800/?context=3._UzwdtbNlfg.kngpZAwZ_81KhtPRYxFrOC2ZGCPJ0IG-PWhdZtG3i5DJ6COEcQHNKuwZZnhvI-jbh07qOMVSaLrIcg&mlSearchSessionGuid=7e1a99e261491740540e769a1faf4e60,1/20,2085000,30.0,20,23,,"1/20 Апартаменты-студия, 30 м², 20/23 этаж Только на Циан Волгоградский проспект 3 минуты пешком Москва , ЮВАО , р-н Южнопортовый , м. Волгоградский проспект , Новоостаповская улица , 20 85 000 ₽/мес. От года, комм. платежи включены (без счётчиков), комиссия 50%, залог 85 000 ₽ 3 минуты до метро! Предлагаем в аренду стильные апартаменты-студию . 20-м этаже современного дома. Высота потолков - 2.8 метра, из окон открывается перспектива на Москву.До метро всего 3 минуты пешком, что делает это предложение особенно привлекательным для тех, кто ценит удобное расположение. В квартире выполнен дизайнерский ремонт, все продумано до мелочей,мебель в комнате и на кухне. Оснащена всей необходимой техникой: кондиционер, холодильник, посудомоечная машина, телевизор и стиральная машина. В ванной комнате установлена душевая кабина. Во всей квартире ТЕПЛЫЙ ПОЛ.На время отключения горячей воды есть мощный водонагреватель. Дом оборудован подземной парковкой Вокруг развитая инфраструктура: по близости расположены школы, детские сады, клиники и магазины, поэтому все необходимое будет у вас под рукой. в 15 минутах исторический центр: Крутицкое подворье,Симоновский и Новоспасский монастыри. Договор заключается на удобных условиях. Приглашаем вас на просмотр, чтобы лично оценить все достоинства этих апартаментов. Ждем вашего звонка! Агентство недвижимости PREMIUM CITY Суперагент +7 986 304-29-... Написать вчера вчера, 12:34",,https://www.cian.ru/cat.php?deal_type=rent&district%5B0%5D=8&engine_version=2&offer_type=flat&room9=1&type=4&p=2,2026-04-14T03:41:49+00:00
1011,328298801,ЮВАО,https://www.cian.ru/rent/flat/328298801/?context=3.dmBaIA7FCeo.2cTYhMAVbrRLSHkzLSURSnvkFA2wQLDrDHKYKNM1nQJJnCW9YzM_f9WN__uUGq3IgSsToEbc_YD96Q&mlSearchSessionGuid=9691a310a5dcda76fd65087747550f53,1/7,2835000,25.0,12,17,,"1/7 Студия, 25 м², 12/17 этаж Только на Циан Некрасовка 10 минут пешком Москва , ЮВАО , р-н Некрасовка , м. Некрасовка , улица Недорубова , 28 35 000 ₽/мес. От года, комм. платежи включены (счётчики включены), комиссия 60%, залог 35 000 ₽ Сдается на длительный период . Качественный рeмoнт, вся мебель и бытовая техника, нeoбходимая для кoмфopтного пpoживaния. Пoлнoстью меблиpoвана мебелью: шкаф,комод, кровать двухспальная , куxонный гарнитур, диван-кресло, барная стойка , высокие стулья . Квартира укомплектована всей бытовой техникой: электрическая плита , холодильник, стиральная машина, микроволновка. Сан узел раздельный, ванна, стиральная машина автомат раздельный в пользовании 3 комнат. Рядом с метро торговые центры, фитнес центр, продуктовые магазины в доме и рядом с домом. Шаговая доступность 7 минут до станции метро Некрасовка. Сдается на длительный период . Рассмотрят платежеспособных жильцов, приоритет для девушки, женщины. Оплата 35000 рублей все платежи включены в стоимость. Депозит 35000 рублей можно разделить на 2 платежа. Комиссия . ID 307387 Документы проверены +7 923 074-33-... Написать шесть дней назад 7 апр, 13:27",,https://www.cian.ru/cat.php?deal_type=rent&district%5B0%5D=8&engine_version=2&offer_type=flat&room9=1&type=4&p=1,2026-04-14T03:41:49+00:00
1089,327936828,ЮВАО,https://www.cian.ru/rent/flat/327936828/?context=3.fI9gOOt5FTM.rfoZaFbSXQ6yoZEE2OFPR2E3q4cTTdYSCtulzjkDiUopMPc-wvwCYbqXsboB57Aw5LRQ19EPzaK0kg&mlSearchSessionGuid=749bcddc3eae43a8af0c7ec947bd376d,1/18,3155000,25.0,16,21,,"1/18 Апартаменты-студия, 25 м², 16/21 этаж Волгоградский проспект 16 минут пешком Москва , ЮВАО , р-н Нижегородский , м. Калитники , Скотопрогонная улица , 31 55 000 ₽/мес. От года, комм. платежи включены (без счётчиков), комиссия 100%, залог 55 000 ₽ Арт. 132954872 Стильная дизайнерская студия в центре Москвы — внутри ТТК. Квартира полностью укомплектована новой мебелью и качественным текстилем — заезжаете и живёте без лишних покупок. Установлен кондиционер — комфортная температура в любое время года. Домофон обеспечивает дополнительную безопасность. Дополнительные преимущества: Дом бизнес-класса. Красивая входная группа. 2 ледовые арены и баскетбольная секция на территории комплекса. 10 минут пешком до метро. Удобный выезд на Третье транспортное кольцо. 5 км до Кремля. Агентство недвижимости Самолет Плюс Басманный Документы проверены +7 910 473-48-... Написать три дня назад 10 апр, 11:38",,https://www.cian.ru/cat.php?deal_type=rent&district%5B0%5D=8&engine_version=2&offer_type=flat&room9=1&type=4&p=3,2026-04-14T03:41:49+00:00
1076,316900047,ЮВАО,https://www.cian.ru/rent/flat/316900047/?context=3.r6mayAvCFPQ.z3aSBbLNCbpK21Nq6EA53OzJC2vEAQqB7szgbKxXFMOHGKVsq1Hm5snk7pxc3TFu0WQ0WVbI1O-bOw&mlSearchSessionGuid=749bcddc3eae43a8af0c7ec947bd376d,2/14,3340000,19.0,20,25,,"2/14 Студия, 19 м², 20/25 этаж Некрасовка 1 минута пешком Москва , ЮВАО , р-н Некрасовка , м. Некрасовка , Рождественская улица , 33 40 000 ₽/мес. От года, комм. платежи включены (без счётчиков), без комиссии, залог 40 000 ₽ Сдается уютная студия около метро, в одной минуте от метро Некрасовка утепленный балкон с теплым полом. все необходимое есть для проживания. новый диван аскона, полноценное спальное место. строго без животных. Агентство недвижимости Ваш Ключ Суперагент +7 915 338-35-... Написать вчера вчера, 20:19",,https://www.cian.ru/cat.php?deal_type=rent&district%5B0%5D=8&engine_version=2&offer_type=flat&room9=1&type=4&p=3,2026-04-14T03:41:49+00:00
1086,327246474,ЮВАО,https://www.cian.ru/rent/flat/327246474/?context=3.6tht4qcvXJ8.uXitiKoWQy_DBgIhcDYaQN5YwSSPtAvXfzP6aC0R03Sh78zuh_ywI6q3SuvPkCkTeRZc80yO-1nSDQ&mlSearchSessionGuid=749bcddc3eae43a8af0c7ec947bd376d,1/11,3742000,16.0,5,10,,"1/11 Студия, 16 м², 5/10 этаж Авиамоторная 19 минут пешком Москва , ЮВАО , р-н Нижегородский , м. Авиамоторная , Подъемная улица , 14С37 42 000 ₽/мес. От года, комм. платежи включены (без счётчиков), комиссия 5%, залог 48 000 ₽ Код объекта: 2056548. Семь причин снять эту студию: 1) Вы снимаете не просто метры, а получаете доступ к целой экосистеме. Больше не нужно тратить время и деньги на фитнес-клуб и коворкинг. На первых этажах ЖК к вашим услугам спортзал, бильярд, аэрохоккей, кафе и коворкинг, где можно расслабиться и пообщаться после рабочего дня. Вы освобождаете время на логистику и можете инвестировать его в себя.2) Удивительная локация: три старообрядческих монастыря, прогулки по территории которых — это ментальная перезагрузка. 1 минута пешком от подъезда —и вы получаете атмосферу, за которой люди уезжают за город.3) Студия оборудована всем необходимым, включая кондиционер и посудомоечную машину. Отдельно отмечу большой крепкий диван.4) Комфортно не только вам, но и вашему транспорту. На первом этаже —помещение для хранения велосипедов, самокатов Собственная автомобильная парковка под шлагбаумом. Охрана 24/7.5) Объект куплен как инвестиция для сдачи в аренду на долгий срок. Можете быть уверены — никаких неожиданных выселений.6) Живописные локации рядом сочетаются с доступом к ресурсам большого города. 2 минуты пешком до ТЦ ""Город"". Бутики, рестораны, пункты выдачи заказов, все к вашим услугам.7) Экологичное окружение. Архетип жителя ЖК — это молодые амбициозные люди, работающие в IT-сфере. Драйвовая атмосфера людей, уважающих личные границы и нацеленных на успех. залог можем разбить на 3 месяца. Агентство недвижимости Владис Документы проверены +7 915 207-99-... Написать вчера 12 апр, 11:55",,https://www.cian.ru/cat.php?deal_type=rent&district%5B0%5D=8&engine_version=2&offer_type=flat&room9=1&type=4&p=3,2026-04-14T03:41:49+00:00
1074,328335723,ЮВАО,https://www.cian.ru/rent/flat/328335723/?context=3.SLeBdzP6dBs.5fdgiCzKjee8JrdMz2M38tzBsiGeo7J9Ts_UmFqT3AIm9TktSwdsf2DM5uOGXgxRJf9fqoJLH4Hnow&mlSearchSessionGuid=749bcddc3eae43a8af0c7ec947bd376d,1/18,3745000,14.0,6,10,,"1/18 Апартаменты-студия, 14 м², 6/10 этаж Авиамоторная 19 минут пешком Москва , ЮВАО , р-н Нижегородский , м. Авиамоторная , Подъемная улица , 14С37 45 000 ₽/мес. От года, комм. платежи включены (без счётчиков), без комиссии, залог 45 000 ₽ Сдaются в apeнду (после 10.04) уютные апартaменты нa 6 этаже. Имеетcя вcе нeобxодимое для уютного и комфортного проживания: холодильник, микроволновка, варочная панель, чайник, стиральная машинка, диван, шкаф, сушилка для белья, гладильная доска, утюг. По близости от дома расположены различные учебные заведения, магазины, аптеки, ТЦ Город. В здании оборудованы зоны отдыха с кондиционером, телевизором, диванами и др., тренажерный зал. Имеется зона для хранения велосипедов. На территории имеется мангальная площадка. Парковка для жильцов за шлагбаумом. Транспортная доступность до м Авиамоторная 1,5 км, до м Римская 2,3 км, до МЦД Калитники 1,5 км, в 100 м остановка общественного транспорта. Апартаменты готовы к заселению. Собственник ID 98746663 +7 913 970-63-... Написать 2 недели назад 29 мар, 08:01",,https://www.cian.ru/cat.php?deal_type=rent&district%5B0%5D=8&engine_version=2&offer_type=flat&room9=1&type=4&p=3,2026-04-14T03:41:49+00:00
1069,317366974,ЮВАО,https://www.cian.ru/rent/flat/317366974/?context=3.rCZ1Hcl2CAY.vr9ujAQXb0gp35a-xK9Pvp7bbZo54Wi54STrFKLOgwLLtvZuMulJVO5WoErKok8GE1xxFQTAW-HxAQ&mlSearchSessionGuid=749bcddc3eae43a8af0c7ec947bd376d,1/33,3758000,24.3,9,10,,"1/33 Апартаменты-студия, 24,3 м², 9/10 этаж Только на Циан Проверено в Росреестре Авиамоторная 19 минут пешком Москва , ЮВАО , р-н Нижегородский , м. Авиамоторная , Подъемная улица , 14С37 58 000 ₽/мес. От года, комм. платежи включены (счётчики включены), без комиссии, залог 50 000 ₽ Сдаётся уютная студия в современном апарт-комплексе на Подъёмной улице, 14с37. Апартаменты площадью 24,3 кв. м расположены на 9 этаже 10-этажного дома, окна выходят во двор, что создаёт атмосферу уюта и тишины. В студии выполнен евроремонт. В наличии вся необходимая мебель и бытовая техника: телевизор, холодильник, чайник, варочная поверхность, система очистки воды. Санузел совмещённый и оборудован душевой кабиной и гигиеническим душем. Дом оснащён тремя грузовыми лифтами и наземной охраняемой парковкой. Для жители лофта бесплатно могут пользоваться прачечной, спротзалом и игровой зоной (бильярд, настольный тенис, аэрохокоей), также есть места для размещения велосипедов и самокатов. Условия аренды: без комиссии. Заключение договора напрямую с собственником. Цена 58 000 + оплата по счетчикам, залог 50 000. Агентствам и реэлторам не беспокоить!!! Собственник ID 108850785 Документы проверены +7 985 569-46-... Написать вчера вчера, 20:04",,https://www.cian.ru/cat.php?deal_type=rent&district%5B0%5D=8&engine_version=2&offer_type=flat&room9=1&type=4&p=3,2026-04-14T03:41:49+00:00
