id,listing_id,district,url,title,price_rub,area_m2,floor,total_floors,metro,address,description_snippet,source_page,scraped_at
1140,328843370,ЮВАО,https://www.cian.ru/rent/flat/328843370/?context=3.CMD9xOwOlfo.dtNobESew7lda9IymGmeuHLiPvboN-jZ_DHmnzWMsN_nq7zTpLrJ6clIIffSqWdUaCeSFcIRC_IAog&mlSearchSessionGuid=d3bc10d92ad542c54f59be2467ecf994,1/4,51000,28.5,2,25,,"1/4 Студия, 28,5 м², 2/25 этаж Нижегородская 7 минут пешком Москва , ЮВАО , р-н Нижегородский , м. Нижегородская , Рязанский проспект , 2/1к2Д 51 000 ₽/мес. От года, комм. платежи включены (без счётчиков), комиссия 30%, залог 51 000 ₽ Предлагается уютная студия на втором этаже современного 25-этажного дома. Квартира расположена в ЖК "" Среда"", всего в 7 минутах пешком от станции метро ""Нижегородская"". Общая площадь квартиры составляет 28.5 кв. м, что идеально подойдет для комфортного проживания одного человека. Квартира с дизайнерским ремонтом, создает атмосферу уюта и современности. В студии есть вся необходимая мебель. Установлена современная техника: кондиционер, холодильник и стиральная машина, поэтому можно сразу въехать и наслаждаться комфортом. Ванная комната оборудована душевой кабиной. В квартире подключен интернет. Дом оснащен двумя пассажирскими и одним грузовым лифтами, поэтому можно быстро и удобно добраться до квартиры. Район отличается развитой инфраструктурой. Все необходимые магазины, кафе и учреждения находятся в шаговой доступности, экономя ваше время на дорогу. Условия аренды: квартира сдается на длительный срок по договору с внесением залога. Квартира свободна от обременений, 1 собственник. Приглашаем вас на просмотр! Свяжитесь со мной, чтобы договориться о времени, удобном для вас. Не упустите возможность стать жителем этого комфортного и современного дома. Риелтор ID 90531867 +7 916 059-61-... Написать вчера 12 апр, 17:14",,https://www.cian.ru/cat.php?deal_type=rent&district%5B0%5D=8&engine_version=2&offer_type=flat&room9=1&type=4&p=2,2026-04-14T05:59:55+00:00
1111,328835097,ЮВАО,https://www.cian.ru/rent/flat/328835097/?context=3.fyCI3daqLL4.KnPbFY1i00_w7-9lvctnEhBmuutFCMF9FIkQqAf239n3ET0T6KrRuamCsfHOEs7eZWLyTUEeFhaQ-A&mlSearchSessionGuid=f7b71d3e53b5d790b5ea3181b34d7eeb,1/14,80000,27.0,13,27,,"1/14 Студия, 27 м², 13/27 этаж Только на Циан Авиамоторная 13 минут пешком Москва , ЮВАО , р-н Лефортово , м. Авиамоторная , Символ ЖК , Независимость кв-л 80 000 ₽/мес. От года, комм. платежи включены (без счётчиков), комиссия 50%, залог 80 000 ₽ Ждем вас на просмотр! Сдаётся просторная и светлая студия с абсолютно новым ремонтом, мебелью и техникой в ЖК бизнес-класса Символ. Отличная локация за счет своей транспортной и пешей доступности. Станции метро Площадь Ильича, Авиамоторная и Римская в 10-15 минутах пешей доступности. Быстрый выезд на ТТК и комфортная развязка к центру города. В квартире выполнен дизайнерский ремонт, присутствует все необходимое для жизни. Если мы посмотрим из окна, то насладимся спокойным видом на двор, ухоженной придомовой территорией с детской площадкой. Установлена система охраны и видеонаблюдения. На территории комплекса находится охраняемый наземный и подземный паркинг. Закрытая территория. В самом ЖК большое количество ресторанов и кафе. Закрытые дворы без машин с современными детскими площадками и прогулочными зонами. Данная локация славится своей развитой инфраструктурой. Рядом находится ТРЦ Город с невероятным количеством различных магазинов, заведений и развлечений, а также банки, аптеки и пункты выдачи. Через дорогу от дома всеми известный фитнесс клуб World Class. В пешей доступности находятся школы, детские сады. Парк Зеленая река - станет незаменимым местом для прогулок. Большое количество очистных пространств рядом с ЖК. Квартира сдаётся на длительный срок. Звоните, прямо сейчас, чтобы договориться о просмотре. Буду рада ответить на все интересующие вопросы! Номер объекта: #1/537035/24838 Агентство недвижимости Moscow Sales Department Документы проверены +7 916 612-48-... Написать вчера вчера, 18:10",,https://www.cian.ru/cat.php?deal_type=rent&district%5B0%5D=8&engine_version=2&offer_type=flat&room9=1&type=4&p=1,2026-04-14T05:59:55+00:00
1095,283229441,ЮВАО,https://www.cian.ru/rent/flat/283229441/?context=3.EGIF_i-OiHg.WeoDrpgqZHJCk0HJqqd4VPKg2lVVdvpqQVSIe-hVUlxepbZdBbWzecIE7tx-ykWieC0idJ0EzBEdCQ&mlSearchSessionGuid=f7b71d3e53b5d790b5ea3181b34d7eeb,1/5,133000,16.0,1,17,,"1/5 Студия, 16 м², 1/17 этаж Люблино 4 минуты на транспорте Москва , ЮВАО , р-н Марьино , м. Люблино , улица Верхние Поля , 42К1 33 000 ₽/мес. От года, комм. платежи включены (счётчики включены), без комиссии, залог 16 500 ₽ В действующем отели, на длительный срок, сдается студия гостиничного типа, без кухни ! В стоимость все включено, страховой депозит - 50%. Рассматривают 1-2 чел., РФ. В комнате минимум мебели - кровать, стол+ 2 стула, телевизор. Кондиционер. Санузел совмещенный, душ-кабина. Подробности по телефону. Агентство недвижимости Лунный Свет +7 923 078-87-... Написать вчера 12 апр, 09:50",,https://www.cian.ru/cat.php?deal_type=rent&district%5B0%5D=8&engine_version=2&offer_type=flat&room9=1&type=4&p=1,2026-04-14T05:59:55+00:00
1119,326294321,ЮВАО,https://www.cian.ru/rent/flat/326294321/?context=3.8iG7lF14PRM.N2jPmmAc7aYFJAWM8IQVA9xUHWuSa3Py4fMB0K12I3xiBI2iSYQHKZWK7_PnuNYqpzVHDcBCufJKXw&mlSearchSessionGuid=f7b71d3e53b5d790b5ea3181b34d7eeb,1/15,135000,11.6,2,10,,"1/15 Студия, 11,6 м², 2/10 этаж Только на Циан Юго-Восточная 8 минут пешком Москва , ЮВАО , р-н Выхино-Жулебино , м. Юго-Восточная , Ташкентская улица , 25К1 35 000 ₽/мес. От года, комм. платежи включены (без счётчиков), комиссия 70%, залог 35 000 ₽ Сдается уютная студия площадью 11.6 кв. м. на длительный срок. До метро Юго-Восточная всего 8 минут пешком. В квартире есть все необходимое для комфортного проживания: косметический ремонт, необходимая мебель, холодильник, стиральная машина, микроволновая плита, электрическая поверхность, электрический чайник. Планировка включает совмещенный санузел с душевой кабиной. В вашем распоряжении также интернет, поэтому можно смело работать или учиться онлайн. Лоджия добавляет дополнительное пространство для хранения или отдыха. Дом находится в районе с развитой инфраструктурой. В шаговой доступности расположены школы, детские сады и клиники, поэтому все важные учреждения будут у вас под рукой. Для любителей шопинга и повседневных покупок поблизости есть магазины. Риелтор ID 116658281 +7 985 254-20-... Написать неделю назад 5 апр, 21:12",,https://www.cian.ru/cat.php?deal_type=rent&district%5B0%5D=8&engine_version=2&offer_type=flat&room9=1&type=4&p=1,2026-04-14T05:59:55+00:00
1143,304833727,ЮВАО,https://www.cian.ru/rent/flat/304833727/?context=3.4Tev5Xa7F_s.PwjjbxZVxkRsVt8BMNMaz8hHsxZl8LMN0VUa7VXywJRP6X_s5IVZiunwI-MzkN-z74-EVGBa9QjpGw&mlSearchSessionGuid=d3bc10d92ad542c54f59be2467ecf994,1/5,144000,23.0,7,16,,"1/5 Студия, 23 м², 7/16 этаж Только на Циан Люблино 16 минут пешком Москва , ЮВАО , р-н Люблино , м. Люблино , Цимлянская улица , 3к1 44 000 ₽/мес. На несколько месяцев, комм. платежи включены (без счётчиков), без комиссии, залог 50 000 ₽ Уютная студия со всей мебелью в развитом в плане инфраструктуры районе сдается одному человеку - гражданину РФ с добропорядочной репутацией и без долгов. Цена аренды указана без коммунальных расходов. Договор. На звонки отвечаю редко, пишите в мессенджерах. Собственник ID 107316047 Документы проверены Назначить просмотр месяц назад 4 мар, 13:08",,https://www.cian.ru/cat.php?deal_type=rent&district%5B0%5D=8&engine_version=2&offer_type=flat&room9=1&type=4&p=2,2026-04-14T05:59:55+00:00
1122,292111720,ЮВАО,https://www.cian.ru/rent/flat/292111720/?context=3.5texY9I25MM.JdOkBxf81iHiZTCjtf6v8z1X1ka-VLKdo6TBZ9gO0_7ITYn9Af6QLpYs75DeWsSlV0eGbU1KBt8gIg&mlSearchSessionGuid=d3bc10d92ad542c54f59be2467ecf994,1/29,145000,14.0,2,4,,"1/29 Апартаменты-студия, 14 м², 2/4 этаж Только на Циан Нижегородская 7 минут пешком Москва , ЮВАО , р-н Нижегородский , м. Нижегородская , шоссе Фрезер , 17АС1 45 000 ₽/мес. На несколько месяцев, комм. платежи включены (без счётчиков), без комиссии, залог 40 000 ₽ Апартамент в новом комплексе. Есть вся необходимая мебель и техника. Кухня, фильтр для воды, стиральная машина с сушкой, холодильник, микроволновая печь, чайник, индукционная плита, диван-кровать, вместительный шкаф-купе, стол и стулья, душевая кабина, бойлер, утюг, гладильная доска. Закрытая территория, спальное место 194x100см Рядом бесплатная парковка, всегда есть места В шаговой доступности магазин Пятерочка, WB Рядом с метро Нижегородская расположен ТЦ Город, в том числе магазин Ашан Залог можно разбить на 2 части Здание без лифта Регистрация и прописка невозможна Возможность подключить проводной интернет отсутствует Под окном крыша здания, шума под окнами нет Вход с Северной стороны, ближайший дом для ориентира - Басовская улица 4 (4й подъезд) минимальный срок аренды 4 месяца. можно больше Агентам просьба не беспокоить Собственник ID 16682150 Документы проверены +7 985 730-03-... Написать два дня назад 11 апр, 14:49",,https://www.cian.ru/cat.php?deal_type=rent&district%5B0%5D=8&engine_version=2&offer_type=flat&room9=1&type=4&p=2,2026-04-14T05:59:55+00:00
1146,328069745,ЮВАО,https://www.cian.ru/rent/flat/328069745/?context=3.bLQgJn2A30k.NGQvaP5ElO2uXIKr0BPvslAu3qVY2CE5G1PnQG5yxLmVwsDZGYEE-w7IcwnH9BBXzjOUdxWFYq9iEQ&mlSearchSessionGuid=d3bc10d92ad542c54f59be2467ecf994,1/17,151000,23.0,21,33,,"1/17 Студия, 23 м², 21/33 этаж Нижегородская 7 минут пешком Москва , ЮВАО , р-н Нижегородский , м. Нижегородская , Перовское шоссе , 2к1 51 000 ₽/мес. От года, комм. платежи включены (без счётчиков), комиссия 60%, залог 40 000 ₽ Сдаётся светлая квартира-студия с евроремонтом и совмещённым санузлом в ЖК Перовское 2. Её можно посмотреть когда Вам удобно: бронируете время, забираете ключи и спокойно осматриваете. Если всё понравится, договор подпишем онлайн и будем поддерживать Вас на всех этапах аренды. В квартире есть: - Кухонный гарнитур; - Кондиционер; - Стиральная машина; - Холодильник; - Микроволновая печь; - Телевизор; - Утюг; - Варочная панель. Дополнительную мебель и технику можно приобрести в счёт арендной платы. Полы ламинат и плитка. Окна выходят во двор, есть бесплатная парковка. Собственник готов заселить не более 2 взрослых жильцов (можно с детьми). С домашним питомцем нельзя. Дом находится в районе с развитой инфраструктурой: в пешей доступности школы, продуктовые супермаркеты, заправки, спортивные клубы, почта, аптеки и медицинские учреждения, бассейн, салоны красоты и парикмахерские, кафе и закусочные. Недалеко ТЦ Город, Перовский парк, Кусковский лесопарк и парк Карачарово. До м. Нижегородская можно дойти за 10 минут, до м. Стахановская 18 минут пешком. Агентство недвижимости ПИК-Аренда Документы проверены +7 986 248-21-... Написать вчера вчера, 18:32",,https://www.cian.ru/cat.php?deal_type=rent&district%5B0%5D=8&engine_version=2&offer_type=flat&room9=1&type=4&p=2,2026-04-14T05:59:55+00:00
1154,328211368,ЮВАО,https://www.cian.ru/rent/flat/328211368/?context=3.ddUqD4JsUt4.n1tazp3TMrvhJ2HqJSqz7q8ykqDgq1briUGZiKXXke7gq55BdgdMqfrT1NRoizQzAjN5oE-WaiBuag&mlSearchSessionGuid=03243ab8baf29293b924d36ee5871ea2,1/8,155000,21.0,3,25,,"1/8 Студия, 21 м², 3/25 этаж Только на Циан Нижегородская 11 минут пешком Москва , ЮВАО , р-н Нижегородский , м. Нижегородская , Рязанский проспект , 2/2к1 55 000 ₽/мес. От года, комм. платежи включены (без счётчиков), комиссия 50%, залог 55 000 ₽ ОТЛИЧНОЕ ПРЕДЛОЖЕНИЕ! Предлагается в аренду новая, уютная квартира-студия, в новом жилом комплексе Аквилон Beside, в 5 минутах ходьбы от метро Нижегородская. Квартира ПУСТАЯ, но теплая и светлая. Выполнен качественный евроремонт (делали для себя) Полы плитка /теплые по всей квартире/. Имеется теплая просторная лоджия /можно сделать рабочую зону/. На территории ЖК уютный, красивый двор без машин, территория огорожена. Есть подземный паркинг. Район с развитой инфраструктурой, в пешей доступности: ТЦ Город, гипермаркет Лемана Про и Ашан, Озон, Валберис, кафе, аптеки Прекрасная транспортная доступность, рядом 4 станции метро и МЦК. Примечание: у собственника дополнительные пожелания к жильцам. Риелтор Илья Вериго Суперагент +7 985 338-39-... Написать шесть дней назад 7 апр, 16:06",,https://www.cian.ru/cat.php?deal_type=rent&district%5B0%5D=8&engine_version=2&offer_type=flat&room9=1&type=4&p=3,2026-04-14T05:59:55+00:00
1112,328869295,ЮВАО,https://www.cian.ru/rent/flat/328869295/?context=3.6KUSIzDJ5xI.YG4iH2RjstXr2AfmUHVIap2W2l5ruGWuelaVv0l_p8XzyyySC8Xd4xjRzxDAUkKFqWY3ybfzNLfSuQ&mlSearchSessionGuid=f7b71d3e53b5d790b5ea3181b34d7eeb,1/10,160000,21.1,1,5,,"1/10 Апартаменты-студия, 21,1 м², 1/5 этаж Только на Циан Лефортово 10 минут пешком Москва , ЮВАО , р-н Лефортово , м. Лефортово , Ухтомская улица , 16К1 60 000 ₽/мес. От года, комм. платежи включены (без счётчиков), без комиссии, залог 60 000 ₽ Предлагаем уютные апартаменты по адресу: ул. Ухтомская, 16, к.1 21,1 м² Почему это идеальный вариант: Дизайнерский ремонт: Свежий, стильный интерьер — здесь приятно находиться. Полная комплектация: Заезжайте с одним чемоданом! Есть вся необходимая техника: стиральная машина, холодильник, СВЧ-печь, варочная панель. Готовность: Квартира полностью меблирована и готова к заселению прямо сейчас. Локация: Отличная транспортная доступность позволит вам легко добираться до любой точки города. Условия аренды: Цена: 60 000 руб./мес. + коммунальные платежи. Агентство недвижимости ONE OSNOVA Документы проверены +7 986 274-23-... Написать вчера вчера, 23:11",,https://www.cian.ru/cat.php?deal_type=rent&district%5B0%5D=8&engine_version=2&offer_type=flat&room9=1&type=4&p=1,2026-04-14T05:59:55+00:00
1141,328869349,ЮВАО,https://www.cian.ru/rent/flat/328869349/?context=3.A9zL2a9OVKQ.Ucoc0mlMTw2cF9Js4Z3FOdhOU-1ETX_Y-oD_ss2KwBi3xunMHOtucv9SB9G7jrPewJoZswufmMqGYg&mlSearchSessionGuid=d3bc10d92ad542c54f59be2467ecf994,1/16,160000,20.9,1,5,,"1/16 Апартаменты-студия, 20,9 м², 1/5 этаж Только на Циан Лефортово 10 минут пешком Москва , ЮВАО , р-н Лефортово , м. Лефортово , Ухтомская улица , 16К1 60 000 ₽/мес. От года, комм. платежи включены (без счётчиков), без комиссии, залог 60 000 ₽ Стильная студия 20,9 м² с новым ремонтом — заезжай и живи! Предлагаем уютные апартаменты по адресу: ул. Ухтомская, 16, к.1 Почему это идеальный вариант: Дизайнерский ремонт: Свежий, стильный интерьер — здесь приятно находиться. Полная комплектация: Заезжайте с одним чемоданом! Есть вся необходимая техника: стиральная машина, холодильник, СВЧ-печь, варочная панель. Готовность: Квартира полностью меблирована и готова к заселению прямо сейчас. Локация: Отличная транспортная доступность позволит вам легко добираться до любой точки города. Условия аренды: Цена: 60 000 руб./мес. + коммунальные платежи Агентство недвижимости ONE OSNOVA Документы проверены +7 986 274-23-... Написать вчера вчера, 23:10",,https://www.cian.ru/cat.php?deal_type=rent&district%5B0%5D=8&engine_version=2&offer_type=flat&room9=1&type=4&p=2,2026-04-14T05:59:55+00:00
1156,328545633,ЮВАО,https://www.cian.ru/rent/flat/328545633/?context=3.A2dgYfrHRGY.m0At8ANZkcSzY1_T6qdAQxPmwaGhLE4In3AUtViq1jyPXrrmOp3hvfpHMwJT4qMufRSCz2-E1oTGrg&mlSearchSessionGuid=03243ab8baf29293b924d36ee5871ea2,1/15,160000,26.0,6,25,,"1/15 Студия, 26 м², 6/25 этаж Только на Циан Нижегородская 11 минут пешком Москва , ЮВАО , р-н Нижегородский , м. Нижегородская , Рязанский проспект , 2/2к1 60 000 ₽/мес. От года, комм. платежи включены (счётчики включены), комиссия 50%, залог 60 000 ₽ Уютная светлая студия в новом ЖК Аквилон Beside. Отличная транспортная доступность, качественный современный ЖК, развитая инфраструктура (много кафе, магазинов, ресторанов на любой вкус). Все абсолютно новое. Комфортно для одного арендатора. Агентство недвижимости SPENСER ESTATE Суперагент +7 985 053-22-... пять дней назад 8 апр, 12:58",,https://www.cian.ru/cat.php?deal_type=rent&district%5B0%5D=8&engine_version=2&offer_type=flat&room9=1&type=4&p=3,2026-04-14T05:59:55+00:00
1173,328887690,ЮВАО,https://www.cian.ru/rent/flat/328887690/?context=3.be9ZdN4KPYE.GTPgbV6-0YDTnLBpANW4Jn-0EoVpq6ycvW5WAEFjwKilq-vEf3noqM2dqRI3ifw0FeTAlb0Liutl1A&mlSearchSessionGuid=03243ab8baf29293b924d36ee5871ea2,1/12,165000,23.0,2,3,,"1/12 Апартаменты-студия, 23 м², 2/3 этаж Только на Циан Текстильщики 13 минут пешком Москва , ЮВАО , р-н Текстильщики , м. Текстильщики , Грайвороновская улица , 4С1 65 000 ₽/мес. На несколько месяцев, комм. платежи включены (счётчики включены), без комиссии, залог 10 000 ₽ Студия с современным ремонтом и стильным интерьером. В студии предусмотрено четыре спальных места, что делает её идеальной для семейного отдыха. Курение запрещено, но можно с детьми. В студии есть всё необходимое для комфортного проживания: холодильник, стиральная машина, телевизор с Wi-Fi. Из окон открывается вид во двор, создавая тихую атмосферу. Для удобства гостей предусмотрена бесплатная парковка. Кухня оборудована современной техникой, включая микроволновую печь и плиту. В ванной комнате установлена душевая кабина и современная сантехника. В наличии постельное бельё и средства гигиены по умолчанию на две персоны, дети до 4 лет размещаются бесплатно, но без доп постельного белья. При изменении количества персон сумма изменится и студию укомплектуют необходимым. Бесконтактное заселение обеспечивает дополнительную безопасность и удобство. В студии есть: Полотенца, Тапочки, Зубная щетка и паста, Шампунь, Гель для душа, Посуда для приготовления пищи. Находимся в 10 минутах ходьбы от станции метро Текстильщики. 11 км до Красной площади. Мы открыты к любым пожеланиям наших гостей относительно улучшения сервиса и готовы оперативно реагировать на любые запросы Риелтор Сергей Самаров Суперагент +7 917 513-18-... Написать вчера 12 апр, 12:40",,https://www.cian.ru/cat.php?deal_type=rent&district%5B0%5D=8&engine_version=2&offer_type=flat&room9=1&type=4&p=3,2026-04-14T05:59:55+00:00
1132,328567594,ЮВАО,https://www.cian.ru/rent/flat/328567594/?context=3.OlCqSwcgFV4.D855S8fHlXvCfnnOe9At6YY8ATN5jlwDL9G2DkZAPE5R_it5Ios99tWiY_Xxl1-Ba4IyOcW6Ed1UDA&mlSearchSessionGuid=d3bc10d92ad542c54f59be2467ecf994,1/22,167000,20.7,27,27,,"1/22 Студия, 20,7 м², 27/27 этаж Авиамоторная 11 минут пешком Москва , ЮВАО , р-н Лефортово , м. Авиамоторная , улица Крузенштерна , 10к1 67 000 ₽/мес. От года, комм. платежи включены (без счётчиков), комиссия 50%, без залога Дoлгоcрочная аренда (договoр нa 11 меcяцeв). Прeдcтaвляeм вaшeму внимaнию пpocторную, уютную студию плoщадью 20,7 кв.м. рacпoложeнную в ЖК Символ. Бытовая техника: кондиционер, телевизор, посудомоечная машина, хoлoдильник, варочная панель, микроволновая печь, cтиpальная машинa, элeктричecкий чайник. Есть все необходимое для комфортного и долгосрочного проживания, в т.ч. посуда. Удобства квартиры: - Встроенная посудомоечная машина; - Вместительные системы хранения; - Уютная просторная комната с красивым видом из окна; - Светлая, уютная ванная комната с современной сантехникой. Дом находится в районе с развитой инфраструктурой: в шаговой доступности остановки общественного транспорта, в 10 минутах пешком находится станция метро ""Авиамоторная"", в 15-20 минутах - станция ""Лефортово"". Рядом с домом расположены: продуктовые супермаркеты, пункты выдачи, аптеки и медицинские учреждения, кафе, рестораны. Преимущество ЖК Символ - безопасные дворы без машин с охраняемой территорией. Во дворе обустроены отдельные детские и спортивные площадки, а также экозоны для прогулок и отдыха. Условия проживания по Тарифу Комфортное проживание: - 50% от арендного платежа при заселении; - Раннее бронирование объекта (за 3 дня до заселения); - Персональный менеджер на всех этапах аренды быстро реагирует на запросы - большинство бытовых вопросов решаем за 48 часов; - Страхование гражданской ответственности до 0,3 млн ₽; - Организация мелкого ремонта. Коммунальные платежи: электроэнергия, хвс\гвс, услуги интернет провайдера, расходы за отопление дома/квартиры оплачивает арендатор. Заселение только при наличии постоянной регистрации РФ. Без животных Агентство недвижимости СМАРЕНТ Документы проверены +7 985 853-93-... Написать шесть дней назад 7 апр, 10:16",,https://www.cian.ru/cat.php?deal_type=rent&district%5B0%5D=8&engine_version=2&offer_type=flat&room9=1&type=4&p=2,2026-04-14T05:59:55+00:00
1094,328880801,ЮВАО,https://www.cian.ru/rent/flat/328880801/?context=3.Bq__URFh7MU.EIU5ty9rU1D-c8a9PGmgSaVjJ7AXvH5TxBzWpCF_D2mVwKSBkc6iHFUxEFq_F3U5YQ-9_nZe6MZU0A&mlSearchSessionGuid=f7b71d3e53b5d790b5ea3181b34d7eeb,1/19 Ещё фото,174990,28.0,3,13,,"1/19 Ещё фото Цивилизованная аренда от ДОМ РФ Апартаменты-студия, 28 м², 3/13 этаж Площадь Ильича 8 минут пешком Москва , ЮВАО , р-н Лефортово , м. Москва-Товарная , шоссе Энтузиастов , 3к1 74 990 ₽/мес. От года, комм. платежи включены (без счётчиков), без комиссии, залог 74 990 ₽ Идут показы с датой заселения после 25.04.2026. Апартамент доступен к просмотру и бронированию! Предлагается в долгосрочную аренду светлая студия в арендном доме ""Символ"" от ДОМ.РФ. 163 Доступна рассрочка оплаты депозита на 3 месяца! Без комиссии. Разрешено проживание с животными! Апартамент с индивидуальным интерьерным решением в современном стиле, качественной отделкой, мебелью и техникой для жизни от ведущих брендов (Hotpoint Ariston): - Встраиваемая бытовая техника; - Стиральная машина; - Электрическая варочная панель; - Холодильник; - Кондиционер; - Плазменный телевизор В квартире размещён полный комплект необходимой мебели: - современный кухонный гарнитур; - обеденный стол и 2 стула; - тумба под телевизор; - двуспальный раскладной диван; - вместительный шкаф; В квартире один совмещенный санузел с душевой кабиной, раковиной и зеркалом с подсветкой и стиральной машиной. Услуги консьерж-сервиса 24/7 включены в арендную плату (прием корреспонденции, заявок на ремонт, выдача гостевых пропусков, и т.д.), дополнительно можно заказать: доставку воды, уборку, стирку, глажку, уход за животными и многое другое. Разрешено проживание с животными! Территория ""Символ"" закрытая, установлено видеонаблюдение и действует система электронных пропусков. В доме отапливаемая подземная парковка. Район с развитой инфраструктурой: в 5 минутах езды всевозможные развлекательные кластеры, такие как Винзавод, Артплей, Арма и ТРЦ Атриум. Поблизости располагаются несколько школ, детских садов, поликлиник, фитнес-центров, парков и супермаркетов. Хорошо развита транспортная сеть: в пешей доступности есть несколько станций метро (Римская-6 мин, Площадь Ильича- 6 мин), 350 метров до ТТК, а до Садового кольца всего 2 км. Услуги 24/7 ВКЛЮЧЕНЫ В АРЕНДНУЮ ПЛАТУ! (прием корреспонденции, заявок на ремонт, выдача гостевых пропусков и т.д.). Удобный и доступный сервис дополнительных услуг: уборка, стирка, глажка, а также присмотр за животными и др. При заселении оплачивается стоимость аренды за первый месяц. При заключении договора аренды до 30 апреля доступна рассрочка оплаты депозита на 3 месяца! Дополнительно оплачиваются только счетчики коммунальных услуг. Аренда от ДОМ.РФ - это не просто квадратные метры. ДОМ.РФ",,https://www.cian.ru/cat.php?deal_type=rent&district%5B0%5D=8&engine_version=2&offer_type=flat&room9=1&type=4&p=1,2026-04-14T05:59:55+00:00
1093,328499468,ЮВАО,https://www.cian.ru/rent/flat/328499468/?context=3.2kNZ2Yx6IwQ.huBEGPWun6AbFo6xYrKD2a4e-Fo4wk-FjtBKc8HsubkDtqt-Szo9g0Mtswf0qE-XB7YMbaMZ3wE4jw&mlSearchSessionGuid=f7b71d3e53b5d790b5ea3181b34d7eeb,1/19 Ещё фото,178990,29.0,10,13,,"1/19 Ещё фото Цивилизованная аренда от ДОМ РФ Апартаменты-студия, 29 м², 10/13 этаж Только на Циан Площадь Ильича 8 минут пешком Москва , ЮВАО , р-н Лефортово , м. Москва-Товарная , шоссе Энтузиастов , 3к1 78 990 ₽/мес. От года, комм. платежи включены (без счётчиков), без комиссии, залог 78 990 ₽ Идут показы с датой заселения после 25.04.2026. Апартамент доступен к просмотру и бронированию! Предлагается в долгосрочную аренду светлая студия в арендном доме ""Символ"" от ДОМ.РФ. 54 Доступна рассрочка оплаты депозита на 3 месяца! Без комиссии. Разрешено проживание с животными! Апартамент с индивидуальным интерьерным решением в современном стиле, качественной отделкой, мебелью и техникой для жизни от ведущих брендов (Hotpoint Ariston): - Встраиваемая бытовая техника; - Стиральная машина; - Электрическая варочная панель; - Холодильник; - Кондиционер; - Плазменный телевизор В квартире размещён полный комплект необходимой мебели: - современный кухонный гарнитур; - обеденный стол и 2 стула; - тумба под телевизор; - двуспальный раскладной диван; - вместительный шкаф; В квартире один совмещенный санузел с душевой кабиной, раковиной и зеркалом с подсветкой и стиральной машиной. Услуги консьерж-сервиса 24/7 включены в арендную плату (прием корреспонденции, заявок на ремонт, выдача гостевых пропусков, и т.д.), дополнительно можно заказать: доставку воды, уборку, стирку, глажку, уход за животными и многое другое. Разрешено проживание с животными! Территория ""Символ"" закрытая, установлено видеонаблюдение и действует система электронных пропусков. В доме отапливаемая подземная парковка. Район с развитой инфраструктурой: в 5 минутах езды всевозможные развлекательные кластеры, такие как Винзавод, Артплей, Арма и ТРЦ Атриум. Поблизости располагаются несколько школ, детских садов, поликлиник, фитнес-центров, парков и супермаркетов. Хорошо развита транспортная сеть: в пешей доступности есть несколько станций метро (Римская-6 мин, Площадь Ильича- 6 мин), 350 метров до ТТК, а до Садового кольца всего 2 км. Услуги 24/7 ВКЛЮЧЕНЫ В АРЕНДНУЮ ПЛАТУ! (прием корреспонденции, заявок на ремонт, выдача гостевых пропусков и т.д.). Удобный и доступный сервис дополнительных услуг: уборка, стирка, глажка, а также присмотр за животными и др. При заселении оплачивается стоимость аренды за первый месяц. При заключении договора аренды до 30 апреля доступна рассрочка оплаты депозита на 3 месяца! Дополнительно оплачиваются только счетчики коммунальных услуг. Аренда от ДОМ.РФ - это не просто квадратны",,https://www.cian.ru/cat.php?deal_type=rent&district%5B0%5D=8&engine_version=2&offer_type=flat&room9=1&type=4&p=1,2026-04-14T05:59:55+00:00
1106,321344783,ЮВАО,https://www.cian.ru/rent/flat/321344783/?context=3.C5HaIU_KLPI.a1NFI95rFnatSSZj3wu9QrgaBNzrblJ-4FbLlVAThZqeSlLVLKZeGcsfkGpWS4m_s_b3QDTfRzsDPw&mlSearchSessionGuid=f7b71d3e53b5d790b5ea3181b34d7eeb,1/22,190000,32.0,5,14,,"1/22 Студия, 32 м², 5/14 этаж Только на Циан Римская 10 минут пешком Москва , ЮВАО , р-н Лефортово , м. Серп и Молот , проезд Шелихова , 1к1 90 000 ₽/мес. От года, комм. платежи включены (без счётчиков), без комиссии, залог 90 000 ₽ Квартира в ЖК Символ, доме бизнес класса. Сдаётся впервые и на длительный срок. Оборудована всем необходимым: телевизор, интернет, на кухне встроенная техника (духовой шкаф, посудомоечная машина, холодильник, морозильная камера). Грамотно продуманная система хранения. Кондиционер, подогрев пола, видео домофон. Грамотно продуманная входная группа в подъезде с зоной коворкинга. Риелтор Ольга Цегельная Суперагент +7 916 043-84-... Написать вчера вчера, 11:10",,https://www.cian.ru/cat.php?deal_type=rent&district%5B0%5D=8&engine_version=2&offer_type=flat&room9=1&type=4&p=1,2026-04-14T05:59:55+00:00
1117,328221715,ЮВАО,https://www.cian.ru/rent/flat/328221715/?context=3.nz-gBE_CAgo.RASEAovZo4pQAcv1Hjp8dyxuGxCZwhcezulYPFOFIXn4fAV_Qx4J3ls6-xVZYHpJ8BKH4XW2O6gYkw&mlSearchSessionGuid=f7b71d3e53b5d790b5ea3181b34d7eeb,1/49,199000,32.0,1,14,,"1/49 Новая дизайнерская квартира Студия, 32 м², 1/14 этаж Римская 10 минут пешком Москва , ЮВАО , р-н Лефортово , м. Серп и Молот , проезд Шелихова , 1к1 99 000 ₽/мес. От года, комм. платежи включены (без счётчиков), без комиссии, залог 99 000 ₽ Предлагаем квартиру в ЖК бизнес-класса ""Символ"" с охраняемой территорий, видеонаблюдением и консьерж-сервисом. Свежий дизайнерский ремонт. Все новое, никто не проживал! Квартира представляет собой идеальный вариант для тех, кто ценит комфорт, современный дизайн и удобное расположение. До метро 7 минут пешком. до центра города 4,5 км ЖК ""Символ"" славится своей развитой инфраструктурой, включающей в себя все необходимое для комфортной жизни: магазины, кафе, фитнес-центры, детские площадки и зоны отдыха. Транспортная доступность комплекса также на высоте, что обеспечивает легкий доступ к любой точке города. Огромная территория-парк Зеленая река между всеми корпусами открыт для прогулок и отдыха жителей всех возрастов. В домах жителям доступны различные общественные пространства: детские и подростковые игровые, коворкинги, фитнес-румы, репетиторские, лаунжи. На крышах некоторых корпусов расположены креативные пространства Условия оплаты: аренда + счетчики (вода, электричество) Прямая сдача. Без комиссии. Риэлторы и агенты, просьба не беспокоить. Сдается платежеспособным и аккуратным арендаторам. Залог обязателен. Подробности и запись на просмотр по телефону. Риелтор Наталия Долгих Документы проверены +7 985 065-28-... Написать вчера вчера, 20:56",,https://www.cian.ru/cat.php?deal_type=rent&district%5B0%5D=8&engine_version=2&offer_type=flat&room9=1&type=4&p=1,2026-04-14T05:59:55+00:00
1096,328604135,ЮВАО,https://www.cian.ru/rent/flat/328604135/?context=3.4x8AocuJM1E.ks0TmpilUizxFfL5Hbq__gBZa4xBVAJMnc4c7xTUdeYbgStPV5k_CnJrmLU1nZcSe-JU-RPZ3OIK8Q&mlSearchSessionGuid=f7b71d3e53b5d790b5ea3181b34d7eeb,1/14 Ещё фото,244500,23.0,9,33,,"1/14 Ещё фото Пешком до МЦД! Студия, 23 м², 9/33 этаж Перерва 4 минуты пешком Москва , ЮВАО , р-н Люблино , м. Перерва , Иловайская улица , 2 44 500 ₽/мес. От года, комм. платежи включены (без счётчиков), комиссия 30%, залог 43 000 ₽ Сдаётся светлая студия с евроремонтом и совмещённым санузлом в ЖК Люблинский Парк! Её можно посмотреть когда Вам удобно: бронируете время, забираете ключи и спокойно осматриваете. Если всё понравится, договор подпишем онлайн и будем поддерживать Вас на всех этапах аренды. В квартире есть: - Кухонный гарнитур; - Холодильник; - Стиральная машина; - Кондиционер; - Интернет проведён. Полы - ламинат и плитка. Окна выходят во двор, есть бесплатная парковка. Собственник готов заселить не более 2 взрослых жильцов с детьми. С домашним питомцем нельзя. Дом находится в районе с развитой инфраструктурой, рядом расположены: - Гипермаркет Ашан и ТЦ Бум; - Парк им. Артёма Боровика и Парк Героев Отечественной войны 1812. В пешей доступности школы и детские сады, салоны красоты и парикмахерские, кафе и закусочные, заправки и автосервисы, колледж, культурный центр, фитнес-клубы, бассейн и кинотеатр. До МЦД-2 Перерва 7 минут пешком, до м. Братиславская 20 минут. Агентство недвижимости ПИК-Аренда Документы проверены Посмотреть все объекты +7 985 687-95-... Написать вчера вчера, 18:32",,https://www.cian.ru/cat.php?deal_type=rent&district%5B0%5D=8&engine_version=2&offer_type=flat&room9=1&type=4&p=1,2026-04-14T05:59:55+00:00
1134,326423378,ЮВАО,https://www.cian.ru/rent/flat/326423378/?context=3.PYJ647SUHko.SSAVjiASSArBB8ARDr-rhG7qtB2ouT12C1IOlMpU0RLKIvUuJD6hJ7ngv1MXd5tPi7ADfcthUn35tg&mlSearchSessionGuid=d3bc10d92ad542c54f59be2467ecf994,1/10,245000,18.0,1,5,,"1/10 Студия, 18 м², 1/5 этаж Текстильщики 7 минут пешком Москва , ЮВАО , р-н Текстильщики , м. Текстильщики , Люблинская улица , 17К2 45 000 ₽/мес. От года, комм. платежи включены (без счётчиков), комиссия 100%, залог 45 000 ₽ Арт. 112495345 Залог разбиваем! Уютная и чистая 1-комнатная квартира. Имеется вся необходимая мебель и бытовая техника для комфортного проживания. Развитая инфраструктура, всё в пешей доступности. До метро Текстильщики 7 минут пешком. Звоните. Пишите. Агентство недвижимости Самолет Плюс Запад Документы проверены +7 916 433-59-... Написать вчера вчера, 17:10",,https://www.cian.ru/cat.php?deal_type=rent&district%5B0%5D=8&engine_version=2&offer_type=flat&room9=1&type=4&p=2,2026-04-14T05:59:55+00:00
1167,327971019,ЮВАО,https://www.cian.ru/rent/flat/327971019/?context=3.w7tYu1ePm3Y.RJpqljwiDcCbkQH_QvcDKVefBUafX1KNtHI23PV7LQIIZ_WUQJ_q9qz3YkoXcBb-z8MTKnU3MwGJig&mlSearchSessionGuid=03243ab8baf29293b924d36ee5871ea2,1/14,245000,20.0,2,5,,"1/14 Студия, 20 м², 2/5 этаж Только на Циан Текстильщики 12 минут пешком Москва , ЮВАО , р-н Текстильщики , м. Текстильщики , улица Артюхиной , 6К2 45 000 ₽/мес. От года, комм. платежи включены (без счётчиков), комиссия 40%, залог 45 000 ₽ К сдаче предлагается студия в пешей доступности от станций метро Текстильщики. Хороший район с развитой инфраструктурой. Рядом есть сетевые продуктовые магазины, аптеки, кафе, ПВЗ и многое другое. В квартире выполнен качественный ремонт, есть вся необходимая мебель и бытовая техника: плита, микроволновая печь, стиральная машина, шкаф, раскладной диван. Оперативный показ и заселение. Прекрасный собственник. Агентство недвижимости Лига недвижимости Суперагент +7 923 077-93-... Написать неделю назад 1 апр, 09:12",,https://www.cian.ru/cat.php?deal_type=rent&district%5B0%5D=8&engine_version=2&offer_type=flat&room9=1&type=4&p=3,2026-04-14T05:59:55+00:00
1125,328051633,ЮВАО,https://www.cian.ru/rent/flat/328051633/?context=3.vVEpAJKAbXo.XoUjUnRb8STr0HLG6K2sZuDO3iyxX-5o8unQTorBk3wjg1lXbMFNYRi4UFBbEk2HxqFFuh4qG_Ec7Q&mlSearchSessionGuid=d3bc10d92ad542c54f59be2467ecf994,1/12,247000,20.0,23,33,,"1/12 Студия, 20 м², 23/33 этаж Только на Циан Перерва 4 минуты пешком Москва , ЮВАО , р-н Люблино , м. Перерва , Иловайская улица , 2 47 000 ₽/мес. От года, комм. платежи включены (без счётчиков), без комиссии, залог 47 000 ₽ Без комиссии! Напрямую от собственника. Сдаем уютную студию площадью 20 кв. м на 23-м этаже нового дома 2025 года постройки. Квартира находится всего в 4 минутах пешком от станции МЦД, что делает ее расположение особенно удобным для тех, кто ценит время. В квартире свежий ремонт, который создает современную и стильную атмосферу. Оборудована всей необходимой техникой: кондиционером, холодильником, посудомоечной и стиральной машинами. Удобная кровать 140*200 с ортопедическим матрасом подарит отличный сон. Комната и кухня полностью меблированы, а в ванной комнате установлена душевая кабина, что делает проживание здесь максимально комфортным. Дом оснащен четырьмя грузовыми лифтами и подземной парковкой, поэтому можно не беспокоиться о парковке вашего автомобиля. Это современное здание с высоким уровнем комфорта и безопасности. Вокруг дома развита инфраструктура. Квартира сдается в аренду от собственника без комиссии! Собственник ID 19467203 Документы проверены Назначить просмотр два дня назад 11 апр, 13:15",,https://www.cian.ru/cat.php?deal_type=rent&district%5B0%5D=8&engine_version=2&offer_type=flat&room9=1&type=4&p=2,2026-04-14T05:59:55+00:00
1151,328214421,ЮВАО,https://www.cian.ru/rent/flat/328214421/?context=3.ikc-uAewMmA.u81OxsX7FqDhjbnsvnniiGkvgfXlwvfdjg94XE1EypURvljE9m5VHqIKl5X-DqXt-JNvZTgJN5xGLg&mlSearchSessionGuid=03243ab8baf29293b924d36ee5871ea2,1/6,247000,20.0,1,17,,"1/6 Студия, 20 м², 1/17 этаж Жулебино 8 минут пешком Москва , ЮВАО , р-н Выхино-Жулебино , м. Котельники , Привольная улица , 73К2 47 000 ₽/мес. От года, комм. платежи включены (без счётчиков), комиссия 60%, без залога Без залога и депозита. Сдаётся квартира- студия, от метро до 5 минут пешком. Район с хорошей инфраструктурой. Высокий первый этаж. Квартира полностью укомплектована современной мебелью и бытовой техникой. Есть всё для комфортного проживания. Рассмотрим всех платежеспособных , показ оперативно. Риелтор Ольга Кадырова Суперагент +7 916 956-33-... Написать неделю назад 31 мар, 09:43",,https://www.cian.ru/cat.php?deal_type=rent&district%5B0%5D=8&engine_version=2&offer_type=flat&room9=1&type=4&p=3,2026-04-14T05:59:55+00:00
1137,326149369,ЮВАО,https://www.cian.ru/rent/flat/326149369/?context=3.hfvqYo73rng.BuspbPfe2WfajwoDu6NRxWVXAklwghC_wVENFiHccI0PYEG8Defo2uOvURcZuFt3Q8oUMG_icpF3AQ&mlSearchSessionGuid=d3bc10d92ad542c54f59be2467ecf994,1/27,250000,23.5,3,33,,"1/27 Студия, 23,5 м², 3/33 этаж Только на Циан Новохохловская 6 минут пешком Москва , ЮВАО , р-н Нижегородский , м. Новохохловская , Новохохловская улица , 15к2 50 000 ₽/мес. От года, комм. платежи включены (без счётчиков), комиссия 100%, залог 50 000 ₽ Сдается квартира в современном доме. В квартире есть вся необходимая мебель и техника. Высокоразвитый район: школы, детские сады, продуктовые магазины (Магнит, Пятерочка и т.п.), ТЦ Три-D, ТЦ Город. В пешей доступности МЦД Новохохловская. Ищем допропорядочных Нанимателей, преимущественно 1-2 человека, пару. Можно с ребенком. Животные обсуждаются отдельно. По оплате: - 50 тыс. р. - ежемесячный платеж (плюс 1-2 т. р. за счетчики и интернет); - 50 тыс. р. - депозит/залог (можно разбить на 2 части). Ключи у меня, показываю по договоренности. Агентство недвижимости Этажи Москва Документы проверены +7 985 873-66-... Написать 2 недели назад 25 мар, 12:03",,https://www.cian.ru/cat.php?deal_type=rent&district%5B0%5D=8&engine_version=2&offer_type=flat&room9=1&type=4&p=2,2026-04-14T05:59:55+00:00
1161,328104848,ЮВАО,https://www.cian.ru/rent/flat/328104848/?context=3.V7V34Et4WOo.AUpfK74tl6tQh1Wa2q24hHGpuUFDhuHHgUA52673RXKbmGU6u7ZP1lL104XCsPOq9ZO3a6TxaJbxaQ&mlSearchSessionGuid=03243ab8baf29293b924d36ee5871ea2,1/6,250000,21.0,23,25,,"1/6 Студия, 21 м², 23/25 этаж Депо 18 минут пешком Москва , ЮВАО , р-н Люблино , м. Депо , Люблинская улица , 72Ак2 50 000 ₽/мес. От года, комм. платежи включены (без счётчиков), комиссия 50%, залог 50 000 ₽ Новая студия в ЖК Люблинский парк | никто не жил | 23 этаж Сдаётся новая студия с современным ремонтом в ЖК Люблинский парк. Квартира ранее не сдавалась — никто не жил, полностью укомплектована мебелью и техникой. Формат заезжай и живи. Квартира расположена на высоком 23 этаже, благодаря чему открывается просторный городской вид без эффекта окно в окно, что редкость для плотной застройки района. Высокий этаж делает квартиру более светлой, тихой и приватной. Транспортная доступность: • 15 минут пешком до метро Братиславская • 20 минут до метро Люблино • 12 минут транспортом до метро Текстильщики (другая ветка метро) • остановки общественного транспорта в 35 минутах от дома • удобный выезд на Люблинскую улицу • 7 км до МКАД, 8 км до ТТК Функциональная планировка: — кухня-гостиная с барной зоной — диван — вместительный шкаф — удобная прихожая с системой хранения В квартире есть вся необходимая техника: • варочная панель • духовой шкаф • холодильник • стиральная машина Современный санузел с душевой кабиной. Квартира светлая, аккуратная и очень уютная. Подойдёт для одного человека или пары. В квартире нет системы умный дом, но в комплексе предусмотрено удобное управление через специальный планшет, который выдаётся жителям — можно дистанционно управлять некоторыми функциями квартиры. Квартира новая, ранее не сдавалась. Собственник заинтересован в аккуратных и долгосрочных арендаторах. В доме и во дворе уже работает вся инфраструктура: магазины, кафе, сервисы и пункты выдачи. Стоимость аренды: 50 000 ₽ в месяц. Квартира свободна и готова к заселению. Оперативный показ. Риелтор Александр Жабин Суперагент +7 917 580-51-... Написать 3 недели назад 23 мар, 16:51",,https://www.cian.ru/cat.php?deal_type=rent&district%5B0%5D=8&engine_version=2&offer_type=flat&room9=1&type=4&p=3,2026-04-14T05:59:55+00:00
1102,328068984,ЮВАО,https://www.cian.ru/rent/flat/328068984/?context=3._XTzew__Z58.HdBS3Wu-w9sRY_WIw7YNcMMZk-qoHP3w1tZGE1gJz4tg5i1s8-WlO3heECYpC1Rn5nNEdon-vLEqNw&mlSearchSessionGuid=f7b71d3e53b5d790b5ea3181b34d7eeb,1/15 Ещё фото,251000,21.0,22,25,,"1/15 Ещё фото Без залога! Пешком до МЦД Студия, 21 м², 22/25 этаж Депо 18 минут пешком Москва , ЮВАО , р-н Люблино , м. Депо , Люблинская улица , 72Ак2 51 000 ₽/мес. От года, комм. платежи включены (без счётчиков), комиссия 60%, без залога Сдаётся светлая квартира-студия с евроремонтом и совмещённым санузлом в ЖК Люблинский Парк, без депозита! Её можно посмотреть когда Вам удобно: бронируете время, забираете ключи и спокойно осматриваете. Если всё понравится, договор подпишем онлайн и будем поддерживать Вас на всех этапах аренды. В квартире есть: - кухонный гарнитур; - кондиционер; - холодильник; - стиральная машина; - варочная панель; - духовой шкаф; - микроволновая печь. Под диваном есть место для хранения. Проведён интернет. Полы ламинат и плитка. Окна выходят во двор, на север. Есть бесплатная парковка. Собственник готов заселить не более 2 взрослых жильцов с детьми, докупить мебель/технику или заключить договор с юридическим лицом. Возможно заселиться с собакой или питомцем в клетке/аквариуме. Дом находится в районе с развитой инфраструктурой: в пешей доступности школы и детские сады, салоны красоты и парикмахерские, кафе и закусочные, заправки и автосервисы, колледж, культурный центр, фитнес-клубы, бассейн и кинотеатр. Недалеко гипермаркет Ашан, ТЦ Бум, парк им. Артёма Боровика и парк Героев Отечественной войны 1812 года. До МЦД-2 Перерва 20 минут пешком, до м. Братиславская 20 минут на общественном транспорте. Агентство недвижимости ПИК-Аренда Документы проверены Посмотреть все объекты +7 986 274-33-... Написать вчера вчера, 15:41",,https://www.cian.ru/cat.php?deal_type=rent&district%5B0%5D=8&engine_version=2&offer_type=flat&room9=1&type=4&p=1,2026-04-14T05:59:55+00:00
1133,328008898,ЮВАО,https://www.cian.ru/rent/flat/328008898/?context=3.ma2nlfgAVVI.tJ_B4e_W9-6nqEaT2tY07nuscqy-p2Cm5FX1I_zArMm1WfgzHWi4SRLLX2ITnDjeyKfqX3pxRI5dFQ&mlSearchSessionGuid=d3bc10d92ad542c54f59be2467ecf994,1/24,253000,23.6,26,33,,"1/24 Студия, 23,6 м², 26/33 этаж Окская 10 минут пешком Москва , ЮВАО , р-н Рязанский , м. Окская , улица Михайлова , 30Ак2 53 000 ₽/мес. От года, комм. платежи включены (без счётчиков), комиссия 50%, без залога Дoлгocрoчная аpенда (договoр нa 11 месяцeв). Cтильнaя и cветлaя студия в ЖК Михaйлoвский Пapк, площадь кв.м. 23.6. Meбель: вмeститeльный шкaф, удобный pасклaднoй диван, куxoнный гаpнитуp, обeденная зона, pабoчая зoнa, кoмод. Бытовая техника: Стиральная машина, холодильник, вытяжка, варочная панель, электрический чайник, микроволновая печь. Район обладает развитой инфраструктурой: В пешей доступности детские сады, школы, поликлиники, магазины, фитнес-клуб, ТЦ Рязанский. До большого Кусковского лесопарка со старинной усадьбой Кусково и прудом 20 минут пешком по прямой. 10 мин. ходьбы до метро Окская и в 15 мин. пешком до метро Рязанский проспект Условия проживания по Тарифу Комфортное проживание - комиссия 50% от арендного платежа; - Раннее бронирование объекта (за 3 дней до заселения); - Персональный менеджер на всех этапах аренды быстро реагирует на запросы - большинство бытовых вопросов решаем за 48 часов; - Страхование гражданской ответственности до 300 000 ₽; - Организация мелкого ремонта. - Заселение с детьми (возраст детей от 6 лет). Коммунальные платежи: электроэнергия, хвс\гвс, услуги интернет провайдера, расходы за отопление (при наличии счетчика) дома/квартиры оплачивает арендатор. Заселение только при наличии постоянной регистрации РФ Без животных Агентство недвижимости СМАРЕНТ Документы проверены +7 985 853-93-... Написать пять дней назад 8 апр, 14:16",,https://www.cian.ru/cat.php?deal_type=rent&district%5B0%5D=8&engine_version=2&offer_type=flat&room9=1&type=4&p=2,2026-04-14T05:59:55+00:00
1099,328922251,ЮВАО,https://www.cian.ru/rent/flat/328922251/?context=3.db_YZawDn_I.RFsEFTar4Ma4Mz2zzw8gzfY_ipURTJSFOvER4C2M42P2klxJo5g2hvecr-ppBCT2HTKca-TYLpxKqQ&mlSearchSessionGuid=f7b71d3e53b5d790b5ea3181b34d7eeb,1/14 Ещё фото,253100,19.6,4,17,,"1/14 Ещё фото Студия, 19,6 м², 4/17 этаж Братиславская 3 минуты на транспорте Москва , ЮВАО , р-н Люблино , м. Перерва , Иловайская улица , 2 53 100 ₽/мес. От года, комм. платежи включены (без счётчиков), комиссия 60%, без залога Сдаётся светлая квартира-студия с евроремонтом и совмещённым санузлом в Люблинский Парк, без депозита! Её можно посмотреть когда Вам удобно: бронируете время, забираете ключи и спокойно осматриваете. Если всё понравится, договор подпишем онлайн и будем поддерживать Вас на всех этапах аренды. В квартире есть: - Интернет с роутером; - Телевизор; - Холодильник; - Стиральная машина; - Кондиционер; - Микроволновая печь; - Варочная панель; - Духовой шкаф. Полы ламинат и плитка. Окна выходят во двор, есть бесплатная парковка. Собственник готов заселить не более 2 взрослых жильцов с детьми, докупить мебель/технику и заключить договор с юридическим лицом. Можно с небольшой собачкой. Дом расположен в районе с развитой инфраструктурой, рядом находятся: - Гипермаркет Ашан; - Парк Героев Отечественной войны 1812 года. На территории жилого комплекса обустроены детские игровые и спортивные площадки, зоны для прогулок и отдыха. В пешей доступности школы и детские сады, салоны красоты и парикмахерские, кафе, пекарни и закусочные, заправки и автосервисы, колледж, культурный центр и кинотеатр, аптеки, медицинские учреждения. До МЦД-2 Перерва 6 минут пешком, до м. Братиславская 15 минут на общественном транспорте. Агентство недвижимости ПИК-Аренда Документы проверены Посмотреть все объекты +7 917 506-34-... Написать вчера вчера, 16:24",,https://www.cian.ru/cat.php?deal_type=rent&district%5B0%5D=8&engine_version=2&offer_type=flat&room9=1&type=4&p=1,2026-04-14T05:59:55+00:00
1103,328651703,ЮВАО,https://www.cian.ru/rent/flat/328651703/?context=3.ntR8edT2Ivc.d9pQPyzI66N9USqYHqQzHKWe6JDX8J-yXeUxEulagYriQ38zRN-ueDXMFZ4glqu5RUVqVDNscxzlsA&mlSearchSessionGuid=f7b71d3e53b5d790b5ea3181b34d7eeb,1/16 Ещё фото,253100,19.6,2,15,,"1/16 Ещё фото Без депозита! Рядом МЦД Студия, 19,6 м², 2/15 этаж Депо 18 минут пешком Москва , ЮВАО , р-н Люблино , м. Депо , Люблинская улица , 72Ак2 53 100 ₽/мес. От года, комм. платежи включены (без счётчиков), комиссия 30%, без залога Сдаётся квартира-студия с евроремонтом и совмещённым санузлом в ЖК Люблинский Парк, без депозита! Её можно посмотреть когда Вам удобно: бронируете время, забираете ключи и спокойно осматриваете. Если всё понравится, договор подпишем онлайн и будем поддерживать Вас на всех этапах аренды. Квартира оборудована кухонным гарнитуром, можно обсудить покупку необходимой мебели в счёт арендной платы. Интернет проведён. Полы ламинат и плитка. Окна выходят на улицу, есть бесплатная парковка. Собственник готов заселить не более 2 взрослых жильцов с детьми, оформить и заключить договор с юридическим лицом. Можно с домашним питомцем. Дом находится в районе с развитой инфраструктурой, рядом: - Гипермаркет Ашан; - ТЦ Бум; - Парк им. Артёма Боровика; - Парк Героев Отечественной войны 1812 года. Также в пешей доступности школы и детские сады, салоны красоты, кафе, заправки и автосервисы, колледж, культурный центр, фитнес-клуб, бассейн и кинотеатр. До МЦД-2 Перерва 20 минут пешком, до м. Братиславская 20 минут на общественном транспорте. Агентство недвижимости ПИК-Аренда Документы проверены Посмотреть все объекты +7 986 248-10-... Написать вчера вчера, 16:26",,https://www.cian.ru/cat.php?deal_type=rent&district%5B0%5D=8&engine_version=2&offer_type=flat&room9=1&type=4&p=1,2026-04-14T05:59:55+00:00
1121,323960207,ЮВАО,https://www.cian.ru/rent/flat/323960207/?context=3.W8Q9wZC02LI.bFVAdYvQiZ7PgPVHWZzF_A0eVIt2tUBoiPGGvbU5L7KQ3rV_sA3j2VzKDQ0DauvynleLQRR7u4YDyw&mlSearchSessionGuid=d3bc10d92ad542c54f59be2467ecf994,1/26,255000,28.0,21,33,,"1/26 Студия, 28 м², 21/33 этаж Перерва 4 минуты пешком Москва , ЮВАО , р-н Люблино , м. Перерва , Иловайская улица , 2 55 000 ₽/мес. От года, комм. платежи включены (без счётчиков), комиссия 80%, залог 60 000 ₽ Сдается уютная квартира свободной планировки в новом ЖК. В квартире есть всё для комфортного проживания: мебель, бытовая техника телевизор, холодильник, стиральная машина, кондиционер, духовка, электроплита от западных брендов, ортопедическая кровать 160200, продуманы зоны отдыха, сна, хранения и т.д. ЖК находится в окружении развитой социальной и коммерческой инфраструктуры - детский сад, различные образовательные учреждения, сетевые супермаркеты (Пятёрочка, ВкусВилл) , ПВЗ (Озон, WB), скоро открытие нескольких кафе и ресторанов. В пешей доступности - Люблинский парк, станции метро Перерва, Братиславская и Марьино. Квартира сдается на длительный срок одному 1 человеку от 30 лет без вредных привычек, без детей и животных. Риелтор Жанна Шойбекова Суперагент +7 916 632-93-... Написать вчера вчера, 09:49",,https://www.cian.ru/cat.php?deal_type=rent&district%5B0%5D=8&engine_version=2&offer_type=flat&room9=1&type=4&p=2,2026-04-14T05:59:55+00:00
1163,328145829,ЮВАО,https://www.cian.ru/rent/flat/328145829/?context=3.OOswNDthZ9k.pIVRbEB_8lmYbmq1OUUQeUehP7xwjKj6vKwRoQA8-qHaIxbkiDDSSlk-NcYtA5hRxuHsZSaOS--2kA&mlSearchSessionGuid=03243ab8baf29293b924d36ee5871ea2,1/22,255000,22.0,8,23,,"1/22 Студия, 22 м², 8/23 этаж Только на Циан Новохохловская 14 минут пешком Москва , ЮВАО , р-н Текстильщики , м. Новохохловская , 1-й Грайвороновский проезд , 13к2 55 000 ₽/мес. От года, комм. платежи включены (без счётчиков), без комиссии, залог 55 000 ₽ Уютная студия, общей площадью 22 кв.м.Для комфортного проживания есть вся необходимая мебель и бытовая техника. Санузел совмещенный, душевая кабина. Вместительный шкаф. Хорошо развитая инфраструктура. Агентство недвижимости Триумф Суперагент +7 968 237-87-... Написать неделю назад 4 апр, 11:15",,https://www.cian.ru/cat.php?deal_type=rent&district%5B0%5D=8&engine_version=2&offer_type=flat&room9=1&type=4&p=3,2026-04-14T05:59:55+00:00
1162,327867999,ЮВАО,https://www.cian.ru/rent/flat/327867999/?context=3.G_ETAJ73llA.nhPiouKRYySs6eaWks8166DIWipiYkHtc6hUuyGS0Umx5tuZZXJzqFxkuaf5d16405PTdSCVeF77jg&mlSearchSessionGuid=03243ab8baf29293b924d36ee5871ea2,1/9,257000,22.0,9,25,,"1/9 Студия, 22 м², 9/25 этаж Нижегородская 12 минут пешком Москва , ЮВАО , р-н Нижегородский , м. Нижегородская , Рязанский проспект , 2/2к2 57 000 ₽/мес. От года, комм. платежи включены (без счётчиков), комиссия 50%, залог 25 000 ₽ Новая студия с балконом | 22 м² | 10 мин до транспортного хаба | метро + МЦК + БКЛ + МЦД ЖК Аквилон Beside Параметры квартиры • площадь 22 м² • 9 этаж из 25 • балкон • новый современный дом комфорт-плюс класса • система умный дом • квартира абсолютно новая — никто не жил Светлая студия с современным ремонтом и функциональной мебелью. Продуманная система хранения в прихожей, аккуратный интерьер и рациональная планировка — комфортно для проживания одного человека или пары. Удобная транспортная доступность: 10 минут пешком до крупного транспортного узла Нижегородская (метро, МЦК, БКЛ, МЦД). Рядом также станция Стахановская. Формат — заезжай и живи. Стоимость: 57 000 ₽ / месяц. Риелтор Александр Жабин Суперагент +7 917 580-51-... Написать неделю назад 3 апр, 00:18",,https://www.cian.ru/cat.php?deal_type=rent&district%5B0%5D=8&engine_version=2&offer_type=flat&room9=1&type=4&p=3,2026-04-14T05:59:55+00:00
1127,324359709,ЮВАО,https://www.cian.ru/rent/flat/324359709/?context=3.rzybGu3J8Q0.0S_VGLyGp57G4RFtsYGLjgS1UmnUMuAvxNEhwF-HEzTOy4pcU7fiU5I1MmqPtJYAg2h7jzK3keIgJg&mlSearchSessionGuid=d3bc10d92ad542c54f59be2467ecf994,1/8,260000,34.0,9,33,,"1/8 Студия, 34 м², 9/33 этаж Перерва 4 минуты пешком Москва , ЮВАО , р-н Люблино , м. Перерва , Иловайская улица , 2 60 000 ₽/мес. От года, комм. платежи включены (без счётчиков), комиссия 50%, залог 60 000 ₽ ==ЛОТ 223269 ==Сдается 1 комн. квартира студия в современном ЖК после ремонта на длительный срок. Предпочтительно семье с ребенком от 4 лет. Квартира укомплектована всей необходимой мебелью и техникой. Тихий, уютный двор. Доброжелательные соседи. Прекрасная инфраструктура: метро, дет. сад, школа, магазины, парки в шаговой доступности. Рассмотрим граждан РФ, не конфликтных и платежеспособных. Все условия прописываются в договоре. Агентство недвижимости Замоскворечье Суперагент +7 923 078-46-... Написать неделю назад 3 апр, 13:25",,https://www.cian.ru/cat.php?deal_type=rent&district%5B0%5D=8&engine_version=2&offer_type=flat&room9=1&type=4&p=2,2026-04-14T05:59:55+00:00
1136,328571046,ЮВАО,https://www.cian.ru/rent/flat/328571046/?context=3.Bp52npCimSY.DvF5eEjVv-FWpUZ5xXmkEJwzz-ojkQVDFwXPEYWeOJHc9QKwRh8EeO38teZ2IXtSvvW63aWwNPqlmA&mlSearchSessionGuid=d3bc10d92ad542c54f59be2467ecf994,1/19,260000,23.6,18,37,,"1/19 Студия, 23,6 м², 18/37 этаж Нижегородская 10 минут пешком Москва , ЮВАО , р-н Нижегородский , м. Нижегородская , Перовское шоссе , 2к2 60 000 ₽/мес. От года, комм. платежи включены (без счётчиков), комиссия 50%, без залога Дoлгоcрочная аренда (договoр нa 11 меcяцeв). Прeдcтaвляeм вaшeму внимaнию пpocторную, уютную студию плoщадью 23,6 кв.м. рacпoложeнную в ЖК Перовское. Бытовая техника: кондиционер, телевизор, хoлoдильник, варочная панель, микроволновая печь, cтиpальная машинa, элeктричecкий чайник, утюг, гладильная доска, сушилка для одежды. Есть все необходимое для комфортного и долгосрочного проживания, в т.ч. посуда. Удобства квартиры: - Вместительные системы хранения; - Обеденная зона с телевизором; - Уютная просторная комната с красивым видом из окна; - Светлая, уютная ванная комната с современной сантехникой. Дом находится в районе с развитой инфраструктурой: в шаговой доступности остановки общественного транспорта, в пешей доступности станция метро Нижегородская. Рядом с домом расположены: продуктовые супермаркеты, пункты выдачи, аптеки, кафе, рестораны. Условия проживания по Тарифу Комфортное проживание: - 50% от арендного платежа при заселении; - Раннее бронирование объекта (за 3 дня до заселения); - Персональный менеджер на всех этапах аренды быстро реагирует на запросы - большинство бытовых вопросов решаем за 48 часов; - Страхование гражданской ответственности до 0,3 млн ₽; - Организация мелкого ремонта. Коммунальные платежи: электроэнергия, хвс\гвс, услуги интернет провайдера, расходы за отопление дома/квартиры оплачивает арендатор. Заселение только при наличии постоянной регистрации РФ. Без животных Агентство недвижимости СМАРЕНТ Документы проверены +7 985 853-93-... Написать пять дней назад 8 апр, 13:53",,https://www.cian.ru/cat.php?deal_type=rent&district%5B0%5D=8&engine_version=2&offer_type=flat&room9=1&type=4&p=2,2026-04-14T05:59:55+00:00
1159,328760573,ЮВАО,https://www.cian.ru/rent/flat/328760573/?context=3.yaZRF1a9uJY.WK0HCJLxA9RJs16E_t7C6a6SeQf8Hz3oYcmIavdBZqjAYeCQilZSvGqN-V5ETbRQuJz9CRrA3WBaiQ&mlSearchSessionGuid=03243ab8baf29293b924d36ee5871ea2,1/12,260000,18.0,3,5,,"1/12 Студия, 18 м², 3/5 этаж Только на Циан Текстильщики 12 минут пешком Москва , ЮВАО , р-н Текстильщики , м. Текстильщики , улица Артюхиной , 6К2 60 000 ₽/мес. На несколько месяцев, комм. платежи включены (без счётчиков), комиссия 35%, залог 60 000 ₽ Сдается студия в скандинавском стиле в доме с охраняемой территорией. 10 минут пешком от станции МЦД-2 и 13 минут пешком до метро Текстильщики. Интерьер и планировка: Светлые пастельные оттенки визуально увеличивают пространство, а минималистичный интерьер позволяет добавить детали на свой вкус. - зона отдыха с удобной кроватью и пуфом; - кухня с барной стойкой, которую можно использовать как рабочее место; - вместительный шкаф и три комода для хранения. Есть всё, чтобы заехать сразу: мини-холодильник, электрическая плита, микроволновая печь, стиральная машина, безлимитный Wi-Fi. Что входит в аренду: поддержка персонального менеджера, возможность забронировать квартиру заранее, депозит можно внести частями, помощь по бытовым вопросам и ремонте без доплат, регулярные мероприятия для жильцов (йога, живопись, английский, растяжка). Инфраструктура рядом: В шаговой доступности — ВкусВилл, студия пилатеса MissFit, дворец спорта и культурный центр Москвич, студии красоты и химчистка. Рядом пункты выдачи (Яндекс Маркет, OZON) и кофейни. Вечером можно прогуляться у уютного пруда Садки — всего 5 минут пешком, отличное место для отдыха от городской суеты. Формат аренды: Квартиру сдаём мы - компания Colife Комфорт. Мы не сторонние агенты или риелторы, вы подписываете договор напрямую с нами, а в стоимость уже включен сервис и поддержка 24/7: например, если что-то сломается мы бесплатно и быстро починим. — без посредников и скрытых комиссий; — долгосрочно, договор с компанией, в котором зафиксированы все договорённости; — показы по договорённости, въезд возможен сразу. Если у вас возникли какие-либо вопросы, вы всегда можете написать их нам в чат или позвонить по номеру телефона. Мы с радостью вам ответим. Для собственников: если планируете сдавать свою квартиру, у нас сейчас отличные условия. Свяжитесь с нами. Артикул: 9711 Агентство недвижимости Colife Суперагент +7 916 086-72-... Написать четыре дня назад 9 апр, 20:26",,https://www.cian.ru/cat.php?deal_type=rent&district%5B0%5D=8&engine_version=2&offer_type=flat&room9=1&type=4&p=3,2026-04-14T05:59:55+00:00
1145,328938822,ЮВАО,https://www.cian.ru/rent/flat/328938822/?context=3.fxrgL4deH3w.KjWlPvV624-eSvumLkT9ZRFURjQEf-Ii26CfXUajsSd_o-V02GgPjOi5SyBwJeL3M9SO27p4grmCCw&mlSearchSessionGuid=d3bc10d92ad542c54f59be2467ecf994,1/10,270000,23.0,20,24,,"1/10 Студия, 23 м², 20/24 этаж Нижегородская 12 минут пешком Москва , ЮВАО , р-н Нижегородский , м. Нижегородская , Рязанский проспект , 2/2к2 70 000 ₽/мес. От года, комм. платежи включены (без счётчиков), без комиссии, залог 70 000 ₽ Собственник, сдаю прекрасную студию, м. Нижегородская, на долгий срок 10 мин до м. Нижегородская (там же БКЛ, МЦК, МЦД-4) Новостройка, 20-й этаж, 23 м², белые стены, лоджия с теплым полом. Качественная отделка под себя. Помимо стандартного набора: - измельчитель отходов в раковине - стиралка со встроенной сушкой - кондиционер - отпариватель - кровать с ортопедическим матрасом - умный чайник - качественные выключатели и сантехника (Schneider, hansgroge, grohe, ravak) Для водителей: простой выезд на ТТК и МСД, круглосуточная недорогая парковка в соседнем ТЦ. Рядом лавка с фермерскими овощами и фруктами, вкусвилл, пятерочка, аптеки, кофейни, ПВЗ (желтый, синий, розовый), фитнес. 15 мин пешком до Ашана и Лемана Про, там же большой МФЦ. Условия: Курение Без комиссии Залог (1 месяц) можно разбить на 2 месяца. Квартира готова к показу и заселению Собственник ID 67814503 Документы проверены +7 919 765-60-... Написать вчера вчера, 20:23",,https://www.cian.ru/cat.php?deal_type=rent&district%5B0%5D=8&engine_version=2&offer_type=flat&room9=1&type=4&p=2,2026-04-14T05:59:55+00:00
1168,327066332,ЮВАО,https://www.cian.ru/rent/flat/327066332/?context=3.EGGyexHfRcI.TAMK4gLf0ZfV028djyHWxx1wuhLpvsrr_ARZhR7Hz5wt7AqvnzPEaqyP8ieaIULLmie8GOghS442qw&mlSearchSessionGuid=03243ab8baf29293b924d36ee5871ea2,1/21,275000,25.0,4,20,,"1/21 Студия, 25 м², 4/20 этаж Авиамоторная 14 минут пешком Москва , ЮВАО , р-н Лефортово , м. Авиамоторная , проезд Невельского , 1к2 75 000 ₽/мес. От года, комм. платежи включены (без счётчиков), без комиссии, залог 75 000 ₽ Здравствуйте! Предлагаем вашему вниманию стильную студию в аренду, расположенную в современном доме, построенном в 2021 году. Квартира находится на 4 этаже 20-этажного здания. Общая площадь студии составляет 25 кв. м, из которых 20 кв. м — жилая зона и 5 кв. м — кухня. Высокие потолки (3.1 метра) и окна, выходящие во двор, создают ощущение простора и уюта. В квартире выполнен дизайнерский ремонт, что придаёт особый шарм и стиль. Удобная и функциональная планировка студии позволяет рационально использовать пространство. В комнате и на кухне есть вся необходимая мебель. Из техники в вашем распоряжении: кондиционер, холодильник, посудомоечная и стиральная машины, а также телевизор. Ванная комната оборудована просторной душевой кабиной, что делает её использование комфортным. Дом оснащён подземной парковкой, поэтому можно не беспокоиться о месте для автомобиля. В здании работают один пассажирский и два грузовых лифта, что удобно для жильцов. Также предусмотрен пандус для удобного доступа. Дом находится в хорошем состоянии, так как был построен совсем недавно. Рядом с домом вы найдёте всё необходимое для комфортной жизни: школы, детские сады, клиники и магазины. До станции метро Авиамоторная можно дойти пешком за 14 минут, что делает транспортную доступность довольно удобной. выезд на 3-кольцо в 5 минутах. прямой выезд на ш. Энтузиастов в сторону центра. Условия аренды: договор аренды, залог по договорённости. Квартира подходит для проживания одного-двух человек без домашних животных. Приглашаем вас записаться на просмотр, чтобы оценить все преимущества этой уютной студии. Не упустите возможность арендовать современное жильё в новом доме. Ждём вашего звонка! Риелтор Дарья Егорова Суперагент +7 989 107-87-... Написать неделю назад 3 апр, 17:36",,https://www.cian.ru/cat.php?deal_type=rent&district%5B0%5D=8&engine_version=2&offer_type=flat&room9=1&type=4&p=3,2026-04-14T05:59:55+00:00
1115,313752293,ЮВАО,https://www.cian.ru/rent/flat/313752293/?context=3.k5yzPRXeA10.8n3nPDxnKzQP_10CNQ_CONmcUd6TaiMtF3yTLdc5kB7yTdq5MWX6emzLgRe34SkgbK6GDus0LBdrhQ&mlSearchSessionGuid=f7b71d3e53b5d790b5ea3181b34d7eeb,1/50,298000,43.0,17,17,,"1/50 Просторная студия у МЦК Дубровка Студия, 43 м², 17/17 этаж Проверено в Росреестре Дубровка 7 минут пешком Москва , ЮВАО , р-н Южнопортовый , м. Дубровка , 6-я Кожуховская улица , 15к2 98 000 ₽/мес. От года, комм. платежи включены (без счётчиков), без комиссии, залог 120 000 ₽ На последнем 17 этаже, на южной стороне одноподъездного монолитного дома 2005 года постройки, сдается просторная 43 м. студия с лоджией, полностью оборудованная и укомплектованная всем необходимым. Установлена новая сушильная машина, капсульная Nespresso, индукционная плита, фильтрация питьевой воды с осмосом, бойлер, Oled (именно Олед) телевизор с не замедляемым ютубом, Apple tv 4k с Кинопабом! (Не путать с Кинопоиском и другими бесполезными онлайн кинотеатрами) , колонкой Алисой с элементами умного дома (интерьерное освещение на голосовом управлении), домашним кинотеатром 5.1 B&W мультирум, по необходимости + xbox X. Инверторный кондиционер Fujitsu с ночным режимом 19dB и Конвекционная микроволновая печь Panasonic (оба made in Japan). В наличии хорошая, новая кухонная посуда, приборы Broggi новое белье (икея импорт)) и всё что нужно для жизни, (штопор есть!). Вам, только развесить на 120 вешалках личные вещи, в 2-х шкафах, и в прихожей разместить 27 пар обуви в обувнице. Кровать - 160/200 и доп спальное место из дивана 120/180. Не смотря на то, что дом находится рядом с ТТК, с прекрасной транспортной доступностью, в квартире тихо и можно спать с открытыми окнами. В доме приветливые соседи и круглосуточный консьерж. У дома ВСЕГДА есть бесплатные парковочные места. Рядом, в соседних домах, продуктовые сетевые магазины с алкоголем, работающие до 23:00 и один круглосуточный + большой Магнит Косметик, через дом Яндекс лавка., Аптека и тандыр Пекарня. В трех! минутах ходьбы от дома большой ТРЦ Мозаика, с фудкортом, гипер маркетом, фитнесом (DDX) флагманским Мфц и 2-х минутным переходом на станцию МЦК Дубровка. Метро Кожуховская в 12 минутах ходьбы. Недалеко находится ландшафтный парк Остров Мечты (идеально для велопрогулок) В стоимость аренды включены все платежи кроме электроэнергии. Сдаю без животных, на длительный срок ценящим чистоту, камерность и уют. Если вы хотите жить в современных условиях, но большие ЖК с маленькими деревьями и плохой шумоизоляцией вам не подходят, тогда это предложение может быть вам интересно. ID 47359882 Документы проверены +7 985 002-22-... Написать вчера вчера, 12:38",,https://www.cian.ru/cat.php?deal_type=rent&district%5B0%5D=8&engine_version=2&offer_type=flat&room9=1&type=4&p=1,2026-04-14T05:59:55+00:00
1107,328376795,ЮВАО,https://www.cian.ru/rent/flat/328376795/?context=3.OQrEvD_D6ZQ.eOvUUhfnGt6YHATwCS4BP61BAKQ-dGC0JTm-RX9LJArcgEbW2zw9_Pfkmql32tiuoU9lfu7DHZNhxw&mlSearchSessionGuid=f7b71d3e53b5d790b5ea3181b34d7eeb,1/11,336000,12.0,10,15,,"1/11 Студия, 12 м², 10/15 этаж Люблино 15 минут пешком Москва , ЮВАО , р-н Люблино , м. Люблино , Цимлянская улица , 3к3 36 000 ₽/мес. От года, комм. платежи включены (счётчики включены), комиссия 100%, залог 36 000 ₽ Показы 8 апреля СДАМ ДЛЯ ОДНОГО человека на длительный срок квартиру-студию с современным евроремонтом в новом ЖК бизнес-класса ""ВЛюблино"", район Люблино. Депозит возможно разбить на 2 части. Дом 15-этажный монолитный. Этаж 10/15, пластиковые окна, санузел совмещен. Диван двуспальный, микроволновая печь, холодильник, электро-плита, чайник, шкаф, стиральная машина (в коридоре). Инфраструктура развитая, все объекты первой необходимости расположены в пешей доступности: школа, детский сад, супермаркеты и др. Рядом парки. От станции метро Люблино - 9 минут пешком. Автобусные остановки возле дома. Оперативный показ: Москва, Цимлянская 3к3. Агентство недвижимости ЖИЛСЕРВИС Суперагент +7 915 496-36-... Написать вчера 12 апр, 21:31",,https://www.cian.ru/cat.php?deal_type=rent&district%5B0%5D=8&engine_version=2&offer_type=flat&room9=1&type=4&p=1,2026-04-14T05:59:55+00:00
1131,328614306,ЮВАО,https://www.cian.ru/rent/flat/328614306/?context=3.8oRGvhLj8cM.VOuKyrAtGIvb7SQiU93Om0qcM2begVXgud-C2QGseAGkzFu3MNL8k_30DCt3G3S3CVnTaL95ctfCYg&mlSearchSessionGuid=d3bc10d92ad542c54f59be2467ecf994,1/5,336000,28.0,7,30,,"1/5 Студия, 28 м², 7/30 этаж Только на Циан Волгоградский проспект 7 минут пешком Москва , ЮВАО , р-н Южнопортовый , м. Волгоградский проспект , Волгоградский проспект , 32/5к3 36 000 ₽/мес. От года, комм. платежи включены (счётчики включены), без комиссии, без залога Квартира с отделкой вайт бокс установлена ванная и туалет. остальное как на фото. рассмотрю одного арендатора! Собственник ID 135355322 Документы проверены +7 915 007-35-... Написать три дня назад 11 апр, 05:57",,https://www.cian.ru/cat.php?deal_type=rent&district%5B0%5D=8&engine_version=2&offer_type=flat&room9=1&type=4&p=2,2026-04-14T05:59:55+00:00
1157,323118683,ЮВАО,https://www.cian.ru/rent/flat/323118683/?context=3.U8B8vmK3sAY.s50olMhV_s1ufcAfKgB-pGLRs39Axh6zmlrb7EB2RRzsKS4JIB6TTRwbE1THNtTytlrz42DvGmWl4g&mlSearchSessionGuid=03243ab8baf29293b924d36ee5871ea2,1/11,338000,15.0,4,5,,"1/11 Студия, 15 м², 4/5 этаж Только на Циан Окская 14 минут пешком Москва , ЮВАО , р-н Кузьминки , м. Окская , Окская улица , 28К3 38 000 ₽/мес. От года, комм. платежи включены (без счётчиков), комиссия 50%, залог 38 000 ₽ Вам к нам! Только если: вы любите качество, по адекватной цене! Наша квартира для тех ,кто хочет жить каждое мгновение жизни, а не только приезжать ночевать в арендную квартиру. Уютная квартира. Спокойная атмосфера. Отличная локация. Адекватный собственник!! Тут можно жить и работать не выходя из дома!!! Рассмотрим все ваши предложения, учитывая пожелания от собственника. Звоните, уважаемые клиенты и коллеги!!! P.S. Если не отвечаю на звонок, то напишите SMS с названием улицы, когда я освобожусь, то обязательно перезвоню. Заселение с 1 мая, просмотры по договоренности. Плюс квитанция жкх 3000. Агентство недвижимости ПАРТНЕР Суперагент +7 980 154-12-... Написать неделю назад 6 апр, 14:25",,https://www.cian.ru/cat.php?deal_type=rent&district%5B0%5D=8&engine_version=2&offer_type=flat&room9=1&type=4&p=3,2026-04-14T05:59:55+00:00
1174,291249489,ЮВАО,https://www.cian.ru/rent/flat/291249489/?context=3.WIdWyDSG738.isujW9BwzQJvaKNpmwWiD0MXc7-SZEalkEbeFcRBSd73DMNvlWfUHoP3PK1iKsjxazG7exmsLQznlg&mlSearchSessionGuid=03243ab8baf29293b924d36ee5871ea2,1/19,350000,27.0,18,25,,"1/19 Студия, 27 м², 18/25 этаж Братиславская 5 минут на транспорте Москва , ЮВАО , р-н Люблино , м. Перерва , Люблинская улица , 74к3 50 000 ₽/мес. От года, комм. платежи включены (без счётчиков), комиссия 50%, залог 50 000 ₽ Сдаётся квартира Студия в пешей доступности до метро Братиславская. Звоните все подробности по телефону. Агентство недвижимости Диалог Риэлт Суперагент +7 915 259-07-... вчера вчера, 13:58",,https://www.cian.ru/cat.php?deal_type=rent&district%5B0%5D=8&engine_version=2&offer_type=flat&room9=1&type=4&p=3,2026-04-14T05:59:55+00:00
1129,328527436,ЮВАО,https://www.cian.ru/rent/flat/328527436/?context=3.BCkdpe7rZrs.WBum9khAlfoLs6BipCr25Oa7SI9TbBNTU-bNf4QaJjQZAEvWFfSwQPKfNfGEfseRgsNylvhp8Zr2ow&mlSearchSessionGuid=d3bc10d92ad542c54f59be2467ecf994,1/33,354000,20.0,20,24,,"1/33 Студия, 20 м², 20/24 этаж Текстильщики 19 минут пешком Москва , ЮВАО , р-н Текстильщики , м. Текстильщики , 1-й Грайвороновский проезд , 3Ак3 54 000 ₽/мес. От года, комм. платежи включены (без счётчиков), комиссия 50%, без залога Kвapтирa cдaется впервые Дoлгоcрoчная аpенда (дoгoвop нa 11 мecяцев). Предcтавляeм вашему внимaнию cвeтлую и уютную cтудию в ЖK Bолжский пaрк площадью 20 кв.м., раcполoжeнную на юго-востoкe Mоcквы в рaйоне Тeкстильщики. B кваpтиpе выпoлнeна меблировка по индивидуaльнoму дизайнеpскому пpоeкту от кoмпании SМАRЕNТ. Бытовая техника: стиральная машина, холодильник, варочная панель, СВЧ, телевизор, электрический чайник. Район обладает насыщенной и развитой инфраструктурой: - в 15 минутах пешком от метро Текстильщики - подземные и наземные паркинги, дворы-парки - поликлиники, магазины и фитнес-клубы. - в окружении находятся ТЦ Город, Леруа Мерлен, кинотеатр Олимпик Синема и стадион Москвич. Поблизости благоустроенные зелёные зоны: Волжский бульвар, большой Кузьминский лесопарк, пруд Садки и музей-усадьба Кусково ПРАВИЛА ПРОЖИВАНИЯ: Тариф Комфортное проживание: Заселение без домашних животных. - Раннее бронирование объекта (за 3 дней до заселения) - Персональный менеджер на всех этапах аренды быстро реагирует на запросы - большинство бытовых вопросов решаем за 48 часов - Страхование гражданской ответственности до 300 000 ₽ - Организация мелкого ремонта Коммунальные платежи: электроэнергия, хвс\гвс, услуги интернет провайдера, расходы за отопление дома/квартиры оплачивает арендатор. Заселение только при наличии постоянной регистрации РФ. - комиссия 50% от арендного платежа Агентство недвижимости СМАРЕНТ Документы проверены +7 985 853-93-... Написать вчера вчера, 17:34",,https://www.cian.ru/cat.php?deal_type=rent&district%5B0%5D=8&engine_version=2&offer_type=flat&room9=1&type=4&p=2,2026-04-14T05:59:55+00:00
1160,327917884,ЮВАО,https://www.cian.ru/rent/flat/327917884/?context=3._KdVCsVJjJU.hMYSbDkBe0iQsnQ755mPTiAmBSIWw5KSPZR6CqLr3dqchjrWF_ZK0DLwPLZEuGr4sxWJ-vQipX5FOg&mlSearchSessionGuid=03243ab8baf29293b924d36ee5871ea2,1/9,362000,23.0,7,24,,"1/9 Студия, 23 м², 7/24 этаж Волгоградский проспект 7 минут пешком Москва , ЮВАО , р-н Южнопортовый , м. Волгоградский проспект , Волгоградский проспект , 32/5к3 62 000 ₽/мес. От года, комм. платежи включены (без счётчиков), комиссия 50%, залог 62 000 ₽ Звоните, рассмотрим всех приличных. Сдаётся современная и уютная квартира-студия в новом Жилом комплексе Метрополия. Есть место в подземном паркинге. Башня Флоренция. Это полностью готовая для жизни квартира с уютным ремонтом. Всё необходимое для комфорта уже есть: вся техника (холодильник, плита, стиральная машина, телевизор), мебель и Wi-Fi. Расположение удобное. Пешая доступность до метро Волгоградский проспект и станции Угрешская. Квартира рассчитана на 1-2 человек. Идеально подойдёт для пары, девушки или мужчины. Без вредных привычек, аккуратных и платёжеспособных. Тихие соседи. Агентство недвижимости Престиж Суперагент +7 923 072-52-... Написать неделю назад 2 апр, 13:55",,https://www.cian.ru/cat.php?deal_type=rent&district%5B0%5D=8&engine_version=2&offer_type=flat&room9=1&type=4&p=3,2026-04-14T05:59:55+00:00
1114,316033389,ЮВАО,https://www.cian.ru/rent/flat/316033389/?context=3.NXdDNbHHq2E.TpE2lmgNCdSN4DcMkS13LnJU1f3f4eKuD0iqQoRIWt8SsH1qM5AGEWZ-gelpxEUzvw9fkjBNbOmJ7Q&mlSearchSessionGuid=f7b71d3e53b5d790b5ea3181b34d7eeb,1/15,365000,25.0,6,30,,"1/15 Студия 25 кв.м Апартаменты-студия, 25 м², 6/30 этаж Проверено в Росреестре Волгоградский проспект 7 минут пешком Москва , ЮВАО , р-н Южнопортовый , м. Волгоградский проспект , Волгоградский проспект , 32/5к3 65 000 ₽/мес. От года, комм. платежи включены (без счётчиков), без комиссии, залог 65 000 ₽ Сдается собственником!!! Студия в ЖК Метрополия башня Флоренция у станции метро ""Волгоградский проспект"" - Таганско-Краснопресненская линия метрополитена (фиолетовая ветка на карте Московского метро). Южнопортовый район, Юго-Восточный административный округ столицы. Всего 3 минуты пешком от корпуса Флоренция до станции метро ""Волгоградский проспект"". Район внутри ТТК на границе с ЦАО. Идеальная локация для жизни и работы! Дизайнерский ремонт студии Транспортная доступность: • 15 минут на транспорте до Садового кольца. • Удобные выезды на ТТК, МЦК УГРЕШСКАЯ и в центр Москвы. • Рядом остановки наземного транспорта. Инфраструктура внутри ЖК: • Магазины: ВкусВилл, Клевер, Монголия, Ароматный Мир, Винлаб, Красное&Белое,Барин Дома, Точка Дыма, Деликатеска. • Аптеки Ригла,36,6, Горздрав. • Кафе и рестораны на любой вкус:Sense, Surf Coffe, Здрасте, Дом Winner, French Bakery,Деликатеска и многое другое. • Пункты выдачи заказов в соседнем доме: OZON, Wildberries, Яндекс. • Сервисы: барбершопы, салоны красоты, груминг. Химчистка LEDA. • Круглосуточная доставка всего. Образование рядом: • Школа им. Маяковского. • Частная Ломоносовская гимназия (20 минут пешком). • Вузы: МТУ, МЛГУ, МФЮА, Институт психоанализа, ИПИ НОУ. О доме - корпус Флоренция: • Вход по чип-ключу, круглосуточная охрана и видеонаблюдение на всех этажах. • 3 лифта с WIFI (1 грузовой). • В холле охрана, мягкая мебель для жильцов и гостей, видеонаблюдение. • Лаунж-зона во дворе, двор без машин. В соседнем доме со двора - ПВЗ: WB и OZON. • Подземная парковка (возможна аренда машино-места). • Территория для выгула домашних питомцев в 50 метрах от подъезда. Студия с дизайнерским ремонтом: Высота потолков 280 см • Мебель: двуспальный диван-кровать, функциональная кухня. • Техника: холодильник, индукционная плита, СВЧ, посудомоечная машина, угольная вытяжка, принудительная вентиляция в тч. В ванной - стиральная машина. • Бытовая техника: пылесос, парогенератор, фен, ТВ, Wi-Fi 500 Мбит/сек. • Дополнительно: док-станция JBL (Apple), датчики дыма в прихожей и зале, противопожарная система оповещения - громкоговоритель. Условия проживания: • Курение запрещено в апартаментах и МОП (в том числе электронных сигарет).",,https://www.cian.ru/cat.php?deal_type=rent&district%5B0%5D=8&engine_version=2&offer_type=flat&room9=1&type=4&p=1,2026-04-14T05:59:55+00:00
1175,324833178,ЮВАО,https://www.cian.ru/rent/flat/324833178/?context=3.HQUvrC-EaRM.SI8eJXppNgXg3jKyxcKI_eSV3DkFc-G_0z6aIHc71QJD1dlXKmoHNPAKx4XfEDuIebkBRGOH_WYvag&mlSearchSessionGuid=03243ab8baf29293b924d36ee5871ea2,1/9,372000,23.0,2,8,,"1/9 Студия, 23 м², 2/8 этаж Только на Циан Волгоградский проспект 7 минут пешком Москва , ЮВАО , р-н Южнопортовый , м. Волгоградский проспект , Волгоградский проспект , 32/5к3 72 000 ₽/мес. От года, комм. платежи включены (без счётчиков), комиссия 40%, залог 72 000 ₽ Предлагается в аренду отличная студия в современном ЖК ""Метрополия"". Квартира полностью укомплектована всей необходимой для проживания мебелью и техникой (стиральная машина, духовой шкаф, варочная панель, вытяжка, телевизор, кондиционер, диван-кровать, места для хранения одежды). В доме есть подземный паркинг. В подъезде дежурит охрана. Квартира соответствует фотографиям Просмотры по договоренности. HP-3 Агентство недвижимости Хэдж Проперти Суперагент +7 915 042-58-... Написать вчера вчера, 15:24",,https://www.cian.ru/cat.php?deal_type=rent&district%5B0%5D=8&engine_version=2&offer_type=flat&room9=1&type=4&p=3,2026-04-14T05:59:55+00:00
1105,321407694,ЮВАО,https://www.cian.ru/rent/flat/321407694/?context=3.Jka6ARYTVZY.kx8JdOz3uiLGspOni6BRZ0ajm6ygibHYp6_V26paH3I1ktvXGuHHRd419tDgB_L4c0n15bOPeaINsg&mlSearchSessionGuid=f7b71d3e53b5d790b5ea3181b34d7eeb,1/15 Ещё фото,375000,30.0,20,23,,"1/15 Ещё фото Студия рядом с метро Студия, 30 м², 20/23 этаж Только на Циан Стахановская 1 минута пешком Москва , ЮВАО , р-н Рязанский , м. Стахановская , 2-й Грайвороновский проезд , 44к3 75 000 ₽/мес. От года, комм. платежи включены (без счётчиков), без комиссии, залог 75 000 ₽ Собственник предлагает аккуратным и порядочным людям студию с оптимальным метражем для аренды на длительный срок. 2 минуты пешком до м. Стахановская. Квартира находится в новом ЖК с развитой инфраструктурой- кафе, рестораны, студии фитнеса и йоги, салоны красоты, массажа, барбершопы, химчистки, пункты выдачи маркетплейсов, разнообразные продуктовые магазины и т.д. Охраняемая закрытая территория, вдоль ЖК расположен пешеходный бульвар с открытыми спортивными площадками, футбольным полем, скейт парком. Удобное транспортное расположение. Квартира с интересными интерьерными решениями , качественной отделкой, сантехникой и мебелью. В квартире предусмотрено всё для Вашего комфортного проживания: посудомоечная машина, микроволновая печь, духовой шкаф, индукционная плита, фильтр для воды,электрический чайник, холодильник, стиральная и сушильная машина, водонагреватель, smart TV, продумано много мест для хранения. Оплата: за первый месяц плюс обеспечительный платеж (стоимость аренды за месяц), который возвращается после выселения из квартиры. отдельно оплачивается интернет+коммунальные платежи по счётчикам. Собственник ID 99121972 Документы проверены Посмотреть все объекты +7 916 536-94-... Написать вчера вчера, 12:25",,https://www.cian.ru/cat.php?deal_type=rent&district%5B0%5D=8&engine_version=2&offer_type=flat&room9=1&type=4&p=1,2026-04-14T05:59:55+00:00
1113,328204522,ЮВАО,https://www.cian.ru/rent/flat/328204522/?context=3.b4RqW6MOtI8.Jht5A4Tb6ENg_T6j331j_pZ3oV5t3MYzrIPKUSSPn-4QXOwgWkufOSjYIwQOhOjBiJo_OEZn2Kd5gg&mlSearchSessionGuid=f7b71d3e53b5d790b5ea3181b34d7eeb,1/11,420000,18.0,1,22,,"1/11 Апартаменты-студия, 18 м², 1/22 этаж Только на Циан Волгоградский проспект 5 минут на транспорте Москва , ЮВАО , р-н Нижегородский , м. Калитники , Автомобильный проезд , 4 20 000 ₽/мес. От года, комм. платежи включены (без счётчиков), комиссия 60%, без залога ВАШЕМУ ВНИМАНИЮ! Описание обязательно к прочтению! Сдаются апартаменты в ЧЕРНОВОЙ отделке, как под проживание так и под свободное назначение! Ограничений к составу проживающих нет. Все разводки под коммуникации присутствуют (туалета и ванной нет!), а именно: Отопление есть Гор\хол вода есть Труба под водоотвод есть. Фото нет, есть только видео, могу выслать в личные сообщения в мессенджер. Студия теплая, если требуется лёгкий ремонт, можете сделать под себя, либо же арендовать под склад, рабочее помещение и любые другие задачи. Помещение высокое, рассчитано под двухэтажный проект. Улучшение условий проживания за счёт наймодателя не рассматриваем! В наличии есть несколько объектов схожей планировки и квадратуры в собственности, поэтому предложение всегда актуально. Показ и заселение возможно в любой день! Оперативный просмотр! Агентство недвижимости PREMIUM CITY Суперагент +7 923 077-63-... Написать 2 недели назад 26 мар, 12:17",,https://www.cian.ru/cat.php?deal_type=rent&district%5B0%5D=8&engine_version=2&offer_type=flat&room9=1&type=4&p=1,2026-04-14T05:59:55+00:00
1101,328751223,ЮВАО,https://www.cian.ru/rent/flat/328751223/?context=3.Y3Esf38X_f8.vNRS7gdOIUfs_Th7r9GJJ9mga6tK_iFsSLO6jsZaZCbSETCnJES9ItjVNu4k8jkryrdBE_GACQIVCA&mlSearchSessionGuid=f7b71d3e53b5d790b5ea3181b34d7eeb,1/6,425000,17.5,11,21,,"1/6 Апартаменты-студия, 17,5 м², 11/21 этаж Только на Циан Волгоградский проспект 5 минут на транспорте Москва , ЮВАО , р-н Нижегородский , м. Калитники , Автомобильный проезд , 4 25 000 ₽/мес. От года, комм. платежи включены (без счётчиков), без комиссии, без залога Сдам на длительный срок. Если не ответил.пишите. я перезвоню. Собственник ID 130770500 +7 985 558-57-... Написать пять дней назад 8 апр, 14:38",,https://www.cian.ru/cat.php?deal_type=rent&district%5B0%5D=8&engine_version=2&offer_type=flat&room9=1&type=4&p=1,2026-04-14T05:59:55+00:00
1152,326768811,ЮВАО,https://www.cian.ru/rent/flat/326768811/?context=3.NVcSE0HpLrQ.GKFoAYHMLvhERlnHnzPKe5L1j9UlaH4ZWNvgzSbAs-uurvQTPeFDbIArkxVAzvtwgb8t4Wim2tFq4w&mlSearchSessionGuid=03243ab8baf29293b924d36ee5871ea2,1/23,454990,11.0,4,21,,"1/23 Апартаменты-студия, 11 м², 4/21 этаж Только на Циан Калитники 10 минут пешком Москва , ЮВАО , р-н Нижегородский , м. Калитники , Автомобильный проезд , 4 54 990 ₽/мес. На несколько месяцев, комм. платежи включены (счётчики включены), без комиссии, залог 10 000 ₽ КЛИНИНГ ВКЛЮЧЕН В СТОИМОСТЬ. СРЕДНЕСРОЧНАЯ АРЕНДА на 1-6-12 мес. ЖК Nice Loft | Студия с кондиционером рядом с метро | Постельное белье и полотенца | Кондиционер | Двуспальная кровать | Smart TV | Высокоскоростной Wi-Fi | Полный пакет отчетных документов с чеками | Высокий Рейтинг | _ _ _ Дизайнерская Студия в ЖК Nice Loft. Чистая, уютная и новая студия, откуда не хочется уезжать. Интерьер продуман до мелочей. Заходи и Живи! Метро Калитники D2 (10 минут пешком) В квартире есть все необходимое для проживания 2-х человек: — двуспальная кровать; — кондиционер; — Wi-Fi, Smart-TV; — гладильная доска, утюг, сушилка; — постельное белье, комплект полотенец. Кухня: — плита, вытяжка, микроволновая печь, холодильник, чайник; — набор посуды и вся необходимая утварь; — чай, кофе, соль, сахар. Ванная комната: — душевая, фен; — стиральная машина, сушильная машина (в прихожей); — косметические принадлежности (шампунь, гель для душа, мыло). _ _ _ Инфраструктура: — метро Калитники D2 (10 минут пешком); — Калитниковский пруд (7 минут пешком); — Московский кёрлинг-клуб (15 минут пешком) — Международный университет психолого-педагогических инноваций (15 минут пешком); — Первый Московский кадетский корпус, Таганская кадетская школа (15 минут пешком); — Высшая школа телевидения Останкино (3 минут на авто); — Московский дайвинг (5 минут на авто); — квесты ""Клаустрофобия"" и ""Quest Stars"" (7 минут на авто); — Московский финансово-юридический университет (10 минут на авто); — Театр на Мельникова (10 минут на авто); — Товарищество артистов МХАТ (10 минут на авто); — завод ЦНИИТМАШ (12 минут на авто); — спортивный комплекс ""Центральный"" (13 минут на авто) _ _ _ Правила проживания: — от 18 лет при наличии паспорта; — проживание с детьми разрешено; — курение и шумные мероприятия в квартире не допускаются; При бронировании вносится предоплата за 1 месяц проживания 50 000 рублей Залог - 10 000 рублей. Коммунальные услуги не включены в стоимость - 5000 руб. Будем рады встретить Вас у нас в гостях! Забронируйте прямо сейчас! Ждем наших дорогих гостей! Агентство недвижимости ФУЛЛ ХАУС Суперагент +7 933 938-47-... Написать 2 недели назад 25 мар, 18:02",,https://www.cian.ru/cat.php?deal_type=rent&district%5B0%5D=8&engine_version=2&offer_type=flat&room9=1&type=4&p=3,2026-04-14T05:59:55+00:00
1153,326768340,ЮВАО,https://www.cian.ru/rent/flat/326768340/?context=3.c7IivpyHXWQ.c5wDjGJRkxzE1B8C9Jy8FoP38lDVzotZmM7exzOS0-9dXWZi6JrVU4hE6JVoZeyBRRV2dtOiDa1soA&mlSearchSessionGuid=03243ab8baf29293b924d36ee5871ea2,1/20,454990,10.0,2,21,,"1/20 Студия, 10 м², 2/21 этаж Только на Циан Калитники 10 минут пешком Москва , ЮВАО , р-н Нижегородский , м. Калитники , Автомобильный проезд , 4 54 990 ₽/мес. На несколько месяцев, комм. платежи включены (без счётчиков), без комиссии, залог 10 000 ₽ КЛИНИНГ ВКЛЮЧЕН В СТОИМОСТЬ. СРЕДНЕСРОЧНАЯ АРЕНДА на 1-6-12 мес. ЖК Nice Loft | Студия с кондиционером рядом с метро | Постельное белье и полотенца | Кондиционер | Двуспальная кровать | Smart TV | Высокоскоростной Wi-Fi | Полный пакет отчетных документов с чеками | Высокий Рейтинг | _ _ _ Дизайнерская Студия в ЖК Nice Loft. Чистая, уютная и новая студия, откуда не хочется уезжать. Интерьер продуман до мелочей. Заходи и Живи! Метро Калитники D2 (10 минут пешком) В квартире есть все необходимое для проживания 2-х человек: — двуспальная кровать; — кондиционер; — Wi-Fi, Smart-TV; — гладильная доска, утюг, сушилка; — постельное белье, комплект полотенец. Кухня: — плита, вытяжка, микроволновая печь, холодильник, чайник; — набор посуды и вся необходимая утварь; — чай, кофе, соль, сахар. Ванная комната: — душевая, фен; — стиральная машина, сушильная машина (в прихожей); — косметические принадлежности (шампунь, гель для душа, мыло). _ _ _ Инфраструктура: — метро Калитники D2 (10 минут пешком); — Калитниковский пруд (7 минут пешком); — Московский кёрлинг-клуб (15 минут пешком) — Международный университет психолого-педагогических инноваций (15 минут пешком); — Первый Московский кадетский корпус, Таганская кадетская школа (15 минут пешком); — Высшая школа телевидения Останкино (3 минут на авто); — Московский дайвинг (5 минут на авто); — квесты ""Клаустрофобия"" и ""Quest Stars"" (7 минут на авто); — Московский финансово-юридический университет (10 минут на авто); — Театр на Мельникова (10 минут на авто); — Товарищество артистов МХАТ (10 минут на авто); — завод ЦНИИТМАШ (12 минут на авто); — спортивный комплекс ""Центральный"" (13 минут на авто) _ _ _ Правила проживания: — от 18 лет при наличии паспорта; — проживание с детьми разрешено; — курение и шумные мероприятия в квартире не допускаются; При бронировании вносится предоплата за 1 месяц проживания 50 000 рублей Залог - 10 000 рублей. Коммунальные услуги не включены в стоимость - 5000 руб. Будем рады встретить Вас у нас в гостях! Забронируйте прямо сейчас! Ждем наших дорогих гостей! Агентство недвижимости ФУЛЛ ХАУС Суперагент +7 933 938-47-... Написать 2 недели назад 25 мар, 18:05",,https://www.cian.ru/cat.php?deal_type=rent&district%5B0%5D=8&engine_version=2&offer_type=flat&room9=1&type=4&p=3,2026-04-14T05:59:55+00:00
1124,328071464,ЮВАО,https://www.cian.ru/rent/flat/328071464/?context=3.rIzXmIe61Js.j-wS88ONT5SooiPX5BaE6ZGqdjXD2pKsUsbzAtHKHpnOltbYUjG-9hIMJtpNjGtTo70w2rXWjXNAPg&mlSearchSessionGuid=d3bc10d92ad542c54f59be2467ecf994,1/26,456000,20.0,7,19,,"1/26 Апартаменты-студия, 20 м², 7/19 этаж Только на Циан Калитники 11 минут пешком Москва , ЮВАО , р-н Нижегородский , м. Калитники , Автомобильный проезд , 4к4 56 000 ₽/мес. От года, комм. платежи включены (без счётчиков), без комиссии, залог 56 000 ₽ Я собственник, сдается без комиссии. Сдается впервые уютная студия в ЖК бизнес класса Nice loft. В студии имеется все необходимое для длительного комфортного проживания. Из техники: кондиционер, смарт тв, пмм, свч, индукционная плита, холодильник, стиральная машина, проточный водонагреватель (в случае отключения горячей воды), встроенный в кран фильтр питьевой воды. Дом оснащен двумя пассажирскими и одним грузовым лифтами. Для автовладельцев в ЖК имеется подземная парковка (не входит в стоимость аренды). ЖК расположен на границе ЦАО. В пешей доступности МЦД Калитники, 10 минут и вы на Курской. Рядом с ЖК находится автобусная остановка, от которой можно доехать за 15 минут до метро Волгоградский проспект. Также в пешей доступности ходит трамвай А, который домчит вас до метро Павелецкая, Третьяковская и Чистые пруды. Студия идеально подходит для проживания одного человека. Ждем аккуратного и ответственного жильца. Условия: Свет, вода и интернет оплачиваются отдельно. Без животных и детей. Курение в студии строго запрещено. Риелтор Анна Ковашова Суперагент +7 985 238-11-... Написать вчера вчера, 12:34",,https://www.cian.ru/cat.php?deal_type=rent&district%5B0%5D=8&engine_version=2&offer_type=flat&room9=1&type=4&p=2,2026-04-14T05:59:55+00:00
1169,325806419,ЮВАО,https://www.cian.ru/rent/flat/325806419/?context=3.EvSDGqKk3UQ.FO1dIiOxvbkc5ufgHyr2hkjaOpOUja1iYNpaIdgAQ-BjBvqp6K7b2gh-GZvlcQeqsFAh_jiM3Z_-0g&mlSearchSessionGuid=03243ab8baf29293b924d36ee5871ea2,1/21,458000,23.4,11,21,,"1/21 Апартаменты-студия, 23,4 м², 11/21 этаж Калитники 10 минут пешком Москва , ЮВАО , р-н Нижегородский , м. Калитники , Автомобильный проезд , 4 58 000 ₽/мес. От года, комм. платежи включены (без счётчиков), комиссия 50%, залог 60 000 ₽ Сдаётся впервые уютная студия с дизайнерским ремонтом в современном ЖК бизнес класса Nict Loft (Найс Лофт). Общая площадь апартаментов — 23.4 кв. м, жилая — 14 кв. м. Студия находится на 8-м этаже 21-этажного дома, откуда открывается потрясающий вид во двор. Внутри выполнен стильный дизайнерский ремонт. Есть вся необходимая мебель для комфортной жизни Из техники — кондиционер, холодильник, телевизор, посудомоечная и стиральная машины. Ванная комната оборудована душевой кабиной и водонагревателем. Дом оснащён двумя пассажирскими и двумя грузовыми лифтами, а также удобным пандусом. Для автовладельцев предусмотрена многоуровневая парковка. В непосредственной близости от дома находится магазин Пятерочка , пункты Ozon и WB. что делает это место идеальным для проживания. До метро Волгоградский проспект можно дойти пешком всего за 20 минут. Спорт-кластер: от ледовых арен до сквош-зала и OФП - Супер-заботливый лобби: интерактив, мини-сад, комфорт и сервис - 5 мин до ТТК, 10 мин до МЦД, 20 мин до метро — всё под рукой - Безопасный дом, паркинг, инфраструктура и парковые зоны Условия аренды: обеспечительный платеж - 60 000 Апартаменты идеально подойдут для комфортного проживания одного или двух человек. Не упустите возможность снять эту замечательную студию! Ставьте в Избранное, чтобы не потерять этот вариант. Записывайтесь на просмотр, и мы с удовольствием покажем ваш будущий дом и подготовим документы для заселения. Агентство недвижимости Содружество Суперагент +7 985 000-83-... Написать четыре дня назад 9 апр, 15:17",,https://www.cian.ru/cat.php?deal_type=rent&district%5B0%5D=8&engine_version=2&offer_type=flat&room9=1&type=4&p=3,2026-04-14T05:59:55+00:00
1138,328298236,ЮВАО,https://www.cian.ru/rent/flat/328298236/?context=3.C1rpf_rEQ0s.HMQTlmt7kcErQFCaKLhIZPn0aFqDVH20MhSt2wLhBaPw5Sb0KrguaR-Ybteh_piXwcim2iWDOaz7Iw&mlSearchSessionGuid=d3bc10d92ad542c54f59be2467ecf994,1/13,460000,17.0,11,17,,"1/13 Студия, 17 м², 11/17 этаж Только на Циан Волгоградский проспект 19 минут пешком Москва , ЮВАО , р-н Нижегородский , м. Калитники , Автомобильный проезд , 4 60 000 ₽/мес. От года, комм. платежи включены (без счётчиков), комиссия 50%, залог 60 000 ₽ Представляю вашему вниманию уникальную квартиру с дизайнерским ремонтом в современном монолитно-кирпичном доме 2025 года постройки. Расположенная в новом спортивном жилом комплексе Найс Лофт, эта квартира находится в пределах Третьего транспортного кольца, предлагая идеальное сочетание спокойной жизни и легкого доступа ко всем преимуществам центра Москвы. Пространство и комфорт: Просторная комната: Идеальное место для отдыха и сна. Удобная кровать и вместительный шкаф для хранения обеспечат максимальный комфорт. Современная кухня: Оснащена стильной мебелью и всей необходимой встроенной бытовой техникой, включая холодильник и микроволновую печь. Здесь вы сможете с удовольствием готовить любимые блюда. Удобства: Квартира оборудована стиральной машиной для вашего удобства. Совмещенный санузел: Выполнен в современном стиле с акцентом на качество. Высококлассная сантехника и просторная душевая кабина создают атмосферу спа-салона. Преимущества дома и ЖК: Высокий этаж: Квартира расположена на11 этаже 24-этажного дома, откуда открывается приятный вид. Современная инфраструктура: В доме функционируют два пассажирских и один грузовой лифт, обеспечивая быстрый и удобный доступ к вашему этажу. Безопасность и удобство: Для жителей комплекса предусмотрена парковка за шлагбаумом во дворе, что гарантирует безопасность ваших автомобилей. Новый спортивный ЖК: Найс Лофт — это современный жилой комплекс, где вы сможете наслаждаться активным образом жизни. Эта квартира — идеальный выбор для тех, кто ценит стиль, комфорт и удобное расположение. Добро пожаловать в ваш новый дом! Номер объекта: #1/536958/24838 Агентство недвижимости City Real Estate Документы проверены +7 916 935-64-... Написать вчера вчера, 11:24",,https://www.cian.ru/cat.php?deal_type=rent&district%5B0%5D=8&engine_version=2&offer_type=flat&room9=1&type=4&p=2,2026-04-14T05:59:55+00:00
1142,328650937,ЮВАО,https://www.cian.ru/rent/flat/328650937/?context=3.gilErjuOrDQ.OELjX5twT9LbeFHRvkSqCZotVYEKuieuULFSOaGxwWhNL7DiIESj9yG9f6sGTXgQfq9FGENsJv7AZQ&mlSearchSessionGuid=d3bc10d92ad542c54f59be2467ecf994,1/16,460000,19.8,15,17,,"1/16 Студия, 19,8 м², 15/17 этаж Текстильщики 10 минут на транспорте Москва , ЮВАО , р-н Текстильщики , м. Новохохловская , 1-й Грайвороновский проезд , 3Ак4 60 000 ₽/мес. На несколько месяцев, комм. платежи включены (без счётчиков), без комиссии, залог 60 000 ₽ Предлагается студия в современном жилом комплексе. Квартира никогда не сдавалась и не использовалась для аренды — вы станете первыми жильцами. В квартире выполнен ремонт ""под ключ"" с продуманной эргономикой и качественными материалами. Идеально подойдет для аккуратного человека или семейной пары. Квартира с окнами во двор. Планировка и мебель: Установлена кровать с орто-основанием и подъемным механизмом. Под матрасом — глубокий короб для хранения. Обеденная зона с раздвижным столом. Большой распашной шкаф для одежды и обуви. Письменный стол с удобным креслом. Техника и оснащение: — индукционная варочная панель (2 конфорки, быстрый нагрев); — посудомоечная машина; — вытяжка, микроволновая печь, чайник, холодильник no frost; — кондиционер; — фильтр для воды под мойкой (питьевая вода без бутылок и кулеров); — в ванной: стиральная машина с функцией сушки, шкаф и тумба для хранения; — несколько сценариев освещения. Ecть всe нeoбxодимoe для комфopтного прoживания, в т.ч нaбoр посуды для пригoтовлeния, нaбор столoвoй поcуды и cтоловыx прибoров, разделочная доска. Подушки, одеяло, гладильная доска. Инфраструктура и расположение: Дом находится в районе с полностью сформированной инфраструктурой ""в шаге от дома"". В пешей доступности : — детский сад и общеобразовательная школа; — городская поликлиника и частный медицинский центр; — продуктовые супермаркеты и круглосуточные аптеки; — кофейни, кафе для завтраков, салоны красоты и барбершопы. Условия: — Аренда долгосрочная, договор на 11 месяцев. Если съезжаете ранее чем через 6 месяцев, депозит не возвращается) — Залог 100% — Коммунальные платежи в стоимость не входят, оплачиваются дополнительно — Без домашних животных (индивидуально обговаривается маленькая собака) — В квартире нельзя курить (стоят датчики дыма). Собственник ID 39546126 +7 985 627-68-... Написать шесть дней назад 7 апр, 09:41",,https://www.cian.ru/cat.php?deal_type=rent&district%5B0%5D=8&engine_version=2&offer_type=flat&room9=1&type=4&p=2,2026-04-14T05:59:55+00:00
1150,328043091,ЮВАО,https://www.cian.ru/rent/flat/328043091/?context=3.CB1zny5k_jk.QwvNsXHYpqRjk0Hqrt2uPRWjKnpKJiEhMVFMI74D4Uv6t5-ipw27wCHb9DGsKWKbRIHJUej-iuKs8Q&mlSearchSessionGuid=03243ab8baf29293b924d36ee5871ea2,1/37,460000,24.0,10,32,,"1/37 Студия, 24 м², 10/32 этаж Только на Циан Угрешская 6 минут пешком Москва , ЮВАО , р-н Южнопортовый , м. Угрешская , Волгоградский проспект , 32/5к4 60 000 ₽/мес. От года, комм. платежи включены (без счётчиков), комиссия 50%, залог 60 000 ₽ ПОД АВАНСОМ ДО 15 АПРЕЛЯ. Юлия, Москва, ЖК ""МЕТРОПОЛИЯ"", корпус ""Владивосток"", Волгоградский проспект 32/5 к4 -5 мин. пешком от метро Волгоградский проспект. СДАЁТСЯ ВПЕРВЫЕ ВЕЛИКОЛЕПНАЯ, СТИЛЬНАЯ, УЮТНАЯ, НОВАЯ СОВРЕМЕННАЯ КВАРТИРА-СТУДИЯ С ДИЗАЙНЕРСКИМ ЕВРОРЕМОНТОМ, выполненным из качественных и дорогих материалов - грамотно-продуманное решение пространства, использован каждый сантиметр! Большое количество встроенных шкафов позволит вам комфортно разместить все вещи и гардероб. Встроенная евро-кухня под единой столешницей с абсолютно всей новой бытовой техникой: варочная поверхность, духовой шкаф, вытяжка, СВЧ, двухкамерный холодильник, ПОСУДОМОЕЧНАЯ МАШИНА. Диван-аккордеон легко превращается в комфортную двуспальную кровать с независимыми пружинами. ЖК ТВ. Санузел евростандарт совмещенный С ВАННОЙ! Стиральная машина-автомат. СУШИЛЬНАЯ МАШИНА. КОНДИЦИОНЕР. Панорамный вид из окна на солнечную внешнюю сторону. ПОЛНОСТЬЮ ГОТОВА К ЗАСЕЛЕНИЮ! Показ оперативно - по договорённости, КЛЮЧИ НА РУКАХ! На длительный срок. Оплата+счётчики. Риелтор Юлия Шарапова Суперагент +7 985 102-75-... Написать вчера вчера, 00:28",,https://www.cian.ru/cat.php?deal_type=rent&district%5B0%5D=8&engine_version=2&offer_type=flat&room9=1&type=4&p=3,2026-04-14T05:59:55+00:00
1165,327093478,ЮВАО,https://www.cian.ru/rent/flat/327093478/?context=3.siStu4gapaM.Vh95BoFZRbdVuuIMBhPCrDnG5UdqFh3sqA5s_Mcjih3JY6vDbNFfG2EQiAY8Q6ktcNi6w1W6GKEwXg&mlSearchSessionGuid=03243ab8baf29293b924d36ee5871ea2,1/22,465000,17.5,8,21,,"1/22 Апартаменты-студия, 17,5 м², 8/21 этаж Только на Циан Калитники 10 минут пешком Москва , ЮВАО , р-н Нижегородский , м. Калитники , Автомобильный проезд , 4 65 000 ₽/мес. От года, комм. платежи включены (без счётчиков), комиссия 50%, залог 59 500 ₽ Ищете не просто квартиру, а настоящее творческое пространство? Эта стильная студия в трендовом ЖК Найс Лофт — то, что вам нужно на несколько месяцев или на долгий срок! О квартире: •Просторная студия с умной планировкой, которая позволяет зонировать пространство на уютную спальню, гостиную и рабочую область. •Студия с дизайнерским ремонтом, сдается впервые: Высокие окна, стильная отделка. Готова к заселению! •Вся необходимая техника уже есть (холодильник, стиральная машина, плита), мебель (кровать, шкаф, диван, стол). Приезжайте только с чемоданом. •Свет и вид: Из окон открывается вид на город. Квартира очень светлая. Идеально для: •Молодого профессионала, ценящего стиль и удобство. •Пары, которая хочет жить в динамичном районе. •Студента или фрилансера, ищущего вдохновляющее пространство. Аренда на срок до 1 года по согласованию. Звоните или пишите, чтобы назначить просмотр! Агентство недвижимости Art Seasons Apartments Суперагент +7 985 203-88-... Написать 2 недели назад 30 мар, 14:14",,https://www.cian.ru/cat.php?deal_type=rent&district%5B0%5D=8&engine_version=2&offer_type=flat&room9=1&type=4&p=3,2026-04-14T05:59:55+00:00
1128,316217430,ЮВАО,https://www.cian.ru/rent/flat/316217430/?context=3.A7ir27iindA._zL3KZNjgJKAKfmK3QmKvfXCHZZ8RiuWaAPZNaqYg_vwyNK28pccIRWlNtJ_0NbDSnXMchhqLyqp1w&mlSearchSessionGuid=d3bc10d92ad542c54f59be2467ecf994,2/16,552500,21.0,9,16,,"2/16 Студия, 21 м², 9/16 этаж Только на Циан Проверено в Росреестре Нижегородская 3 минуты пешком Москва , ЮВАО , р-н Нижегородский , м. Нижегородская , Рязанский проспект , 5 52 500 ₽/мес. От года, комм. платежи включены (без счётчиков), без комиссии, залог 52 500 ₽ Комфортабельная гармоничная студия, отличный капитальный ремонт, в шаговой доступности от метро, МЦД и МЦК Нижегородская. Быстрый выезд на авто на ТТК и МСД. До метро Китай-город 15 минут на автобусе. Огромный встроенный шкаф во всю стену. Дорогой двуспальный диван с пружинным блоком и положением комфорт. Качественная исправная техника. Полностью укомплектованная кухня. Кондиционер. Ванна 170 см. 9 этаж 16-этажного дома. Красивый вид из окна. Рядом торговый центр Город - фуд-корт, Ашан, много разных магазинов. Адекватная хозяйка. Тихие соседи. Сдается напрямую без риэлтора без детей и животных. ----- Примечание: у собственника могут быть дополнительные пожелания к жильцам - обсудите их в чате или по телефону Собственник ID 101070698 Документы проверены +7 917 542-43-... Написать пять дней назад 8 апр, 13:11",,https://www.cian.ru/cat.php?deal_type=rent&district%5B0%5D=8&engine_version=2&offer_type=flat&room9=1&type=4&p=2,2026-04-14T05:59:55+00:00
1130,328464105,ЮВАО,https://www.cian.ru/rent/flat/328464105/?context=3.ravAKXfRFuQ.qNWx-JJR2kCScyqC-x6_ij0O--6GOoFndNENEReIinlnxzxPZ_6spORjuNj8on8IhiDR0GuU8_wTng&mlSearchSessionGuid=d3bc10d92ad542c54f59be2467ecf994,1/25,565000,25.9,5,8,,"1/25 Студия, 25,9 м², 5/8 этаж Только на Циан Волгоградский проспект 5 минут пешком Москва , ЮВАО , р-н Южнопортовый , м. Волгоградский проспект , Волгоградский проспект , 32к5 65 000 ₽/мес. От года, комм. платежи включены (без счётчиков), комиссия 50%, без залога Дoлгоcpочная aренда (договoр нa 11 меcяцeв) Пpeдставляeм вашeму внимaнию cтильную пpoсторную студию в ЖК Бизнec-клаcсa ""Метрополия "" площaдью 25 кв.м. Бытoвая теxникa: стиpaльная машинa, пocудомoечная машинa, холодильник, микpoвoлновaя пeчь, ваpoчная панель, духoвка, вытяжка,утюг, cушилкa для бeлья,а так жe вcе неoбxодимое для комфортного проживания, в т.ч. посуда и постельное белье. В квартире имеются теплые полы Район обладает насыщенной и развитой инфраструктурой: до метро "" Угрешская"" 6-10 минут пешком до метро ""Волгоградский проспект"" 11-15 минут пешком до метро ""Дубровка"" 16-20 мин. прогулочным шагом В пешей доступности продуктовые супермаркеты- Пятерочка,Магнит,Вкус Вил,салоны красоты, кафе-рестораны, закусочные, автосервисы, аптеки и медицинские учреждения. Условия проживания по Тарифу Комфортное проживание: - 50% от арендного платежа при заселении; - Раннее бронирование объекта (за 3 дня до заселения); - Персональный менеджер на всех этапах аренды быстро реагирует на запросы - большинство бытовых вопросов решаем за 48 часов; - Страхование гражданской ответственности до 300 т.р.; - Организация мелкого ремонта. Коммунальные платежи: электроэнергия, хвс\гвс, услуги интернет провайдера, расходы за отопление дома/квартиры оплачивает арендатор. Заселение только при наличии постоянной регистрации. Без животных. Агентство недвижимости СМАРЕНТ Документы проверены +7 985 853-93-... Написать неделю назад 6 апр, 12:14",,https://www.cian.ru/cat.php?deal_type=rent&district%5B0%5D=8&engine_version=2&offer_type=flat&room9=1&type=4&p=2,2026-04-14T05:59:55+00:00
1100,326159535,ЮВАО,https://www.cian.ru/rent/flat/326159535/?context=3.WdUGvQjuPeA.rhEwIif3bU43Bc4GcsgyDmh6CdGe-pFCfj-0Bz3qTbsZdQv5xYloanHlOE3C9KGCI5m6tOrXN0z4mQ&mlSearchSessionGuid=f7b71d3e53b5d790b5ea3181b34d7eeb,1/14 Ещё фото,647000,19.5,14,25,,"1/14 Ещё фото Пешком до метро! Студия, 19,5 м², 14/25 этаж Перерва 12 минут пешком Москва , ЮВАО , р-н Люблино , м. Перерва , Люблинская улица , 80к6 47 000 ₽/мес. От года, комм. платежи включены (без счётчиков), комиссия 60%, без залога Сдаётся светлая квартира-студия с евроремонтом и совмещённым санузлом в ЖК Люблинский парк! Без депозита! Её можно посмотреть когда Вам удобно: бронируете время, забираете ключи или встречаетесь с нашим представителем и спокойно осматриваете. Если всё понравится, договор подпишем онлайн и будем поддерживать Вас на всех этапах аренды. В квартире есть: - Кухонный гарнитур; - Варочная панель; - Холодильник; - Стиральная машина; - Вытяжка. Полы — ламинат и плитка. Окна выходят во двор, на восток. Во дворах обустроены детские площадки, двор без машин. На территории дома есть бесплатные парковочные места. Собственник готов заселить не более 2 взрослых жильцов с детьми, обсудить оформление временной регистрации, докупить мебель/технику или заключить договор с юридическим лицом. Можно с небольшим домашним питомцем по согласованию. Дом находится в районе с развитой инфраструктурой: в пешей доступности находятся продуктовые супермаркеты, школы, детские сады, медицинские учреждения, салоны красоты. Недалеко — парк Героев Отечественной войны 1812 года. В 18 минутах пешком — станция МЦД-2 Перерва, в 20 минутах — м. Братиславская. Автомобилистам будет удобно выезжать на Люблинскую улицу. Агентство недвижимости ПИК-Аренда Документы проверены Посмотреть все объекты +7 916 760-62-... Написать вчера вчера, 15:41",,https://www.cian.ru/cat.php?deal_type=rent&district%5B0%5D=8&engine_version=2&offer_type=flat&room9=1&type=4&p=1,2026-04-14T05:59:55+00:00
1126,328203460,ЮВАО,https://www.cian.ru/rent/flat/328203460/?context=3.I1R0jTU_fsc.JSby9zRsUMrhDwdPniTMgOG7wKi6vljqwAM71BakWWpg7EA8ZBCIW0FW84GOXdueTJa2AObDN31cng&mlSearchSessionGuid=d3bc10d92ad542c54f59be2467ecf994,1/10,655000,20.0,13,25,,"1/10 Студия, 20 м², 13/25 этаж Братиславская 20 минут пешком Москва , ЮВАО , р-н Люблино , м. Перерва , Люблинская улица , 80к6 55 000 ₽/мес. От года, комм. платежи включены (без счётчиков), комиссия 60%, залог 55 000 ₽ ==ЛОТ 223271 ==Сдается студия в новом современном жк на длительный срок. В шаговой доступности от м, Братиславская, В квартире есть все необходимое для проживания: холодильник, стиральная машинка, вытяжка. Прекрасная инфраструктура: дет. сад, школа, магазины, парк и пр. в шаговой доступности. Консьерж в подъезде. Рассмотрим не конфликтных и платежеспособных. Все условия прописываются в договоре. Агентство недвижимости Замоскворечье Суперагент +7 923 078-46-... Написать неделю назад 6 апр, 14:35",,https://www.cian.ru/cat.php?deal_type=rent&district%5B0%5D=8&engine_version=2&offer_type=flat&room9=1&type=4&p=2,2026-04-14T05:59:55+00:00
1118,327807212,ЮВАО,https://www.cian.ru/rent/flat/327807212/?context=3.BrkblWjx3U4.h751w2hxoWAcQPBO2YTM3qHXl6RA7sOdcFknsnworDoY7zZqr-w5rs33crB6dlH-v1maD9prCztTGA&mlSearchSessionGuid=f7b71d3e53b5d790b5ea3181b34d7eeb,1/24,670000,21.0,1,2,,"1/24 Апартаменты-студия, 21 м², 1/2 этаж Текстильщики 13 минут пешком Москва , ЮВАО , р-н Текстильщики , м. Текстильщики , Грайвороновская улица , 4С6 70 000 ₽/мес. От года, комм. платежи включены (счётчики включены), без комиссии, залог 70 000 ₽ Фото и видео реальные! Собственник! БЕЗ КОМИССИИ! Агентов просьба не беспокоить) На длительный срок сдаются уникальные двухуровневые апартаменты с отдельным входом - единственные в своем роде в Москве! Комплекс повышенного комфорта с СПОРТЗАЛОМ для жильцов. Интерьер как с Pinterest - заходишь и влюбляешься! Живите как в своем ОТДЕЛЬНОМ доме рядом с центром. Полная приватность, современный стиль и продуманный дизайн до мелочей. Всего 8 таких объектов во всем ЖК. Для тех, кто знает, чего хочет, и получает это. Двухуровневая студия с высокими потолками - светлая, уютная, с воздухом и пространством, где хочется жить и работать. В шаговой доступности: кафе, кофейни, магазины, аптеки, службы доставки. До центра Москвы - 12 минут на авто, 4 станции до Китай-города, 20 минут до Кремля. До метро Текстильщики - 10 минут пешком или 2 остановки на общественном транспорте (остановка прямо у выхода с территории, интервал движения 3 минуты). Всё для комфортной жизни: парки, спортивные и культурные объекты рядом. Новый современный апарт-комплекс с охраняемой 24/7 территорией. Бесплатная большая парковка, всегда есть место. Тихий, закрытый двор, спокойные соседи, без детских площадок. Для жильцов - бесплатный спортивный зал с современным оборудованием. На территории - пункт выдачи Ozon. Вся квартира укомплектована техникой и мебелью на заказ: Холодильник, кондиционер, посудомоечная машина. стиральная машина, микроволновка, варочная панель, телевизор, чайник, пылесос. Раскладывающийся диван (полноценное двуспальное место). Большая двуспальная кровать с новым матрасом 160 на 200, безопасная лестница, вместительные шкафы. Набор кухонной и столовой посуды для комфортного проживания. Идеально для жизни и работы, приватности и комфорта. =) Аренда - 70 000 ₽/мес. Квартплата оплачивается отдельно. Pet-friendly: можно с животными (обсуждается отдельно). Звоните отвечу на любые вопросы! Собственник ID 78088840 Документы проверены +7 989 595-43-... Написать вчера вчера, 18:12",,https://www.cian.ru/cat.php?deal_type=rent&district%5B0%5D=8&engine_version=2&offer_type=flat&room9=1&type=4&p=1,2026-04-14T05:59:55+00:00
1144,312387295,ЮВАО,https://www.cian.ru/rent/flat/312387295/?context=3.mpK0yWkITmw.Maqi7mfy3I5tDI1Hr0PKEG3uB3820DXcJ4sXCz6BrApi-09IIZnOasBPYjxtjW8DtYo5zG4GHCxxHA&mlSearchSessionGuid=d3bc10d92ad542c54f59be2467ecf994,1/10,747000,19.0,1,5,,"1/10 Апартаменты-студия, 19 м², 1/5 этаж Только на Циан Проверено в Росреестре Лефортово 7 минут пешком Москва , ЮВАО , р-н Лефортово , м. Лефортово , 1-й Краснокурсантский проезд , 5/7 47 000 ₽/мес. От года, комм. платежи включены (без счётчиков), без комиссии, залог 45 000 ₽ Отличный район, 500 метров до метро Лефортово БКЛ. Тихий центр, все рядом и при этом никаких пробок или проблем с парковкой, через дорогу спортгородок МЭИ, рядом парк Лефортово, Екатерининский дворец. Все магазины в пяти шагах, пешком можно дойти до Бауманской, Авиамоторной, площади Ильича. Студия апартаменты, регистрация невозможна. Находится на цокольном этаже. Есть окно, оборудованный санузел - душевая кабина, раковина, унитаз. Только что закончили ремонт. Вход в блок помещений со двора, общие площади отремонтированы. Общая площадь 19 м2, санузел 1,5 м на 1,5 м, основное помещение 2,6 м на 5,5. Есть всё необходимое: диван, стол, посуда, микроволновка, холодильник, стиралка, плита. Идеально для проживания небольшой семьи или одиночки, для рабочего, массажного кабинета, турагентства, детского клуба, кабинета репетитора. Аренда от собственника. Адекватный собственник, в квартиру не приходит, мелочным контролем не донимает. Готов провести видеопоказ, обращайтесь. Я готов сотрудничать с риэлторами и агентами, но никаких ""эксклюзивных"" предложений и ""снимите ненадолго объявление"" не будет, не трудитесь зря. Есть вопросы? Пишите прямо сейчас, ответы на вопросы, видеопоказ, советы бесплатно! Пусть Москва будет добра к вам! Собственник ID 113872797 Документы проверены +7 986 304-28-... Написать вчера вчера, 22:25",,https://www.cian.ru/cat.php?deal_type=rent&district%5B0%5D=8&engine_version=2&offer_type=flat&room9=1&type=4&p=2,2026-04-14T05:59:55+00:00
1135,327375667,ЮВАО,https://www.cian.ru/rent/flat/327375667/?context=3.gNBLeEYSPVE.vAc440njpNrAOY0u79LaTvWtg-tTrVAtYV68xEGGjK1X-A_--I1hjWixpIoLQO2yMF9cpZahPd0XNg&mlSearchSessionGuid=d3bc10d92ad542c54f59be2467ecf994,1/18,1058000,26.9,9,32,,"1/18 Студия, 26,9 м², 9/32 этаж Только на Циан Нижегородская 8 минут пешком Москва , ЮВАО , р-н Нижегородский , м. Нижегородская , Газгольдерная улица , 10 58 000 ₽/мес. От года, комм. платежи включены (без счётчиков), комиссия 50%, без залога За объект уже внесли аванс Cдаетcя уютнaя студия ЖK Пpофит новая, свeтлая cтудия с дизaйнepcким pемoнтoм oт кoмпaнии Smarent. Квартира рacполoжeна на 9 этаже . Идeaльная тpaнcпoртнaя доступность - в 5 минутах xодьбы нaходится ст. мeтрo Hижeгорoдcкая, кoтoрая входит в крупнейший в Eвропе тpанспоpтнo-пepесадочный узел. В его составе: две станции метро, станции МЦК, МЦД и Горьковского направления МЖД. До ст. м Таганская можно добраться наземным транспортом за 20 мин, МЦК Москва Сити (Деловой Центр) 30 мин., Нескучный Сад в Парке Горького - 25 минут. Для автомобилистов удобный быстрый выезд на ТТК и Садовое Кольцо. Рядом большой торговый центр ""Город"", Леруа. Закрытый двор с детскими площадками и фитнес-зоной, а также большой подземный паркинг. Машиноместо можно снять по доступной цене. Бытовая техника: стиральная машина, холодильник, варочная панель, СВЧ печь, телевизор, электрический чайник. Есть всё необходимое для жизни УСЛОВИЯ ПРОЖИВАНИЯ: Тариф Комфортное проживание -50% от арендного платежа - Раннее бронирование объекта (за 3 дня до заселения) - Персональный менеджер на всех этапах аренды быстро реагирует на запросы - большинство бытовых вопросов решаем за 48 часов - Страхование гражданской ответственности до 0,3 млн ₽ - Организация мелкого ремонта ! Коммунальные платежи: электроэнергия, хвс\гвс, услуги интернет провайдера, расходы за отопление дома/квартиры оплачивает арендатор. ! Заселение только при наличии постоянной регистрации РФ. Строго без животных. Агентство недвижимости СМАРЕНТ Документы проверены +7 985 853-93-... Написать вчера вчера, 18:04",,https://www.cian.ru/cat.php?deal_type=rent&district%5B0%5D=8&engine_version=2&offer_type=flat&room9=1&type=4&p=2,2026-04-14T05:59:55+00:00
1164,328178389,ЮВАО,https://www.cian.ru/rent/flat/328178389/?context=3.5qFuDZIgGhk.MyN1v0jua40r5NcKjs1nzZ9stmMAvzqs1YX3lCqGiLX9iEBkUcxynSbs6TU1Lo7B_oI1jrUA4Z7kkg&mlSearchSessionGuid=03243ab8baf29293b924d36ee5871ea2,1/11,1060000,23.0,8,31,,"1/11 Студия, 23 м², 8/31 этаж Только на Циан Нижегородская 8 минут пешком Москва , ЮВАО , р-н Нижегородский , м. Нижегородская , Газгольдерная улица , 10 60 000 ₽/мес. От года, комм. платежи включены (счётчики включены), комиссия 80%, залог 60 000 ₽ Сдается уютная стадия 23 метра на 8 этаже. Полностью меблирована: Кровать, кухня, варочная панель, холодильник, стиральная машина. Прекрасная транспортная доступность: До метро Нижегородская - 7 минут пешком! Отличная инфраструктура: Рядом торговый центр, магазины, кафе, рестораны. Риелтор Татьяна Стерехова Суперагент +7 923 074-04-... Написать неделю назад 4 апр, 10:57",,https://www.cian.ru/cat.php?deal_type=rent&district%5B0%5D=8&engine_version=2&offer_type=flat&room9=1&type=4&p=3,2026-04-14T05:59:55+00:00
1108,325424262,ЮВАО,https://www.cian.ru/rent/flat/325424262/?context=3.PbeQ2HpnUJE.CRM97R4_pPyAMgdZDokMDHFRa2PO-RPwuZxGfHdKOUtlQmfrv0abfIgMROzG992aJ_ONu9KvXeTXpg&mlSearchSessionGuid=f7b71d3e53b5d790b5ea3181b34d7eeb,1/14,1070000,25.6,9,31,,"1/14 Сдается впервые помле ремонта Студия, 25,6 м², 9/31 этаж Только на Циан Нижегородская 9 минут пешком Москва , ЮВАО , р-н Нижегородский , м. Нижегородская , Газгольдерная улица , 10 70 000 ₽/мес. От года, комм. платежи включены (без счётчиков), без комиссии, залог 75 000 ₽ Сдается новая стильная уютная квартира-студия общей площадью 25,6 кв м. Располагается на 12 этаже. Окна выходят на улицу. Техника в квартире: стиральная машина, индукционная варочная панель с 2 конфорками, полноразмерный холодильник, духовой шкаф с функцией микроволновки, вытяжка, кондиционер, проточный водонагреватель, электрочайник, беспроводной пылесос, утюг. Квартира обставлена удобной мебелью: полноразмерная кровать шириной 160 см с подъемным механизмом, анатомический матрас Askona (высота 17 см), прикроватная тумбочка, стеллаж, комод, большой шкаф для одежды, обеденный стол с 2 стульями, пуфик, зеркало. Также есть стремянка и гладильная доска. Санузел с ванной (170 см) площадью 3,2 кв м. Кроме того имеется набор посуды: кастрюли, сковорода, чашки, тарелки, салатники, столовые приборы. Квартира сдается впервые после ремонта. Договор найма заключается на 11 месяцев Коммунальные платежи: электроэнергия, ХВС, ГВС, отопление, интернет оплачиваются арендатором. Риелтор Марианна Маринычева Суперагент +7 915 267-45-... Написать вчера вчера, 16:10",,https://www.cian.ru/cat.php?deal_type=rent&district%5B0%5D=8&engine_version=2&offer_type=flat&room9=1&type=4&p=1,2026-04-14T05:59:55+00:00
1171,298608752,ЮВАО,https://www.cian.ru/rent/flat/298608752/?context=3.OWoWAu3-k34.OTPDvE11brEcnlrfH4wEH-SDXRG1V0_jdqFei-AlHns4HgHzA3xgnMcKKxn5pvpEXlKM21vK3GG4rg&mlSearchSessionGuid=03243ab8baf29293b924d36ee5871ea2,1/11,1250000,19.0,10,16,,"1/11 Студия, 19 м², 10/16 этаж Только на Циан Серп и Молот 7 минут пешком Москва , ЮВАО , р-н Лефортово , м. Серп и Молот , Таможенный проезд , 12 50 000 ₽/мес. От года, комм. платежи включены (без счётчиков), комиссия 50%, залог 50 000 ₽ Сдается с 03.02 на длительный срок уютная студия с косметическим ремонтом и всей необходимой мебелью и техникой в 8 минутах пешком от м. Площадь Ильича или Римская или в 6 минутах пешком от станции МЦД Серп и Молот. Угловой диван раскладывается. Можно с небольшими воспитанными животными. Оперативный показ и заселение! Звоните, уважаемые клиенты и коллеги! Риелтор Юрий Старшинов Суперагент +7 994 785-89-... Написать два дня назад 11 апр, 16:00",,https://www.cian.ru/cat.php?deal_type=rent&district%5B0%5D=8&engine_version=2&offer_type=flat&room9=1&type=4&p=3,2026-04-14T05:59:55+00:00
1109,328627345,ЮВАО,https://www.cian.ru/rent/flat/328627345/?context=3.SEGMXt9HCgY.-aHpPxJfHBdTsCw-X4PKDajxIa0XP5bNi43YNV0Dj2zwmuciO1Ay55TSlS7rLVgEuaOrh6fAgt28_g&mlSearchSessionGuid=f7b71d3e53b5d790b5ea3181b34d7eeb,1/13,1950000,20.0,1,5,,"1/13 Апартаменты-студия, 20 м², 1/5 этаж Только на Циан Сортировочная 9 минут пешком Москва , ЮВАО , р-н Лефортово , м. Сортировочная , Ухтомская улица , 19 50 000 ₽/мес. От года, комм. платежи включены (без счётчиков), комиссия 50%, залог 55 000 ₽ Сдаю на длительный срок стильную квартиру. Высота потолков 3,1 м, что дает простор в помещении. Квартира сдается впервые после качественного ремонта, есть все необходимое для жизни. Оперативный показ Риелтор Екатерина Рычкова Суперагент +7 936 706-91-... Написать час назад сегодня, 07:03",,https://www.cian.ru/cat.php?deal_type=rent&district%5B0%5D=8&engine_version=2&offer_type=flat&room9=1&type=4&p=1,2026-04-14T05:59:55+00:00
1104,327917847,ЮВАО,https://www.cian.ru/rent/flat/327917847/?context=3.Q6n5zM8emq4.aphaB_klK3jhKdjLI3K3g2TDc0Sxtf9icIbB1kiZYwbbRfq6xSssAs8CT_BbyCtNbRF9ASBuiAUPOw&mlSearchSessionGuid=f7b71d3e53b5d790b5ea3181b34d7eeb,1/14,2027000,29.2,5,23,,"1/14 Апартаменты-студия, 29,2 м², 5/23 этаж Только на Циан Волгоградский проспект 2 минуты пешком Москва , ЮВАО , р-н Южнопортовый , м. Волгоградский проспект , Новоостаповская улица , 20 27 000 ₽/мес. От года, комм. платежи включены (без счётчиков), без комиссии, залог 25 000 ₽ Арт. 129551791 На длительный срок сдаётся студия в ЖК HighWay 29.2 метра, строго под склад. 1 минута до метро Волгоградский проспект, 15 минут до станции МЦК Угрешская и до станции метро Дубровка. Агентство недвижимости Мечты в квадрате Суперагент +7 986 263-98-... Написать вчера 12 апр, 17:26",,https://www.cian.ru/cat.php?deal_type=rent&district%5B0%5D=8&engine_version=2&offer_type=flat&room9=1&type=4&p=1,2026-04-14T05:59:55+00:00
1158,328702971,ЮВАО,https://www.cian.ru/rent/flat/328702971/?context=3.ybe9c8aA7AI.FBiYfYsEzTMuUHs5SjChAFXSi-5PMyUxq6j0SDKz9e3AvcqyIBkiRzw_74hVs1MjYBmZY7czu0yK2w&mlSearchSessionGuid=03243ab8baf29293b924d36ee5871ea2,1/7,2055000,30.0,4,14,,"1/7 Апартаменты-студия, 30 м², 4/14 этаж Жулебино 3 минуты пешком Москва , ЮВАО , р-н Выхино-Жулебино , м. Жулебино , улица Генерала Кузнецова , 20 55 000 ₽/мес. От года, комм. платежи включены (без счётчиков), комиссия 50%, залог 55 000 ₽ Ольга. Вашему вниманию предлагаются светлые, уютные ДВУХУРОВНЕВЫЕ апартаменты, первый уровень 20 метров, второй уровень 10 метров, высота потолков 4 метра. В апартаментах выполнен дизайнерский ремонт. В кухонной зоне: кухонный гарнитур, электрическая плита, холодильник, СВЧ. В жилой зоне: двуспальный диван, тумба под телевизор. На втором уровне двуспальная кровать, шкафы. Санузел совмещен, ванна, стиральная машина. В прихожей шкаф, комод. Страховой депозит разбивается на 2 части. Дом расположен в 1 МИНУТЕ ходьбы от метро Жулебино. Развитая инфраструктура, рядом ТЦ Миля, фудмолл Привоз, различные магазины, кафе, аптеки, поликлиники. Можно с маленьким и чистоплотным животным. Риелтор Екатерина Дрозд Суперагент +7 915 113-46-... Написать шесть дней назад 7 апр, 15:47",,https://www.cian.ru/cat.php?deal_type=rent&district%5B0%5D=8&engine_version=2&offer_type=flat&room9=1&type=4&p=3,2026-04-14T05:59:55+00:00
1110,328323673,ЮВАО,https://www.cian.ru/rent/flat/328323673/?context=3.QwRVq0HptO4.UjIwtUM6f5JRip5VARdnM5GAQi-YMi5iZ3mVXe4r6Qu3owDGOFNJNeKHJuFLiYOD53z5DtdF2ZmTUQ&mlSearchSessionGuid=f7b71d3e53b5d790b5ea3181b34d7eeb,1/15,2057500,23.0,16,25,,"1/15 Комиссия 0% + Самая низкая цена! Апартаменты-студия, 23 м², 16/25 этаж Только на Циан Волгоградский проспект 3 минуты пешком Москва , ЮВАО , р-н Южнопортовый , м. Волгоградский проспект , Новоостаповская улица , 20 57 500 ₽/мес. От года, комм. платежи включены (без счётчиков), без комиссии, залог 57 500 ₽ УНИКАЛЬНОЕ ПРЕДЛОЖЕНИЕ: 1) Без комиссии для арендатора ! 2) Самая низкая цена за дизайнерскую студию в ЖК бизнес-класса в пределах ТТК ! 3) До метро 1 мин пешком ! Сдается на длительный срок стильная студия 23 кв.м. с дизайнерским ремонтом в современном ЖК бизнес-класса ХайВэй. АДРЕС: г. Москва, ул. Новоостаповская, д. 20. ЭТАЖ: 16 из 25. ПЛОЩАДЬ: 23 кв.м. (комната 18 кв.м., кухня-гостиная 5 кв.м.). РЕМОНТ: Объект в идеальном состоянии, дизайнерский ремонт. ОТДЕЛКА САНУЗЛА: Совмещенный санузел с душевой кабиной. ПОЛНОЕ ОСНАЩЕНИЕ МЕБЕЛЬЮ И ТЕХНИКОЙ: • Кондиционер. • Большой холодильник. • Стиральная машина. • Стеклокерамическая варочная панель. • Вытяжной шкаф. • Микроволновая печь. • ! 3 ОГРОМНЫХ ГАРДЕРОБНЫХ ШКАФА ! ЛОКАЦИЯ И ТРАНСПОРТ: • 1 минута пешком до м. Волгоградский проспект. • 10 минут пешком до м. Дубровка. • 12 минут пешком до м. Угрешская. • 10 минут на автомобиле до Садового кольца. • 10 минут до центра Москвы на метро. ИНФРАСТРУКТУРА ЖК ХАЙВЭЙ: • Комплекс бизнес-класса с подземным паркингом. • Вся необходимая инфраструктура. •Прямо в доме продуктовый супермаркет Дикси. • Скоро в ЖК будет открыт собственный фитнес-центр с бассейном World Class. • Закрытая охраняемая территория с видеонаблюдением. • Благоустроенный двор. ФИНАНСОВЫЕ И ОРГАНИЗАЦИОННЫЕ УСЛОВИЯ: • Собственник действует как ИП. Аренда возможна как для физических лиц, так и для юридических лиц (для проживания конкретного сотрудника, указываемого в договоре). • ВСЯ ОПЛАТА СТРОГО ПО БЕЗНАЛИЧНОМУ РАСЧЕТУ. • ДЛЯ ПРОЖИВАНИЯ 1 ЧЕЛОВЕКА ИЛИ СЕМЕЙНОЙ ПАРЫ БЕЗ ДЕТЕЙ! • ПРОЖИВАНИЕ С ЖИВОТНЫМИ НЕ ДОПУСКАЕТСЯ. • В стоимость аренды включены коммунальные платежи. Дополнительно оплачиваются: электроэнергия, вода по счетчикам, интернет. Риелтор ID 123676766 Документы проверены +7 985 041-16-... Написать вчера вчера, 20:55",,https://www.cian.ru/cat.php?deal_type=rent&district%5B0%5D=8&engine_version=2&offer_type=flat&room9=1&type=4&p=1,2026-04-14T05:59:55+00:00
1116,328729519,ЮВАО,https://www.cian.ru/rent/flat/328729519/?context=3.knR9Y3RCs7E.2zw6mqJ7DIsKxAv6IB8v_Yq3IIl6SSUHhIdsrxu9p3tyFznzLxhOwELZn1OoHGBlLSH4ZdVJeYjQog&mlSearchSessionGuid=f7b71d3e53b5d790b5ea3181b34d7eeb,1/8,2058000,23.5,21,23,,"1/8 Апартаменты-студия, 23,5 м², 21/23 этаж Только на Циан Волгоградский проспект 3 минуты пешком Москва , ЮВАО , р-н Южнопортовый , м. Волгоградский проспект , Новоостаповская улица , 20 58 000 ₽/мес. От года, комм. платежи включены (без счётчиков), комиссия 60%, залог 30 000 ₽ Современная студия 23 м2! 2 минуты от станции метро Волгоградский проспект или 7 минут от метро Угрешская. 10 минут до Кремля, рядом Третье транспортное кольцо, удобно добираться в любую точку города. Максимально комфортное проживание вам обеспечено. Круглосуточная охрана подъезда и территории. Высота потолков под 2,8 метра. Современный дизайн, и мебель. Новая техника (кондиционер, встроенный холодильник, плита, стиральная машина, телевизор, СВЧ). Большая ванна Индивидуальное отопление с возможностью регулировки каждой батареи. Коммунальные платежи по счетчикам. Популярный Жилой комплекс ЖК ""Хайвей"". Расположен в отличном районе города Москвы с сложившейся инфраструктурой района. Недалеко от комплекса: Крупнейший развлекательный комплекс ""Остров мечты"", Коломенский парк, Современная архитектура и авторская отделка корпусов. Благоустроенная и охраняемая территория. Собственный подземный паркинг, оригинальные современные детские площадки. Квартира сдается ВПЕРВЫЕ. Порядочный и доброжелательный собственник. Желаю Удачи! Риелтор Дмитрий Сыромятников Суперагент +7 986 323-66-... два дня назад 11 апр, 11:15",,https://www.cian.ru/cat.php?deal_type=rent&district%5B0%5D=8&engine_version=2&offer_type=flat&room9=1&type=4&p=1,2026-04-14T05:59:55+00:00
1097,328255372,ЮВАО,https://www.cian.ru/rent/flat/328255372/?context=3.-rIoE6cat7Y.y0mFuIgrOeZRl-EK0H6c-LyeWv4rvxoMEaWmdC_FBQVlVydqybNGCdIamBIN94hhMqKH5sv_qUgxbA&mlSearchSessionGuid=f7b71d3e53b5d790b5ea3181b34d7eeb,1/18 Ещё фото,2067000,27.0,11,23,,"1/18 Ещё фото Апартаменты-студия, 27 м², 11/23 этаж Волгоградский проспект 3 минуты пешком Москва , ЮВАО , р-н Южнопортовый , м. Волгоградский проспект , Новоостаповская улица , 20 67 000 ₽/мес. От года, комм. платежи включены (без счётчиков), комиссия 60%, залог 67 000 ₽ ВАШЕМУ ВНИМАНИЮ! м.Волгоградский проспект - 2 минуты пешком! Предлагается, светлая, уютная квартира. Квартира в отличном состоянии, после ремонта. Полностью укомплектована всей необходимой мебелью и техникой для комфортного проживания. В шаговой доступности магазины одежды и обуви, салоны красоты, бытовые услуги, спортклуб, продуктовые магазины. Заселение день в день. Оперативный показ. По всем вопросам звонить 24/7. Агентство недвижимости PREMIUM CITY Документы проверены Посмотреть все объекты +7 985 586-44-... Написать вчера вчера, 14:48",,https://www.cian.ru/cat.php?deal_type=rent&district%5B0%5D=8&engine_version=2&offer_type=flat&room9=1&type=4&p=1,2026-04-14T05:59:55+00:00
1139,327143324,ЮВАО,https://www.cian.ru/rent/flat/327143324/?context=3.9bSFhnoHw34.QQt0GfUXiobLDvh2n8mUqkYqqvA2Ejuri956PDEtXL-gvOcaGw287y74yjddwy-agsTtpcP7DzTLaw&mlSearchSessionGuid=d3bc10d92ad542c54f59be2467ecf994,1/9,2069900,26.0,22,23,,"1/9 Апартаменты-студия, 26 м², 22/23 этаж Волгоградский проспект 3 минуты пешком Москва , ЮВАО , р-н Южнопортовый , м. Волгоградский проспект , Новоостаповская улица , 20 69 900 ₽/мес. От года, комм. платежи включены (без счётчиков), комиссия 50%, залог 75 000 ₽ Id 60982. Сдается просторная студия в ЖК ""HighWay"" ! Об апартаменте: - Квартира оснащена всей необходимой мебелью и техникой. - Большое панорамное окно. - Дизайнерский ремонт на стадии завершения. - Полностью укомплектована Главные преимущества комплекса Хайвей: - Метро ""Волгоградский проспект"" в 3 минутах ходьбы. - До центра города 10 минут на метро! - На первых этаж уже работает продуктовый магазин ""Дикси"", также в комплексе открыты пункты выдачи ""Ozon"" и ""Wildberries"" - Летом будет открыт фитнес-клуб с бассейном, до которых можно добраться не выходя из подъезда! - Закрытая территория с пропускной системой. - Подземный паркинг. - ЖК находится в активно развивающемся районе Москвы. - Рядом расположен торговый центр ""Дубровка"" известный своими положительными отзывами. Рассмотрим предложения, звоните для записи на показ, отвечаю быстро! Агентство недвижимости EstateLiga Документы проверены +7 916 863-15-... Написать вчера вчера, 19:57",,https://www.cian.ru/cat.php?deal_type=rent&district%5B0%5D=8&engine_version=2&offer_type=flat&room9=1&type=4&p=2,2026-04-14T05:59:55+00:00
1120,327283374,ЮВАО,https://www.cian.ru/rent/flat/327283374/?context=3.oRH5hGqd_Sw.jTX4ta4zME1Ws7Hy6lbU-16JaN1jHWiOETaAiJ7adKnhQI-0lrvzSOIVNtfugohZRvY7X6sj6ADweQ&mlSearchSessionGuid=f7b71d3e53b5d790b5ea3181b34d7eeb,1/27,2070000,37.0,6,23,,"1/27 Апартаменты-студия, 37 м², 6/23 этаж Дубровка 15 минут пешком Москва , ЮВАО , р-н Южнопортовый , м. Волгоградский проспект , Новоостаповская улица , 20 70 000 ₽/мес. От года, комм. платежи включены (без счётчиков), комиссия 70%, залог 70 000 ₽ Впервые,любовь с первого взгляда ! Это та самая квартира в которой хочется жить! Она прекрасна! поторопитесь ! Всего в минуте ходьбы от метро,в новом стильном доме HighWay сдается обалденная ,комфортная,просторная студия 37 кв.м,для современных людей. Она просто куколка! Натяжные потолки,теплые полы,выполнен качественный свежий евро ремонт. Техника и мебель дорогая,красивая. Большой,вместительный шкаф ! Установлена шикарная кухня,установлены фильтры для чистки воды. Имеется посуда,встроенная посудомоечная машина! Все абсолютно новое! Уютная атмосфера создана для вашего комфортного проживания. Оплата коммунальных услуг полностью оплачивается нанимателем,согласно квитанции,сверху арендной оплаты. Достойная студия. Собственники замечательные люди. Рассмотрим на длительный срок платежеспособных,аккуратных людей. Риелтор Инна Светлова Суперагент +7 986 304-21-... Написать вчера вчера, 18:37",,https://www.cian.ru/cat.php?deal_type=rent&district%5B0%5D=8&engine_version=2&offer_type=flat&room9=1&type=4&p=1,2026-04-14T05:59:55+00:00
1148,328879254,ЮВАО,https://www.cian.ru/rent/flat/328879254/?context=3.7jiYq4Uj7Vg.VZ9iPsYC-0SPB1_c0s2FTybkcuvkGfzPhKdN71aP8CekIE1o_FLzdDRpv8oZ9CnKnGBBIzPc8QQDyg&mlSearchSessionGuid=d3bc10d92ad542c54f59be2467ecf994,3/14,2075000,27.5,2,23,,"3/14 Апартаменты-студия, 27,5 м², 2/23 этаж Только на Циан Волгоградский проспект 3 минуты пешком Москва , ЮВАО , р-н Южнопортовый , м. Волгоградский проспект , Новоостаповская улица , 20 75 000 ₽/мес. От года, комм. платежи включены (счётчики включены), без комиссии, залог 70 000 ₽ Сдается на длительный срок студия 27,5 м2 с дизайнерским ремонтом в современном ЖК ХайВэй. Расположение ЖК 1 мин пешком до м. Волгоградский пр-т, 5 мин до м. Дубровка, 10 мин до м.Угрешская, вся необходимая инфраструктура, рядом магазин Дикси и др, закрытая охраняемая территория, благоустроенный двор и подземный паркинг. Ремонт: новый дизайнерский, идеальное состояние. санузел совместный с душевой зоной. Техника в квартире вся стильная и новая: большой холодильник, стиральная машина, микроволновая печь, духовой шкаф, телевизор, кондиционер, стеклокерамическая варочная панель, вытяжка. Мебель: кухня, большой шкаф купе, кровать с ортопедическим матрасом 200*160. полка под телевизор, кухонный стол и стулья. Сдается для одного человека или семейной пары, без детей и без животных. Дополнительно оплачивается стоимость коммунальных услуг ( вода, электричество, отопление) и интернет. Посредников прошу не беспокоить. Собственник ID 90497284 +7 915 243-42-... Написать два дня назад 12 апр, 08:24",,https://www.cian.ru/cat.php?deal_type=rent&district%5B0%5D=8&engine_version=2&offer_type=flat&room9=1&type=4&p=2,2026-04-14T05:59:55+00:00
1147,328909207,ЮВАО,https://www.cian.ru/rent/flat/328909207/?context=3.rjXGfmZh-8w.Lw_FJZsNQ8wF5ERpJ5sZE0RIwG4QsZuTl8xOFYwv2wlWYfMUnXkHTfoB9KCo_5Fr52uWClGNQNg_cQ&mlSearchSessionGuid=d3bc10d92ad542c54f59be2467ecf994,1/22,2080000,25.0,20,24,,"1/22 Апартаменты-студия, 25 м², 20/24 этаж Волгоградский проспект 3 минуты пешком Москва , ЮВАО , р-н Южнопортовый , м. Волгоградский проспект , Новоостаповская улица , 20 80 000 ₽/мес. От года, комм. платежи включены (без счётчиков), без комиссии, залог 80 000 ₽ Собственник впервые сдает студию в новом ЖК бизнес класса. Всего 2 минуты пешком до метро Волгоградский проспект и через 7 минут Вы окажетесь в самом центре нашей столицы! Видовая квартира с отличной панорамой на центр города, стильный ремонт и обстановка, качественная мебель и современная бытовая техника Kupersberg (кондиционер, стиральная машина, посудомоечная машина, холодильник, духовой шкаф и варочная панель, тв, утюг ...), вся необходимая домашняя утварь и посуда. Есть все, что нужно для качественной и комфортной жизни! Осталось только завезти свои вещи! Новый ЖК бизнес класса с закрытой территорией и приличными соседями. Зеленый район, рядом кафе, школы, детские сады, магазины, внутри территории находится фитнес клуб. Собственник ID 81815441 Документы проверены +7 917 422-07-... Написать вчера вчера, 12:25",,https://www.cian.ru/cat.php?deal_type=rent&district%5B0%5D=8&engine_version=2&offer_type=flat&room9=1&type=4&p=2,2026-04-14T05:59:55+00:00
1155,326328191,ЮВАО,https://www.cian.ru/rent/flat/326328191/?context=3.6LIaC8mcjGc.AkUfmljbpzSPRuILMbP0uZyN1xAc02dVW4hzcBjXrZvDiMmQjc85Kii5fz_2GqdjiVCEyBDa3bARSQ&mlSearchSessionGuid=03243ab8baf29293b924d36ee5871ea2,1/44,2084999,32.0,19,21,,"1/44 Апартаменты-студия, 32 м², 19/21 этаж Только на Циан Волгоградский проспект 3 минуты пешком Москва , ЮВАО , р-н Южнопортовый , м. Волгоградский проспект , Новоостаповская улица , 20 84 999 ₽/мес. На несколько месяцев, комм. платежи включены (без счётчиков), без комиссии, залог 84 999 ₽ Замечательная студия с панорамным видом на историческую часть Москвы. Апартаменты с дорогим и современным ремонтом. Продуманная до мелочей. Здесь удобно и жить и работать. Большая кухня со всей встроенной техникой: двухкамерный холодильник, посудомоечная машина, микроволновая печь. Вместительная кровать 160 на 200 с ортопедическим матрасом, телевизор с 55 диагональю. Трехзонное освещение позволит настроить комфортный свет в квартире. Теплые полы по всей площади, кондиционер. Удобная ванная комната полностью оборудованная. Отдельная рабочая зона со своим освещением. Адаптированное место для подключения робот-пылесоса. Место для отдыха с удобным креслом и пуфом для ног. Ремонт делался полностью под себя, но сдается в виду переезда собственника. Спешите, это супер отличный и качественный вариант. Оперативные показы с понедельника по пятницу. Риелтор Ильдар Канафеев Суперагент +7 917 566-42-... Написать пять дней назад 8 апр, 13:57",,https://www.cian.ru/cat.php?deal_type=rent&district%5B0%5D=8&engine_version=2&offer_type=flat&room9=1&type=4&p=3,2026-04-14T05:59:55+00:00
1123,328873800,ЮВАО,https://www.cian.ru/rent/flat/328873800/?context=3.OiHZzpUyTNs.7jLtjr5BNrhUt_gYIN37xS_pfUjo43v0NVtqx2naK0mPuFU03lbfyl_6jw8FYc4otR0wsWhrq3-CEg&mlSearchSessionGuid=d3bc10d92ad542c54f59be2467ecf994,1/20,2085000,30.0,20,23,,"1/20 Апартаменты-студия, 30 м², 20/23 этаж Только на Циан Волгоградский проспект 3 минуты пешком Москва , ЮВАО , р-н Южнопортовый , м. Волгоградский проспект , Новоостаповская улица , 20 85 000 ₽/мес. От года, комм. платежи включены (без счётчиков), комиссия 50%, залог 85 000 ₽ 3 минуты до метро! Предлагаем в аренду стильные апартаменты-студию . 20-м этаже современного дома. Высота потолков - 2.8 метра, из окон открывается перспектива на Москву.До метро всего 3 минуты пешком, что делает это предложение особенно привлекательным для тех, кто ценит удобное расположение. В квартире выполнен дизайнерский ремонт, все продумано до мелочей,мебель в комнате и на кухне. Оснащена всей необходимой техникой: кондиционер, холодильник, посудомоечная машина, телевизор и стиральная машина. В ванной комнате установлена душевая кабина. Во всей квартире ТЕПЛЫЙ ПОЛ.На время отключения горячей воды есть мощный водонагреватель. Дом оборудован подземной парковкой Вокруг развитая инфраструктура: по близости расположены школы, детские сады, клиники и магазины, поэтому все необходимое будет у вас под рукой. в 15 минутах исторический центр: Крутицкое подворье,Симоновский и Новоспасский монастыри. Договор заключается на удобных условиях. Приглашаем вас на просмотр, чтобы лично оценить все достоинства этих апартаментов. Ждем вашего звонка! Агентство недвижимости PREMIUM CITY Суперагент +7 986 304-29-... Написать вчера вчера, 12:34",,https://www.cian.ru/cat.php?deal_type=rent&district%5B0%5D=8&engine_version=2&offer_type=flat&room9=1&type=4&p=2,2026-04-14T05:59:55+00:00
1176,328343074,ЮВАО,https://www.cian.ru/rent/flat/328343074/?context=3.BukOTQZCPps.XgF4y6uCZ3OC0YibM8yvJ2j8Aa0pg8ueEbmfKRMV1MoOOYSsbj7knNTxCvTqR8e-9IMmn7dzfJGcYQ&mlSearchSessionGuid=03243ab8baf29293b924d36ee5871ea2,1/47,2088000,31.0,16,22,,"1/47 Апартаменты-студия, 31 м², 16/22 этаж Волгоградский проспект 3 минуты пешком Москва , ЮВАО , р-н Южнопортовый , м. Волгоградский проспект , Новоостаповская улица , 20 88 000 ₽/мес. От года, комм. платежи включены (без счётчиков), комиссия 50%, залог 88 000 ₽ Впервые сдается светлая, абсолютно тихая студия с продуманным зонированием, в шаговой доступности от метро (160 шагов от выхода из метро до двери квартиры )и в 5 минутах транспортом до центра Москвы. Дизайн проект выполнен студией дизайна НОВА ДОМ, для тех, кто ценит комфорт, стиль и локацию. Панорамные окна, французский балкон и стильный дизайнерский ремонт создают атмосферу уюта и свободы.В студии продумано разделение на зоны. Есть отдельное место для сна, уютная зона отдыха и, что важно, удобное рабочее место для тех, кто работает из дома.Тишина: Сделана качественная полная профессиональная шумоизоляция — внутри вас никто не побеспокоит. Комфортная кухня с посудомоечной машиной, встроенным тихим холодильником FULL No Frost, индукционной плитой и всей необходимой техникой. Смарт-ТВ, кондиционер. Ванная с душевой кабиной, стиральная и сушильная машины (отдельно!), теплый пол, установлены датчики протечки. Сделан мастер выключатель (на отключение при выходе из квартиры всего электричества кроме холодильника и вай фая) , система нептун от протечек воды подключена через вай фай ( есть возможность удаленно контролировать ), видио домофон с возможностью открывания от подъезда и входа в жк , диван раскладывающийся . Закрытая охраняемая территория, консьерж 24/7, видеонаблюдение, подземный паркинг въезд по заявке в приложении .В доме уже работают магазины, Озон и Wildberries. Скоро откроется фитнес-центр с бассейном. Идеально для одного человека или пары, которые ценят порядок, тишину и комфорт. Агентство недвижимости СВМ-Групп Суперагент +7 994 508-11-... Написать вчера вчера, 14:53",,https://www.cian.ru/cat.php?deal_type=rent&district%5B0%5D=8&engine_version=2&offer_type=flat&room9=1&type=4&p=3,2026-04-14T05:59:55+00:00
1098,328298801,ЮВАО,https://www.cian.ru/rent/flat/328298801/?context=3.OQ-mT_6GzEc.QLOPOhJTNYHA5RCmY5z3RX2xP5UuE2WIB2r_sMZdpX5qFNs8jRfdW9cpdFt52vkFs9mRTDIHarGRXg&mlSearchSessionGuid=f7b71d3e53b5d790b5ea3181b34d7eeb,1/7,2835000,25.0,12,17,,"1/7 Студия, 25 м², 12/17 этаж Только на Циан Некрасовка 10 минут пешком Москва , ЮВАО , р-н Некрасовка , м. Некрасовка , улица Недорубова , 28 35 000 ₽/мес. От года, комм. платежи включены (счётчики включены), комиссия 60%, залог 35 000 ₽ Сдается на длительный период . Качественный рeмoнт, вся мебель и бытовая техника, нeoбходимая для кoмфopтного пpoживaния. Пoлнoстью меблиpoвана мебелью: шкаф,комод, кровать двухспальная , куxонный гарнитур, диван-кресло, барная стойка , высокие стулья . Квартира укомплектована всей бытовой техникой: электрическая плита , холодильник, стиральная машина, микроволновка. Сан узел раздельный, ванна, стиральная машина автомат раздельный в пользовании 3 комнат. Рядом с метро торговые центры, фитнес центр, продуктовые магазины в доме и рядом с домом. Шаговая доступность 7 минут до станции метро Некрасовка. Сдается на длительный период . Рассмотрят платежеспособных жильцов, приоритет для девушки, женщины. Оплата 35000 рублей все платежи включены в стоимость. Депозит 35000 рублей можно разделить на 2 платежа. Комиссия . ID 307387 Документы проверены +7 923 074-33-... Написать шесть дней назад 7 апр, 13:27",,https://www.cian.ru/cat.php?deal_type=rent&district%5B0%5D=8&engine_version=2&offer_type=flat&room9=1&type=4&p=1,2026-04-14T05:59:55+00:00
1170,327887979,ЮВАО,https://www.cian.ru/rent/flat/327887979/?context=3.fLccDLNY0f0.7Yc0tNf-CKv8JBnGkdpRay14HlRomAK81YlXj9kLP7xGyU-2KtWjX7LBQjcjC0eky9XwJsvcYfgQGg&mlSearchSessionGuid=03243ab8baf29293b924d36ee5871ea2,1/14,20129000,27.0,14,25,,"1/14 Апартаменты-студия, 27 м², 14/25 этаж Волгоградский проспект 3 минуты пешком Москва , ЮВАО , р-н Южнопортовый , м. Волгоградский проспект , Новоостаповская улица , 20 129 000 ₽/мес. От года, комм. платежи включены (без счётчиков), без комиссии, залог 129 000 ₽ Бутик-студия с личным кинотеатром и сервисом 5 Премиальная видовая студия в новом апарт-комплексе HighWay (1 минута пешком от м. Волгоградский проспект) 8 минут до Китай города. Пространство создано по стандартам люксового бутик-отеля: здесь нет базовых решений от застройщика, каждый метр спроектирован для вашего безупречного комфорта. Уникальные особенности (почему эта студия особенная): Премиальный сон: Полноценная кровать с матрасом Serta Perfect Sleeper, элитный текстиль бренда Frette и воздушное одеяло (белый лебяжий пух). Элитные окна Schco и профессиональная шумоизоляция гарантируют абсолютную тишину для идеального отдыха. Личный кинозал: Огромный выдвижной экран (110 дюймов) с профессиональным проектором и стерео звуком. Смотрите фильмы с эффектом полного погружения. Умный дом и техника: Система Умный дом с Алисой. Встроенная кухня оснащена всей необходимой техникой, включая современный холодильник No Frost и микроволновую печь. Трехуровневая система водоочистки. Эстетика и материалы: Интерьер выполнен в природных оттенках. Фактурное дерево, дизайнерский свет из травертина и ротанга и подлинная картина художника Che маслом создают атмосферу дорогого приватного пространства. Грамотное зонирование: Приватная спальня, деликатно отделенная декоративными деревянными рейками. Уютная гостиная зона с раскладным диваном, рабочим и обеденным столиком из массива дерева у окна с панорамным видом. Просторный и глубокий встроенный гардероб с множеством ящиков и штанг для хранения вещей. Отельный сервис: В стоимость аренды уже включена профессиональная уборка 2 раза в месяц — живите в чистоте и комфорте, не тратя время на быт. О доме и локации Современный апарткомплекс бизнескласса у метро, закрытая территория, консьерж/охрана, теплый паркинг (аренда возможна за дополнительную плату) До ст. м. Волгоградский проспект 13 минуты пешком, до Китайгорода 8 минут по прямой ветке без пересадок. Рядом магазины, кафе, фитнес, быстрый выезд на ТТК и в центр; удобное расположение для тех, кто ценит время и не хочет жить на окраине. Условия аренды: Ставка: 129 000 ₽ / месяц. Коммунальные платежи: вода, электричество и интернет оплачиваются отдельно. Залог: 100% . Срок: от 11 месяцев. Идеально подойдет для одного че",,https://www.cian.ru/cat.php?deal_type=rent&district%5B0%5D=8&engine_version=2&offer_type=flat&room9=1&type=4&p=3,2026-04-14T05:59:55+00:00
