id,listing_id,district,url,title,price_rub,area_m2,floor,total_floors,metro,address,description_snippet,source_page,scraped_at
1969,328835097,ЮВАО,https://www.cian.ru/rent/flat/328835097/?context=4.BjuUsuqmPIs.044UDj87YKKSMFsxjfgCGejlOZscpvYWxK3sqJZ4ArFu9oeW-OQvG-wf3w9dTTBgcIz8LRrsntKCkw&mlSearchSessionGuid=de80f39a556cb31acbc826319f73c025,1/15,78000,27.0,13,27,,"1/15 Студия, 27 м², 13/27 этаж Только на Циан Авиамоторная 13 минут пешком Москва , ЮВАО , р-н Лефортово , м. Авиамоторная , Символ ЖК , Независимость кв-л 78 000 ₽/мес. От года, комм. платежи включены (без счётчиков), комиссия 30%, залог 78 000 ₽ Номер объекта: 537035. Ждем вас на просмотр! Сдаётся просторная и светлая студия с абсолютно новым ремонтом, мебелью и техникой в ЖК бизнес-класса Символ. Отличная локация за счет своей транспортной и пешей доступности. Станции метро Площадь Ильича, Авиамоторная и Римская в 10-15 минутах пешей доступности. Быстрый выезд на ТТК и комфортная развязка к центру города. В квартире выполнен дизайнерский ремонт, присутствует все необходимое для жизни. Если мы посмотрим из окна, то насладимся спокойным видом на двор, ухоженной придомовой территорией с детской площадкой. Установлена система охраны и видеонаблюдения. На территории комплекса находится охраняемый наземный и подземный паркинг. Закрытая территория. В самом ЖК большое количество ресторанов и кафе. Закрытые дворы без машин с современными детскими площадками и прогулочными зонами. Данная локация славится своей развитой инфраструктурой. Рядом находится ТРЦ Город с невероятным количеством различных магазинов, заведений и развлечений, а также банки, аптеки и пункты выдачи. Через дорогу от дома всеми известный фитнесс клуб World Class. В пешей доступности находятся школы, детские сады. Парк Зеленая река - станет незаменимым местом для прогулок. Большое количество очистных пространств рядом с ЖК. Квартира сдаётся на длительный срок. Звоните, прямо сейчас, чтобы договориться о просмотре. Буду рада ответить на все интересующие вопросы! Агентство недвижимости Moscow Sales Department Документы проверены +7 916 612-48-... Написать 45 минут назад сегодня, 10:27",,https://www.cian.ru/cat.php?deal_type=rent&district%5B0%5D=8&engine_version=2&offer_type=flat&room9=1&type=4&p=2,2026-04-21T08:22:45+00:00
1956,326294321,ЮВАО,https://www.cian.ru/rent/flat/326294321/?context=4.HE4PhUy01pk.wZRNzreH8BOVv2a_rZXnhDjIx2qrfuQzX10VrMgh9iIE2RXsCKN-DaT1b5k9oVeN3RTCb3L671PTjA&mlSearchSessionGuid=f49697fd05f7c7b9e4edaad9a86d072f,1/15,135000,13.5,2,10,,"1/15 Студия, 13,5 м², 2/10 этаж Только на Циан Юго-Восточная 8 минут пешком Москва , ЮВАО , р-н Выхино-Жулебино , м. Юго-Восточная , Ташкентская улица , 25К1 35 000 ₽/мес. От года, комм. платежи включены (без счётчиков), комиссия 60%, залог 35 000 ₽ Сдается уютная студия площадью 11.6 кв. м. на длительный срок. До метро Юго-Восточная всего 8 минут пешком. В квартире есть все необходимое для комфортного проживания: косметический ремонт, необходимая мебель, холодильник, стиральная машина, микроволновая плита, электрическая поверхность, электрический чайник. Планировка включает совмещенный санузел с душевой кабиной. В вашем распоряжении также интернет, поэтому можно смело работать или учиться онлайн. Лоджия добавляет дополнительное пространство для хранения или отдыха. Дом находится в районе с развитой инфраструктурой. В шаговой доступности расположены школы, детские сады и клиники, поэтому все важные учреждения будут у вас под рукой. Для любителей шопинга и повседневных покупок поблизости есть магазины. Риелтор ID 116658281 +7 985 254-20-... Написать вчера 19 апр, 15:37",,https://www.cian.ru/cat.php?deal_type=rent&district%5B0%5D=8&engine_version=2&offer_type=flat&room9=1&type=4&p=1,2026-04-21T08:22:45+00:00
2001,304833727,ЮВАО,https://www.cian.ru/rent/flat/304833727/?context=4.ihO8jPfLPpU.jzD7s1ZGEposUdFN4s8v7WI7oJaUlTF9vi1mBB4pn7STcCiPpKNbbBtHXZ-soaRq7kiiMEqNAF3HpQ&mlSearchSessionGuid=9eddb575e5b4bfab3194492539d04620,1/5,144000,23.0,7,16,,"1/5 Студия, 23 м², 7/16 этаж Люблино 16 минут пешком Москва , ЮВАО , р-н Люблино , м. Люблино , Цимлянская улица , 3к1 44 000 ₽/мес. На несколько месяцев, комм. платежи включены (без счётчиков), без комиссии, залог 50 000 ₽ Уютная студия со всей мебелью в развитом в плане инфраструктуры районе сдается одному человеку - гражданину РФ с добропорядочной репутацией и без долгов. Цена аренды указана без коммунальных расходов. Договор. На звонки отвечаю редко, пишите в мессенджерах. Собственник ID 107316047 Документы проверены Назначить просмотр месяц назад 4 мар, 13:08",,https://www.cian.ru/cat.php?deal_type=rent&district%5B0%5D=8&engine_version=2&offer_type=flat&room9=1&type=4&p=3,2026-04-21T08:22:45+00:00
1961,329126008,ЮВАО,https://www.cian.ru/rent/flat/329126008/?context=4.WpxCFfZdWC0.8WpUb3N3RzRfpQFwo5G_z2zmyNEE2Cvny3eD9B2HPauEC3T7kL2FOrN_uWN_6lONKjhvU3pQH25_kg&mlSearchSessionGuid=de80f39a556cb31acbc826319f73c025,1/19,145000,20.0,4,20,,"1/19 Студия, 20 м², 4/20 этаж Люблино 4 минуты на транспорте Москва , ЮВАО , р-н Люблино , м. Депо , Люблинская улица , 72Ак1 45 000 ₽/мес. От года, комм. платежи включены (без счётчиков), комиссия 65%, залог 45 000 ₽ Сдаётся уютная студия в современном жк. В квартире никто не жил, сдается впервые!! В квартире сделан качественный евроремонт, что создаёт современную и комфортную обстановку. Пространство продумано до мелочей: функциональная кухня площадью 10 кв. м оборудована необходимой мебелью и техникой, включая холодильник и стиральную машину. В комнате также есть вся нужная мебель для вашего удобства. Совмещённый санузел оснащён душевой кабиной, что особенно удобно для небольшой площади. Дом обладает всеми необходимыми удобствами: здесь есть наземная парковка и три лифта — два пассажирских и один грузовой. В доме проведён интернет, поэтому можно сразу подключаться к сети и наслаждаться всеми преимуществами жизни в современном здании. Район предлагает развитую инфраструктуру: рядом находятся школы, детские сады и магазины, что делает это место особенно удобным для семей. Условия аренды: квартира сдаётся на длительный срок. Подходит для проживания одного-двух человек. Не упустите возможность снять уютную и современную студию! Звоните и записывайтесь на просмотр, будем рады вам её показать. Агентство недвижимости Space Realty +7 916 465-01-... Написать вчера 19 апр, 20:28",,https://www.cian.ru/cat.php?deal_type=rent&district%5B0%5D=8&engine_version=2&offer_type=flat&room9=1&type=4&p=2,2026-04-21T08:22:45+00:00
1951,328869295,ЮВАО,https://www.cian.ru/rent/flat/328869295/?context=4.iJmlZZtg5E8.OGDRu1IXQHtna-Q3fVdTXxkVNtmUD6YJRdEpMalCja_2CGRB1PIm0pmBFaAYgwZPKtbNChsdN7ssWA&mlSearchSessionGuid=f49697fd05f7c7b9e4edaad9a86d072f,1/10,160000,21.1,1,5,,"1/10 Апартаменты-студия, 21,1 м², 1/5 этаж Только на Циан Лефортово 10 минут пешком Москва , ЮВАО , р-н Лефортово , м. Лефортово , Ухтомская улица , 16К1 60 000 ₽/мес. От года, комм. платежи включены (без счётчиков), без комиссии, залог 60 000 ₽ Предлагаем уютные апартаменты по адресу: ул. Ухтомская, 16, к.1 21,1 м² Почему это идеальный вариант: Дизайнерский ремонт: Свежий, стильный интерьер — здесь приятно находиться. Полная комплектация: Заезжайте с одним чемоданом! Есть вся необходимая техника: стиральная машина, холодильник, СВЧ-печь, варочная панель. Готовность: Квартира полностью меблирована и готова к заселению прямо сейчас. Локация: Отличная транспортная доступность позволит вам легко добираться до любой точки города. Условия аренды: Цена: 60 000 руб./мес. + коммунальные платежи. Агентство недвижимости ONE OSNOVA Документы проверены +7 986 274-23-... Написать неделю назад 14 апр, 11:09",,https://www.cian.ru/cat.php?deal_type=rent&district%5B0%5D=8&engine_version=2&offer_type=flat&room9=1&type=4&p=1,2026-04-21T08:22:45+00:00
1955,313435761,ЮВАО,https://www.cian.ru/rent/flat/313435761/?context=4.jRNzXqYEYXY.wFlMKdIzd1SHr00f__fHqaykBOMQmnbNuPEn9Ttoc_WjOaS_uMyOty_ZmcPdIs5p8jN8xyDx-hheiQ&mlSearchSessionGuid=f49697fd05f7c7b9e4edaad9a86d072f,1/11,170000,26.0,2,8,,"1/11 Студия, 26 м², 2/8 этаж Только на Циан Угрешская 5 минут пешком Москва , ЮВАО , р-н Южнопортовый , м. Угрешская , Волгоградский проспект , 32/5к1 70 000 ₽/мес. От года, комм. платежи включены (без счётчиков), без комиссии, без залога Сдаётся на долгий срок новая уютная квартира-студия. С дизайнерским ремонтом, выполненным из качественных материалов. В жилом комплексе бизнес - класса Метрополия. В прихожей большой шкаф купе в потолок на несколько секций. Удобная кровать с хорошим матрасом для комфортного сна. Дом оборудован индивидуальной входной группой со своим консьержем. В шаговой доступности находятся кафе, салоны красоты, магазины, аптеки, все что необходимо для комфортной жизни. ЖК находится в 8-ми минутах от станции метро Волгоградский проспект, в двух минутах МЦК Угрешская. Собственник ID 123287814 +7 989 561-77-... Написать вчера вчера, 18:55",,https://www.cian.ru/cat.php?deal_type=rent&district%5B0%5D=8&engine_version=2&offer_type=flat&room9=1&type=4&p=1,2026-04-21T08:22:45+00:00
1965,323420031,ЮВАО,https://www.cian.ru/rent/flat/323420031/?context=4.QZ5yJmcX7Qo.6P2-2P_b_hWCr43K_znYIqnnalqgzyutV1RVQpsak7ZLVANRoL_qVa2jhZkM383fUiTZQ-j5uEQgxA&mlSearchSessionGuid=de80f39a556cb31acbc826319f73c025,1/16,170000,20.0,25,32,,"1/16 Студия, 20 м², 25/32 этаж Только на Циан Волгоградский проспект 6 минут пешком Москва , ЮВАО , р-н Южнопортовый , м. Волгоградский проспект , Новоостаповская улица , 7к1 70 000 ₽/мес. От года, комм. платежи включены (без счётчиков), комиссия 50%, залог 70 000 ₽ Представляю вашему вниманию стильную видовую квартиру-студия на 25-м этаже в новом жилом комплексе Первый Дубровский. Идеально подойдет одному человеку или паре! В квартире выполнена меблировка по дизайнерскому проекту в скандинавском стиле. Получилась очень уютная, светлая, просторная и максимально практичная квартира для комфортного длительного проживания. Преимущества данной квартиры: Мебель. Кухня-гостиная: классный стильный продуманный кухонный уголок со всей необходимой техникой, обеденным столом, стульями, большим телевизором. Спальня зона: шикарная уютная двуспальная кровать с ортопедическим матрасом и подъемным механизмом, большой шкаф для одежды с зеркалами, шторы блэкаут. Прихожая: большой шкаф для одежды, консоль, пуф. Санузел: оборудован душевой кабинкой, большим зеркалом с ящиком, стиральной машинкой, полотенцесушителем, шкафчиком для принадлежностей. Много мест хранения: кровать с подъемным механизмом, 2 шкафа с выдвижными системами и штангой. Кресла-стулья с поворотным механизмом. Бытовая техника: стиральная машинка, холодильник no frost, варочная панель, духовой шкаф, посудомоечная машина, вытяжка, телевизор, СВЧ, электрический чайник, кондиционер, интернет. Район обладает развитой инфраструктурой, в шаговой доступности детские сады, школы, игровые площадки, все необходимые магазины, аптеки, кафе, бары, пункты выдачи OZON, WB и многое другое. Удобная транспортная доступность: до метро Волгоградский проспект - 5 мин пешком, до ТТК - 5 мин на авто, до центра - 15 мин на авто. Условия проживания: - долгосрочная аренда - договор на 11 мес., с последующей пролонгацией - коммунальные платежи включены (без счетчиков и интернета) - коммунальные платежи по счетчикам: электроэнергия, горячая/холодная, услуги интернета оплачивает арендатор. - заселение только при наличии постоянной или временной регистрации РФ. - без животных - стоимость аренды: 70 000 руб Риелтор ID 21527139 Документы проверены +7 989 593-09-... Написать два дня назад 18 апр, 20:13",,https://www.cian.ru/cat.php?deal_type=rent&district%5B0%5D=8&engine_version=2&offer_type=flat&room9=1&type=4&p=2,2026-04-21T08:22:45+00:00
1948,321344783,ЮВАО,https://www.cian.ru/rent/flat/321344783/?context=4.XePQLl7w2Og.KHLuYnz96phwH1z2r4qy_PCPPPBKc9XGDengRyY9_329ZjOWBvPJcPq1WNkyO527jJFHONnApD8lSg&mlSearchSessionGuid=f49697fd05f7c7b9e4edaad9a86d072f,1/22,190000,32.0,5,14,,"1/22 Студия, 32 м², 5/14 этаж Только на Циан Римская 10 минут пешком Москва , ЮВАО , р-н Лефортово , м. Серп и Молот , проезд Шелихова , 1к1 90 000 ₽/мес. От года, комм. платежи включены (без счётчиков), без комиссии, залог 90 000 ₽ Квартира в ЖК Символ, доме бизнес класса. Сдаётся впервые и на длительный срок. Оборудована всем необходимым: телевизор, интернет, на кухне встроенная техника (духовой шкаф, посудомоечная машина, холодильник, морозильная камера). Грамотно продуманная система хранения. Кондиционер, подогрев пола, видео домофон. Грамотно продуманная входная группа в подъезде с зоной коворкинга. Риелтор Ольга Цегельная Суперагент +7 916 043-84-... Написать вчера вчера, 12:55",,https://www.cian.ru/cat.php?deal_type=rent&district%5B0%5D=8&engine_version=2&offer_type=flat&room9=1&type=4&p=1,2026-04-21T08:22:45+00:00
1935,323840974,ЮВАО,https://www.cian.ru/rent/flat/323840974/?context=4.N-TkxL9-mgE.6um3cH2kdtKjk7QbgFwFUA7f0okQZ8gqO-AhvscBFjAIE5NCXnTBIL8wkLGCUGVtwLZymGgotY3lgA&mlSearchSessionGuid=f49697fd05f7c7b9e4edaad9a86d072f,1/8,226000,17.0,1,16,,"1/8 Апартаменты-студия, 17 м², 1/16 этаж Только на Циан Текстильщики 14 минут пешком Москва , ЮВАО , р-н Текстильщики , м. Текстильщики , улица 8-я Текстильщиков , 13К2 26 000 ₽/мес. На несколько месяцев, комм. платежи включены (без счётчиков), без комиссии, без залога СОБСТВЕННИК! Читайте пожалуйста внимательно, полностью! Сдается комната 17м² в апартаментах в цоколе. Комната изолированна. Сдам исключительно адекватному, чистоплотному, спокойному, ответственному гp. PФ без вредных привычек арендатору!!! Регистрация и амино невозможна! Желательно одного человека! Санузел, душ общий. В комнате установлена сантехника, арендатору останется спаять и подключить сантехнику и студия готова. Приточно-вытяжная вентиляция. Без окна! Комната находится в районе с развитой инфраструктурой, в шаговой доступности от метро, БКЛ, МЦД-2. Ценик на длительный срок(год), если комнату снять на меньший срок, то цена увеличится. Если объявление опубликовано, значит актуально. Подойдёт как под жилое, так и не под жилое, мастерская, типография, офис, склад, упаковка, производство, ателье и т.д. ----- Примечание: у собственника могут быть дополнительные пожелания к жильцам - обсудите их в чате или по телефону Собственник ID 8531476 Документы проверены +7 916 936-41-... Написать вчера вчера, 15:38",,https://www.cian.ru/cat.php?deal_type=rent&district%5B0%5D=8&engine_version=2&offer_type=flat&room9=1&type=4&p=1,2026-04-21T08:22:45+00:00
1950,329143582,ЮВАО,https://www.cian.ru/rent/flat/329143582/?context=4.LIcRTDjKkck.Dc4riA_IykK5d4T5JvoMla7QF8VJsJzr6EFmLOQ0uEE33aB6oiPMwyAl5bLMOMEDz4-0wdWQUc_tBg&mlSearchSessionGuid=f49697fd05f7c7b9e4edaad9a86d072f,1/21,232000,24.0,2,19,,"1/21 Студия, 24 м², 2/19 этаж Некрасовка 18 минут пешком Москва , ЮВАО , р-н Некрасовка , м. Некрасовка , улица Лавриненко , 13к2 32 000 ₽/мес. От года, комм. платежи включены (без счётчиков), комиссия 100%, залог 32 000 ₽ Сдаётся уютная студия по адресу: Москва, ул. Лавриненко, д. 13, корп. 2. Общая площадь — 24 кв.м. Квартира идеально подойдёт для одного человека или пары, которые ценят комфорт и функциональность. Студия полностью укомплектована всем необходимым для жизни: удобная мебель, кухня с техникой, санузел в хорошем состоянии — можно заехать и жить без дополнительных вложений. Квартира сдаётся на длительный срок. Стоимость аренды — 32 000 рублей в месяц. Залог — 32 000 рублей. Коммунальные платежи — в среднем 2 0002 500 рублей. Комиссия агентства — 100%. Район Некрасовка — современный и активно развивающийся, с хорошей инфраструктурой: рядом магазины, супермаркеты, аптеки, кафе и всё необходимое для комфортной жизни. Спокойная и удобная локация для проживания. До метро Некрасовка — всего 15 минут пешком, что делает передвижение по городу быстрым и удобным. Отличный вариант для тех, кто ищет комфортное и доступное жильё в Москве на длительный срок. Риелтор Сергей Чернавин Суперагент +7 910 443-11-... Написать вчера вчера, 16:49",,https://www.cian.ru/cat.php?deal_type=rent&district%5B0%5D=8&engine_version=2&offer_type=flat&room9=1&type=4&p=1,2026-04-21T08:22:45+00:00
1985,326403023,ЮВАО,https://www.cian.ru/rent/flat/326403023/?context=4.Gh4GERxxja8.PZZqNpt7V0yocViM7ArUQ6C0K-NYa5aA3QivoL0x5wx-_6D0Ls2e58EXPbEW2fBRYis_CUrpLBL38g&mlSearchSessionGuid=de80f39a556cb31acbc826319f73c025,1/11,241000,17.0,3,5,,"1/11 Студия, 17 м², 3/5 этаж Только на Циан Кузьминки 9 минут пешком Москва , ЮВАО , р-н Кузьминки , м. Кузьминки , Жигулевская улица , 4К2 41 000 ₽/мес. От года, комм. платежи включены (без счётчиков), комиссия 50%, залог 41 000 ₽ Сдаётся студия 17 м² в новом ЖК Нью Форм Сдаётся впервые уютная студия площадью 17 м², расположенная на 3 этаже нового жилого комплекса Нью Форм. Квартира полностью укомплектована для комфортного проживания: двуспальный диван шкаф для хранения вещей кухонный гарнитур с техникой: холодильник, плита, СВЧ ванная комната полностью оборудована: стиральная машина, душ, полотенцесушитель Новая квартира, никто не проживал. Подходит для одного человека или семейной пары. Инфраструктура и транспорт: рядом большое количество магазинов до метро — 7 минут пешком возле метро расположен крупный торгово-развлекательный центр Отличный вариант для комфортной жизни в новом доме. Звоните / пишите для просмотра. Агентство недвижимости АРТИН Суперагент +7 915 234-34-... неделю назад 8 апр, 08:31",,https://www.cian.ru/cat.php?deal_type=rent&district%5B0%5D=8&engine_version=2&offer_type=flat&room9=1&type=4&p=2,2026-04-21T08:22:45+00:00
1989,328436182,ЮВАО,https://www.cian.ru/rent/flat/328436182/?context=4.nB0gY9K8hQs.Il3B4Wt3DgBqAU3w1bFHy5KPAV0Qyr4-Lh3W14uwqerG1D4LPOXOXIeU10iurfpjIwsl2KiSD4lCbQ&mlSearchSessionGuid=9eddb575e5b4bfab3194492539d04620,1/7,245000,19.0,2,5,,"1/7 Студия, 19 м², 2/5 этаж Только на Циан Проверено в Росреестре Текстильщики 12 минут пешком Москва , ЮВАО , р-н Текстильщики , м. Текстильщики , улица Артюхиной , 6К2 45 000 ₽/мес. От года, комм. платежи включены (без счётчиков), без комиссии, залог 45 000 ₽ Сдаётся СОБСТВЕННИКОМ, БЕЗ КОМИССИИ, уютная студия в пешей доступности до метро Текстильщики и Культурного центра Москвич, справа через забор школа, слева Московский институт экономики. Имеется вся необходимая мебель, техника, предметы быта, проведен скоростной интернет, по периметру неоновая подсветка, работающая в различных режимах. Сдаётся на длительный срок для 1-2 человек, имеющих регистрацию. Закрытый двор, парковочное место, видеонаблюдение, консьерж. Депозит можно разбить на 2 платежа: первый месяц 25 000 руб., второй месяц 20 000 руб. Студия сдаётся от собственника, поэтому без комиссии. Ежемесячная оплата квартиры: 45 000р. + счетчики Собственник ID 117482035 Документы проверены +7 985 012-40-... Написать четыре дня назад 16 апр, 12:58",,https://www.cian.ru/cat.php?deal_type=rent&district%5B0%5D=8&engine_version=2&offer_type=flat&room9=1&type=4&p=3,2026-04-21T08:22:45+00:00
2016,328935296,ЮВАО,https://www.cian.ru/rent/flat/328935296/?context=4.S2GX0CbZUTo.oHxwz8BbpiTF9QbCB2-VzeUgVd308doZ3q2dJjgguAhfmAJqIm1dDV23CAW-ZE5V0iPX8endPK16Vg&mlSearchSessionGuid=9eddb575e5b4bfab3194492539d04620,1/11,248000,23.0,28,33,,"1/11 Студия, 23 м², 28/33 этаж Только на Циан Перерва 4 минуты пешком Москва , ЮВАО , р-н Люблино , м. Перерва , Иловайская улица , 2 48 000 ₽/мес. От года, комм. платежи включены (без счётчиков), без комиссии, залог 45 000 ₽ Сдается стильная студия общей площадью 23 кв. м, расположенная на 28 этаже современного 33-этажного дома, построенного в 2024 году. Дом находится в 10 минутах пешком от метро Перерва (внимание, закрыта в сторону центра). 20 минут пешком до Марьино (можно и чуть быстрее). Ремонт выполнен для себя с любовью, всё под рукой, при этом предусмотрено много мест для хранения. Техника: кондиционер, холодильник, стиральная машина, микроволновка, плита, электросушилка для полотенец. В санузле установлена душевая кабина. Условия аренды: договор аренды напрямую от собственника. Возможна аренда с последующим продлением. Предусмотрен залог. Квартира идеально подходит для проживания одного человека или пары. Можно с животными. В квартире пол года жила кошка. Собственник ID 137415951 Назначить просмотр вчера 19 апр, 12:56",,https://www.cian.ru/cat.php?deal_type=rent&district%5B0%5D=8&engine_version=2&offer_type=flat&room9=1&type=4&p=3,2026-04-21T08:22:45+00:00
1968,328008898,ЮВАО,https://www.cian.ru/rent/flat/328008898/?context=4.3ryQIR3rSwk.m3CRpkG-L6tr8Xdt_fMKElJdzqTGFUzzy7hF_I-OXKjlPNtdtHMJUsCNCrp7vCIE-qMinFh0_YuGnA&mlSearchSessionGuid=de80f39a556cb31acbc826319f73c025,1/24,250000,23.6,26,33,,"1/24 Студия, 23,6 м², 26/33 этаж Окская 10 минут пешком Москва , ЮВАО , р-н Рязанский , м. Окская , улица Михайлова , 30Ак2 50 000 ₽/мес. От года, комм. платежи включены (без счётчиков), комиссия 50%, без залога Дoлгocрoчная аpенда (договoр нa 11 месяцeв). Cтильнaя и cветлaя студия в ЖК Михaйлoвский Пapк, площадь кв.м. 23.6. Meбель: вмeститeльный шкaф, удобный pасклaднoй диван, куxoнный гаpнитуp, обeденная зона, pабoчая зoнa, кoмод. Бытовая техника: Стиральная машина, холодильник, вытяжка, варочная панель, электрический чайник, микроволновая печь. Район обладает развитой инфраструктурой: В пешей доступности детские сады, школы, поликлиники, магазины, фитнес-клуб, ТЦ Рязанский. До большого Кусковского лесопарка со старинной усадьбой Кусково и прудом 20 минут пешком по прямой. 10 мин. ходьбы до метро Окская и в 15 мин. пешком до метро Рязанский проспект Условия проживания по Тарифу Комфортное проживание - комиссия 50% от арендного платежа; - Раннее бронирование объекта (за 3 дней до заселения); - Персональный менеджер на всех этапах аренды быстро реагирует на запросы - большинство бытовых вопросов решаем за 48 часов; - Страхование гражданской ответственности до 300 000 ₽; - Организация мелкого ремонта. - Заселение с детьми (возраст детей от 6 лет). Коммунальные платежи: электроэнергия, хвс\гвс, услуги интернет провайдера, расходы за отопление (при наличии счетчика) дома/квартиры оплачивает арендатор. Заселение только при наличии постоянной регистрации РФ Без животных Агентство недвижимости СМАРЕНТ Документы проверены +7 985 853-93-... Написать вчера вчера, 17:21",,https://www.cian.ru/cat.php?deal_type=rent&district%5B0%5D=8&engine_version=2&offer_type=flat&room9=1&type=4&p=2,2026-04-21T08:22:45+00:00
1984,328145829,ЮВАО,https://www.cian.ru/rent/flat/328145829/?context=4.1qXgXL_dC78.71nFu34Vk7ZjkS_4nLiqIDO0Bkco6ZPI19tVg_aqhjel1_QDNeE_DaoHqrO9FJQvcrgRt8wv24-qJg&mlSearchSessionGuid=de80f39a556cb31acbc826319f73c025,1/22,250000,22.0,8,23,,"1/22 Студия, 22 м², 8/23 этаж Только на Циан Новохохловская 14 минут пешком Москва , ЮВАО , р-н Текстильщики , м. Новохохловская , 1-й Грайвороновский проезд , 13к2 50 000 ₽/мес. От года, комм. платежи включены (без счётчиков), комиссия 50%, залог 50 000 ₽ Уютная студия, общей площадью 22 кв.м.Для комфортного проживания есть вся необходимая мебель и бытовая техника. Санузел совмещенный, душевая кабина. Вместительный шкаф. Хорошо развитая инфраструктура. Агентство недвижимости Триумф Суперагент +7 968 237-87-... Написать вчера 19 апр, 14:42",,https://www.cian.ru/cat.php?deal_type=rent&district%5B0%5D=8&engine_version=2&offer_type=flat&room9=1&type=4&p=2,2026-04-21T08:22:45+00:00
1960,323960207,ЮВАО,https://www.cian.ru/rent/flat/323960207/?context=4.Ssmyc_erxs4.gOidR0xFgwTlhe0aO7JMHNnYX2WSnySdL4LTEIMLN50CSVomsz-4ceaAoL06xPWcZ3jqf-PkydhM6A&mlSearchSessionGuid=f49697fd05f7c7b9e4edaad9a86d072f,1/26,255000,28.0,21,33,,"1/26 Студия, 28 м², 21/33 этаж Перерва 4 минуты пешком Москва , ЮВАО , р-н Люблино , м. Перерва , Иловайская улица , 2 55 000 ₽/мес. От года, комм. платежи включены (без счётчиков), комиссия 80%, залог 60 000 ₽ Сдается уютная квартира свободной планировки в новом ЖК. В квартире есть всё для комфортного проживания: мебель, бытовая техника телевизор, холодильник, стиральная машина, кондиционер, духовка, электроплита от западных брендов, ортопедическая кровать 160200, продуманы зоны отдыха, сна, хранения и т.д. ЖК находится в окружении развитой социальной и коммерческой инфраструктуры - детский сад, различные образовательные учреждения, сетевые супермаркеты (Пятёрочка, ВкусВилл) , ПВЗ (Озон, WB), скоро открытие нескольких кафе и ресторанов. В пешей доступности - Люблинский парк, станции метро Перерва, Братиславская и Марьино. Квартира сдается на длительный срок одному 1 человеку от 25 лет без вредных привычек, без детей и животных. Риелтор Жанна Шойбекова Суперагент +7 916 632-93-... Написать вчера вчера, 14:30",,https://www.cian.ru/cat.php?deal_type=rent&district%5B0%5D=8&engine_version=2&offer_type=flat&room9=1&type=4&p=1,2026-04-21T08:22:45+00:00
1963,328571046,ЮВАО,https://www.cian.ru/rent/flat/328571046/?context=4.ZaFYJG10xgk.SvTIZtlGsFOU8LMvpPiBSztSXEEhvlGiNct0LnIFRHMMhskFeb1a7cDN0qtd5T17W_dQptOebL6IFQ&mlSearchSessionGuid=de80f39a556cb31acbc826319f73c025,1/19,257000,23.6,18,37,,"1/19 Студия, 23,6 м², 18/37 этаж Нижегородская 10 минут пешком Москва , ЮВАО , р-н Нижегородский , м. Нижегородская , Перовское шоссе , 2к2 57 000 ₽/мес. От года, комм. платежи включены (без счётчиков), комиссия 50%, без залога Дoлгоcрочная аренда (договoр нa 11 меcяцeв). Прeдcтaвляeм вaшeму внимaнию пpocторную, уютную студию плoщадью 23,6 кв.м. рacпoложeнную в ЖК Перовское. Бытовая техника: кондиционер, телевизор, хoлoдильник, варочная панель, микроволновая печь, cтиpальная машинa, элeктричecкий чайник, утюг, гладильная доска, сушилка для одежды. Есть все необходимое для комфортного и долгосрочного проживания, в т.ч. посуда. Удобства квартиры: - Вместительные системы хранения; - Обеденная зона с телевизором; - Уютная просторная комната с красивым видом из окна; - Светлая, уютная ванная комната с современной сантехникой. Дом находится в районе с развитой инфраструктурой: в шаговой доступности остановки общественного транспорта, в пешей доступности станция метро Нижегородская. Рядом с домом расположены: продуктовые супермаркеты, пункты выдачи, аптеки, кафе, рестораны. Условия проживания по Тарифу Комфортное проживание: - 50% от арендного платежа при заселении; - Раннее бронирование объекта (за 3 дня до заселения); - Персональный менеджер на всех этапах аренды быстро реагирует на запросы - большинство бытовых вопросов решаем за 48 часов; - Страхование гражданской ответственности до 0,3 млн ₽; - Организация мелкого ремонта. Коммунальные платежи: электроэнергия, хвс\гвс, услуги интернет провайдера, расходы за отопление дома/квартиры оплачивает арендатор. Заселение только при наличии постоянной регистрации РФ. Без животных Агентство недвижимости СМАРЕНТ Документы проверены +7 985 853-93-... Написать пять дней назад 16 апр, 10:48",,https://www.cian.ru/cat.php?deal_type=rent&district%5B0%5D=8&engine_version=2&offer_type=flat&room9=1&type=4&p=2,2026-04-21T08:22:45+00:00
1958,327344692,ЮВАО,https://www.cian.ru/rent/flat/327344692/?context=4.6VPU7Xu7sHM.4_QRH8S4VQ5SUYVRvPYw3mu5-VixykBznyogR102oLLjdw_7_IhJ7YEH0AxGrPJ9gJTQ4kRzMdrBqg&mlSearchSessionGuid=f49697fd05f7c7b9e4edaad9a86d072f,1/11,258000,20.0,10,24,,"1/11 Дизайнерская квартира-студия Студия, 20 м², 10/24 этаж Текстильщики 18 минут пешком Москва , ЮВАО , р-н Текстильщики , м. Текстильщики , 1-й Грайвороновский проезд , 3Ак2 58 000 ₽/мес. От года, комм. платежи включены (без счётчиков), без комиссии, залог 60 000 ₽ Сдаётся впервые уютная студия в новом доме в районе Текстильщики. Площадь квартиры — 20 кв. м, расположена на 10 этаже 24-этажного дома. До метро Текстильщики можно дойти пешком всего за 18 минут, до метро Новохохловская - 13 минут . В квартире сделан дизайнерский ремонт, который создаёт атмосферу современности и уюта. Обстановка продумана до мелочей: в наличии вся необходимая мебель как на кухне, так и в жилой зоне. Из техники установлены кондиционер, холодильник, духовой шкаф, индукционная варочная панель, микроволновая печь, телевизор и стиральная машина, что позволит вам чувствовать себя комфортно с первых дней проживания. В санузле — душевая кабина. Дом оборудован двумя пассажирскими и одним грузовым лифтом, а на территории имеется наземная и многоуровневая парковка. Район с развитой инфраструктурой: рядом находятся школы, детские сады, клиники и магазины. Это позволит вам решать все бытовые вопросы, не покидая район. Условия аренды: залог Квартира сдаётся на длительный срок. Без животных! Идеально подойдёт для одного человека или пары. Записывайтесь на просмотр, чтобы лично оценить эту замечательную студию! Агентам не беспокоить! Риелтор ID 309175 Документы проверены +7 985 554-52-... Написать вчера вчера, 11:40",,https://www.cian.ru/cat.php?deal_type=rent&district%5B0%5D=8&engine_version=2&offer_type=flat&room9=1&type=4&p=1,2026-04-21T08:22:45+00:00
1942,329145990,ЮВАО,https://www.cian.ru/rent/flat/329145990/?context=4.37A6vlgx35Y.FZdbEtQ5Jg0uaavwt1SMfkRyweGWJo2iGWLD0fJ-K8xui_kZXzKSLdDe7gN1KQ5k8hN7G-elEVoGFg&mlSearchSessionGuid=f49697fd05f7c7b9e4edaad9a86d072f,1/19 Ещё фото,263000,31.9,12,17,,"1/19 Ещё фото Сдаётся без депозита! Студия, 31,9 м², 12/17 этаж Перерва 4 минуты пешком Москва , ЮВАО , р-н Люблино , м. Перерва , Иловайская улица , 2 63 000 ₽/мес. От года, комм. платежи включены (без счётчиков), комиссия 40%, без залога Сдаётся светлая квартира-студия с евроремонтом и совмещённым санузлом в ЖК Люблинский Парк, без депозита! Её можно посмотреть когда Вам удобно: бронируете время, забираете ключи и спокойно осматриваете. Если всё понравится, договор подпишем онлайн и будем поддерживать Вас на всех этапах аренды. В квартире есть: - Проведён интернет; - Холодильник; - Стиральная машина; - Кухонный гарнитур. Дополнительную мебель/технику можно приобрести в счёт арендной платы. Полы ламинат и плитка. Окна выходят во двор, на восток, есть бесплатная парковка. Собственник готов заселить не более 2 жильцов с детьми и обсудить оформление временной регистрации. С домашним питомцем можно по согласованию. Дом расположен в районе с развитой инфраструктурой, рядом находятся: - Парк имени Артёма Боровика; - Братиславский лесопарк. - ТЦ Люблю Молл; - Парк 850-летия Москвы; - Лес Жары; - Парк Героев Отечественной войны 1812 года. Во дворах обустроены детские площадки, двор без машин. В пешей доступности — школа, детский сад, продуктовые супермаркеты, аптеки, фитнес-клуб, кафе. До МЦД-2 Перерва - 6 минут пешком. Агентство недвижимости ПИК-Аренда Документы проверены Посмотреть все объекты +7 919 999-74-... Написать вчера вчера, 17:48",,https://www.cian.ru/cat.php?deal_type=rent&district%5B0%5D=8&engine_version=2&offer_type=flat&room9=1&type=4&p=1,2026-04-21T08:22:45+00:00
1962,329126793,ЮВАО,https://www.cian.ru/rent/flat/329126793/?context=4.Gv0u2neHnNg.U88lRktyiuh22BcVDGwdMBCgmJQTX1iuiGsqeRDI9Nrgq2JEeiyhWSygzO3g08OgXxTdhAs_Ex0Gig&mlSearchSessionGuid=de80f39a556cb31acbc826319f73c025,1/21,263000,22.0,18,25,,"1/21 Студия, 22 м², 18/25 этаж Только на Циан Авиамоторная 9 минут пешком Москва , ЮВАО , р-н Лефортово , м. Авиамоторная , Красноказарменная улица , 14Ак2 63 000 ₽/мес. От года, комм. платежи включены (без счётчиков), комиссия 70%, залог 63 000 ₽ Сдается впервые комфортная, теплая и позитивная студия, где Вас ждет новый раскладной диван с новым матрасом, вместительным шкафом в комнате и в коридоре, кондиционером, индукционной панелью с посудой, вытяжкой, отличной встроенной СВЧ, Мегателевизором с подключением к WF,, душевой кабиной с супер лейками и стиральной машиной. Есть балкон, выходящий на северо- восток Москвы во двор ЖК Пётр Первый, где Вы сможете воспользоваться всей инфраструктурой от минимаркетов, озона, множество кафе с разными направлениями в обслуживании, салонов красоты, а если по душе МЕГА маркеты- то все в шаговой доступности до 7-10 минут у разных выходом МЕГА КОМПЛЕКСА РАЗВЯЗОК МЕТРО: м. Авиамоторная ( Калининской линии( 10 минут и в центре на Новокузнецкой), БКЛ, МЦД 3 - значит в любой конец нашего города Вы сможете быстро добраться и экономить время!!!! просьба строго в квартире НЕ КУРИТЬ! депозит можно разбить на два платежа! Риелтор ID 5454 +7 915 297-28-... Написать два дня назад 18 апр, 16:38",,https://www.cian.ru/cat.php?deal_type=rent&district%5B0%5D=8&engine_version=2&offer_type=flat&room9=1&type=4&p=2,2026-04-21T08:22:45+00:00
1966,329009883,ЮВАО,https://www.cian.ru/rent/flat/329009883/?context=4.pP7-TvwLtWU.4N61fWhQc82jZFVP6bMZSooMbEwfMPfYiNO8VE96_HMttqf3tOiu_YEhFVXsL8B7PZCIXfjXICbeJQ&mlSearchSessionGuid=de80f39a556cb31acbc826319f73c025,1/34,275000,30.1,2,4,,"1/34 Студия, 30,1 м², 2/4 этаж Москва-Товарная 8 минут пешком Москва , ЮВАО , р-н Лефортово , м. Москва-Товарная , шоссе Энтузиастов , 3к2 75 000 ₽/мес. От года, комм. платежи включены (без счётчиков), комиссия 50%, без залога Дoлгocрoчная аренда (договoр нa 11 меcяцев). Kвартиpа cдaeтcя впepвые! Представляeм вашему внимaнию студию площадью 30.1 кв.м. pасполoжeнную в ЖК Символ Квартира укомплектована всем необходимым для комфортного проживания: качественная техника и стильная мебель! Бытовая теxника: cтиральнaя мaшина, xoлодильник, варочная панeль, духовой шкаф, пoсудомоечная машина, электрический чайник, утюг, телевизор, кондиционер. Транспортная доступность: Метро Площадь Ильича - 6-10 мин пешком Метро Римская- 6-10 мин пешком - На территории ЖК открыты лицей при МГТУ им. Баумана, детские сады, физкультурно-оздоровительные комплексы, детская и взрослая поликлиники, кафе, супермаркеты, рестораны и многое другое. - Рядом расположены Лефортовский парк и парк Казачьей Славы и набережная реки Яузы. - Напротив квартала находится крупный торгово-развлекательный центр Город. Условия проживания по Тарифу Комфортное проживание: - 50% от арендного платежа при заселении; - Раннее бронирование объекта (за 3 дня до заселения); - Персональный менеджер на всех этапах аренды быстро реагирует на запросы - большинство бытовых вопросов решаем за 48 часов; - Страхование гражданской ответственности до 300 000 ₽; - Организация мелкого ремонта. Коммунальные платежи: электроэнергия, хвс\гвс, услуги интернет-провайдера, расходы за отопление дома/квартиры оплачивает арендатор. Заселение только при наличии постоянной регистрации РФ. Без животных. Агентство недвижимости СМАРЕНТ Документы проверены +7 985 853-93-... Написать вчера вчера, 14:06",,https://www.cian.ru/cat.php?deal_type=rent&district%5B0%5D=8&engine_version=2&offer_type=flat&room9=1&type=4&p=2,2026-04-21T08:22:45+00:00
1949,313752293,ЮВАО,https://www.cian.ru/rent/flat/313752293/?context=4.1jSmWN_Js0M.2igkOdfHFv311MmTmI64p3sqBn5z9SUX9vR6-a_WiRW4m7u69-KZaMsFo0p8pCpp3J1dSQ2KahHZyQ&mlSearchSessionGuid=f49697fd05f7c7b9e4edaad9a86d072f,1/50,295000,43.0,17,17,,"1/50 Просторная студия у МЦК Дубровка Студия, 43 м², 17/17 этаж Проверено в Росреестре Дубровка 7 минут пешком Москва , ЮВАО , р-н Южнопортовый , м. Дубровка , 6-я Кожуховская улица , 15к2 95 000 ₽/мес. От года, комм. платежи включены (без счётчиков), без комиссии, залог 120 000 ₽ На последнем 17 этаже, на южной стороне одноподъездного монолитного дома 2005 года постройки, сдается просторная 43 м. студия с лоджией, полностью оборудованная и укомплектованная всем необходимым. Установлена новая сушильная машина, капсульная Nespresso, индукционная плита, фильтрация питьевой воды с осмосом, бойлер, Oled (именно Олед) телевизор с не замедляемым ютубом, Apple tv 4k с Кинопабом! (Не путать с Кинопоиском и другими бесполезными онлайн кинотеатрами) , колонкой Алисой с элементами умного дома (интерьерное освещение на голосовом управлении), домашним кинотеатром 5.1 B&W мультирум, по необходимости + xbox X. Инверторный кондиционер Fujitsu с ночным режимом 19dB и Конвекционная микроволновая печь Panasonic (оба made in Japan). В наличии хорошая, новая кухонная посуда, приборы Broggi новое белье (икея импорт)) и всё что нужно для жизни, (штопор есть!). Вам, только развесить на 120 вешалках личные вещи, в 2-х шкафах, и в прихожей разместить 27 пар обуви в обувнице. Кровать - 160/200 и доп спальное место из дивана 120/180. Не смотря на то, что дом находится рядом с ТТК, с прекрасной транспортной доступностью, в квартире тихо и можно спать с открытыми окнами. В доме приветливые соседи и круглосуточный консьерж. У дома ВСЕГДА есть бесплатные парковочные места. Рядом, в соседних домах, продуктовые сетевые магазины с алкоголем, работающие до 23:00 и один круглосуточный + большой Магнит Косметик, через дом Яндекс лавка., Аптека и тандыр Пекарня. В трех! минутах ходьбы от дома большой ТРЦ Мозаика, с фудкортом, гипер маркетом, фитнесом (DDX) флагманским Мфц и 2-х минутным переходом на станцию МЦК Дубровка. Метро Кожуховская в 12 минутах ходьбы. Недалеко находится ландшафтный парк Остров Мечты (идеально для велопрогулок) В стоимость аренды включены все платежи кроме электроэнергии. Сдаю без животных, на длительный срок ценящим чистоту, камерность и уют. Если вы хотите жить в современных условиях, но большие ЖК с маленькими деревьями и плохой шумоизоляцией вам не подходят, тогда это предложение может быть вам интересно. ID 47359882 Документы проверены +7 985 002-22-... Написать 3 часа назад сегодня, 08:03",,https://www.cian.ru/cat.php?deal_type=rent&district%5B0%5D=8&engine_version=2&offer_type=flat&room9=1&type=4&p=1,2026-04-21T08:22:45+00:00
1944,328376795,ЮВАО,https://www.cian.ru/rent/flat/328376795/?context=4.sXDurvbuNKQ.OOgzZsLd-gglxICWwFuYnZfh_HBdmriTEBBNhbf6POy6dy3UYt0eYmQu3bvPHSrBLfe1w5vVSs3ZHA&mlSearchSessionGuid=f49697fd05f7c7b9e4edaad9a86d072f,1/11,334000,12.0,10,15,,"1/11 Студия, 12 м², 10/15 этаж Люблино 15 минут пешком Москва , ЮВАО , р-н Люблино , м. Люблино , Цимлянская улица , 3к3 34 000 ₽/мес. От года, комм. платежи включены (счётчики включены), комиссия 100%, залог 34 000 ₽ Показы 8 апреля СДАМ ДЛЯ ОДНОГО человека на длительный срок квартиру-студию с современным евроремонтом в новом ЖК бизнес-класса ""ВЛюблино"", район Люблино. Депозит возможно разбить на 2 части. Дом 15-этажный монолитный. Этаж 10/15, пластиковые окна, санузел совмещен. Диван двуспальный, микроволновая печь, холодильник, электро-плита, чайник, шкаф, стиральная машина (в коридоре). Инфраструктура развитая, все объекты первой необходимости расположены в пешей доступности: школа, детский сад, супермаркеты и др. Рядом парки. От станции метро Люблино - 9 минут пешком. Автобусные остановки возле дома. Оперативный показ: Москва, Цимлянская 3к3. Агентство недвижимости ЖИЛСЕРВИС Суперагент +7 915 496-36-... Написать вчера вчера, 14:22",,https://www.cian.ru/cat.php?deal_type=rent&district%5B0%5D=8&engine_version=2&offer_type=flat&room9=1&type=4&p=1,2026-04-21T08:22:45+00:00
1939,326682210,ЮВАО,https://www.cian.ru/rent/flat/326682210/?context=4.48ZdpwlMd0A.wQJFpmzUYW9qx54_2XbusWUELeIJnm31PnjoSBy-DeQDYOyv9Yw3AWkRlDM-bzjq1RbmfIR3SRb72A&mlSearchSessionGuid=f49697fd05f7c7b9e4edaad9a86d072f,1/14 Ещё фото,347300,21.0,5,19,,"1/14 Ещё фото Пешком до метро, залога нет Студия, 21 м², 5/19 этаж Новохохловская 3 минуты на транспорте Москва , ЮВАО , р-н Текстильщики , м. Текстильщики , 1-й Грайвороновский проезд , 3 47 300 ₽/мес. От года, комм. платежи включены (без счётчиков), комиссия 50%, без залога Сдаётся новая студия с евроремонтом в новом ЖК Волжский парк, без депозита! Её можно посмотреть когда Вам удобно: бронируете время, забираете ключи или встречаетесь с нашим представителем и спокойно осматриваете. Если всё понравится, договор подпишем онлайн и будем поддерживать Вас на всех этапах аренды. В квартире есть: - кухонный гарнитур; - плита; - телевизор; - холодильник; - микроволновка; - утюг; - чайник; - стиральная машина. Можно обсудить приобретение дополнительной мебели/техники в счёт арендной платы. Полы — ламинат и плитка. Интернет проведён, есть роутер. Окна выходят во двор. Собственник готов заселить не более 2 взрослых жильцов с детьми и заключить договор с юридическим лицом. Можно с небольшим домашним питомцем. Дом расположен в районе с развитой инфраструктурой, в пешей доступности находятся: школа, детский сад, медицинский центр, поликлиника, продуктовые магазины, аптеки, салон красоты, кафе. В 17 минутах пешком — м. Текстильщики. Агентство недвижимости ПИК-Аренда Документы проверены Посмотреть все объекты +7 917 566-49-... Написать вчера вчера, 17:40",,https://www.cian.ru/cat.php?deal_type=rent&district%5B0%5D=8&engine_version=2&offer_type=flat&room9=1&type=4&p=1,2026-04-21T08:22:45+00:00
1957,316033389,ЮВАО,https://www.cian.ru/rent/flat/316033389/?context=4.rmtWjWvUT7U.-jWAl3mTduhBF3cG1aSs5wHpV0fro1ocCE3EO-9sZfcUGPi84AVrDvHvxX1ji7HTRmvPK71kZUFiFQ&mlSearchSessionGuid=f49697fd05f7c7b9e4edaad9a86d072f,1/15,365000,25.0,6,30,,"1/15 Студия 25 кв.м Апартаменты-студия, 25 м², 6/30 этаж Проверено в Росреестре Волгоградский проспект 7 минут пешком Москва , ЮВАО , р-н Южнопортовый , м. Волгоградский проспект , Волгоградский проспект , 32/5к3 65 000 ₽/мес. От года, комм. платежи включены (без счётчиков), без комиссии, залог 65 000 ₽ Сдается собственником!!! Студия в ЖК Метрополия башня Флоренция у станции метро ""Волгоградский проспект"" - Таганско-Краснопресненская линия метрополитена (фиолетовая ветка на карте Московского метро). Южнопортовый район, Юго-Восточный административный округ столицы. Всего 3 минуты пешком от корпуса Флоренция до станции метро ""Волгоградский проспект"". Район внутри ТТК на границе с ЦАО. Идеальная локация для жизни и работы! Дизайнерский ремонт студии Транспортная доступность: • 15 минут на транспорте до Садового кольца. • Удобные выезды на ТТК, МЦК УГРЕШСКАЯ и в центр Москвы. • Рядом остановки наземного транспорта. Инфраструктура внутри ЖК: • Магазины: ВкусВилл, Клевер, Монголия, Ароматный Мир, Винлаб, Красное&Белое,Барин Дома, Точка Дыма, Деликатеска. • Аптеки Ригла,36,6, Горздрав. • Кафе и рестораны на любой вкус:Sense, Surf Coffe, Здрасте, Дом Winner, French Bakery,Деликатеска и многое другое. • Пункты выдачи заказов в соседнем доме: OZON, Wildberries, Яндекс. • Сервисы: барбершопы, салоны красоты, груминг. Химчистка LEDA. • Круглосуточная доставка всего. Образование рядом: • Школа им. Маяковского. • Частная Ломоносовская гимназия (20 минут пешком). • Вузы: МТУ, МЛГУ, МФЮА, Институт психоанализа, ИПИ НОУ. О доме - корпус Флоренция: • Вход по чип-ключу, круглосуточная охрана и видеонаблюдение на всех этажах. • 3 лифта с WIFI (1 грузовой). • В холле охрана, мягкая мебель для жильцов и гостей, видеонаблюдение. • Лаунж-зона во дворе, двор без машин. В соседнем доме со двора - ПВЗ: WB и OZON. • Подземная парковка (возможна аренда машино-места). • Территория для выгула домашних питомцев в 50 метрах от подъезда. Студия с дизайнерским ремонтом: Высота потолков 280 см • Мебель: двуспальный диван-кровать, функциональная кухня. • Техника: холодильник, индукционная плита, СВЧ, посудомоечная машина, угольная вытяжка, принудительная вентиляция в тч. В ванной - стиральная машина. • Бытовая техника: пылесос, парогенератор, фен, ТВ, Wi-Fi 500 Мбит/сек. • Дополнительно: док-станция JBL (Apple), датчики дыма в прихожей и зале, противопожарная система оповещения - громкоговоритель. Условия проживания: • Курение запрещено в апартаментах и МОП (в том числе электронных сигарет).",,https://www.cian.ru/cat.php?deal_type=rent&district%5B0%5D=8&engine_version=2&offer_type=flat&room9=1&type=4&p=1,2026-04-21T08:22:45+00:00
1974,324833178,ЮВАО,https://www.cian.ru/rent/flat/324833178/?context=4.V-YliIM8SRY.ExbyAi0Pq68xpdb0ROGML_p3fpqoNGQGSUyewODMWrDZhITQncZ8W3FUnPsfnJg_xPL7hRe-y37zDQ&mlSearchSessionGuid=de80f39a556cb31acbc826319f73c025,1/9,372000,23.0,2,8,,"1/9 Студия, 23 м², 2/8 этаж Только на Циан Волгоградский проспект 7 минут пешком Москва , ЮВАО , р-н Южнопортовый , м. Волгоградский проспект , Волгоградский проспект , 32/5к3 72 000 ₽/мес. От года, комм. платежи включены (без счётчиков), комиссия 40%, залог 72 000 ₽ Предлагается в аренду отличная студия в современном ЖК ""Метрополия"". Квартира полностью укомплектована всей необходимой для проживания мебелью и техникой (стиральная машина, духовой шкаф, варочная панель, вытяжка, телевизор, кондиционер, диван-кровать, места для хранения одежды). В доме есть подземный паркинг. В подъезде дежурит охрана. Квартира соответствует фотографиям Просмотры по договоренности. HP-3 Агентство недвижимости Хэдж Проперти Суперагент +7 915 042-58-... Написать неделю назад 13 апр, 15:24",,https://www.cian.ru/cat.php?deal_type=rent&district%5B0%5D=8&engine_version=2&offer_type=flat&room9=1&type=4&p=2,2026-04-21T08:22:45+00:00
1945,328267613,ЮВАО,https://www.cian.ru/rent/flat/328267613/?context=4.-T8HXZB-1h8.YqpbbPk4InqJQviEBSUOi31LtYxaSc2H9JsyIoTtvlqc7GnI04h0CqFd05zSg-5-jPpX2Wfe52qkng&mlSearchSessionGuid=f49697fd05f7c7b9e4edaad9a86d072f,1/6 Ещё фото,425000,22.3,2,21,,"1/6 Ещё фото Апартаменты-студия, 22,3 м², 2/21 этаж Только на Циан Калитники 11 минут пешком Москва , ЮВАО , р-н Нижегородский , м. Калитники , Автомобильный проезд , 4 25 000 ₽/мес. От года, комм. платежи включены (без счётчиков), комиссия 50%, залог 25 000 ₽ Id 62122. Апартаменты в ЖК Nice Loft — без отделки, свободное назначение Сдаются апартаменты в ЖК Nice Loft без отделки (бетон). Пространство можно использовать под любые задачи и полностью адаптировать под себя. Подойдёт для: • проживания • склада / хранения • субаренды • реализации собственного проекта Формат без отделки — возможность сделать всё под свои цели или использовать помещение в текущем состоянии. Nice Loft — современный апарт-комплекс с охраной, круглосуточным доступом и удобной логистикой. Готовы рассмотреть разные форматы аренды и условия сотрудничества. Звоните — обсудим детали. Агентство недвижимости EstateLiga Документы проверены Посмотреть все объекты +7 916 863-15-... Написать вчера вчера, 11:36",,https://www.cian.ru/cat.php?deal_type=rent&district%5B0%5D=8&engine_version=2&offer_type=flat&room9=1&type=4&p=1,2026-04-21T08:22:45+00:00
1987,328192226,ЮВАО,https://www.cian.ru/rent/flat/328192226/?context=4.3U7V5CvZHZA.z0TssHmxvQMGvpBO1AxIo9N4C15x1TUTxDc83WPZ3Gh6NRTrYIhYLxbuu1tu5_uC6jOR2c5F3YQusg&mlSearchSessionGuid=de80f39a556cb31acbc826319f73c025,1/22,447000,21.0,13,21,,"1/22 Студия, 21 м², 13/21 этаж Только на Циан Калитники 10 минут пешком Москва , ЮВАО , р-н Нижегородский , м. Калитники , Автомобильный проезд , 4 47 000 ₽/мес. От года, комм. платежи включены (без счётчиков), комиссия 50%, залог 47 000 ₽ В первые! Предлагается уютная студия, приятные тона, новые мебель и техника. Расположена в НОВОМ ЖК бизнес-класса Nice Loft, в шаговой доступности от метро. Комфорт и удобство: В квартире есть все необходимое для комфортного проживания: Холодильник, стиральная машина, варочная панель, микроволновая печь, вытяжка, большая кровать с механизмом и местом для хранения, новый удобный ортопедический матрас, шкафчики, полочки, в ванной полноценная ванная с душевой двойной стойкой, стол пара стульев(на фото их нет). У ЖК закрытая территория, инновационная система видеонаблюдения, охраняемый подземный паркинг и круглосуточный консьерж-сервис, охрана. Входная группа— просторное авторское лобби с потолками до 9 метров с использованием природных элементов. В лобби предусмотрены зоны для приема гостей и отдыха, стильный кофе-поинт, банкоматы, а также круглосуточный консьерж-сервис. Рядом Олимп Арена- физкультурно-оздоровительный комплекс с двумя ледовыми аренами формата НХЛ — профессиональными площадками. Помимо спортивных арен на территории NICE LOFT предусмотрено пять многофункциональных залов, где каждый, сможет реализовать свой спортивный потенциал. Для тех, кто предпочитает тренировки и прогулки на свежем воздухе, создан спортивный парк общей площадью 6 300 м² с воркаут-зонами, игровыми площадками и уединенными пространствами для отдыха. Также внутри квартала проложена километровая беговая дорожка, которая доступна к использованию в любое время года. Транспортная доступность: 10 минут ходьбы до МЦД 2 Калитники, Новохохловская -19 минут пешком, Волгоградский проспект -20-25 мин пешком. Возле дома остановка общественного транспорта, до метро 7минут проехать. Быстрый и удобный выезд на Нижегородскую транзитную эстакаду и др. магистрали города. Вся инфраструктура рядом с домом и в шаговой доступности: кроме тренажерного зала в самом ЖК, магазин Пятёрочка, различные доставки, аптеки, пвз и прочие удобства. Животные не допускаются. договор аренды заключается с собственником. Подходит для проживания одного-двух человек. Квартира готова, поэтому можно заселяться сразу после подписания договора. Агентство недвижимости АпартПрайс Суперагент +7 989 608-15-... Написать неделю назад 12 апр, 18:48",,https://www.cian.ru/cat.php?deal_type=rent&district%5B0%5D=8&engine_version=2&offer_type=flat&room9=1&type=4&p=2,2026-04-21T08:22:45+00:00
1980,328371174,ЮВАО,https://www.cian.ru/rent/flat/328371174/?context=4.X3HV-EofCx8.8JRyaqJ3JqVUGxMjc51WGMD_0Rl-8t3c7ypmspmkZY2iKf6OtP1BdmWbE71rblIJQRCQMYvjMQkzCg&mlSearchSessionGuid=de80f39a556cb31acbc826319f73c025,1/20,453000,20.0,14,25,,"1/20 Апартаменты-студия, 20 м², 14/25 этаж Калитники 10 минут пешком Москва , ЮВАО , р-н Нижегородский , м. Калитники , Автомобильный проезд , 4 53 000 ₽/мес. От года, комм. платежи включены (без счётчиков), комиссия 50%, залог 60 000 ₽ Сдаётся новая студия с дизайнерским ремонтом — никто не жил в ЖК NICE LOFT. Вся мебель и техника — премиумкласса, всё новое. О квартире: • Современный дизайн, продуманный до мелочей • Комфортная планировка • Встроенная кухня со всей техникой • Качественная сантехника и освещение • Готова к заселению — заезжай и живи! • Современный проектор Инфраструктура и расположение: Район с развитой инфраструктурой: магазины, кафе, фитнес, аптеки, салоны, зоны отдыха и спорта. Рядом остановки общественного транспорта и станции метро — удобно добираться в любую точку города. До МЦД Калитники — 8 минут пешком, до метро Волгоградский проспект — всего 10 минут на транспорте. Центр Москвы — 7 минут на машине. Безопасность и комфорт: • Видеонаблюдение, круглосуточный консьерж • Охраняемый подземный паркинг • Беговая дорожка внутри квартала — круглый год Студия идеально подойдёт для тех, кто ценит комфорт, стиль и безопасность. Звоните — квартира свободна. Риелтор Евгения Баландина Суперагент +7 923 077-19-... Написать два дня назад 19 апр, 10:50",,https://www.cian.ru/cat.php?deal_type=rent&district%5B0%5D=8&engine_version=2&offer_type=flat&room9=1&type=4&p=2,2026-04-21T08:22:45+00:00
1981,329124791,ЮВАО,https://www.cian.ru/rent/flat/329124791/?context=4.Jd3gno3_F68.eS1HvDue5DJjqoF8DeuT7ZKDGjgjEsaDhZ0gbi3sDwvSonwD6E6nDIidmnA2-WOSE_5LoqQVKcyoFw&mlSearchSessionGuid=de80f39a556cb31acbc826319f73c025,1/33,454990,26.0,21,21,,"1/33 Апартаменты-студия, 26 м², 21/21 этаж Калитники 10 минут пешком Москва , ЮВАО , р-н Нижегородский , м. Калитники , Автомобильный проезд , 4 54 990 ₽/мес. На несколько месяцев, комм. платежи включены (без счётчиков), комиссия 50%, залог 27 500 ₽ Предлагаем вашему вниманию стильные апартаменты-студию в живописном районе рядом с метро Калитники. Общая площадь 26 кв. м, жилая площадь 16 кв. м. Апартаменты находятся на 21-м этаже, последний этаж дома, поэтому вам обеспечены прекрасные виды из окон. В квартире сделан дизайнерский ремонт, который создает атмосферу комфорта и уюта. Полностью оборудованная кухня с мебелью и современной техникой: холодильником, телевизором и стиральной машиной. Ванная комната оснащена душевой кабиной, что делает утренние сборы быстрыми и удобными. Дом в хорошем состоянии, с наземной парковкой для вашего автомобиля. Благодаря наличию интернета, вы всегда будете на связи. До метро Калитники всего 10 минут пешком, что позволяет быстро добраться до любой точки города. В шаговой доступности находятся школы, детские сады, клиники и магазины. Это отличный выбор для тех, кто ценит удобство и развитую инфраструктуру. Не упустите возможность снять эти шикарные апартаменты! Записывайтесь на просмотр и убедитесь в их преимуществах лично. Агентство недвижимости Nakvartire Суперагент +7 986 304-13-... Написать два дня назад 18 апр, 13:43",,https://www.cian.ru/cat.php?deal_type=rent&district%5B0%5D=8&engine_version=2&offer_type=flat&room9=1&type=4&p=2,2026-04-21T08:22:45+00:00
1967,328298236,ЮВАО,https://www.cian.ru/rent/flat/328298236/?context=4.aI5TiSAOiRU.9YiviegH1Ba7R5fVEW1L7hm05FwkD2vrYN5v8HTs3UPstblcoIblcOB5csLJn1E3GH5fmaeZArrf2Q&mlSearchSessionGuid=de80f39a556cb31acbc826319f73c025,1/13,455000,17.0,11,17,,"1/13 Студия, 17 м², 11/17 этаж Только на Циан Волгоградский проспект 19 минут пешком Москва , ЮВАО , р-н Нижегородский , м. Калитники , Автомобильный проезд , 4 55 000 ₽/мес. От года, комм. платежи включены (без счётчиков), комиссия 50%, залог 55 000 ₽ Номер объекта: 536958. Представляю вашему вниманию уникальную квартиру с дизайнерским ремонтом в современном монолитно-кирпичном доме 2025 года постройки. Расположенная в новом спортивном жилом комплексе Найс Лофт, эта квартира находится в пределах Третьего транспортного кольца, предлагая идеальное сочетание спокойной жизни и легкого доступа ко всем преимуществам центра Москвы. Пространство и комфорт: Просторная комната: Идеальное место для отдыха и сна. Удобная кровать и вместительный шкаф для хранения обеспечат максимальный комфорт. Современная кухня: Оснащена стильной мебелью и всей необходимой встроенной бытовой техникой, включая холодильник и микроволновую печь. Здесь вы сможете с удовольствием готовить любимые блюда. Удобства: Квартира оборудована стиральной машиной для вашего удобства. Совмещенный санузел: Выполнен в современном стиле с акцентом на качество. Высококлассная сантехника и просторная душевая кабина создают атмосферу спа-салона. Преимущества дома и ЖК: Высокий этаж: Квартира расположена на11 этаже 24-этажного дома, откуда открывается приятный вид. Современная инфраструктура: В доме функционируют два пассажирских и один грузовой лифт, обеспечивая быстрый и удобный доступ к вашему этажу. Безопасность и удобство: Для жителей комплекса предусмотрена парковка за шлагбаумом во дворе, что гарантирует безопасность ваших автомобилей. Новый спортивный ЖК: Найс Лофт — это современный жилой комплекс, где вы сможете наслаждаться активным образом жизни. Эта квартира — идеальный выбор для тех, кто ценит стиль, комфорт и удобное расположение. Добро пожаловать в ваш новый дом! Агентство недвижимости City Real Estate Документы проверены +7 916 935-64-... Написать 30 минут назад сегодня, 10:38",,https://www.cian.ru/cat.php?deal_type=rent&district%5B0%5D=8&engine_version=2&offer_type=flat&room9=1&type=4&p=2,2026-04-21T08:22:45+00:00
1941,324598462,ЮВАО,https://www.cian.ru/rent/flat/324598462/?context=4.LvHAhd9RMYU.e4P15BtnnXbzM9QJThJhD3Lez_03NmMF8HzJEbBfXtt_XYkyA2s-eqmuLUoZwMgpC6CzfY2VLtSMUg&mlSearchSessionGuid=f49697fd05f7c7b9e4edaad9a86d072f,1/9,525000,18.0,1,17,,"1/9 Студия, 18 м², 1/17 этаж Только на Циан Некрасовка 5 минут пешком Москва , ЮВАО , р-н Некрасовка , м. Некрасовка , улица Ухтомского Ополчения , 5 25 000 ₽/мес. От года, комм. платежи включены (без счётчиков), комиссия 50%, залог 25 000 ₽ Для одной девушки или женщины, Другим составам не звонить! Без исключений! Соседки по лестничной клетке также женщины/девушки. На длительный срок. Стиральная машина общая на несколько таких же студий, стоит в тамбуре.( ЗАСЕЛЯЕМ ТОЛЬКО ДЕВУШЕК) СТУДИЯ! Она НЕБОЛЬШАЯ! Но компактная!! Вся техника и мебель новая, дополнительно оплачивается только горячая вода и электричество(в среднем 300 рублей летом и 2тр зимой), Договор на длительный срок. От метро Некрасовка 7 мин/пешк. от ж/д станции Люберцы 5 мин на маршрутке, остановка 3 мин/пешк. Замечательный собственник! Комиссия 50% по факту заселения! Звоните, уважаемые клиенты! Риелтор Юлия Максимюк Документы проверены +7 923 079-41-... Написать два дня назад 18 апр, 14:08",,https://www.cian.ru/cat.php?deal_type=rent&district%5B0%5D=8&engine_version=2&offer_type=flat&room9=1&type=4&p=1,2026-04-21T08:22:45+00:00
1953,328627739,ЮВАО,https://www.cian.ru/rent/flat/328627739/?context=4.p3IE5-f2uCc.qtB15l15aMR4Pl6R_pDKzyKp5MOWUpbwG7yf3_j4IFC05yx2f19atbg8Trj5Ci3-z-O-EJ0FK94wfQ&mlSearchSessionGuid=f49697fd05f7c7b9e4edaad9a86d072f,1/6,525000,19.0,3,21,,"1/6 Апартаменты-студия, 19 м², 3/21 этаж Только на Циан Калитники 11 минут пешком Москва , ЮВАО , р-н Нижегородский , м. Калитники , Автомобильный проезд , 4к5 25 000 ₽/мес. От года, комм. платежи включены (без счётчиков), без комиссии, залог 25 000 ₽ Сдаётся студия площадью 19 кв. м на третьем этаже современного 21-этажного дома. Высокие потолки 3.1 метра создают ощущение простора. Окна выходят во двор. Квартира сдаётся без ремонта и мебели. под склад,пред чистовая отделка(white-box) Дом оснащён двумя пассажирскими и одним грузовым лифтами, поэтому можно без проблем добраться до квартиры. Имеется подземная парковка для вашего автомобиля. . До ближайшей станции метро можно дойти за 10 минут, что удобно для поездок по городу. Условия аренды обсуждаются индивидуально. Возможна аренда по долгосрочному договору. Квартира сдаётся без комиссии. Звоните и записывайтесь на просмотр, чтобы лично оценить все преимущества этого предложения. Мы будем рады ответить на все ваши вопросы и показать квартиру в удобное для вас время. Есть еще апартамент в 6 корпусе на 11 этаже. Собственник ID 91147563 Документы проверены Назначить просмотр 2 недели назад 6 апр, 18:03",,https://www.cian.ru/cat.php?deal_type=rent&district%5B0%5D=8&engine_version=2&offer_type=flat&room9=1&type=4&p=1,2026-04-21T08:22:45+00:00
1943,327998795,ЮВАО,https://www.cian.ru/rent/flat/327998795/?context=4.yCc1nnzFXd8.Lw6Ark2H_sHCBwggBZoXOvPrV1aksLR1ZUdeLhnFrkYAg6LlZZoScoLQtqbbNX0ua3FGrwiUv20D3Q&mlSearchSessionGuid=f49697fd05f7c7b9e4edaad9a86d072f,1/7 Ещё фото,530000,23.4,11,21,,"1/7 Ещё фото Апартаменты-студия, 23,4 м², 11/21 этаж Калитники 11 минут пешком Москва , ЮВАО , р-н Нижегородский , м. Калитники , Автомобильный проезд , 4к5 30 000 ₽/мес. От года, комм. платежи включены (без счётчиков), комиссия 50%, без залога Id 61883. Апартаменты под склад / субаренду Сдаются апартаменты свободного назначения. Помещение без отделки (бетон), что позволяет использовать его максимально гибко — под склад, хранение или формат субаренды с последующим ремонтом под себя. Идеально подойдёт для: — хранения товаров / оборудования — небольшого склада в черте города — инвестора под субаренду (возможность сделать ремонт и увеличить доходность) Современный комплекс с удобным доступом, охраной и развитой инфраструктурой. Удобная логистика и выезд на основные магистрали. Готовы рассмотреть разные форматы сотрудничества, в том числе долгосрочную аренду. Звоните — организую быстрый показ, обсудим условия. Агентство недвижимости EstateLiga Документы проверены Посмотреть все объекты +7 916 863-15-... Написать вчера вчера, 11:36",,https://www.cian.ru/cat.php?deal_type=rent&district%5B0%5D=8&engine_version=2&offer_type=flat&room9=1&type=4&p=1,2026-04-21T08:22:45+00:00
2012,328544382,ЮВАО,https://www.cian.ru/rent/flat/328544382/?context=4.87lfglL_-4Y.luDpZzcNnGvw8xSPHVHHhUlG2O65vouLqziFJPwGrYlRoiAFqJmnc2a5RL0vK7YESQ1aDQxChWxpgQ&mlSearchSessionGuid=9eddb575e5b4bfab3194492539d04620,1/11,555000,21.5,11,16,,"1/11 Студия, 21,5 м², 11/16 этаж Авиамоторная 12 минут пешком Москва , ЮВАО , р-н Лефортово , м. Авиамоторная , Красноказарменная улица , 14Ак5 55 000 ₽/мес. От года, комм. платежи включены (без счётчиков), комиссия 60%, залог 55 000 ₽ Сдается отличная , уютная , теплая студия на 11 этаже с прекрасным панорамой. квартире все имеется для комфортного проживания. квартира находится пеший доступности от метро , прекрасном районе . Имеется шикарный двор без машин. оперативный показ и заселение . счетчики и интернет оплачивает наниматель. Квартира под авансов до 25.04.2026 до 19-00. показа пока не будет . Риелтор Алия Анашкина Суперагент +7 915 190-89-... Написать вчера 19 апр, 13:22",,https://www.cian.ru/cat.php?deal_type=rent&district%5B0%5D=8&engine_version=2&offer_type=flat&room9=1&type=4&p=3,2026-04-21T08:22:45+00:00
1937,326159535,ЮВАО,https://www.cian.ru/rent/flat/326159535/?context=4.hopmfdCmPas.PEdKV_DsKuNQxPO7MYDtyN0yd9QRGw4yS419Tu6XG0XJ0A41fgQvOi-x2unpUL85fRCzyyJWaXPOCw&mlSearchSessionGuid=f49697fd05f7c7b9e4edaad9a86d072f,1/14 Ещё фото,644900,19.5,14,25,,"1/14 Ещё фото Пешком до метро! Студия, 19,5 м², 14/25 этаж Перерва 12 минут пешком Москва , ЮВАО , р-н Люблино , м. Перерва , Люблинская улица , 80к6 44 900 ₽/мес. От года, комм. платежи включены (без счётчиков), комиссия 50%, без залога Сдаётся светлая квартира-студия с евроремонтом и совмещённым санузлом в ЖК Люблинский парк! Без депозита! Её можно посмотреть когда Вам удобно: бронируете время, забираете ключи или встречаетесь с нашим представителем и спокойно осматриваете. Если всё понравится, договор подпишем онлайн и будем поддерживать Вас на всех этапах аренды. В квартире есть: - Кухонный гарнитур; - Варочная панель; - Холодильник; - Стиральная машина; - Вытяжка. Полы — ламинат и плитка. Окна выходят во двор, на восток. Во дворах обустроены детские площадки, двор без машин. На территории дома есть бесплатные парковочные места. Собственник готов заселить не более 2 взрослых жильцов с детьми, обсудить оформление временной регистрации, докупить мебель/технику или заключить договор с юридическим лицом. Можно с небольшим домашним питомцем по согласованию. Дом находится в районе с развитой инфраструктурой: в пешей доступности находятся продуктовые супермаркеты, школы, детские сады, медицинские учреждения, салоны красоты. Недалеко — парк Героев Отечественной войны 1812 года. В 18 минутах пешком — станция МЦД-2 Перерва, в 20 минутах — м. Братиславская. Автомобилистам будет удобно выезжать на Люблинскую улицу. Агентство недвижимости ПИК-Аренда Документы проверены Посмотреть все объекты +7 916 760-62-... Написать вчера вчера, 16:40",,https://www.cian.ru/cat.php?deal_type=rent&district%5B0%5D=8&engine_version=2&offer_type=flat&room9=1&type=4&p=1,2026-04-21T08:22:45+00:00
1972,329069630,ЮВАО,https://www.cian.ru/rent/flat/329069630/?context=4.qWndrwmtaVI.fbRHooBNEpDwFtgZw0PR-CcUwcW05KRDIYx7F5mnyb-vjHLaHtHKibPglXo8KML5SI-dai0vjd9YWA&mlSearchSessionGuid=de80f39a556cb31acbc826319f73c025,1/6,649000,20.0,2,2,,"1/6 Апартаменты-студия, 20 м², 2/2 этаж Ранний доступ Только на Циан Текстильщики 13 минут пешком Москва , ЮВАО , р-н Текстильщики , м. Текстильщики , Грайвороновская улица , 4С6 49 000 ₽/мес. От года, комм. платежи включены (без счётчиков), без комиссии, залог 49 000 ₽ Отличная маленькая, тихая, двухуровневая студия для проживания одного человека. Всё необходимое для проживания есть. Предпочтение девушкам и женщинам. Коммунальные платежи оплачивает арендатор полностью. Собственник ID 70587410 +7 916 099-29-... Написать 30 минут назад сегодня, 10:41",,https://www.cian.ru/cat.php?deal_type=rent&district%5B0%5D=8&engine_version=2&offer_type=flat&room9=1&type=4&p=2,2026-04-21T08:22:45+00:00
1983,315060712,ЮВАО,https://www.cian.ru/rent/flat/315060712/?context=4.BA7L9BfsQbw.m8f1wQlFfAlB4tZeE6Q8rZL0hGaRHz75pK07UCPnv2G6eDH5zaBc8M5l9L8q8Iskjuwmeq67n8WdNg&mlSearchSessionGuid=de80f39a556cb31acbc826319f73c025,1/12,675000,32.0,9,25,,"1/12 Апартаменты-студия, 32 м², 9/25 этаж Братиславская 6 минут пешком Москва , ЮВАО , р-н Марьино , м. Братиславская , Братиславская улица , 6 75 000 ₽/мес. На несколько месяцев, комм. платежи включены (без счётчиков), без комиссии, без залога Риэлторам не беспокоить. Посуточникам не сдаем. Дом бизнес класса В+. Охрана, видеонаблюдение, пропускная система, огороженная при домовая территория. Только конкретные предложения. Сдается от одного месяца до шести (договор на 30 календарных дней, дальше по согласованию), без комиссии и иных платежей. Апартаменты располагаются на 9м этаже 25ти этажного Бизнес центра. Кондиционер, холодильник, микроволновая печь, эл. чайник, плита стеклокерамика (одноконфорка переносная), утюг, СМАРТ ТВ , безлимитный интернет. С/у-ванная, фен, стиральная машина. Спальные места: большая кровать ламборгини 180х200. Возможна уборка горничной раз в неделю со сменой постельного белья за отдельную плату-1000руб. Если не доступен пишите. Риелтор Вадим Некрасов Суперагент +7 980 203-61-... Написать неделю назад 7 апр, 21:35",,https://www.cian.ru/cat.php?deal_type=rent&district%5B0%5D=8&engine_version=2&offer_type=flat&room9=1&type=4&p=2,2026-04-21T08:22:45+00:00
2013,329141466,ЮВАО,https://www.cian.ru/rent/flat/329141466/?context=4.HRz5v3PmikA.j1UiRsgQzNb3juGzg-ibF992A5sS8ZbEkwJf1MXWbzaM3aKOnda4pLGqnX3u1X5PgOFoFWmHzvT-xw&mlSearchSessionGuid=9eddb575e5b4bfab3194492539d04620,1/9,680000,46.0,14,27,,"1/9 Студия, 46 м², 14/27 этаж Рязанский проспект 4 минуты пешком Москва , ЮВАО , р-н Рязанский , м. Рязанский проспект , улица Академика Скрябина , 6 80 000 ₽/мес. От года, комм. платежи включены (без счётчиков), без комиссии, залог 80 000 ₽ Сдаётся квартира студия на длительный срок для одного или пары.Очень просторная и красивая,потому что нет узких коридоров,как везде.До Метро 3 мин пешком,ветка идёт через всю Москву.Дом новый,это не старые 5 и 12 этажки со скрипучими лифтами. В этом районе пока только этот дом новый.В квартире есть вся необходимая мебель, посуда, стиральная машина, холодильник. За шторой отдельно выделено спальное место. Перед телевизором раскладной диван.Два спальных места в однушке,большая редкость. За порядком следит консьерж. Рядом есть все магазины,парк. Собственник ID 140129111 +7 985 633-36-... Написать вчера 19 апр, 14:15",,https://www.cian.ru/cat.php?deal_type=rent&district%5B0%5D=8&engine_version=2&offer_type=flat&room9=1&type=4&p=3,2026-04-21T08:22:45+00:00
2007,312387295,ЮВАО,https://www.cian.ru/rent/flat/312387295/?context=4.c-KYY-puxAw.kKKUGeDTGg68wzHNoTuXrSXi58CMN9UfXZLpkaYOkmUP2Vnq00jZqLoOss6uHJ3zwt70Bnt_iQWJXQ&mlSearchSessionGuid=9eddb575e5b4bfab3194492539d04620,1/10,745000,19.0,1,5,,"1/10 Апартаменты-студия, 19 м², 1/5 этаж Проверено в Росреестре Лефортово 7 минут пешком Москва , ЮВАО , р-н Лефортово , м. Лефортово , 1-й Краснокурсантский проезд , 5/7 45 000 ₽/мес. От года, комм. платежи включены (без счётчиков), без комиссии, залог 45 000 ₽ Отличный район, 500 метров до метро Лефортово БКЛ. Тихий центр, все рядом и при этом никаких пробок или проблем с парковкой, через дорогу спортгородок МЭИ, рядом парк Лефортово, Екатерининский дворец. Все магазины в пяти шагах, пешком можно дойти до Бауманской, Авиамоторной, площади Ильича. Студия апартаменты, регистрация невозможна, Амина невозможна! Дорогие иностранцы, имейте это в виду! Находится на цокольном этаже. Есть окно, оборудованный санузел - душевая кабина, раковина, унитаз. Только что закончили ремонт. Вход в блок помещений со двора, общие площади отремонтированы. Общая площадь 19 м2, санузел 1,5 м на 1,5 м, основное помещение 2,6 м на 5,5. Есть всё необходимое: диван, стол, посуда, микроволновка, холодильник, стиралка, плита. Идеально для проживания небольшой семьи или одиночки, для рабочего, массажного кабинета, турагентства, детского клуба, кабинета репетитора. Аренда от собственника. Адекватный собственник, в квартиру не приходит, мелочным контролем не донимает. Готов провести видеопоказ, обращайтесь. Я готов сотрудничать с риэлторами и агентами, но никаких ""эксклюзивных"" предложений и ""снимите ненадолго объявление"" не будет, не трудитесь зря. Есть вопросы? Пишите прямо сейчас, ответы на вопросы, видеопоказ, советы бесплатно! Пусть Москва будет добра к вам! Собственник ID 113872797 Документы проверены +7 986 304-28-... Написать три дня назад 18 апр, 01:16",,https://www.cian.ru/cat.php?deal_type=rent&district%5B0%5D=8&engine_version=2&offer_type=flat&room9=1&type=4&p=3,2026-04-21T08:22:45+00:00
2011,328976686,ЮВАО,https://www.cian.ru/rent/flat/328976686/?context=4.pxRLXGGUls0.wVyyzCwzPIVdF5ZKZecWJyd-wPolEB0wduudv95YGUagFDaTrrJQO5v-Dt2IFSkKWwx8UV9AxVERAg&mlSearchSessionGuid=9eddb575e5b4bfab3194492539d04620,1/9,765000,24.0,5,30,,"1/9 Студия, 24 м², 5/30 этаж Только на Циан Волгоградский проспект 8 минут пешком Москва , ЮВАО , р-н Южнопортовый , м. Угрешская , Волгоградский проспект , 32/3к7 65 000 ₽/мес. От года, комм. платежи включены (без счётчиков), комиссия 60%, залог 65 000 ₽ Квартира студия в ЖК Бизнес-класса. Современный ремонт. Полный комплект техники (посудомоечная машина, стиральная машина с сушкой, микроволновая печь, телевизор, кондиционер). Безопасная территория (закрытый двор, охрана, консьерж). Рядом торговый центр и современная школа. Оснащение квартиры: Теплый пол в ванной Бойлер (независимость от отключения воды). Посудомоечная машина. Стиральная машина с функцией сушки. Кровать с ортопедическим матрасом Агентство недвижимости PREMIUM CITY Суперагент +7 916 394-64-... Написать вчера вчера, 11:35",,https://www.cian.ru/cat.php?deal_type=rent&district%5B0%5D=8&engine_version=2&offer_type=flat&room9=1&type=4&p=3,2026-04-21T08:22:45+00:00
1952,326967848,ЮВАО,https://www.cian.ru/rent/flat/326967848/?context=4.I3RTIi0NRr0.z4vWqotLO2lylyuCQqczXsjh2bRPDO_loUTMcuyoR1HHYjSveBE_7WbFoVS2g-W1vIImxrkZbMXdiA&mlSearchSessionGuid=f49697fd05f7c7b9e4edaad9a86d072f,1/7,770000,30.0,3,24,,"1/7 Квартира без комиссии Апартаменты-студия, 30 м², 3/24 этаж Только на Циан Онлайн-договор Авиамоторная 16 минут пешком Москва , ЮВАО , р-н Лефортово , м. Авиамоторная , улица Крузенштерна , 7 70 000 ₽/мес. От года, комм. платежи включены (без счётчиков), без комиссии, залог 70 000 ₽ Я собственник! ТОРГА НЕТ! Риелторы не тратьте моё время. Сдаётся уютная студия в новом доме, построенном в 2025 году. Общая площадь - 27 кв. м, жилая - 20 кв. м, кухня занимает 3 кв. м. Апартаменты расположены на 3 этаже 24-этажного здания. Высокие потолки 2.7 метра добавляют простора. До станции метро ""Авиамоторная"" всего 16 минут пешком. Квартира выполнена с дизайнерским ремонтом, что создаёт стильную и комфортную обстановку. В студии есть вся необходимая мебель как на кухне, так и в комнате. Для вашего удобства установлены кондиционер, холодильник, телевизор и стиральная машина. Санузел совмещён, оборудован современной душевой кабиной. Дом предлагает подземную парковку, поэтому можно не беспокоиться о месте для автомобиля. В здании функционируют как пассажирский, так и грузовой лифты, поэтому можно легко передвигать крупные вещи. Также есть мусоропровод, что добавляет удобства в быту. Интернет-связь доступна, что особенно важно для работы или учёбы. Рядом с домом находятся школы, детские сады, клиники и магазины, что делает район удобным и комфортным для жизни. Условия аренды прозрачные: без комиссии, от собственника. Подходит для одного человека или пары. Коммунальные платежи оплачиваются отдельно. Залоговая сумма составляет оплату за один месяц. Звоните и записывайтесь, чтобы увидеть квартиру вживую и оценить её преимущества. Собственник ID 13296398 +7 986 323-82-... Написать вчера вчера, 21:55",,https://www.cian.ru/cat.php?deal_type=rent&district%5B0%5D=8&engine_version=2&offer_type=flat&room9=1&type=4&p=1,2026-04-21T08:22:45+00:00
2005,328667187,ЮВАО,https://www.cian.ru/rent/flat/328667187/?context=4.OQhsLco7X0s.4LRTFha4XnENVirVA8qcZnkIitJZZ4fSaf7oUSFR1eI-esoWEHCUuzo0Or_rgOUekEJN56FaxKjoAg&mlSearchSessionGuid=9eddb575e5b4bfab3194492539d04620,1/21,1057000,30.0,13,31,,"1/21 Студия, 30 м², 13/31 этаж Только на Циан Нижегородская 9 минут пешком Москва , ЮВАО , р-н Нижегородский , м. Нижегородская , Газгольдерная улица , 10 57 000 ₽/мес. От года, комм. платежи включены (без счётчиков), комиссия 50%, залог 57 000 ₽ Квартира в монолитном доме класса комфорт +. Современный ремонт. В квартире есть все необходимое для комфортного проживания: посудомоечная машина, кондиционер, телевизор, пылесос, гладильная сушильная доска и т.д. На длительный срок. Закрытый двор без автомобилей. Метро в шаговой доступности. Оперативный показ и заселение Риелтор Вадим Белов Суперагент +7 988 194-26-... Написать вчера вчера, 23:09",,https://www.cian.ru/cat.php?deal_type=rent&district%5B0%5D=8&engine_version=2&offer_type=flat&room9=1&type=4&p=3,2026-04-21T08:22:45+00:00
1947,328371177,ЮВАО,https://www.cian.ru/rent/flat/328371177/?context=4.gaADsKcu82c.qdX0YFZ93ID0QnTZDlQpLctDtpXBOJrQjhZKI7HcHsbbBGY8ToArCL8MyQpergyV3aZI_9qwtTqWvw&mlSearchSessionGuid=f49697fd05f7c7b9e4edaad9a86d072f,1/22,1059000,18.23,1,2,,"1/22 Апартаменты-студия, 18,23 м², 1/2 этаж Лефортово 7 минут пешком Москва , ЮВАО , р-н Лефортово , м. Лефортово , Госпитальная площадь , 1/10 59 000 ₽/мес. На несколько месяцев, комм. платежи включены (без счётчиков), комиссия 35%, залог 59 000 ₽ Сдаётся просторный номер в молодёжном коливинге, размещённом в особняке XVIII века у метро Лефортово (5 минут пешком). Идеальное жильё для ценителей атмосферы исторической Москвы и комфорта современного жилья. В номере есть всё необходимое для комфортной жизни: — двуспальная кровать, прикроватный столик и торшер; — большое окно с широким подоконником; — шкаф, комод и зеркало в полный рост; — рабочая зона: стол, барный стул; — базовая техника: микроволновка, чайник; — посуда и предметы быта; — совмещённый санузел; — дизайнерский ремонт; — дверь закрывается на ключ. Общие зоны дома (2 этажа): — просторная кухня на 1 этаже: кухонный гарнитур, 5 плит, посудомоечная машина и 3 общих холодильника (помимо холодильников в номерах); — обеденная зона с барными стойками и большим столом; — холл с лобби-зоной и мини-библиотекой; — переговорная (до 10 человек); — две прачечные с машинами и сушилками; — буфет на 2 этаже с кофемашиной, микроволновкой и кухонным гарнитуром; — ресепшн для жильцов и гостей. Про комьюнити Colife: Colife — это не только жильё, но и дружное сообщество творческих и талантливых молодых людей. Каждую неделю проводим бесплатные мероприятия, которые делают жизнь интереснее: — тренировки по йоге и дыхательные практики; — разговорные клубы в уютной атмосфере; — спортивные соревнования и культурные выезды (музеи, выставки); — вечеринки Colife — от масштабных костюмированных до уютных камерных посиделок; — кинопросмотры, книжный клуб, настолки, спиддейтинги и нетворкинги. Здесь легко завести новые знакомства, найти друзей и окружение, которое вдохновляет. Расположение: До м. Лефортово — 5 минут пешком (680 м), до м. Бауманская — около 20 минут (1,7 км). Дом — объект культурного наследия, полностью восстановленный в современном лофт-стиле. Есть огороженная парковка. В 1 минуте остановка автобуса, рядом продуктовый магазин, кафе и кофейни. Для прогулок — Лефортовский парк (4 минуты пешком) с теннисными кортами, беговой дорожкой, футбольным полем и прудами. Формат аренды Номер в особняке сдаём мы - компания Colife Комфорт. Мы не сторонние агенты или риелторы, вы подписываете договор напрямую с нами, а в стоимость уже включен сервис и поддержка 24/7: например, если что-то сломается мы бесплатно и быстро починим.",,https://www.cian.ru/cat.php?deal_type=rent&district%5B0%5D=8&engine_version=2&offer_type=flat&room9=1&type=4&p=1,2026-04-21T08:22:45+00:00
1977,328371256,ЮВАО,https://www.cian.ru/rent/flat/328371256/?context=4.jPaTgnxf9NY.eWmiR3kjPYeKeEAXDFySkioUCg6-WhLMQPDRpcfZcIAHViroiGIlnnfrniBoCfM6oAxmJBtoOjGzIA&mlSearchSessionGuid=de80f39a556cb31acbc826319f73c025,1/23,1060000,17.24,2,2,,"1/23 Апартаменты-студия, 17,24 м², 2/2 этаж Лефортово 7 минут пешком Москва , ЮВАО , р-н Лефортово , м. Лефортово , Госпитальная площадь , 1/10 60 000 ₽/мес. На несколько месяцев, комм. платежи включены (без счётчиков), комиссия 35%, залог 60 000 ₽ Сдаётся просторный номер в молодёжном коливинге, размещённом в особняке XVIII века у метро Лефортово (5 минут пешком). Идеальное жильё для ценителей атмосферы исторической Москвы и комфорта современного жилья. В номере есть всё необходимое для комфортной жизни: — двуспальная кровать, прикроватный столик и торшер; — большое окно с широким подоконником; — шкаф, комод и зеркало в полный рост; — рабочая зона: стол, барный стул; — базовая техника: микроволновка, чайник; — посуда и предметы быта; — совмещённый санузел; — дизайнерский ремонт; — дверь закрывается на ключ. Общие зоны дома (2 этажа): — просторная кухня на 1 этаже: кухонный гарнитур, 5 плит, посудомоечная машина и 3 общих холодильника (помимо холодильников в номерах); — обеденная зона с барными стойками и большим столом; — холл с лобби-зоной и мини-библиотекой; — переговорная (до 10 человек); — две прачечные с машинами и сушилками; — буфет на 2 этаже с кофемашиной, микроволновкой и кухонным гарнитуром; — ресепшн для жильцов и гостей. Про комьюнити Colife: Colife — это не только жильё, но и дружное сообщество творческих и талантливых молодых людей. Каждую неделю проводим бесплатные мероприятия, которые делают жизнь интереснее: — тренировки по йоге и дыхательные практики; — разговорные клубы в уютной атмосфере; — спортивные соревнования и культурные выезды (музеи, выставки); — вечеринки Colife — от масштабных костюмированных до уютных камерных посиделок; — кинопросмотры, книжный клуб, настолки, спиддейтинги и нетворкинги. Здесь легко завести новые знакомства, найти друзей и окружение, которое вдохновляет. Расположение: До м. Лефортово — 5 минут пешком (680 м), до м. Бауманская — около 20 минут (1,7 км). Дом — объект культурного наследия, полностью восстановленный в современном лофт-стиле. Есть огороженная парковка. В 1 минуте остановка автобуса, рядом продуктовый магазин, кафе и кофейни. Для прогулок — Лефортовский парк (4 минуты пешком) с теннисными кортами, беговой дорожкой, футбольным полем и прудами. Формат аренды Номер в особняке сдаём мы - компания Colife Комфорт. Мы не сторонние агенты или риелторы, вы подписываете договор напрямую с нами, а в стоимость уже включен сервис и поддержка 24/7: например, если что-то сломается мы бесплатно и быстро починим.",,https://www.cian.ru/cat.php?deal_type=rent&district%5B0%5D=8&engine_version=2&offer_type=flat&room9=1&type=4&p=2,2026-04-21T08:22:45+00:00
2006,327867504,ЮВАО,https://www.cian.ru/rent/flat/327867504/?context=4.7O_LaO1pNKU.gRnIbCcV9gSfikOYcmRA6wGrD96L8R12RGTHqWd5B0Fg28PrwgZmxyQnc5bfE2qBtBCDRkLaYkk3Pw&mlSearchSessionGuid=9eddb575e5b4bfab3194492539d04620,1/8,1060000,33.0,18,32,,"1/8 Студия, 33 м², 18/32 этаж Только на Циан Нижегородская 9 минут пешком Москва , ЮВАО , р-н Нижегородский , м. Нижегородская , Газгольдерная улица , 10 60 000 ₽/мес. От года, комм. платежи включены (без счётчиков), комиссия 50%, залог 60 000 ₽ Эксклюзивное предложение! Сдаётся студия, от метро Нижегородская до 5 минут пешком. В квартире выполнен дизайнерский ремонт. Планировка с зонированием спальни, полноценная кухня и совмещённый санузел. Есть вся необходимая мебель и техника. Наземная парковка за шлагбаумом. При симпатии депозит разбивается. Звоните, оперативно проведём показ! Агентство недвижимости Не для галочки Суперагент +7 916 505-14-... Написать вчера вчера, 12:04",,https://www.cian.ru/cat.php?deal_type=rent&district%5B0%5D=8&engine_version=2&offer_type=flat&room9=1&type=4&p=3,2026-04-21T08:22:45+00:00
1970,314611923,ЮВАО,https://www.cian.ru/rent/flat/314611923/?context=4.Bsxw4H9XgIs.Xij2TrZze83J7vRgs6TEymzxFe9aaxbzXoZVEaafA9kqGRjUCcw-nfAjlDTBdRauXGal-S8F58Ks0A&mlSearchSessionGuid=de80f39a556cb31acbc826319f73c025,1/18,1065000,23.0,4,32,,"1/18 Студия, 23 м², 4/32 этаж Только на Циан Проверено в Росреестре Нижегородская 9 минут пешком Москва , ЮВАО , р-н Нижегородский , м. Нижегородская , Газгольдерная улица , 10 65 000 ₽/мес. От года, комм. платежи включены (без счётчиков), без комиссии, залог 70 000 ₽ Предлагается в аренду стильная студия с дизайнерским ремонтом из качественных материалов в новом монолитном доме 2023 года постройки с закрытой территорией и видеонаблюдением, в 8 минутах ходьбы от метро Нижегородская. Развитая инфраструктура, в шаговой доступности торговый и строительный центры, кафе, рестораны, шопинг, детские сады и школы, спортивные секции, салоны красоты, пункты выдачи заказов, аптеки и многое другое. Дом оборудован двумя пассажирскими и одним грузовым лифтами, на которых можно попасть в подземный паркинг, где при желании можно арендовать машиноместо. На территории дома также есть бесплатная парковка. Студия сдается на длительный срок, от года. В качестве потенциальных жильцов, максимум 2 человека, мы рады видеть культурных и аккуратных людей без вредных привычек, с постоянной российской регистрацией, проживание с животными не допускается. Договор аренды заключается непосредственно с собственником. Квартира площадью 23 кв. м расположена на 4 этаже 32-этажного здания. Высокие потолки в 2,7 метра создают ощущение простора. Окна выходят на улицу, обеспечивая хорошее естественное освещение. На небольшой территории удалось разместить спальню, полноценную кухонную и рабочую зоны. В квартире есть всё необходимое для комфортной жизни, кровать с ортопедическим матрасом и ящиком для белья, посудомоечная и стиральная машины, холодильник, микроволновая печь, духовой шкаф, варочная панель индукция с набором посуды для приготовления пищи, тостер, электрочайник, утюг и много других мелочей. В санузле установлены: душевая кабина, полотенцесушитель, теплый пол и т.д. В коридоре расположен домофон, кондиционер, который точно вас не продует во время сна или отдыха, также имеется большая зона хранения. В спальной зоне установлен телевизор с более чем 200 тв каналами, домашний интернет, wi-fi. Приглашаем вас лично оценить предлагаемую квартиру. Звоните и записывайтесь на просмотр в удобное для вас время, вся информация только по телефону. Риелтор ID 104363141 +7 986 323-70-... Написать час назад сегодня, 09:55",,https://www.cian.ru/cat.php?deal_type=rent&district%5B0%5D=8&engine_version=2&offer_type=flat&room9=1&type=4&p=2,2026-04-21T08:22:45+00:00
1936,328371372,ЮВАО,https://www.cian.ru/rent/flat/328371372/?context=4.UlUGFvb6-bA.j4nxW3t0prGPkiCvcfaoGoxcO7ZLoWzV1QUXzNCaVfiBdh_dwurZpd6hednITiGyqjaZVXZ2xdbnrA&mlSearchSessionGuid=f49697fd05f7c7b9e4edaad9a86d072f,1/23 Ещё фото,1068000,18.9,1,2,,"1/23 Ещё фото Апартаменты-студия, 18,9 м², 1/2 этаж Только на Циан Лефортово 7 минут пешком Москва , ЮВАО , р-н Лефортово , м. Лефортово , Госпитальная площадь , 1/10 68 000 ₽/мес. На несколько месяцев, комм. платежи включены (без счётчиков), комиссия 35%, залог 68 000 ₽ Сдаётся просторный номер в молодёжном коливинге, размещённом в особняке XVIII века у метро Лефортово (5 минут пешком). Идеальное жильё для ценителей атмосферы исторической Москвы и комфорта современного жилья. В номере есть всё необходимое для комфортной жизни: — двуспальная кровать, прикроватный столик и торшер; — большое окно с широким подоконником; — шкаф, комод и зеркало в полный рост; — рабочая зона: стол, барный стул; — базовая техника: микроволновка, чайник; — посуда и предметы быта; — совмещённый санузел; — дизайнерский ремонт; — дверь закрывается на ключ. Общие зоны дома (2 этажа): — просторная кухня на 1 этаже: кухонный гарнитур, 5 плит, посудомоечная машина и 3 общих холодильника (помимо холодильников в номерах); — обеденная зона с барными стойками и большим столом; — холл с лобби-зоной и мини-библиотекой; — переговорная (до 10 человек); — две прачечные с машинами и сушилками; — буфет на 2 этаже с кофемашиной, микроволновкой и кухонным гарнитуром; — ресепшн для жильцов и гостей. Про комьюнити Colife: Colife — это не только жильё, но и дружное сообщество творческих и талантливых молодых людей. Каждую неделю проводим бесплатные мероприятия, которые делают жизнь интереснее: — тренировки по йоге и дыхательные практики; — разговорные клубы в уютной атмосфере; — спортивные соревнования и культурные выезды (музеи, выставки); — вечеринки Colife — от масштабных костюмированных до уютных камерных посиделок; — кинопросмотры, книжный клуб, настолки, спиддейтинги и нетворкинги. Здесь легко завести новые знакомства, найти друзей и окружение, которое вдохновляет. Расположение: До м. Лефортово — 5 минут пешком (680 м), до м. Бауманская — около 20 минут (1,7 км). Дом — объект культурного наследия, полностью восстановленный в современном лофт-стиле. Есть огороженная парковка. В 1 минуте остановка автобуса, рядом продуктовый магазин, кафе и кофейни. Для прогулок — Лефортовский парк (4 минуты пешком) с теннисными кортами, беговой дорожкой, футбольным полем и прудами. Формат аренды Номер в особняке сдаём мы - компания Colife Комфорт. Мы не сторонние агенты или риелторы, вы подписываете договор напрямую с нами, а в стоимость уже включен сервис и поддержка 24/7: например, если что-то сломается мы бесп",,https://www.cian.ru/cat.php?deal_type=rent&district%5B0%5D=8&engine_version=2&offer_type=flat&room9=1&type=4&p=1,2026-04-21T08:22:45+00:00
2014,328627345,ЮВАО,https://www.cian.ru/rent/flat/328627345/?context=4.INr_9uOIrEw.XzmRPaozXDIVbk5_Jv0EDeKqE2CYD6ICo3aEAKwo8vOaF_o_yo3z9HshhX-6oajMDIwNME8oIAEfXw&mlSearchSessionGuid=9eddb575e5b4bfab3194492539d04620,1/13,1948000,20.0,1,5,,"1/13 Апартаменты-студия, 20 м², 1/5 этаж Только на Циан Сортировочная 9 минут пешком Москва , ЮВАО , р-н Лефортово , м. Сортировочная , Ухтомская улица , 19 48 000 ₽/мес. От года, комм. платежи включены (без счётчиков), комиссия 50%, залог 55 000 ₽ Сдаю на длительный срок стильную квартиру. Высота потолков 3,1 м, что дает простор в помещении. Квартира сдается впервые после качественного ремонта, есть все необходимое для жизни. Оперативный показ Риелтор Екатерина Рычкова Суперагент +7 936 706-91-... Написать вчера вчера, 09:22",,https://www.cian.ru/cat.php?deal_type=rent&district%5B0%5D=8&engine_version=2&offer_type=flat&room9=1&type=4&p=3,2026-04-21T08:22:45+00:00
1940,328767657,ЮВАО,https://www.cian.ru/rent/flat/328767657/?context=4.5eDbkNQInwI.uPc9dTablR3AAp4piYM1oHZk-DaEKGHkALOXqgDSfe8-e8Y0uSojj0LsnLCAWtcGmWWCiS-1uXmbsw&mlSearchSessionGuid=f49697fd05f7c7b9e4edaad9a86d072f,1/5 Ещё фото,2030000,24.0,18,25,,"1/5 Ещё фото Апартаменты-студия, 24 м², 18/25 этаж Только на Циан Волгоградский проспект 3 минуты пешком Москва , ЮВАО , р-н Южнопортовый , м. Волгоградский проспект , Новоостаповская улица , 20 30 000 ₽/мес. От года, комм. платежи включены (без счётчиков), комиссия 50%, залог 30 000 ₽ Id 62577. Представляем к сдаче просторную студию площадью 24 м² в только что построенном монолитном жилом комплексе бизнес-класса. Квартира расположена на 18 этаже 25-этажной башни, что гарантирует вам потрясающие панорамные виды из окон и обилие естественного света. Высокие потолки 3 метра и свободная планировка открывают пространство для реализации самых смелых дизайнерских решений. Объект сдается без отделки — это ваш чистый лист для создания интерьера, который будет отражать ваш вкус и стиль жизни. Локация — одно из ключевых преимуществ. Дом находится на Новоостаповской улице, в пешей доступности (2 минуты) от станции метро ""Дубровка"". Также в шаговой доступности находятся станции ""Кожуховская"" и ""Автозаводская"". Это динамичный и хорошо развитый район с отлаженной транспортной инфраструктурой, что особенно оценит деловой человек. Рядом есть все для комфортной жизни: современные торговые центры, рестораны, фитнес-клубы и парковые зоны для отдыха. Жилой комплекс ""HighWay"" отвечает всем стандартам современного комфорта. В здании установлены два пассажирских и один грузовой лифт. Для вашего автомобиля предусмотрен подземный паркинг. Квартира функциональна: здесь есть совмещенный санузел и большая кухня площадью 15 м², которую можно организовать как полноценную гостиную зону или пространство для работы. Идеально подойдет для молодого специалиста, пары или инвестора, ищущего объект для последующей перепродажи. Свяжитесь с нами прямо сейчас, чтобы назначить просмотр и лично оценить все преимущества этой квартиры. Агентство недвижимости EstateLiga Документы проверены Посмотреть все объекты +7 916 863-15-... Написать вчера вчера, 11:36",,https://www.cian.ru/cat.php?deal_type=rent&district%5B0%5D=8&engine_version=2&offer_type=flat&room9=1&type=4&p=1,2026-04-21T08:22:45+00:00
1979,329117063,ЮВАО,https://www.cian.ru/rent/flat/329117063/?context=4.lED6pLwdVs4.T5WvYMVPqIBxnYilkYMm_2fPeZrvUxzxVXUZctFHEet31j7JVrn_-q9k28n3LccwH1fbiRSkFyDwtA&mlSearchSessionGuid=de80f39a556cb31acbc826319f73c025,1/9,2055000,20.4,20,21,,"1/9 Студия, 20,4 м², 20/21 этаж Волгоградский проспект 3 минуты пешком Москва , ЮВАО , р-н Южнопортовый , м. Волгоградский проспект , Новоостаповская улица , 20 55 000 ₽/мес. От года, комм. платежи включены (без счётчиков), комиссия 50%, залог 55 000 ₽ В аренду предлагается СТУДИЯ в ЖК HighWay. В студии выполнен качественный ремонт в современном стиле. Совмещенный санузел оборудован импортной сантехникой (душевая кабина). Кухонный гарнитур с вытяжкой, варочной панелью и посудомоечной машинкой. 2 встроенных шкафа для одежды. Кровать с подъемным механизмом (без матраса). Кондиционер. Двор без машин. До метро 5 минут пешком от подъезда. Временную регистрацию не делают. Не курящих. Длительный срок аренды. Риелтор Антон Смолев Суперагент +7 915 012-09-... Написать два дня назад 19 апр, 10:38",,https://www.cian.ru/cat.php?deal_type=rent&district%5B0%5D=8&engine_version=2&offer_type=flat&room9=1&type=4&p=2,2026-04-21T08:22:45+00:00
2015,328702971,ЮВАО,https://www.cian.ru/rent/flat/328702971/?context=4.jRMYmUcRXsw.iYaX2HKzQtdzTDEWbqURjudwiMqqOiiJA9seT4IBWcw22zeHFFnFiiATG0AwskqHY9t967NSdKeqZQ&mlSearchSessionGuid=9eddb575e5b4bfab3194492539d04620,1/7,2055000,30.0,4,14,,"1/7 Апартаменты-студия, 30 м², 4/14 этаж Жулебино 3 минуты пешком Москва , ЮВАО , р-н Выхино-Жулебино , м. Жулебино , улица Генерала Кузнецова , 20 55 000 ₽/мес. От года, комм. платежи включены (без счётчиков), комиссия 50%, залог 55 000 ₽ Ольга. Вашему вниманию предлагаются светлые, уютные ДВУХУРОВНЕВЫЕ апартаменты, первый уровень 20 метров, второй уровень 10 метров, высота потолков 4 метра. В апартаментах выполнен дизайнерский ремонт. В кухонной зоне: кухонный гарнитур, электрическая плита, холодильник, СВЧ. В жилой зоне: двуспальный диван, тумба под телевизор. На втором уровне двуспальная кровать, шкафы. Санузел совмещен, ванна, стиральная машина. В прихожей шкаф, комод. Страховой депозит разбивается на 2 части. Дом расположен в 1 МИНУТЕ ходьбы от метро Жулебино. Развитая инфраструктура, рядом ТЦ Миля, фудмолл Привоз, различные магазины, кафе, аптеки, поликлиники. Можно с маленьким и чистоплотным животным. Риелтор Екатерина Дрозд Суперагент +7 915 113-46-... Написать неделю назад 7 апр, 15:47",,https://www.cian.ru/cat.php?deal_type=rent&district%5B0%5D=8&engine_version=2&offer_type=flat&room9=1&type=4&p=3,2026-04-21T08:22:45+00:00
1982,328729519,ЮВАО,https://www.cian.ru/rent/flat/328729519/?context=4.OOPvIbyD--4.91zpHySfD6cq0Hp_lnuxub_iisYmS6_JH4_oN1WPGueDvgCv2vuy59u01PwSZ5QaG1wUrjzXu4qv0w&mlSearchSessionGuid=de80f39a556cb31acbc826319f73c025,1/8,2058000,22.0,19,23,,"1/8 Апартаменты-студия, 22 м², 19/23 этаж Только на Циан Волгоградский проспект 3 минуты пешком Москва , ЮВАО , р-н Южнопортовый , м. Волгоградский проспект , Новоостаповская улица , 20 58 000 ₽/мес. От года, комм. платежи включены (без счётчиков), комиссия 60%, залог 30 000 ₽ Современная студия 23 м2! 2 минуты от станции метро Волгоградский проспект или 7 минут от метро Угрешская. 10 минут до Кремля, рядом Третье транспортное кольцо, удобно добираться в любую точку города. Максимально комфортное проживание вам обеспечено. Круглосуточная охрана подъезда и территории. Высота потолков под 2,8 метра. Современный дизайн, и мебель. Новая техника (кондиционер, встроенный холодильник, плита, стиральная машина, телевизор, СВЧ). Большая ванна Индивидуальное отопление с возможностью регулировки каждой батареи. Коммунальные платежи по счетчикам. Популярный Жилой комплекс ЖК ""Хайвей"". Расположен в отличном районе города Москвы с сложившейся инфраструктурой района. Недалеко от комплекса: Крупнейший развлекательный комплекс ""Остров мечты"", Коломенский парк, Современная архитектура и авторская отделка корпусов. Благоустроенная и охраняемая территория. Собственный подземный паркинг, оригинальные современные детские площадки. Квартира сдается ВПЕРВЫЕ. Порядочный и доброжелательный собственник. Желаю Удачи! Риелтор Дмитрий Сыромятников Суперагент +7 986 323-66-... два дня назад 18 апр, 20:36",,https://www.cian.ru/cat.php?deal_type=rent&district%5B0%5D=8&engine_version=2&offer_type=flat&room9=1&type=4&p=2,2026-04-21T08:22:45+00:00
1988,329109023,ЮВАО,https://www.cian.ru/rent/flat/329109023/?context=4.7ILY6g0DgmA.Hd8LutM1CtwZQXA1iRaVHEZIyH9yyhr1587Nr250EZ-Mg-U2oS-aDaPBF-cZESdLEiseFBzJszaDeA&mlSearchSessionGuid=de80f39a556cb31acbc826319f73c025,1/5,2060000,30.0,7,23,,"1/5 Студия, 30 м², 7/23 этаж Только на Циан Волгоградский проспект 3 минуты пешком Москва , ЮВАО , р-н Южнопортовый , м. Волгоградский проспект , Новоостаповская улица , 20 60 000 ₽/мес. На несколько месяцев, комм. платежи включены (без счётчиков), комиссия 60%, залог 50 000 ₽ Рассматривается временная регистрация для жильцов. Сдаётся светлая и уютная однокомнатная квартира площадью 30 м² в современном жилом комплексе комфорт-класса. Локация Дом расположен в шаговой доступности от метро Волгоградский проспект — до центра города всего 10-15 минут на автомобиле. Удобный выезд на основные магистрали. О квартире — Просторная комната с возможностью зонирования (спальня + гостиная / рабочее место) — Кухня с современной техникой — Совмещённый санузел — Большие окна, много естественного света — Комфортный этаж Квартира полностью готова к проживанию: мебель, бытовая техника, места хранения. О доме и территории — Современная входная группа — Закрытый двор — Подземный паркинг — Кафе, магазины и фитнес на первых этажах — Круглосуточная безопасность Идеально подойдёт для одного человека или пары. Заселение возможно в ближайшее время. Условия аренды обсуждаются индивидуально. Агентство недвижимости ПРЕМИАЛЬНЫЙ УРОВЕНЬ Суперагент +7 915 068-56-... Написать вчера вчера, 19:21",,https://www.cian.ru/cat.php?deal_type=rent&district%5B0%5D=8&engine_version=2&offer_type=flat&room9=1&type=4&p=2,2026-04-21T08:22:45+00:00
1995,328340083,ЮВАО,https://www.cian.ru/rent/flat/328340083/?context=4.u1m5MsLdTjo.8yPuNQtkRO7ytcpfr-p6cosuHG2jpoy1N60Ewt4PM2zc_nfZa5nhj0iFUqTsPQ1e5udjIa5FLmYbvQ&mlSearchSessionGuid=9eddb575e5b4bfab3194492539d04620,1/30,2060000,23.0,21,23,,"1/30 Апартаменты-студия, 23 м², 21/23 этаж Только на Циан Волгоградский проспект 3 минуты пешком Москва , ЮВАО , р-н Южнопортовый , м. Волгоградский проспект , Новоостаповская улица , 20 60 000 ₽/мес. От года, комм. платежи включены (без счётчиков), комиссия 50%, залог 55 000 ₽ Сдаётся просторная квартира в 100 метрах от метро Волгоградский проспект! Выход 1 — буквально минута от дома. Это не просто близость к метро, а абсолютный транспортный нуль. Для автовладельцев тоже удобно, но здесь главная звезда — локация. Квартира на 21 этаже 23-этажного дома — тишина, вид и никакого шума. В доме три лифта: два пассажирских и грузовой — переезд без головной боли. Внутри — продуманный комфорт премиум-уровня: Полноценная двухметровая кухня с посудомоечной машиной, аэрогрилем и плитой — готовить одно удовольствие. Большая ванна в ванной комнате — можно расслабиться после дня. Плюс стиральная машина с функцией сушки белья — забудьте о сушилках. Тёплые полы во всей квартире — комфортно босиком в любое время года. Система умного освещения — выбирайте сценарии света под настроение: романтический, рабочий, вечерний. Кондиционер — свежесть летом. Много мест для хранения: большой полноценный шкаф + кровать с подъёмным механизмом — сезонные вещи и постельное бельё не будут мешаться. Телевизор 50 дюймов на поворотном кронштейне — смотреть можно откуда угодно: лёжа в кровати, за обедом или из гостиной. А ещё там есть Алиса — голосовое управление и развлечения. Квартира идеально подойдёт для одного, пары или небольшой семьи, которая ценит технологии, уют и локацию. Условия: длительная аренда, залог обсуждаем. Приглашаю на просмотр — такое предложение с метро в 100 метрах, тёплыми полами и умным светом не задерживается. Звоните, чтобы записаться! Риелтор Александр Помазанов Документы проверены +7 986 253-97-... Написать неделю назад 13 апр, 21:51",,https://www.cian.ru/cat.php?deal_type=rent&district%5B0%5D=8&engine_version=2&offer_type=flat&room9=1&type=4&p=3,2026-04-21T08:22:45+00:00
2009,327199828,ЮВАО,https://www.cian.ru/rent/flat/327199828/?context=4.movrHLlnqYQ.eQTK-u1mPYkOJV_ieE141OShcz475XAeILGxXVvkHH7S47iSBF38zB0F1zqb7Jq7T7k-wu3jZbTLsw&mlSearchSessionGuid=9eddb575e5b4bfab3194492539d04620,1/17,2060000,25.0,13,23,,"1/17 Апартаменты-студия, 25 м², 13/23 этаж Только на Циан Волгоградский проспект 3 минуты пешком Москва , ЮВАО , р-н Южнопортовый , м. Волгоградский проспект , Новоостаповская улица , 20 60 000 ₽/мес. От года, комм. платежи включены (без счётчиков), комиссия 50%, залог 60 000 ₽ Сдаётся новая квартира-студия 25 м.кв. Апартаменты расположены в пешей доступности от метро ""Волгоградский проспект"" — 2 минуты пешком. Квартира с отличным ремонтом, полностью меблирована: в комнате и на кухне есть вся необходимая мебель (после ремонта никто не жил). В наличии современная техника: кондиционер, холодильник, телевизор и стиральная машина. В шаговой доступности находятся школы, детские сады, клиники и магазины. Оперативный показ. Посмотреть копии объявления от других продавцов Риелтор Наталья Балескова Суперагент +7 989 403-12-... Написать четыре дня назад 16 апр, 14:55",,https://www.cian.ru/cat.php?deal_type=rent&district%5B0%5D=8&engine_version=2&offer_type=flat&room9=1&type=4&p=3,2026-04-21T08:22:45+00:00
1998,328951142,ЮВАО,https://www.cian.ru/rent/flat/328951142/?context=4.pz5Z3gh2_1A.I2prX-iog5EvalDLBPnpQMk6zZE6jlI_CHyIDJgZS39qLsETTe23i4fcPUBLcdN16RNdJHTU292jOw&mlSearchSessionGuid=9eddb575e5b4bfab3194492539d04620,1/9,2065000,22.0,13,20,,"1/9 Апартаменты-студия, 22 м², 13/20 этаж Только на Циан Волгоградский проспект 3 минуты пешком Москва , ЮВАО , р-н Южнопортовый , м. Волгоградский проспект , Новоостаповская улица , 20 65 000 ₽/мес. От года, комм. платежи включены (без счётчиков), комиссия 50%, залог 65 000 ₽ Уютная студия в ЖК Highway. Никто не жил, квартира после ремонта, все новое. Полностью укомплектована мебелью и бытовой техникой для комфортного проживания. - м. Волгоградский проспект в 2 минутах ходьбы - Закрытая территория с пропускной системой. - Подземный паркинг Ищем арендаторов на долгосрочную аренду. Залог 65 тыс. Риелтор ID 84901752 +7 916 765-01-... Написать неделю назад 14 апр, 10:11",,https://www.cian.ru/cat.php?deal_type=rent&district%5B0%5D=8&engine_version=2&offer_type=flat&room9=1&type=4&p=3,2026-04-21T08:22:45+00:00
2010,329032904,ЮВАО,https://www.cian.ru/rent/flat/329032904/?context=4.Ffnz91lMc9w.uwDyDGker5RIfpUis7NTxTR8yverXtQ7iFJRLLyERKxZ9wgRmuFjX__hvwDhsWw_437sbYgeFRjwug&mlSearchSessionGuid=9eddb575e5b4bfab3194492539d04620,1/9,2065000,25.0,3,25,,"1/9 Апартаменты-студия, 25 м², 3/25 этаж Волгоградский проспект 3 минуты пешком Москва , ЮВАО , р-н Южнопортовый , м. Волгоградский проспект , Новоостаповская улица , 20 65 000 ₽/мес. От года, комм. платежи включены (без счётчиков), без комиссии, залог 65 000 ₽ Сдается уютная и комфортная студия 25 кв.м в первый раз, 2 минуты пешком до метро Волгоградский проспект. Новый ремонт, никто не жил. Есть вся необходимая новая техника, кондиционер с функцией обогрева, шторы блек аут, теплый пол. Третий этаж, снизу нет жилых помещений благодаря архитектурному проекту дома. Панорамные окна, шумоизоляция. Территория ЖК огорожена и охраняется. До метро полторы -2 минуты пешком. Во дворе есть детская площадка, двор без машин. Если кому надо, есть подземная парковка за отдельную плату. , без животных. На длительный срок, без комиссии. Звонить с 12 до 21 часа. ----- Примечание: у собственника могут быть дополнительные пожелания к жильцам - обсудите их в чате или по телефону Собственник ID 139256113 Документы проверены +7 916 431-92-... Написать вчера вчера, 11:02",,https://www.cian.ru/cat.php?deal_type=rent&district%5B0%5D=8&engine_version=2&offer_type=flat&room9=1&type=4&p=3,2026-04-21T08:22:45+00:00
1946,329016274,ЮВАО,https://www.cian.ru/rent/flat/329016274/?context=4.1JfIcBVthVY.MjD90fNZ8C75_uP_j1mwikZx_Snw3Ig6ogK40kDV4_vGvl7sr3QvFXndY5C2GDAJqob3lu_2vI965g&mlSearchSessionGuid=f49697fd05f7c7b9e4edaad9a86d072f,1/9,2066000,25.0,8,23,,"1/9 Видовая студия у метро Апартаменты-студия, 25 м², 8/23 этаж Волгоградский проспект 3 минуты пешком Москва , ЮВАО , р-н Южнопортовый , м. Волгоградский проспект , Новоостаповская улица , 20 66 000 ₽/мес. От года, комм. платежи включены (без счётчиков), комиссия 50%, залог 66 000 ₽ Предлагается в аренду прекрасная студия в ЖК HighWay. В наличии вся необходимая для комфортного проживания мебель и техника. Просторная кухня-гостиная. Район с развитой инфраструктурой. Просмотры по договорённости. О КВАРТИРЕ: - Квартира полностью укомплектована всем необходимым для комфортного проживания: телевизор, сверхскоростной интернет, посудомоечная машина, стиральная машина, кондиционер, микроволновка, духовой шкаф, варочная панель! - Просторная кухня-гостиная. - Планировка квартиры позволяет комфортно использовать пространство и добавить свои элементы декора или мебели. Транспорт: - Удобная транспортная развязка, в пешей доступности метро - ""Волгоградский проспект""! А так же в транспортной доступности стация ""Угрешская"" и ""Дубровка""! - Удобный выезд на ТТК, Волгоградский проспект, Остаповский проезд и МСД! Парковка: Подземный паркинг. Безопасный двор. Есть охрана. Хороший и адекватный собственник! Оперативный показ! Звоните, с удовольствием отвечу на ваши вопросы! Агентство недвижимости PREMIUM CITY Суперагент +7 917 589-00-... Написать вчера вчера, 21:06",,https://www.cian.ru/cat.php?deal_type=rent&district%5B0%5D=8&engine_version=2&offer_type=flat&room9=1&type=4&p=1,2026-04-21T08:22:45+00:00
2004,329137680,ЮВАО,https://www.cian.ru/rent/flat/329137680/?context=4.pPQDQlPyqiw.fAg0b_ZEcwlzauUHw4kkfrG2ribItROerXxd6fzNqLhMEi5GxdRC7W4uGgE9RhlLeC1ipeF-zn1IBQ&mlSearchSessionGuid=9eddb575e5b4bfab3194492539d04620,1/13,2068000,23.0,18,23,,"1/13 Апартаменты-студия, 23 м², 18/23 этаж Волгоградский проспект 3 минуты пешком Москва , ЮВАО , р-н Южнопортовый , м. Волгоградский проспект , Новоостаповская улица , 20 68 000 ₽/мес. От года, комм. платежи включены (без счётчиков), без комиссии, залог 68 000 ₽ Сдаётся впервые отличная студия на прямую от собственника. Выполнен качественный ремонт. Есть все необходимое для комфортной жизни. Удобная транспортная доступность, станция метро в 1 минуте пешком. Закрытая территория, подземный паркинг, развитая инфраструктура района, много магазинов и кафе. АГЕНТАМ ПРОСЬБА НЕ ЗВОНИТЬ, НЕ ТРАТЬТЕ СВОЕ ВРЕМЯ. Собственник ID 10236892 Документы проверены +7 985 302-54-... Написать два дня назад 19 апр, 09:03",,https://www.cian.ru/cat.php?deal_type=rent&district%5B0%5D=8&engine_version=2&offer_type=flat&room9=1&type=4&p=3,2026-04-21T08:22:45+00:00
1964,327143324,ЮВАО,https://www.cian.ru/rent/flat/327143324/?context=4.MW2KGDOEim8.P3pK9Gjz-GRlMfWGbmLGp0aURmKUU_GPaE0xZ4opiVqG1B_DKhzymwfYi6giGhzzxoCGnHsaJ-RS3w&mlSearchSessionGuid=de80f39a556cb31acbc826319f73c025,1/9,2069880,26.0,22,23,,"1/9 Апартаменты-студия, 26 м², 22/23 этаж Волгоградский проспект 3 минуты пешком Москва , ЮВАО , р-н Южнопортовый , м. Волгоградский проспект , Новоостаповская улица , 20 69 880 ₽/мес. От года, комм. платежи включены (без счётчиков), комиссия 50%, залог 75 000 ₽ Id 60982. Сдается просторная студия в ЖК ""HighWay"" ! Об апартаменте: - Квартира оснащена всей необходимой мебелью и техникой. - Большое панорамное окно. - Дизайнерский ремонт на стадии завершения. - Полностью укомплектована Главные преимущества комплекса Хайвей: - Метро ""Волгоградский проспект"" в 3 минутах ходьбы. - До центра города 10 минут на метро! - На первых этаж уже работает продуктовый магазин ""Дикси"", также в комплексе открыты пункты выдачи ""Ozon"" и ""Wildberries"" - Летом будет открыт фитнес-клуб с бассейном, до которых можно добраться не выходя из подъезда! - Закрытая территория с пропускной системой. - Подземный паркинг. - ЖК находится в активно развивающемся районе Москвы. - Рядом расположен торговый центр ""Дубровка"" известный своими положительными отзывами. Рассмотрим предложения, звоните для записи на показ, отвечаю быстро! Агентство недвижимости EstateLiga Документы проверены +7 916 863-15-... Написать четыре дня назад 16 апр, 14:24",,https://www.cian.ru/cat.php?deal_type=rent&district%5B0%5D=8&engine_version=2&offer_type=flat&room9=1&type=4&p=2,2026-04-21T08:22:45+00:00
2003,327283374,ЮВАО,https://www.cian.ru/rent/flat/327283374/?context=4.zjNtL-PA5jo.VcA4PN6TiTRPnTwa1os6jxCQKhQ_1g_Db3Ii1hpoQT_ocH1L1o0TqO6L4kLrIHiO1MQ84NU4kXcDgA&mlSearchSessionGuid=9eddb575e5b4bfab3194492539d04620,1/27,2070000,37.0,6,23,,"1/27 Апартаменты-студия, 37 м², 6/23 этаж Дубровка 15 минут пешком Москва , ЮВАО , р-н Южнопортовый , м. Волгоградский проспект , Новоостаповская улица , 20 70 000 ₽/мес. От года, комм. платежи включены (без счётчиков), комиссия 50%, залог 70 000 ₽ Впервые,любовь с первого взгляда ! Важно!!! Оплата коммунальных услуг полностью оплачивается нанимателем,согласно квитанции,сверху арендной оплаты. Это та самая квартира в которой хочется жить! Она прекрасна! поторопитесь ! Всего в минуте ходьбы от метро,в новом стильном доме HighWay сдается обалденная ,комфортная,просторная студия 37 кв.м,для современных людей. Она просто куколка! Натяжные потолки,теплые полы,выполнен качественный свежий евро ремонт. Техника и мебель дорогая,красивая. Большой,вместительный шкаф ! Установлена шикарная кухня,установлены фильтры для чистки воды. Имеется посуда,встроенная посудомоечная машина! Все абсолютно новое! Уютная атмосфера создана для вашего комфортного проживания. Достойная студия. Собственники замечательные люди. Рассмотрим на длительный срок платежеспособных,аккуратных людей. Риелтор Инна Светлова Суперагент +7 986 304-21-... Написать вчера 19 апр, 23:31",,https://www.cian.ru/cat.php?deal_type=rent&district%5B0%5D=8&engine_version=2&offer_type=flat&room9=1&type=4&p=3,2026-04-21T08:22:45+00:00
2008,329128719,ЮВАО,https://www.cian.ru/rent/flat/329128719/?context=4.DWWB2r8cLNU.aaKI5fPRp7ViIrT0r8d4CJSzCI7TNIMHixsNU02hrwCj9xaFz59Yh7sn8Td1X_ZuCNq8m0foe0jKXg&mlSearchSessionGuid=9eddb575e5b4bfab3194492539d04620,1/17,2072000,26.2,16,23,,"1/17 Апартаменты-студия, 26,2 м², 16/23 этаж Только на Циан Волгоградский проспект 3 минуты пешком Москва , ЮВАО , р-н Южнопортовый , м. Волгоградский проспект , Новоостаповская улица , 20 72 000 ₽/мес. От года, комм. платежи включены (без счётчиков), комиссия 50%, залог 72 000 ₽ Вашему вниманию предлагается ДИЗАЙНЕРСКАЯ СТУДИЯ в ЖК HighWay в 3 МИНУТАХ от метро Волгоградский проспект. Предлагаю сразу ознакомиться с ВИДЕО и записываться на показ. Квартира оборудована необходимой техникой и мебелью для комфортного проживания: Заезжай и живи! Наполнение продумано собственником до МЕЛОЧЕЙ! Полностью меблированная квартира! Кухня оборудована техникой, а именно: варочная панель, вытяжка, духовой шкаф, СВЧ, посудомоечная машина, чайник, вместительный холодильник. Имеется двуспальная кровать и раскладной диван. Много места для хранения ваших вещей. Совмещенный санузел со стиральной и сушильной машинами. Очень приятный и отзывчивый собственник. Развитая инфраструктура: супермаркет, аптека, ПВ3, кафе, рестораны и торговые центры в шаговой доступности от дома. УДОБНАЯ транспортная доступность: 3 минуты пешком до метро Волгоградский проспект. Рассмотрим семейную пару или одного проживающего. Без детей. Без животных. Если будут вопросы, обращайтесь по телефону или в чате. С уважением, Ольга Риелтор Ольга Мешкова Суперагент +7 916 532-83-... Написать два дня назад 18 апр, 19:13",,https://www.cian.ru/cat.php?deal_type=rent&district%5B0%5D=8&engine_version=2&offer_type=flat&room9=1&type=4&p=3,2026-04-21T08:22:45+00:00
1934,329166437,ЮВАО,https://www.cian.ru/rent/flat/329166437/?context=4.Kpc04Bn-ZT8.pB1M2jJKLK9jHCEHf5zT1KRnMlmwO1VBCfqlHOeFrvFbmIHbCo-w4zo0QJLoLtTSbaLu1f5nrgK2fA&mlSearchSessionGuid=f49697fd05f7c7b9e4edaad9a86d072f,1/40 Ещё фото,2072999,29.0,15,21,,"1/40 Ещё фото Апартаменты-студия, 29 м², 15/21 этаж Волгоградский проспект 3 минуты пешком Москва , ЮВАО , р-н Южнопортовый , м. Волгоградский проспект , Новоостаповская улица , 20 72 999 ₽/мес. На несколько месяцев, комм. платежи включены (без счётчиков), без комиссии, залог 72 999 ₽ Замечательная студия с дорогим и современным ремонтом. Продуманная до мелочей. Здесь удобно и жить и работать. Большая кухня со всей встроенной техникой: двухкамерный холодильник, посудомоечная машина, микроволновая печь. Вместительная кровать 160 на 200 с ортопедическим матрасом, телевизор с 55 диагональю. Трехзонное освещение позволит настроить комфортный свет в квартире. Теплые полы по всей площади, кондиционер. Удобная ванная комната полностью оборудованная. Отдельная рабочая зона со своим освещением. Адаптированное место для подключения робот-пылесоса. Спешите, это супер отличный и качественный вариант. Оперативные показы с понедельника по пятницу. Риелтор Ильдар Канафеев Суперагент Посмотреть все объекты +7 917 566-42-... Написать вчера вчера, 12:21",,https://www.cian.ru/cat.php?deal_type=rent&district%5B0%5D=8&engine_version=2&offer_type=flat&room9=1&type=4&p=1,2026-04-21T08:22:45+00:00
1933,328009833,ЮВАО,https://www.cian.ru/rent/flat/328009833/?context=4.vXAwQgc3FnI.XuSBURnDfiJcZPdQ5ee-yzVNcqOb1w9Q8O6bZ_pWAoC7qhXkUZSPxNhhzVOdLHH4MppdzvOnAs3OiQ&mlSearchSessionGuid=f49697fd05f7c7b9e4edaad9a86d072f,1/42 Ещё фото,2074999,27.0,7,22,,"1/42 Ещё фото Видовая, можно с мини собакой/кот Апартаменты-студия, 27 м², 7/22 этаж Волгоградский проспект 3 минуты пешком Москва , ЮВАО , р-н Южнопортовый , м. Волгоградский проспект , Новоостаповская улица , 20 74 999 ₽/мес. На несколько месяцев, комм. платежи включены (без счётчиков), без комиссии, залог 74 999 ₽ Замечательная студия с дорогим и современным ремонтом. Продуманная до мелочей. Здесь удобно и жить и работать. Большая кухня со всей встроенной техникой: двухкамерный холодильник, посудомоечная машина, микроволновая печь. Вместительная кровать 160 на 200 с ортопедическим матрасом, телевизор с 55 диагональю. Трехзонное освещение позволит настроить комфортный свет в квартире. Теплые полы по всей площади, кондиционер. Удобная ванная комната полностью оборудованная. Отдельная рабочая зона со своим освещением. Адаптированное место для подключения робот-пылесоса. Спешите, это супер отличный и качественный вариант. Оперативные показы с понедельника по пятницу. Риелтор Ильдар Канафеев Суперагент Посмотреть все объекты +7 917 566-42-... Написать вчера вчера, 12:04 Как опередить это объявление?",,https://www.cian.ru/cat.php?deal_type=rent&district%5B0%5D=8&engine_version=2&offer_type=flat&room9=1&type=4&p=1,2026-04-21T08:22:45+00:00
1971,328879254,ЮВАО,https://www.cian.ru/rent/flat/328879254/?context=4.1zPLySjPcXE.C-g4Yniw7xchsvyuNDioCLnpU4Za36MsP167Fa4HaQoNqNL02td2N2vOCnSBKW6BDATCwSUOC-NyIg&mlSearchSessionGuid=de80f39a556cb31acbc826319f73c025,1/14,2075000,27.5,2,23,,"1/14 Апартаменты-студия, 27,5 м², 2/23 этаж Только на Циан Волгоградский проспект 3 минуты пешком Москва , ЮВАО , р-н Южнопортовый , м. Волгоградский проспект , Новоостаповская улица , 20 75 000 ₽/мес. От года, комм. платежи включены (счётчики включены), без комиссии, залог 70 000 ₽ Сдается на длительный срок студия 27,5 м2 с дизайнерским ремонтом в современном ЖК ХайВэй. Расположение ЖК 1 мин пешком до м. Волгоградский пр-т, 5 мин до м. Дубровка, 10 мин до м.Угрешская, вся необходимая инфраструктура, рядом магазин Дикси и др, закрытая охраняемая территория, благоустроенный двор и подземный паркинг. Ремонт: новый дизайнерский, идеальное состояние. санузел совместный с душевой зоной. Техника в квартире вся стильная и новая: большой холодильник, стиральная машина, микроволновая печь, духовой шкаф, телевизор, кондиционер, стеклокерамическая варочная панель, вытяжка. Мебель: кухня, большой шкаф купе, кровать с ортопедическим матрасом 200*160. полка под телевизор, кухонный стол и стулья. Сдается для одного человека или семейной пары, без детей и без животных. Дополнительно оплачивается стоимость коммунальных услуг ( вода, электричество, отопление) и интернет. Посредников прошу не беспокоить. Собственник ID 90497284 +7 915 243-42-... Написать неделю назад 12 апр, 08:24",,https://www.cian.ru/cat.php?deal_type=rent&district%5B0%5D=8&engine_version=2&offer_type=flat&room9=1&type=4&p=2,2026-04-21T08:22:45+00:00
1973,328343074,ЮВАО,https://www.cian.ru/rent/flat/328343074/?context=4.M2Cy8WQJNSA.4_c0u7oYvHYJGRQKZ3YqIUT1AZ-5Z5WyTfvUn06BuQaHRiNVLZzeUhjG5EJYgGE9reJ_8PVOTjifNw&mlSearchSessionGuid=de80f39a556cb31acbc826319f73c025,1/47,2088000,31.0,16,22,,"1/47 Апартаменты-студия, 31 м², 16/22 этаж Волгоградский проспект 3 минуты пешком Москва , ЮВАО , р-н Южнопортовый , м. Волгоградский проспект , Новоостаповская улица , 20 88 000 ₽/мес. От года, комм. платежи включены (без счётчиков), комиссия 50%, залог 88 000 ₽ Впервые сдается светлая, абсолютно тихая студия с продуманным зонированием, в шаговой доступности от метро (160 шагов от выхода из метро до двери квартиры )и в 5 минутах транспортом до центра Москвы. Дизайн проект выполнен студией дизайна НОВА ДОМ, для тех, кто ценит комфорт, стиль и локацию. Панорамные окна, французский балкон и стильный дизайнерский ремонт создают атмосферу уюта и свободы.В студии продумано разделение на зоны. Есть отдельное место для сна, уютная зона отдыха и, что важно, удобное рабочее место для тех, кто работает из дома.Тишина: Сделана качественная полная профессиональная шумоизоляция — внутри вас никто не побеспокоит. Комфортная кухня с посудомоечной машиной, встроенным тихим холодильником FULL No Frost, индукционной плитой и всей необходимой техникой. Смарт-ТВ, кондиционер. Ванная с душевой кабиной, стиральная и сушильная машины (отдельно!), теплый пол, установлены датчики протечки. Сделан мастер выключатель (на отключение при выходе из квартиры всего электричества кроме холодильника и вай фая) , система нептун от протечек воды подключена через вай фай ( есть возможность удаленно контролировать ), видио домофон с возможностью открывания от подъезда и входа в жк , диван раскладывающийся . Закрытая охраняемая территория, консьерж 24/7, видеонаблюдение, подземный паркинг въезд по заявке в приложении .В доме уже работают магазины, Озон и Wildberries. Скоро откроется фитнес-центр с бассейном. Идеально для одного человека или пары, которые ценят порядок, тишину и комфорт. Агентство недвижимости СВМ-Групп Суперагент +7 994 508-11-... Написать два дня назад 19 апр, 07:35",,https://www.cian.ru/cat.php?deal_type=rent&district%5B0%5D=8&engine_version=2&offer_type=flat&room9=1&type=4&p=2,2026-04-21T08:22:45+00:00
1986,295985967,ЮВАО,https://www.cian.ru/rent/flat/295985967/?context=4.6b192JZzyp0.Cybq6D7VtXkf9G8_Zvz-wKeG8tckd41I81Us8p5bjvU628ZGK_QxCnHpfILy5--MdHVp_LKURiN-aw&mlSearchSessionGuid=de80f39a556cb31acbc826319f73c025,1/17,2548000,13.7,4,4,,"1/17 Апартаменты-студия, 13,7 м², 4/4 этаж Только на Циан Авиамоторная 17 минут пешком Москва , ЮВАО , р-н Нижегородский , м. Авиамоторная , Подъемная улица , 14С25 48 000 ₽/мес. От года, комм. платежи включены (без счётчиков), комиссия 50%, залог 48 000 ₽ Сдается двухуровневая студия после косметического ремонта и клиннинга. Готова к заезду от 11 месяцев. Счетчики включены в стоимость аренды, которая указана в объявлении! В 12 минутах на транспорте от метро площадь Ильича, в 18ти минутах пешком до авиамоторной, в 10 минутах на транспорте мцд катилники. В студии есть все необходимое для проживания: кровать, холодильник, электрическая плита, духовая печь, микроволновая печка, стиральная машина, посудомоечная машина, кондиционер, телевизор, интернет, душевая кабина с санузлом, отопление. В 5 минутах от дома большое количество продуктовых магазинов, в 8 минутах от дома большой трц Город. Все документы в порядке. Без животных. ----- Примечание: у собственника могут быть дополнительные пожелания к жильцам - обсудите их в чате или по телефону Риелтор Максим Афонин Суперагент +7 916 910-49-... Написать пять дней назад 15 апр, 19:20",,https://www.cian.ru/cat.php?deal_type=rent&district%5B0%5D=8&engine_version=2&offer_type=flat&room9=1&type=4&p=2,2026-04-21T08:22:45+00:00
1938,328298801,ЮВАО,https://www.cian.ru/rent/flat/328298801/?context=4.HB0oMU34lc0._j26bjaGcG-cbZlOimBXo_N9Pd0mJvpV7cl1W2or7Qgn_f8e0K5IW3VOGMuIAsVTzZPxUSlv43mNNw&mlSearchSessionGuid=f49697fd05f7c7b9e4edaad9a86d072f,1/7,2835000,25.0,12,17,,"1/7 Студия, 25 м², 12/17 этаж Только на Циан Некрасовка 10 минут пешком Москва , ЮВАО , р-н Некрасовка , м. Некрасовка , улица Недорубова , 28 35 000 ₽/мес. От года, комм. платежи включены (счётчики включены), комиссия 60%, залог 35 000 ₽ Сдается на длительный период . Качественный рeмoнт, вся мебель и бытовая техника, нeoбходимая для кoмфopтного пpoживaния. Пoлнoстью меблиpoвана мебелью: шкаф,комод, кровать двухспальная , куxонный гарнитур, диван-кресло, барная стойка , высокие стулья . Квартира укомплектована всей бытовой техникой: электрическая плита , холодильник, стиральная машина, микроволновка. Сан узел раздельный, ванна, стиральная машина автомат раздельный в пользовании 3 комнат. Рядом с метро торговые центры, фитнес центр, продуктовые магазины в доме и рядом с домом. Шаговая доступность 7 минут до станции метро Некрасовка. Сдается на длительный период . Рассмотрят платежеспособных жильцов, приоритет для девушки, женщины. Оплата 35000 рублей все платежи включены в стоимость. Депозит 35000 рублей можно разделить на 2 платежа. Комиссия . ID 307387 Документы проверены +7 923 074-33-... Написать неделю назад 7 апр, 13:27",,https://www.cian.ru/cat.php?deal_type=rent&district%5B0%5D=8&engine_version=2&offer_type=flat&room9=1&type=4&p=1,2026-04-21T08:22:45+00:00
1959,327246474,ЮВАО,https://www.cian.ru/rent/flat/327246474/?context=4.p0NraBbg7cI.tcL2AA_wV8gpideIFlHUNB_8K9b8behqHSP-5Kx2lSTGdRt_suSX-8Yim_Tf72ug_ypKYWAC0DPUWA&mlSearchSessionGuid=f49697fd05f7c7b9e4edaad9a86d072f,1/11,3739000,16.0,5,10,,"1/11 Студия, 16 м², 5/10 этаж Авиамоторная 19 минут пешком Москва , ЮВАО , р-н Нижегородский , м. Авиамоторная , Подъемная улица , 14С37 39 000 ₽/мес. От года, комм. платежи включены (без счётчиков), комиссия 60%, залог 48 000 ₽ Код объекта: 2056548. Семь причин снять эту студию: 1) Вы снимаете не просто метры, а получаете доступ к целой экосистеме. Больше не нужно тратить время и деньги на фитнес-клуб и коворкинг. На первых этажах ЖК к вашим услугам спортзал, бильярд, аэрохоккей, кафе и коворкинг, где можно расслабиться и пообщаться после рабочего дня. Вы освобождаете время на логистику и можете инвестировать его в себя.2) Удивительная локация: три старообрядческих монастыря, прогулки по территории которых — это ментальная перезагрузка. 1 минута пешком от подъезда —и вы получаете атмосферу, за которой люди уезжают за город.3) Студия оборудована всем необходимым, включая кондиционер и посудомоечную машину. Отдельно отмечу большой крепкий диван.4) Комфортно не только вам, но и вашему транспорту. На первом этаже —помещение для хранения велосипедов, самокатов Собственная автомобильная парковка под шлагбаумом. Охрана 24/7.5) Объект куплен как инвестиция для сдачи в аренду на долгий срок. Можете быть уверены — никаких неожиданных выселений.6) Живописные локации рядом сочетаются с доступом к ресурсам большого города. 2 минуты пешком до ТЦ ""Город"". Бутики, рестораны, пункты выдачи заказов, все к вашим услугам.7) Экологичное окружение. Архетип жителя ЖК — это молодые амбициозные люди, работающие в IT-сфере. Драйвовая атмосфера людей, уважающих личные границы и нацеленных на успех. залог можем разбить на 3 месяца. Агентство недвижимости Владис Документы проверены +7 915 207-99-... Написать вчера 19 апр, 12:10",,https://www.cian.ru/cat.php?deal_type=rent&district%5B0%5D=8&engine_version=2&offer_type=flat&room9=1&type=4&p=1,2026-04-21T08:22:45+00:00
1954,327885696,ЮВАО,https://www.cian.ru/rent/flat/327885696/?context=4.y_iDhUbRWc4.wyG64wE0xEeIdji2Z-ieYU38QrWligRj9nWwR_XDM1-aUOG4sy6s9ukrw5XE4d_LQ9qBnNbYVSdQzw&mlSearchSessionGuid=f49697fd05f7c7b9e4edaad9a86d072f,1/16,6145000,50.0,16,24,,"1/16 Новая , 5 мин Метро , Маш/место Студия, 50 м², 16/24 этаж Только на Циан Серп и Молот 13 минут пешком Москва , ЮВАО , р-н Лефортово , м. Серп и Молот , улица Крузенштерна , 6 145 000 ₽/мес. От года, комм. платежи включены (без счётчиков), без комиссии, залог 145 000 ₽ Сдаётся новая квартира в ЖК бизнес класса ""Символ "",ул.Крузенштерна.Квартира реальная,показ оперативно,я собственник. Презентабельная входная группа, консьерж.Ещё есть калитки во дворе.В лобби оборудованы комнаты для отдыха,гостевые санузлы. Есть 3 скоростных лифта. Квартира расположена в квартале ""Искренность"",который имеет собственный парк с прогулочной зоной и фонтаном.Дом и его территория закрыты от посторонних и обеспечены круглосуточно охраной.Квартира оборудована всей необходимой мебелью и бытовой техникой, есть кондиционер. Дизайнерский ремонт. В отделке использованы только качественные материалы Стены отделаны венецианской штукатуркой. На кухне встроенный гарнитур под потолок,с варочной панелью,микроволновкой,духовкой,посудомойкой и холодильником.В спальной зоне двух спальная кровать.В гостиной диван для отдыха,два больших шкафа для одежды, большой шкаф-стенка для белья,интернет. Санузел оборудован красивой угловой ванной,а также стиральной машиной. Район с развитой инфраструктурой.В 5-10 мин всевозможные развлекательные кластеры, ТРЦ Город, МТС Live Xолл, рядом Арт-парк ""Символ"",супермаркеты, школы,поликлиники, фитнес центры. Хорошо развита транспортная сеть.В пешей доступности станции Метро Римская и Площадь Ильича, 5-10 мин.Недалеко ТТК, Шоссе Энтузиастов, до Садового кольца 2 км.Рассмотрим жильцов без детей и домашних животных.Для одного или семейной пары. Могу предложить дополнительно машино место в подземном паркинге в этом же доме,с прямым лифтом до квартиры. Для Агентов: Буду рад видеть всех со своими клиентами, другого не предлагать. Собственник ID 48345595 +7 986 414-19-... Написать вчера вчера, 17:10",,https://www.cian.ru/cat.php?deal_type=rent&district%5B0%5D=8&engine_version=2&offer_type=flat&room9=1&type=4&p=1,2026-04-21T08:22:45+00:00
