id,listing_id,district,url,title,price_rub,area_m2,floor,total_floors,metro,address,description_snippet,source_page,scraped_at
1530,283229441,ЮВАО,https://www.cian.ru/rent/flat/283229441/?context=3.b_YSxt5XpSU.P3vMLD5Muk0mFlB_oDTqxS0tkiV9s3x-6gmDdYpP1GvzY7me2fyTjoMe-VDfKG6pZoMDbKynWk5mGw&mlSearchSessionGuid=542d404063ac164bd2ce3424a0b32bfe,1/5,133000,16.0,1,17,,"1/5 Студия, 16 м², 1/17 этаж Люблино 4 минуты на транспорте Москва , ЮВАО , р-н Марьино , м. Люблино , улица Верхние Поля , 42К1 33 000 ₽/мес. От года, комм. платежи включены (счётчики включены), без комиссии, залог 16 500 ₽ В действующем отели, на длительный срок, сдается студия гостиничного типа, без кухни ! В стоимость все включено, страховой депозит - 50%. Рассматривают 1-2 чел., РФ. В комнате минимум мебели - кровать, стол+ 2 стула, телевизор. Кондиционер. Санузел совмещенный, душ-кабина. Подробности по телефону. Агентство недвижимости Лунный Свет +7 923 078-87-... Написать два дня назад 14 апр, 12:32",,https://www.cian.ru/cat.php?deal_type=rent&district%5B0%5D=8&engine_version=2&offer_type=flat&room9=1&type=4&p=1,2026-04-16T11:16:50+00:00
1542,326294321,ЮВАО,https://www.cian.ru/rent/flat/326294321/?context=3.ch9buR8T-Nc.1ZRi2tZ-JLcZdLGAw-8k0x0te1ZKWLxTVaazJZBRgIb60EY8UNmOrq_i16tGeF4oGdlj34pkuod7oA&mlSearchSessionGuid=2050b27f536f378124da0d004ba19816,1/15,135000,11.6,2,10,,"1/15 Студия, 11,6 м², 2/10 этаж Только на Циан Юго-Восточная 8 минут пешком Москва , ЮВАО , р-н Выхино-Жулебино , м. Юго-Восточная , Ташкентская улица , 25К1 35 000 ₽/мес. От года, комм. платежи включены (без счётчиков), комиссия 70%, залог 35 000 ₽ Сдается уютная студия площадью 11.6 кв. м. на длительный срок. До метро Юго-Восточная всего 8 минут пешком. В квартире есть все необходимое для комфортного проживания: косметический ремонт, необходимая мебель, холодильник, стиральная машина, микроволновая плита, электрическая поверхность, электрический чайник. Планировка включает совмещенный санузел с душевой кабиной. В вашем распоряжении также интернет, поэтому можно смело работать или учиться онлайн. Лоджия добавляет дополнительное пространство для хранения или отдыха. Дом находится в районе с развитой инфраструктурой. В шаговой доступности расположены школы, детские сады и клиники, поэтому все важные учреждения будут у вас под рукой. Для любителей шопинга и повседневных покупок поблизости есть магазины. Риелтор ID 116658281 +7 985 254-20-... Написать неделю назад 5 апр, 21:12",,https://www.cian.ru/cat.php?deal_type=rent&district%5B0%5D=8&engine_version=2&offer_type=flat&room9=1&type=4&p=2,2026-04-16T11:16:50+00:00
1554,300381793,ЮВАО,https://www.cian.ru/rent/flat/300381793/?context=3.Ca81E8qyY4I.IlhJIPkexiA_WQp9xiPHRpu9VqwII41ECoKpx5lqAkzRxGRSsdZ718nOs0K4ScXqmTbrNOluZiRczw&mlSearchSessionGuid=2050b27f536f378124da0d004ba19816,1/6,135000,16.0,1,12,,"1/6 Студия, 16 м², 1/12 этаж Только на Циан Люблино 13 минут пешком Москва , ЮВАО , р-н Люблино , м. Люблино , Тихорецкий бульвар , 4К1 35 000 ₽/мес. От года, комм. платежи включены (без счётчиков), комиссия 100%, залог 35 000 ₽ Залог делится на два месяца. Вашему вниманию предлагается уютная студия. Высокий первый этаж. В студии есть абсолютно все для комфортного проживания: Кухонный гарнитур, холодильник, стиральная машина, стол, 2 стула. Рядом с домом магазины, детские сады, школы. Спокойные соседи, Собственник адекватный. Сдается на длительный срок. Заехать можно сразу Звоните. Показ по договоренности. Риелтор ID 105044327 Документы проверены +7 989 146-61-... Написать пять дней назад 11 апр, 11:26",,https://www.cian.ru/cat.php?deal_type=rent&district%5B0%5D=8&engine_version=2&offer_type=flat&room9=1&type=4&p=2,2026-04-16T11:16:50+00:00
1527,328958448,ЮВАО,https://www.cian.ru/rent/flat/328958448/?context=3.7G4l4pmUtHs.IbQiB3GxgeEIpV2zMZr2PAoiD26Pl5X7VZYQ0arpGYPs08oIi5t_Wz-KKxpfCQ9M94SZTGlIiz8EWA&mlSearchSessionGuid=542d404063ac164bd2ce3424a0b32bfe,1/20,138000,18.0,1,5,,"1/20 Апартаменты-студия, 18 м², 1/5 этаж Только на Циан Юго-Восточная 4 минуты на транспорте Москва , ЮВАО , р-н Выхино-Жулебино , м. Юго-Восточная , улица Чугунные Ворота , 7К1 38 000 ₽/мес. От года, комм. платежи включены (без счётчиков), без комиссии, залог 35 000 ₽ апартаменты! на цоколе жилого дома! НА СООБЩЕНИЯ НЕ ОТВЕЧАЮ! ЗВОНИТЕ ПОЖАЛУЙСТА! никто не жил, сдаются впервые. есть все необходимое для жизни. строго 1-2 человека без детей и животных. в апартаментах не курят. дизайнерский ремонт, где все пространство продумано до мелочей. фото полностью соответствует. мебель икея. просмотры по договоренности. Собственник ID 9695908 Документы проверены +7 986 248-18-... Написать вчера вчера, 22:27",,https://www.cian.ru/cat.php?deal_type=rent&district%5B0%5D=8&engine_version=2&offer_type=flat&room9=1&type=4&p=1,2026-04-16T11:16:50+00:00
1572,304833727,ЮВАО,https://www.cian.ru/rent/flat/304833727/?context=3.IInK3RYVAvE.gvY2Kd5hGTxWOKJ4zWgXYef0jRwwsk_T-IUvWRcBNlqmYZ-1CEeIw2xvnJVP7wwpiSQ6EvbV4FXJTg&mlSearchSessionGuid=af00dc7a6953958932d7d18a2a81a069,1/5,144000,23.0,7,16,,"1/5 Студия, 23 м², 7/16 этаж Только на Циан Люблино 16 минут пешком Москва , ЮВАО , р-н Люблино , м. Люблино , Цимлянская улица , 3к1 44 000 ₽/мес. На несколько месяцев, комм. платежи включены (без счётчиков), без комиссии, залог 50 000 ₽ Уютная студия со всей мебелью в развитом в плане инфраструктуры районе сдается одному человеку - гражданину РФ с добропорядочной репутацией и без долгов. Цена аренды указана без коммунальных расходов. Договор. На звонки отвечаю редко, пишите в мессенджерах. Собственник ID 107316047 Документы проверены Назначить просмотр месяц назад 4 мар, 13:08",,https://www.cian.ru/cat.php?deal_type=rent&district%5B0%5D=8&engine_version=2&offer_type=flat&room9=1&type=4&p=3,2026-04-16T11:16:50+00:00
1584,292111720,ЮВАО,https://www.cian.ru/rent/flat/292111720/?context=3.WCKTgPmd5NY.wupfuOQr371eLzxjFwiEutjEjlJm9aDb5LNSNA1n0o4gNldBnxox8bugM01srjdU1eJ6JQU9IE02lg&mlSearchSessionGuid=af00dc7a6953958932d7d18a2a81a069,1/29,144000,14.0,2,4,,"1/29 Апартаменты-студия, 14 м², 2/4 этаж Только на Циан Нижегородская 7 минут пешком Москва , ЮВАО , р-н Нижегородский , м. Нижегородская , шоссе Фрезер , 17АС1 44 000 ₽/мес. На несколько месяцев, комм. платежи включены (без счётчиков), без комиссии, залог 40 000 ₽ Апартамент в новом комплексе. Есть вся необходимая мебель и техника. Кухня, фильтр для воды, стиральная машина с сушкой, холодильник, микроволновая печь, чайник, индукционная плита, диван-кровать, вместительный шкаф-купе, стол и стулья, душевая кабина, бойлер, утюг, гладильная доска. Закрытая территория, спальное место 194x100см Рядом бесплатная парковка, всегда есть места В шаговой доступности магазин Пятерочка, WB Рядом с метро Нижегородская расположен ТЦ Город, в том числе магазин Ашан Залог можно разбить на 2 части Здание без лифта Регистрация и прописка невозможна Возможность подключить проводной интернет отсутствует Под окном крыша здания, шума под окнами нет Вход с Северной стороны, ближайший дом для ориентира - Басовская улица 4 (4й подъезд) минимальный срок аренды 4 месяца. можно больше Агентам просьба не беспокоить Собственник ID 16682150 Документы проверены +7 985 730-03-... Написать два дня назад 14 апр, 11:25",,https://www.cian.ru/cat.php?deal_type=rent&district%5B0%5D=8&engine_version=2&offer_type=flat&room9=1&type=4&p=3,2026-04-16T11:16:50+00:00
1566,328985601,ЮВАО,https://www.cian.ru/rent/flat/328985601/?context=3.3iaX-RNclfc.px_1uVi8ZLdc4lPM3lpyGYPgERYje1dQme2prL_xQYb4_l9BLOwGc3eUPPsRUYJtFKUCaTS3jIwyXA&mlSearchSessionGuid=2050b27f536f378124da0d004ba19816,1/10,148000,15.0,1,9,,"1/10 Студия, 15 м², 1/9 этаж Только на Циан Кожуховская 5 минут пешком Москва , ЮВАО , р-н Южнопортовый , м. Кожуховская , 5-я Кожуховская улица , 34К1 48 000 ₽/мес. От года, комм. платежи включены (без счётчиков), без комиссии, залог 63 000 ₽ БЕЗ КОМИССИИ, Я СОБСТВЕННИК. Студия. Свежий ремонт. Очень обжитой район со всей необходимой инфраструктурой, до метро Кожуховская 3 минуты пешком. Сдаю по договору строго для одного человека. Коммунальные услуги оплачиваются отдельно по счетчикам. Собственник ID 35549711 Документы проверены +7 916 220-78-... Написать вчера 14 апр, 22:37",,https://www.cian.ru/cat.php?deal_type=rent&district%5B0%5D=8&engine_version=2&offer_type=flat&room9=1&type=4&p=2,2026-04-16T11:16:50+00:00
1581,328921172,ЮВАО,https://www.cian.ru/rent/flat/328921172/?context=3.v3LB0yCVEN4.F2M9XyxjWOQMdblDKFUMyoEzqumr385KceyXxsDpAQs2dx0swcr9R32KJ57Blbaf4nlx15WqYSlzag&mlSearchSessionGuid=af00dc7a6953958932d7d18a2a81a069,1/17,148000,20.0,4,20,,"1/17 Студия, 20 м², 4/20 этаж Депо 12 минут пешком Москва , ЮВАО , р-н Люблино , м. Депо , Люблинская улица , 72Ак1 48 000 ₽/мес. На несколько месяцев, комм. платежи включены (счётчики включены), без комиссии, залог 48 000 ₽ Предлагается аренда уютнoй кoмпактнoй квapтиpы-студии (20 кв.м.) в доме с paзвитoй инфpaструктурой в шагoвoй доcтупнocти от мeтрo. Квартира новая. До мeтpо 15 минут пeшком.Сoбcтвeнник, без комиcсии. Залог 48000(можно частями). Kваpтиpa cдаeтcя нa длительный срок. B пeшей дocтупности cупермapкeты (АШАН, Пятеpoчка и пp.),торговые и развлекательные центры. В квартире есть все для комфортного проживания: стиральная машинка, холодильник, телевизор (на фото отсутствует, но он есть с диагональю 50 ), варочная панель, микроволновка,чайник,кухонный блок и совмещенный с/у. Один диван. Вся мебель и техника абсолютно новые. На территории ЖК имеются все необходимые магазины, салоны красоты, кафе, аптеки, спортивные площадки. Условия заселения: - аренда 48000 руб./м за первый месяц месяц.; - залог 48000руб,возврат по завершению аренды - доп. оплачиваются ком. услуги (вода, эл/эн по счетчикам). Собственник ID 75433628 +7 986 274-35-... Написать вчера вчера, 13:04",,https://www.cian.ru/cat.php?deal_type=rent&district%5B0%5D=8&engine_version=2&offer_type=flat&room9=1&type=4&p=3,2026-04-16T11:16:50+00:00
1550,329009950,ЮВАО,https://www.cian.ru/rent/flat/329009950/?context=3.6aJx37QhTBU.HWOiNjQyfJSFvstKQadebN03DLCT0MUNflpMlW8ne81tOno-Q5E9l_O6bo2kX_ofiH3gqjhW485D1Q&mlSearchSessionGuid=2050b27f536f378124da0d004ba19816,1/31,153000,19.7,20,22,,"1/31 Студия, 19,7 м², 20/22 этаж Только на Циан Текстильщики 20 минут пешком Москва , ЮВАО , р-н Текстильщики , м. Новохохловская , 1-й Грайвороновский проезд , 7Ак1 53 000 ₽/мес. От года, комм. платежи включены (без счётчиков), комиссия 50%, без залога Долгoсpoчнaя аpенда (договoр нa 11 меcяцев). Предcтaвляeм вашeму внимaнию cтильную cтудию 19,7 кв.м. в ЖK Волжский паpк. Бытовая тeхникa: cтиpaльнaя мaшинa, xoлoдильник, вытяжка, варoчнaя панeль, тeлeвизор, электpический чайник, микрoволнoвая пeчь. Район oблaдаeт нaсыщенной и рaзвитoй инфраcтруктуpой: - в 15 минутax пешком oт метро Текстильщики - подземные и наземные паркинги, дворы-парки - поликлиники, магазины и фитнес-клубы. - в окружении находятся ТЦ Город, Леруа Мерлен, кинотеатр Олимпик Синема и стадион Москвич. Поблизости благоустроенные зелёные зоны: Волжский бульвар, большой Кузьминский лесопарк, пруд Садки и музей-усадьба Кусково. УСЛОВИЯ ПРОЖИВАНИЯ: не более 2-х чел - Комиссия 50% от арендного платежа; - Раннее бронирование объекта (за 3 дня до заселения); - Персональный менеджер на всех этапах аренды быстро реагирует на запросы - большинство бытовых вопросов решаем за 48 часов; - Страхование гражданской ответственности до 0,3 млн ₽; - Организация мелкого ремонта. Коммунальные платежи: электроэнергия, хвс\гвс, услуги интернет провайдера, расходы за отопление дома/квартиры оплачивает арендатор. Заселение только при наличии постоянной регистрации РФ. БЕЗ ЖИВОТНЫХ! Агентство недвижимости СМАРЕНТ Документы проверены +7 985 853-93-... Написать вчера вчера, 15:10",,https://www.cian.ru/cat.php?deal_type=rent&district%5B0%5D=8&engine_version=2&offer_type=flat&room9=1&type=4&p=2,2026-04-16T11:16:50+00:00
1540,328869295,ЮВАО,https://www.cian.ru/rent/flat/328869295/?context=3.p5qQPPbPyg8.FdPvlrkvksR5SbDjlHEaOg9LxRWwJsaBLDvSLkGN_gBPrRzn2atgHziBWEz-cqhYZQt8jUFR2lKYFQ&mlSearchSessionGuid=542d404063ac164bd2ce3424a0b32bfe,1/10,160000,21.1,1,5,,"1/10 Апартаменты-студия, 21,1 м², 1/5 этаж Только на Циан Лефортово 10 минут пешком Москва , ЮВАО , р-н Лефортово , м. Лефортово , Ухтомская улица , 16К1 60 000 ₽/мес. От года, комм. платежи включены (без счётчиков), без комиссии, залог 60 000 ₽ Предлагаем уютные апартаменты по адресу: ул. Ухтомская, 16, к.1 21,1 м² Почему это идеальный вариант: Дизайнерский ремонт: Свежий, стильный интерьер — здесь приятно находиться. Полная комплектация: Заезжайте с одним чемоданом! Есть вся необходимая техника: стиральная машина, холодильник, СВЧ-печь, варочная панель. Готовность: Квартира полностью меблирована и готова к заселению прямо сейчас. Локация: Отличная транспортная доступность позволит вам легко добираться до любой точки города. Условия аренды: Цена: 60 000 руб./мес. + коммунальные платежи. Агентство недвижимости ONE OSNOVA Документы проверены +7 986 274-23-... Написать 2 часа назад сегодня, 11:25",,https://www.cian.ru/cat.php?deal_type=rent&district%5B0%5D=8&engine_version=2&offer_type=flat&room9=1&type=4&p=1,2026-04-16T11:16:50+00:00
1559,328869349,ЮВАО,https://www.cian.ru/rent/flat/328869349/?context=3.cKD1xaGiUS0.o-Yxv9CKkTQ0bXVL9G7sgGupSq3k4nM3HOv2-CgPTb1W-CLCtaZhJo3JJ7VS0fHrtqjzwBh6rzqOkg&mlSearchSessionGuid=2050b27f536f378124da0d004ba19816,1/13,160000,20.9,1,5,,"1/13 Апартаменты-студия, 20,9 м², 1/5 этаж Только на Циан Лефортово 10 минут пешком Москва , ЮВАО , р-н Лефортово , м. Лефортово , Ухтомская улица , 16К1 60 000 ₽/мес. От года, комм. платежи включены (без счётчиков), без комиссии, залог 60 000 ₽ Стильная студия 20,9 м² с новым ремонтом — заезжай и живи! Предлагаем уютные апартаменты по адресу: ул. Ухтомская, 16, к.1 Почему это идеальный вариант: Дизайнерский ремонт: Свежий, стильный интерьер — здесь приятно находиться. Полная комплектация: Заезжайте с одним чемоданом! Есть вся необходимая техника: стиральная машина, холодильник, СВЧ-печь, варочная панель. Готовность: Квартира полностью меблирована и готова к заселению прямо сейчас. Локация: Отличная транспортная доступность позволит вам легко добираться до любой точки города. Условия аренды: Цена: 60 000 руб./мес. + коммунальные платежи Агентство недвижимости ONE OSNOVA Документы проверены +7 986 274-23-... Написать два дня назад 14 апр, 11:06",,https://www.cian.ru/cat.php?deal_type=rent&district%5B0%5D=8&engine_version=2&offer_type=flat&room9=1&type=4&p=2,2026-04-16T11:16:50+00:00
1568,328585103,ЮВАО,https://www.cian.ru/rent/flat/328585103/?context=3.DUzVm69CgGI.Kd9Q1nPPo-VaeSezihRuHHTbkVLKLBsal-3Akv7AnR2NZD9f5D8Sxjjzbnzm0wmOkHnyjujfVPJDMQ&mlSearchSessionGuid=2050b27f536f378124da0d004ba19816,1/13,160000,19.7,18,24,,"1/13 Студия, 19,7 м², 18/24 этаж Проверено в Росреестре Новохохловская 6 минут пешком Москва , ЮВАО , р-н Нижегородский , м. Новохохловская , Новохохловская улица , 15к1 60 000 ₽/мес. От года, комм. платежи включены (без счётчиков), без комиссии, залог 60 000 ₽ БЕЗ КОМИССИИ, ОТ СОБСТВЕННИКА! Квартира свободна и готова к заселению. Сдается в аренду студия в современном доме 2023 года постройки. Квартира площадью 19.7 кв. м расположена на 18 этаже 24-этажного здания. До станции МЦК и МЦД2 всего 6 минут пешком, что обеспечит вам удобный и быстрый доступ ко всем частям города. Прекрасная студия с евроремонтом и продуманной планировкой. Здесь вы найдете все необходимое для комфортного проживания: мебель в комнате и на кухне, современную технику — кондиционер, холодильник, телевизор, кофемашина, станция Алиса, отпариватель и стиральную машину. Совмещенный санузел оборудован душевой кабиной и гигиеническим душем. Окна выходят на улицу, поэтому в квартире всегда светло и уютно. Дом оснащен четырьмя грузовыми лифтами и подземной парковкой, что делает его удобным для жителей. В пешей доступности от дома расположены клиники и магазины, поэтому все необходимые учреждения будут у вас под рукой. Условия аренды: квартира сдается без комиссии посредников, от собственника. Предусмотрен залог, разбиваем на 2 части, который возвращается при выезде. Квартира идеально подойдет для одного человека или пары. Без детей. Допустимо небольшое воспитанное животное по согласованию. Приглашаем вас на просмотр! Записывайтесь на удобное для вас время и приходите оценить все преимущества этого жилья лично. Собственник ID 431169 Документы проверены +7 980 214-38-... Написать вчера вчера, 20:35",,https://www.cian.ru/cat.php?deal_type=rent&district%5B0%5D=8&engine_version=2&offer_type=flat&room9=1&type=4&p=2,2026-04-16T11:16:50+00:00
1555,328567594,ЮВАО,https://www.cian.ru/rent/flat/328567594/?context=3.JxIxXOzRca4.ocJAiwEnZNtQgAlJqs0PVZd6zNHz2uSMkYs3cHJVu3cuQRj2Tcmav2qOfls1drf-fm9D8d0lJlyseA&mlSearchSessionGuid=2050b27f536f378124da0d004ba19816,1/22,165000,20.7,27,27,,"1/22 Студия, 20,7 м², 27/27 этаж Авиамоторная 11 минут пешком Москва , ЮВАО , р-н Лефортово , м. Авиамоторная , улица Крузенштерна , 10к1 65 000 ₽/мес. От года, комм. платежи включены (без счётчиков), комиссия 50%, без залога Дoлгоcрочная аренда (договoр нa 11 меcяцeв). Прeдcтaвляeм вaшeму внимaнию пpocторную, уютную студию плoщадью 20,7 кв.м. рacпoложeнную в ЖК Символ. Бытовая техника: кондиционер, телевизор, посудомоечная машина, хoлoдильник, варочная панель, микроволновая печь, cтиpальная машинa, элeктричecкий чайник. Есть все необходимое для комфортного и долгосрочного проживания, в т.ч. посуда. Удобства квартиры: - Встроенная посудомоечная машина; - Вместительные системы хранения; - Уютная просторная комната с красивым видом из окна; - Светлая, уютная ванная комната с современной сантехникой. Дом находится в районе с развитой инфраструктурой: в шаговой доступности остановки общественного транспорта, в 10 минутах пешком находится станция метро ""Авиамоторная"", в 15-20 минутах - станция ""Лефортово"". Рядом с домом расположены: продуктовые супермаркеты, пункты выдачи, аптеки и медицинские учреждения, кафе, рестораны. Преимущество ЖК Символ - безопасные дворы без машин с охраняемой территорией. Во дворе обустроены отдельные детские и спортивные площадки, а также экозоны для прогулок и отдыха. Условия проживания по Тарифу Комфортное проживание: - 50% от арендного платежа при заселении; - Раннее бронирование объекта (за 3 дня до заселения); - Персональный менеджер на всех этапах аренды быстро реагирует на запросы - большинство бытовых вопросов решаем за 48 часов; - Страхование гражданской ответственности до 0,3 млн ₽; - Организация мелкого ремонта. Коммунальные платежи: электроэнергия, хвс\гвс, услуги интернет провайдера, расходы за отопление дома/квартиры оплачивает арендатор. Заселение только при наличии постоянной регистрации РФ. Без животных Агентство недвижимости СМАРЕНТ Документы проверены +7 985 853-93-... Написать 45 минут назад сегодня, 13:30",,https://www.cian.ru/cat.php?deal_type=rent&district%5B0%5D=8&engine_version=2&offer_type=flat&room9=1&type=4&p=2,2026-04-16T11:16:50+00:00
1535,313435761,ЮВАО,https://www.cian.ru/rent/flat/313435761/?context=3.QBB_DFBzeOk.J0mT2P8qpOTBlVl3acoLHWiWRXHgUdcIJcovjKEvikDFsavvrdRwveZr6r7RZaTcbXMNwBb5P7d_Tw&mlSearchSessionGuid=542d404063ac164bd2ce3424a0b32bfe,1/11,170000,26.0,2,8,,"1/11 Студия, 26 м², 2/8 этаж Только на Циан Угрешская 5 минут пешком Москва , ЮВАО , р-н Южнопортовый , м. Угрешская , Волгоградский проспект , 32/5к1 70 000 ₽/мес. От года, комм. платежи включены (без счётчиков), без комиссии, без залога Сдаётся на долгий срок новая уютная квартира-студия. С дизайнерским ремонтом, выполненным из качественных материалов. В жилом комплексе бизнес - класса Метрополия. В прихожей большой шкаф купе в потолок на несколько секций. Удобная кровать с хорошим матрасом для комфортного сна. Дом оборудован индивидуальной входной группой со своим консьержем. В шаговой доступности находятся кафе, салоны красоты, магазины, аптеки, все что необходимо для комфортной жизни. ЖК находится в 8-ми минутах от станции метро Волгоградский проспект, в двух минутах МЦК Угрешская. Собственник ID 123287814 +7 989 561-77-... Написать вчера вчера, 17:59",,https://www.cian.ru/cat.php?deal_type=rent&district%5B0%5D=8&engine_version=2&offer_type=flat&room9=1&type=4&p=1,2026-04-16T11:16:50+00:00
1528,321344783,ЮВАО,https://www.cian.ru/rent/flat/321344783/?context=3.ZhegYizpfAc.vd8zrYWzj1TczvCiEGKlD9r0TzmNOYJqzdLD1PzwxwryK-N3yxlp44V_hV4aCUQOtvA-WV49wSl0kw&mlSearchSessionGuid=542d404063ac164bd2ce3424a0b32bfe,1/22,190000,32.0,5,14,,"1/22 Студия, 32 м², 5/14 этаж Только на Циан Римская 10 минут пешком Москва , ЮВАО , р-н Лефортово , м. Серп и Молот , проезд Шелихова , 1к1 90 000 ₽/мес. От года, комм. платежи включены (без счётчиков), без комиссии, залог 90 000 ₽ Квартира в ЖК Символ, доме бизнес класса. Сдаётся впервые и на длительный срок. Оборудована всем необходимым: телевизор, интернет, на кухне встроенная техника (духовой шкаф, посудомоечная машина, холодильник, морозильная камера). Грамотно продуманная система хранения. Кондиционер, подогрев пола, видео домофон. Грамотно продуманная входная группа в подъезде с зоной коворкинга. Риелтор Ольга Цегельная Суперагент +7 916 043-84-... Написать 2 часа назад сегодня, 11:55",,https://www.cian.ru/cat.php?deal_type=rent&district%5B0%5D=8&engine_version=2&offer_type=flat&room9=1&type=4&p=1,2026-04-16T11:16:50+00:00
1531,328221715,ЮВАО,https://www.cian.ru/rent/flat/328221715/?context=3.5UNZL2p8ZcI.uo4Dyzg5FsMmlybY1I7QB2dbZddfIOje1alDLg7MGcd_n8vMtdCRs4FLwbkquNRSUYAxVppXLT9qYQ&mlSearchSessionGuid=542d404063ac164bd2ce3424a0b32bfe,1/49,199000,32.0,1,14,,"1/49 Новая дизайнерская квартира Студия, 32 м², 1/14 этаж Римская 10 минут пешком Москва , ЮВАО , р-н Лефортово , м. Серп и Молот , проезд Шелихова , 1к1 99 000 ₽/мес. От года, комм. платежи включены (без счётчиков), без комиссии, залог 99 000 ₽ Предлагаем квартиру в ЖК бизнес-класса ""Символ"" с охраняемой территорий, видеонаблюдением и консьерж-сервисом. Свежий дизайнерский ремонт. Все новое, никто не проживал! Квартира представляет собой идеальный вариант для тех, кто ценит комфорт, современный дизайн и удобное расположение. До метро 7 минут пешком. до центра города 4,5 км ЖК ""Символ"" славится своей развитой инфраструктурой, включающей в себя все необходимое для комфортной жизни: магазины, кафе, фитнес-центры, детские площадки и зоны отдыха. Транспортная доступность комплекса также на высоте, что обеспечивает легкий доступ к любой точке города. Огромная территория-парк Зеленая река между всеми корпусами открыт для прогулок и отдыха жителей всех возрастов. В домах жителям доступны различные общественные пространства: детские и подростковые игровые, коворкинги, фитнес-румы, репетиторские, лаунжи. На крышах некоторых корпусов расположены креативные пространства Условия оплаты: аренда + счетчики (вода, электричество) Прямая сдача. Без комиссии. Риэлторы и агенты, просьба не беспокоить. Сдается платежеспособным и аккуратным арендаторам. Залог обязателен. Подробности и запись на просмотр по телефону. Риелтор Наталия Долгих Документы проверены +7 985 065-28-... Написать 2 часа назад сегодня, 11:40",,https://www.cian.ru/cat.php?deal_type=rent&district%5B0%5D=8&engine_version=2&offer_type=flat&room9=1&type=4&p=1,2026-04-16T11:16:50+00:00
1515,323840974,ЮВАО,https://www.cian.ru/rent/flat/323840974/?context=3.ZNHbY-8cels.F-NK3SJl1hOcNtreCjFjjZBse4XPx9TFZBBR-tAVcoxPsc7Tkg6uSR3lwN9lGGvJjvlGRFiuXmNQBw&mlSearchSessionGuid=542d404063ac164bd2ce3424a0b32bfe,1/8,226000,17.0,1,16,,"1/8 Апартаменты-студия, 17 м², 1/16 этаж Текстильщики 14 минут пешком Москва , ЮВАО , р-н Текстильщики , м. Текстильщики , улица 8-я Текстильщиков , 13К2 26 000 ₽/мес. На несколько месяцев, комм. платежи включены (без счётчиков), без комиссии, без залога СОБСТВЕННИК! Читайте пожалуйста внимательно, полностью! Сдается комната 17м² в апартаментах в цоколе. Комната изолированна. Сдам исключительно адекватному, чистоплотному, спокойному, ответственному гp. PФ без вредных привычек арендатору!!! Регистрация и амино невозможна! Желательно одного человека! Санузел, душ общий. В комнате установлена сантехника, арендатору останется спаять и подключить сантехнику и студия готова. Приточно-вытяжная вентиляция. Без окна! Комната находится в районе с развитой инфраструктурой, в шаговой доступности от метро, БКЛ, МЦД-2. Ценик на длительный срок(год), если комнату снять на меньший срок, то цена увеличится. Подойдёт как под жилое, так и не под жилое, мастерская, типография, офис, склад, упаковка, производство, ателье и т.д. ----- Примечание: у собственника могут быть дополнительные пожелания к жильцам - обсудите их в чате или по телефону Собственник ID 8531476 Документы проверены +7 916 936-41-... Написать 2 часа назад сегодня, 11:42",,https://www.cian.ru/cat.php?deal_type=rent&district%5B0%5D=8&engine_version=2&offer_type=flat&room9=1&type=4&p=1,2026-04-16T11:16:50+00:00
1518,328807224,ЮВАО,https://www.cian.ru/rent/flat/328807224/?context=3.xSQLruFqTzE.IYu8xMViiSK9OrcKbrOkXhIalzqKFO1ZRNSOrX9zDThqvY2Mm5yywltwswCDbWBmS4yrO-5g_VBwWQ&mlSearchSessionGuid=542d404063ac164bd2ce3424a0b32bfe,1/6,235000,18.0,2,5,,"1/6 Апартаменты-студия, 18 м², 2/5 этаж Только на Циан Текстильщики 12 минут пешком Москва , ЮВАО , р-н Текстильщики , м. Текстильщики , улица Артюхиной , 6К2 35 000 ₽/мес. От года, комм. платежи включены (без счётчиков), комиссия 10%, залог 17 500 ₽ Внимание!! акция - кто проживёт 11 месяцев 12-й в подарок !!! Сдaется уютная студия с cовременным pемoнтом нa длитeльный cpoк. Метро текстильщики 9 минут!Кoммунaльныe уcлуги oплaчивaются арeндaтoром по cчетчикaм. B дoме paбoтаeт конcьеpж, чтo oбеcпечивaет допoлнительный кoмфopт и бeзопaснocть. Вo двoрe зaкрытая территoрия c парковкoй за шлaгбаумoм. Просторная кухня оборудована необходимой техникой, включая холодильник и стиральную машину. В комнате установлены шкафы для хранения вещей. Санузел совместный, оснащен современной сантехникой и душевой кабиной. В студии также имеется удобная рабочая зона с письменным столом и стулом. Цена 34000 + 17.000 1 человек. До 30 лет!! просьба риэлторов не беспокоить!! Риелтор ID 140263101 Документы проверены +7 985 775-24-... Написать два дня назад 13 апр, 21:12",,https://www.cian.ru/cat.php?deal_type=rent&district%5B0%5D=8&engine_version=2&offer_type=flat&room9=1&type=4&p=1,2026-04-16T11:16:50+00:00
1591,326403023,ЮВАО,https://www.cian.ru/rent/flat/326403023/?context=3.-NQ9qaKhIT4.oCFSR6hz-33OXC_kEr3Xpv43oRwhU1zr5hQdGUnpgfzNauLdwtpNPAzJH3BXqmAvcNWSlJqXOtJK-g&mlSearchSessionGuid=af00dc7a6953958932d7d18a2a81a069,1/11,241000,17.0,3,5,,"1/11 Студия, 17 м², 3/5 этаж Только на Циан Кузьминки 9 минут пешком Москва , ЮВАО , р-н Кузьминки , м. Кузьминки , Жигулевская улица , 4К2 41 000 ₽/мес. От года, комм. платежи включены (без счётчиков), комиссия 50%, залог 41 000 ₽ Сдаётся студия 17 м² в новом ЖК Нью Форм Сдаётся впервые уютная студия площадью 17 м², расположенная на 3 этаже нового жилого комплекса Нью Форм. Квартира полностью укомплектована для комфортного проживания: двуспальный диван шкаф для хранения вещей кухонный гарнитур с техникой: холодильник, плита, СВЧ ванная комната полностью оборудована: стиральная машина, душ, полотенцесушитель Новая квартира, никто не проживал. Подходит для одного человека или семейной пары. Инфраструктура и транспорт: рядом большое количество магазинов до метро — 7 минут пешком возле метро расположен крупный торгово-развлекательный центр Отличный вариант для комфортной жизни в новом доме. Звоните / пишите для просмотра. Агентство недвижимости АРТИН Суперагент +7 915 234-34-... неделю назад 8 апр, 08:31",,https://www.cian.ru/cat.php?deal_type=rent&district%5B0%5D=8&engine_version=2&offer_type=flat&room9=1&type=4&p=3,2026-04-16T11:16:50+00:00
1549,329014906,ЮВАО,https://www.cian.ru/rent/flat/329014906/?context=3.KAvh39dw_fg.Z_mCfLCCFNqRu4m_gPz3Nlb_9RYU5itUEnDUIMDLHRsq3XZ_Pr3gh9IorCrbKN38uoo69ax1RpngaQ&mlSearchSessionGuid=2050b27f536f378124da0d004ba19816,1/33,245000,23.3,20,33,,"1/33 Студия, 23,3 м², 20/33 этаж Только на Циан Перерва 4 минуты пешком Москва , ЮВАО , р-н Люблино , м. Перерва , Иловайская улица , 2 45 000 ₽/мес. От года, комм. платежи включены (без счётчиков), комиссия 50%, без залога Дoлгocрочная apeндa (дoгoвор на 11 мecяцeв). Прeдocтавляем вaшeму внимaнию стильную квaртиру студию, площадью 23,3 кв.м. в ЖK Люблинский парк. В квaртирe выполнeнa меблиpoвка пo индивидуaльному дизaйнepcкoму пpoекту от компaнии SМАRЕNT. Бытoвая теxникa: кондиционер, холoдильник, ваpочная пaнель, микровoлновая печь, телeвизоp, электрический чaйник, стиpальная машинa. У дoма отличная транспортная доступность: до МЦД ""Перерва"" всего 10 минут пешком, до станции метро ""Люблино"" 15-20 минут пешком, ""Братиславская"" 20-25 минут пешком, До МКАД можно добрать на автомобиле всего за 15 минут, до ЮВХ — за 11 минут, а до ТТК — за 19 минут. Район обладает насыщенной и развитой инфраструктурой: На первых этажах жилого квартала Люблинский парк расположились магазины, кафе и полезные сервисы. Вам больше не придётся тратить много времени и сил на то, чтобы закупить продукты на неделю. Можно выйти за покупкой ингредиентов к обеду прямо в домашних тапочках, а в будний день поработать в одном из местных кафе. В 15 минутах на автомобиле расположен Люблинский парк. Старинный парк, в котором сохранилась красивая усадьба XIX века. Здесь приятно гулять по аккуратным дорожкам, отдыхать у прудов и фонтанов. Чуть дальше находится парк Кузьминки. Здесь можно отдохнуть в кафе, сходить в музей Паустовского, покататься на лодке. А можно уйти вглубь парка, где густой сосновый бор переходит в смешанный лес с двухсотлетними дубами. Сотрудники местного экоцентра водят по лесу экскурсии. Условия проживания по Тарифу Комфортное проживание: - Комиссия 50% от арендного платежа; - Раннее бронирование объекта (за 3 дня до заселения); - Персональный менеджер на всех этапах аренды быстро реагирует на запросы - большинство бытовых вопросов решаем за 48 часов; - Страхование гражданской ответственности до 0,3 млн ₽; - Организация мелкого ремонта. Коммунальные платежи: электроэнергия, хвс\гвс, услуги интернет провайдера, расходы за отопление дома/квартиры и вывоз ТБО оплачивает арендатор. Заселение только при наличии постоянной регистрации РФ. Без животных. Агентство недвижимости СМАРЕНТ Документы проверены +7 985 853-93-... Написать вчера вчера, 16:58",,https://www.cian.ru/cat.php?deal_type=rent&district%5B0%5D=8&engine_version=2&offer_type=flat&room9=1&type=4&p=2,2026-04-16T11:16:50+00:00
1580,324338003,ЮВАО,https://www.cian.ru/rent/flat/324338003/?context=3.-1sNZ0iZ0T4.u7mcpElawMx-6skYq7dz_tGHcx_XRfIpmEypoJ-xZX4tTyChS3Qu_d_yxnu9JgaPQCOhAKnYj_9jjA&mlSearchSessionGuid=af00dc7a6953958932d7d18a2a81a069,1/14,245000,20.0,10,17,,"1/14 Студия, 20 м², 10/17 этаж Только на Циан Перерва 4 минуты пешком Москва , ЮВАО , р-н Люблино , м. Перерва , Иловайская улица , 2 45 000 ₽/мес. От года, комм. платежи включены (без счётчиков), комиссия 50%, залог 45 000 ₽ Сдается впервые квартира-студия в новом ЖК Люблинский парк. Район с развитой инфраструктурой, в пешей доступности от станции м. Марьино 15-20 минут, и в 5 минутах от МЦД Перерва, двор без машин, имеет закрытую территорию. В квартире имеется все необходимое для комфортного проживания 1-2 человек, новая техника и мебель, раскладывающийся диван с ортопедическим матрасом Аскона, кондиционер. Замечательный собственник рассмотрит 1 человека или пару, на длительный срок. Оперативно покажу, звоните, состав обсуждаем. У собственника могут быть предпочтения по составу проживающих. Риелтор Александр Кириллов Суперагент +7 910 536-87-... Написать четыре дня назад 12 апр, 11:02",,https://www.cian.ru/cat.php?deal_type=rent&district%5B0%5D=8&engine_version=2&offer_type=flat&room9=1&type=4&p=3,2026-04-16T11:16:50+00:00
1545,328051633,ЮВАО,https://www.cian.ru/rent/flat/328051633/?context=3.xZocOuF-vIY.UbTj7dhyzsm6d--w90Gq2aQawFtsnTw4I8_pCJSkUsig40F3cV20gBaUZqQpB4WFyNgRm6pJlGZj9g&mlSearchSessionGuid=2050b27f536f378124da0d004ba19816,1/12,247000,20.0,23,33,,"1/12 Студия, 20 м², 23/33 этаж Перерва 4 минуты пешком Москва , ЮВАО , р-н Люблино , м. Перерва , Иловайская улица , 2 47 000 ₽/мес. От года, комм. платежи включены (без счётчиков), без комиссии, залог 47 000 ₽ Без комиссии! Напрямую от собственника. Сдаем уютную студию площадью 20 кв. м на 23-м этаже нового дома 2025 года постройки. Квартира находится всего в 4 минутах пешком от станции МЦД, что делает ее расположение особенно удобным для тех, кто ценит время. В квартире свежий ремонт, который создает современную и стильную атмосферу. Оборудована всей необходимой техникой: кондиционером, холодильником, посудомоечной и стиральной машинами. Удобная кровать 140*200 с ортопедическим матрасом подарит отличный сон. Комната и кухня полностью меблированы, а в ванной комнате установлена душевая кабина, что делает проживание здесь максимально комфортным. Дом оснащен четырьмя грузовыми лифтами и подземной парковкой, поэтому можно не беспокоиться о парковке вашего автомобиля. Это современное здание с высоким уровнем комфорта и безопасности. Вокруг дома развита инфраструктура. Квартира сдается в аренду от собственника без комиссии! Собственник ID 19467203 Документы проверены Назначить просмотр пять дней назад 11 апр, 13:15",,https://www.cian.ru/cat.php?deal_type=rent&district%5B0%5D=8&engine_version=2&offer_type=flat&room9=1&type=4&p=2,2026-04-16T11:16:50+00:00
1560,328935296,ЮВАО,https://www.cian.ru/rent/flat/328935296/?context=3.PBobP3maRcE.BQbafkiuuec3230fw1VjicEkN4nIM7h-lmojTGwizAL99xq0M-gkXgLMZ3s5VB62tSzT_0PZDQo7Bg&mlSearchSessionGuid=2050b27f536f378124da0d004ba19816,1/11,248000,23.0,28,33,,"1/11 Студия, 23 м², 28/33 этаж Только на Циан Перерва 4 минуты пешком Москва , ЮВАО , р-н Люблино , м. Перерва , Иловайская улица , 2 48 000 ₽/мес. От года, комм. платежи включены (без счётчиков), без комиссии, залог 45 000 ₽ Сдается стильная студия общей площадью 23 кв. м, расположенная на 28 этаже современного 33-этажного дома, построенного в 2024 году. Дом находится в 10 минутах пешком от метро Перерва (внимание, закрыта в сторону центра). 20 минут пешком до Марьино (можно и чуть быстрее). Ремонт выполнен для себя с любовью, всё под рукой, при этом предусмотрено много мест для хранения. Техника: кондиционер, холодильник, стиральная машина, микроволновка, плита, электросушилка для полотенец. В санузле установлена душевая кабина. Условия аренды: договор аренды напрямую от собственника. Возможна аренда с последующим продлением. Предусмотрен залог. Квартира идеально подходит для проживания одного человека или пары. Можно с животными. В квартире пол года жила кошка. Собственник ID 137415951 Назначить просмотр два дня назад 14 апр, 08:04",,https://www.cian.ru/cat.php?deal_type=rent&district%5B0%5D=8&engine_version=2&offer_type=flat&room9=1&type=4&p=2,2026-04-16T11:16:50+00:00
1519,328651703,ЮВАО,https://www.cian.ru/rent/flat/328651703/?context=3.AwoJiezI3gU.wrHQDIySZHHlLNiIEbKRq6h6sgT2xFvtLYCdLeGHkmqOR7V8uAB4fpGiQJsOylGluuu46ARgHIz-6g&mlSearchSessionGuid=542d404063ac164bd2ce3424a0b32bfe,1/16 Ещё фото,249900,19.6,2,15,,"1/16 Ещё фото Без депозита! Рядом МЦД Студия, 19,6 м², 2/15 этаж Только на Циан Депо 18 минут пешком Москва , ЮВАО , р-н Люблино , м. Депо , Люблинская улица , 72Ак2 49 900 ₽/мес. От года, комм. платежи включены (без счётчиков), комиссия 30%, без залога Сдаётся квартира-студия с евроремонтом и совмещённым санузлом в ЖК Люблинский Парк, без депозита! Её можно посмотреть когда Вам удобно: бронируете время, забираете ключи и спокойно осматриваете. Если всё понравится, договор подпишем онлайн и будем поддерживать Вас на всех этапах аренды. Квартира оборудована кухонным гарнитуром, можно обсудить покупку необходимой мебели в счёт арендной платы. Интернет проведён. Полы ламинат и плитка. Окна выходят на улицу, есть бесплатная парковка. Собственник готов заселить не более 2 взрослых жильцов с детьми, оформить и заключить договор с юридическим лицом. Можно с домашним питомцем. Дом находится в районе с развитой инфраструктурой, рядом: - Гипермаркет Ашан; - ТЦ Бум; - Парк им. Артёма Боровика; - Парк Героев Отечественной войны 1812 года. Также в пешей доступности школы и детские сады, салоны красоты, кафе, заправки и автосервисы, колледж, культурный центр, фитнес-клуб, бассейн и кинотеатр. До МЦД-2 Перерва 20 минут пешком, до м. Братиславская 20 минут на общественном транспорте. Агентство недвижимости ПИК-Аренда Документы проверены Посмотреть все объекты +7 986 248-10-... Написать вчера вчера, 16:54",,https://www.cian.ru/cat.php?deal_type=rent&district%5B0%5D=8&engine_version=2&offer_type=flat&room9=1&type=4&p=1,2026-04-16T11:16:50+00:00
1551,328983875,ЮВАО,https://www.cian.ru/rent/flat/328983875/?context=3.vGZPEPiAfCM.7pTFwvIFAX6sXu_yKztAGhfskuWeRmdo6ixv7mXD8tSkKEYLaiEUKtqDwjbGbWmLZ_M4me_jOqigRg&mlSearchSessionGuid=2050b27f536f378124da0d004ba19816,1/7,250000,21.0,15,16,,"1/7 Студия, 21 м², 15/16 этаж Люблино 14 минут пешком Москва , ЮВАО , р-н Люблино , м. Люблино , Цимлянская улица , 3к2 50 000 ₽/мес. От года, комм. платежи включены (без счётчиков), без комиссии, залог 50 000 ₽ Сдается студия на длительный срок порядочным людям, , девушке или паре, строго без животных. в квартир есть необходимая мебель и техника, холодильник, стиральная машина. метро Люблино ----- Примечание: у собственника могут быть дополнительные пожелания к жильцам - обсудите их в чате или по телефону Собственник ID 30508976 Документы проверены +7 985 091-64-... Написать вчера 14 апр, 21:22",,https://www.cian.ru/cat.php?deal_type=rent&district%5B0%5D=8&engine_version=2&offer_type=flat&room9=1&type=4&p=2,2026-04-16T11:16:50+00:00
1522,328068984,ЮВАО,https://www.cian.ru/rent/flat/328068984/?context=3.kKRIrlRtyLo.ucYRq35aaCn0LYnm8wJncLWrmMeqEhbn9Am3B22IH-fDtyhsJ0-Q_WnVaLx0pXSWLddCjnqWoMbTQA&mlSearchSessionGuid=542d404063ac164bd2ce3424a0b32bfe,1/15 Ещё фото,251000,21.0,22,25,,"1/15 Ещё фото Без залога! Пешком до МЦД Студия, 21 м², 22/25 этаж Депо 18 минут пешком Москва , ЮВАО , р-н Люблино , м. Депо , Люблинская улица , 72Ак2 51 000 ₽/мес. От года, комм. платежи включены (без счётчиков), комиссия 60%, без залога Сдаётся светлая квартира-студия с евроремонтом и совмещённым санузлом в ЖК Люблинский Парк, без депозита! Её можно посмотреть когда Вам удобно: бронируете время, забираете ключи и спокойно осматриваете. Если всё понравится, договор подпишем онлайн и будем поддерживать Вас на всех этапах аренды. В квартире есть: - кухонный гарнитур; - кондиционер; - холодильник; - стиральная машина; - варочная панель; - духовой шкаф; - микроволновая печь. Под диваном есть место для хранения. Проведён интернет. Полы ламинат и плитка. Окна выходят во двор, на север. Есть бесплатная парковка. Собственник готов заселить не более 2 взрослых жильцов с детьми, докупить мебель/технику или заключить договор с юридическим лицом. Возможно заселиться с собакой или питомцем в клетке/аквариуме. Дом находится в районе с развитой инфраструктурой: в пешей доступности школы и детские сады, салоны красоты и парикмахерские, кафе и закусочные, заправки и автосервисы, колледж, культурный центр, фитнес-клубы, бассейн и кинотеатр. Недалеко гипермаркет Ашан, ТЦ Бум, парк им. Артёма Боровика и парк Героев Отечественной войны 1812 года. До МЦД-2 Перерва 20 минут пешком, до м. Братиславская 20 минут на общественном транспорте. Агентство недвижимости ПИК-Аренда Документы проверены Посмотреть все объекты +7 986 274-33-... Написать вчера вчера, 16:24",,https://www.cian.ru/cat.php?deal_type=rent&district%5B0%5D=8&engine_version=2&offer_type=flat&room9=1&type=4&p=1,2026-04-16T11:16:50+00:00
1556,328008898,ЮВАО,https://www.cian.ru/rent/flat/328008898/?context=3.48tGK9m2njY.QopQOpuUI7nrb73hxewGZN_kjXalHKa8-lfdvu0NvtpcaMigAP0Ogjvfy7Tq-6D_SRytl_C3F2GnOQ&mlSearchSessionGuid=2050b27f536f378124da0d004ba19816,1/24,253000,23.6,26,33,,"1/24 Студия, 23,6 м², 26/33 этаж Окская 10 минут пешком Москва , ЮВАО , р-н Рязанский , м. Окская , улица Михайлова , 30Ак2 53 000 ₽/мес. От года, комм. платежи включены (без счётчиков), комиссия 50%, без залога Дoлгocрoчная аpенда (договoр нa 11 месяцeв). Cтильнaя и cветлaя студия в ЖК Михaйлoвский Пapк, площадь кв.м. 23.6. Meбель: вмeститeльный шкaф, удобный pасклaднoй диван, куxoнный гаpнитуp, обeденная зона, pабoчая зoнa, кoмод. Бытовая техника: Стиральная машина, холодильник, вытяжка, варочная панель, электрический чайник, микроволновая печь. Район обладает развитой инфраструктурой: В пешей доступности детские сады, школы, поликлиники, магазины, фитнес-клуб, ТЦ Рязанский. До большого Кусковского лесопарка со старинной усадьбой Кусково и прудом 20 минут пешком по прямой. 10 мин. ходьбы до метро Окская и в 15 мин. пешком до метро Рязанский проспект Условия проживания по Тарифу Комфортное проживание - комиссия 50% от арендного платежа; - Раннее бронирование объекта (за 3 дней до заселения); - Персональный менеджер на всех этапах аренды быстро реагирует на запросы - большинство бытовых вопросов решаем за 48 часов; - Страхование гражданской ответственности до 300 000 ₽; - Организация мелкого ремонта. - Заселение с детьми (возраст детей от 6 лет). Коммунальные платежи: электроэнергия, хвс\гвс, услуги интернет провайдера, расходы за отопление (при наличии счетчика) дома/квартиры оплачивает арендатор. Заселение только при наличии постоянной регистрации РФ Без животных Агентство недвижимости СМАРЕНТ Документы проверены +7 985 853-93-... Написать неделю назад 8 апр, 14:16",,https://www.cian.ru/cat.php?deal_type=rent&district%5B0%5D=8&engine_version=2&offer_type=flat&room9=1&type=4&p=2,2026-04-16T11:16:50+00:00
1514,328922251,ЮВАО,https://www.cian.ru/rent/flat/328922251/?context=3.73737j8rkCk.b2JXWRkJ6slH4_Liz8qb-XoGGkoRPENpD6c1t6NKFii-p2oepg56eSkqoHJzQDw77QH0VbPUZBsxAQ&mlSearchSessionGuid=542d404063ac164bd2ce3424a0b32bfe,1/14 Ещё фото,253100,19.6,4,17,,"1/14 Ещё фото Студия, 19,6 м², 4/17 этаж Братиславская 3 минуты на транспорте Москва , ЮВАО , р-н Люблино , м. Перерва , Иловайская улица , 2 53 100 ₽/мес. От года, комм. платежи включены (без счётчиков), комиссия 60%, без залога Сдаётся светлая квартира-студия с евроремонтом и совмещённым санузлом в Люблинский Парк, без депозита! Её можно посмотреть когда Вам удобно: бронируете время, забираете ключи и спокойно осматриваете. Если всё понравится, договор подпишем онлайн и будем поддерживать Вас на всех этапах аренды. В квартире есть: - Интернет с роутером; - Телевизор; - Холодильник; - Стиральная машина; - Кондиционер; - Микроволновая печь; - Варочная панель; - Духовой шкаф. Полы ламинат и плитка. Окна выходят во двор, есть бесплатная парковка. Собственник готов заселить не более 2 взрослых жильцов с детьми, докупить мебель/технику и заключить договор с юридическим лицом. Можно с небольшой собачкой. Дом расположен в районе с развитой инфраструктурой, рядом находятся: - Гипермаркет Ашан; - Парк Героев Отечественной войны 1812 года. На территории жилого комплекса обустроены детские игровые и спортивные площадки, зоны для прогулок и отдыха. В пешей доступности школы и детские сады, салоны красоты и парикмахерские, кафе, пекарни и закусочные, заправки и автосервисы, колледж, культурный центр и кинотеатр, аптеки, медицинские учреждения. До МЦД-2 Перерва 6 минут пешком, до м. Братиславская 15 минут на общественном транспорте. Агентство недвижимости ПИК-Аренда Документы проверены Посмотреть все объекты +7 917 506-34-... Написать вчера вчера, 16:24",,https://www.cian.ru/cat.php?deal_type=rent&district%5B0%5D=8&engine_version=2&offer_type=flat&room9=1&type=4&p=1,2026-04-16T11:16:50+00:00
1520,327434422,ЮВАО,https://www.cian.ru/rent/flat/327434422/?context=3.cjdyOzjDkg8.IJzm0SfhEbPQKq-HpgkPNtZS5NIV_cPmDj70n8XBHJCX3b6MMVsgTrHFOwCywhwX1EBT93lTIAekqQ&mlSearchSessionGuid=542d404063ac164bd2ce3424a0b32bfe,1/14 Ещё фото,255000,23.2,18,25,,"1/14 Ещё фото Без депозита! Евроремонт! Студия, 23,2 м², 18/25 этаж Депо 18 минут пешком Москва , ЮВАО , р-н Люблино , м. Депо , Люблинская улица , 72Ак2 55 000 ₽/мес. От года, комм. платежи включены (без счётчиков), комиссия 50%, без залога Сдаётся светлая квартира-студия со смежным санузлом в современном ЖК Люблинский Парк, без депозита! Её можно посмотреть когда Вам удобно: бронируете время, забираете ключи и спокойно осматриваете. Если всё понравится, договор подпишем онлайн и будем поддерживать Вас на всех этапах аренды. Квартира оснащена вместительным кухонным гарнитуром, мебелью и бытовой техникой: - Холодильник; - Телевизор; - Микроволновка; - Варочная панель; - Стиральная машина; - Вытяжка; - Робот-пылесос; - Проведён интернет + WI-FI. Полы ламинат и плитка. Окна выходят во двор, на восток, есть бесплатная парковка. Собственник готов заселить не более 2 взрослых жильцов с детьми старше 3 лет и заключить договор с юридическим лицом. Можно с домашним питомцем по согласованию. Недалеко от дома: - Гипермаркет Ашан; - ТЦ Бум; - Парк им. Артёма Боровика; - Парк Героев Отечественной войны 1812 года. В пешей доступности школы и детские сады, салоны красоты, кафе, заправки и автосервисы, колледж, культурный центр, фитнес-клубы, бассейн и кинотеатр. До МЦД-2 Перерва 20 минут пешком, до м. Братиславская 19 минут на общественном транспорте. Агентство недвижимости ПИК-Аренда Документы проверены Посмотреть все объекты +7 915 255-17-... Написать 5 минут назад сегодня, 14:09",,https://www.cian.ru/cat.php?deal_type=rent&district%5B0%5D=8&engine_version=2&offer_type=flat&room9=1&type=4&p=1,2026-04-16T11:16:50+00:00
1546,323960207,ЮВАО,https://www.cian.ru/rent/flat/323960207/?context=3.mYcdbxPtOTc.FnkPgNJ-3IrAXYMa66RneQK2MYy4GDr1RxcbjDtIGv9u-Gq3Hxyyf41sinjavWv4vEcH4wwcAfDp8g&mlSearchSessionGuid=2050b27f536f378124da0d004ba19816,1/26,255000,28.0,21,33,,"1/26 Студия, 28 м², 21/33 этаж Перерва 4 минуты пешком Москва , ЮВАО , р-н Люблино , м. Перерва , Иловайская улица , 2 55 000 ₽/мес. От года, комм. платежи включены (без счётчиков), комиссия 80%, залог 60 000 ₽ Сдается уютная квартира свободной планировки в новом ЖК. В квартире есть всё для комфортного проживания: мебель, бытовая техника телевизор, холодильник, стиральная машина, кондиционер, духовка, электроплита от западных брендов, ортопедическая кровать 160200, продуманы зоны отдыха, сна, хранения и т.д. ЖК находится в окружении развитой социальной и коммерческой инфраструктуры - детский сад, различные образовательные учреждения, сетевые супермаркеты (Пятёрочка, ВкусВилл) , ПВЗ (Озон, WB), скоро открытие нескольких кафе и ресторанов. В пешей доступности - Люблинский парк, станции метро Перерва, Братиславская и Марьино. Квартира сдается на длительный срок одному 1 человеку от 30 лет без вредных привычек, без детей и животных. Риелтор Жанна Шойбекова Суперагент +7 916 632-93-... Написать три дня назад 13 апр, 09:49",,https://www.cian.ru/cat.php?deal_type=rent&district%5B0%5D=8&engine_version=2&offer_type=flat&room9=1&type=4&p=2,2026-04-16T11:16:50+00:00
1565,328571046,ЮВАО,https://www.cian.ru/rent/flat/328571046/?context=3.Pq_3W7YI824.pRUyjOCH73KSb5a3stpMztMp1Qhbnd2L-Py1TQGsF7TynPpIAUPn0cSJIypo2FeeDNapp0Q-IT3lvg&mlSearchSessionGuid=2050b27f536f378124da0d004ba19816,1/19,257000,23.6,18,37,,"1/19 Студия, 23,6 м², 18/37 этаж Нижегородская 10 минут пешком Москва , ЮВАО , р-н Нижегородский , м. Нижегородская , Перовское шоссе , 2к2 57 000 ₽/мес. От года, комм. платежи включены (без счётчиков), комиссия 50%, без залога Дoлгоcрочная аренда (договoр нa 11 меcяцeв). Прeдcтaвляeм вaшeму внимaнию пpocторную, уютную студию плoщадью 23,6 кв.м. рacпoложeнную в ЖК Перовское. Бытовая техника: кондиционер, телевизор, хoлoдильник, варочная панель, микроволновая печь, cтиpальная машинa, элeктричecкий чайник, утюг, гладильная доска, сушилка для одежды. Есть все необходимое для комфортного и долгосрочного проживания, в т.ч. посуда. Удобства квартиры: - Вместительные системы хранения; - Обеденная зона с телевизором; - Уютная просторная комната с красивым видом из окна; - Светлая, уютная ванная комната с современной сантехникой. Дом находится в районе с развитой инфраструктурой: в шаговой доступности остановки общественного транспорта, в пешей доступности станция метро Нижегородская. Рядом с домом расположены: продуктовые супермаркеты, пункты выдачи, аптеки, кафе, рестораны. Условия проживания по Тарифу Комфортное проживание: - 50% от арендного платежа при заселении; - Раннее бронирование объекта (за 3 дня до заселения); - Персональный менеджер на всех этапах аренды быстро реагирует на запросы - большинство бытовых вопросов решаем за 48 часов; - Страхование гражданской ответственности до 0,3 млн ₽; - Организация мелкого ремонта. Коммунальные платежи: электроэнергия, хвс\гвс, услуги интернет провайдера, расходы за отопление дома/квартиры оплачивает арендатор. Заселение только при наличии постоянной регистрации РФ. Без животных Агентство недвижимости СМАРЕНТ Документы проверены +7 985 853-93-... Написать 3 часа назад сегодня, 10:48",,https://www.cian.ru/cat.php?deal_type=rent&district%5B0%5D=8&engine_version=2&offer_type=flat&room9=1&type=4&p=2,2026-04-16T11:16:50+00:00
1567,328971119,ЮВАО,https://www.cian.ru/rent/flat/328971119/?context=3.RZaOyx0ZBxg.RKejE6GSNMxFRDkvrRPbp_N8CugD7Dt49xv1jK4l6OlEnsKO8CAM47cUyfWaWW5k9NJpCQYv4a8o4A&mlSearchSessionGuid=2050b27f536f378124da0d004ba19816,1/8,257000,25.4,23,33,,"1/8 Студия, 25,4 м², 23/33 этаж Только на Циан Окская 10 минут пешком Москва , ЮВАО , р-н Рязанский , м. Окская , улица Михайлова , 30Ак2 57 000 ₽/мес. От года, комм. платежи включены (без счётчиков), без комиссии, залог 57 000 ₽ Сдам уютную студию площадью 25,4 кв. м на 23 этаже современного 33-этажного дома, построенного в 2023 году. Квартира находится всего в 10 минутах ходьбы от метро ""Окская"", что делает ее идеальным вариантом для тех, кто ценит комфорт и удобство городской жизни. В квартире никто ранее не жил, вся мебель и техника новые. Есть вся необходимая мебель как в комнате, так и на кухне. Для вашего удобства установлены холодильник, телевизор и стиральная машина. Ванная комната оборудована душевой кабиной. Окна выходят на улицу, солнце только утром, поэтому в квартире не жарко. Проведен интернет оператора Ловит. Дом новый, в здании 4 лифта, парковка наземная, стихийная или платная вдоль шоссе. Договор аренды оформляется напрямую с собственником, без посредников и комиссии, сроком на 11 месяцев, далее возможно продление. Рассматриваю для проживания одного-двух человек, спокойных, чистоплотных, аккуратных, без животных, строго некурящих из-за сигнализации в квартире и в подъезде. Залог в размере месячной платы Риэлторам не беспокоить. Собственник ID 41480041 Назначить просмотр час назад сегодня, 12:44",,https://www.cian.ru/cat.php?deal_type=rent&district%5B0%5D=8&engine_version=2&offer_type=flat&room9=1&type=4&p=2,2026-04-16T11:16:50+00:00
1592,328975729,ЮВАО,https://www.cian.ru/rent/flat/328975729/?context=3.bHtu1L5UT0U.STc0npMv4excNR3lb3pqexaIxYFO9uE4-7UKsBbDoX64WeabWsfxunPnVqz5ShD1Kdg8XHCyC_iFRw&mlSearchSessionGuid=af00dc7a6953958932d7d18a2a81a069,1/10,260000,38.0,2,2,,"1/10 Апартаменты-студия, 38 м², 2/2 этаж Текстильщики 13 минут пешком Москва , ЮВАО , р-н Текстильщики , м. Текстильщики , Грайвороновская улица , 4С2 60 000 ₽/мес. От года, комм. платежи включены (без счётчиков), комиссия 60%, залог 60 000 ₽ АПАРТАМЕНТЫ СТУДИЯ — с полноценным вторым уровнем, потолками 6 метров и фитнесом в ЖК Адрес: Грайвороновская улица, 4с2. До метро Текстильщики — 11 минут пешком. Общая площадь с двумя этажами 42 м² => внизу гостиная зона 25м², наверху полноценное спальное место, где можно стоять в полный(!) рост. Потолки 6 метров! Выполнен новый качественный ремонт, вся мебель и техника новые. В апартаментах есть всё необходимое для комфортного проживания: холодильник, телевизор с Алисой, чайник, диван, кровать с новым матрасом, места для хранения. Микроволновая печь приобретена. Красивый вид, охраняемая территория за шлагбаумом, есть собственное парковочное место. СТОИМОСТЬ: 60.000₽ Пишите, договоримся о просмотре! Залог делится, агентская комиссия 60% Риелтор Дария Крылкова Суперагент +7 985 148-24-... Написать вчера 14 апр, 17:48",,https://www.cian.ru/cat.php?deal_type=rent&district%5B0%5D=8&engine_version=2&offer_type=flat&room9=1&type=4&p=3,2026-04-16T11:16:50+00:00
1523,327391865,ЮВАО,https://www.cian.ru/rent/flat/327391865/?context=3.Iem-cQjB_dU.9abeVHioKe_H04FHcpuXx-r-C_zyBlZ54o9l8JssgBmrluXNfmd9siQdshTVqc5msrp5L4SGX5a9GA&mlSearchSessionGuid=542d404063ac164bd2ce3424a0b32bfe,1/19 Ещё фото,260400,31.6,6,21,,"1/19 Ещё фото Сдаётся без залога! Студия, 31,6 м², 6/21 этаж Стахановская 9 минут на транспорте Москва , ЮВАО , р-н Текстильщики , м. Новохохловская , 1-й Грайвороновский проезд , 11к2 60 400 ₽/мес. От года, комм. платежи включены (без счётчиков), комиссия 50%, без залога Сдаётся уютная квартира-студия с хорошим ремонтом и совмещённым санузлом в ЖК Волжский парк. Без депозита! Её можно посмотреть когда Вам удобно: бронируете время, забираете ключи и спокойно осматриваете. Если всё понравится, договор подпишем онлайн и будем поддерживать Вас на всех этапах аренды. Квартира оборудована всей необходимой для проживания мебелью и техникой: - Кухонный гарнитур; - Сплит-система; - Стиральная машина; - Холодильник; - Телевизор; - Утюг; - Проведён интернет. Дополнительную мебель и технику можно приобрести в счёт арендной платы. Полы - плитка и ламинат. Окна выходят во двор, на юг, есть бесплатная парковка. Собственник готов заселить не более 2 взрослых жильцов с детьми, бесплатно оформить временную регистрацию или заключить договор с юридическим лицом. Можно с кошкой по согласованию. Недалеко от дома: - ТЦ Город; - Пруд Садки; - Сквер 200-летия Пушкина. В пешей доступности - продуктовые супермаркеты, школы, детские сады, медицинские учреждения, аптеки, кафе, салоны красоты, БЦ Turas. До м. Текстильщики - 20 минут пешком. Агентство недвижимости ПИК-Аренда Документы проверены Посмотреть все объекты +7 986 264-07-... Написать 5 минут назад сегодня, 14:10",,https://www.cian.ru/cat.php?deal_type=rent&district%5B0%5D=8&engine_version=2&offer_type=flat&room9=1&type=4&p=1,2026-04-16T11:16:50+00:00
1578,328931683,ЮВАО,https://www.cian.ru/rent/flat/328931683/?context=3.FvndgKWJFAM.-HaXt214qami8KcEw_kw5qNVYxOx35-zP_zXu381bVz5_wMf8LVbfssZGEMK92l-u4H5G5_wMgMErA&mlSearchSessionGuid=af00dc7a6953958932d7d18a2a81a069,1/12,266000,20.1,14,33,,"1/12 Студия, 20,1 м², 14/33 этаж Только на Циан Проверено в Росреестре Новохохловская 6 минут пешком Москва , ЮВАО , р-н Нижегородский , м. Новохохловская , Новохохловская улица , 15к2 66 000 ₽/мес. От года, комм. платежи включены (без счётчиков), без комиссии, залог 66 000 ₽ Я собственник. Сдается уютная светлая студия с дизайнерским ремонтом. Отличный вид из окна на юго-восток. 5-7 минут пешком до станции Новохохловская В квартире есть все необходимое: - Холодильник - Стиральная машина - ТВ и интернет - Плита и чайник, микроволновка - Раскладной диван с ортопедическим основанием - Оборудована душевая кабина - Шкафы и ящики для хранения Дом свежий, сдан в конце 2023 года, в ЖК есть магазины, пвз, салоны, кофейня. Ищу добропорядочных арендаторов, квартира походит для одного человека или пары. Оплата - ежемесячный платеж+депозит в размере 100% Не всегда могу ответить на звонок, если не беру трубку - пишите, обязательно отвечу. ----- Примечание: у собственника могут быть дополнительные пожелания к жильцам - обсудите их в чате или по телефону Собственник ID 115866818 +7 986 364-25-... Написать два дня назад 14 апр, 11:43",,https://www.cian.ru/cat.php?deal_type=rent&district%5B0%5D=8&engine_version=2&offer_type=flat&room9=1&type=4&p=3,2026-04-16T11:16:50+00:00
1562,328938822,ЮВАО,https://www.cian.ru/rent/flat/328938822/?context=3.2YSH8VOt6k0.giwSeUWtLyEh8JaKeztsVrM05IK3899NmyeQrQ5-Lug3HVrMh2FMfnGRLgQZXfxyIHQbQTDsiWPUGA&mlSearchSessionGuid=2050b27f536f378124da0d004ba19816,1/23,270000,23.0,20,24,,"1/23 Студия, 23 м², 20/24 этаж Только на Циан Нижегородская 12 минут пешком Москва , ЮВАО , р-н Нижегородский , м. Нижегородская , Рязанский проспект , 2/2к2 70 000 ₽/мес. От года, комм. платежи включены (без счётчиков), без комиссии, залог 70 000 ₽ Собственник, сдаю прекрасную студию, м. Нижегородская, на долгий срок 10 мин до м. Нижегородская (там же БКЛ, МЦК, МЦД-4) Новостройка, 20-й этаж, 23 м², белые стены, лоджия с теплым полом. Качественная отделка под себя. Помимо стандартного набора: - измельчитель отходов в раковине - стиралка со встроенной сушкой - кондиционер - отпариватель - кровать с ортопедическим матрасом - умный чайник - качественные выключатели и сантехника (Schneider, hansgroge, grohe, ravak) Для водителей: простой выезд на ТТК и МСД, круглосуточная недорогая парковка в соседнем ТЦ. Рядом лавка с фермерскими овощами и фруктами, вкусвилл, пятерочка, аптеки, кофейни, ПВЗ (желтый, синий, розовый), фитнес. 15 мин пешком до Ашана и Лемана Про, там же большой МФЦ. Условия: Курение запрещено Без комиссии Залог (1 месяц) можно разбить на 2 месяца. Квартира готова к показу и заселению Собственник ID 67814503 Документы проверены +7 919 765-60-... Написать вчера вчера, 22:08",,https://www.cian.ru/cat.php?deal_type=rent&district%5B0%5D=8&engine_version=2&offer_type=flat&room9=1&type=4&p=2,2026-04-16T11:16:50+00:00
1553,329009883,ЮВАО,https://www.cian.ru/rent/flat/329009883/?context=3.3ed7RlX2oa8.raS9c4jspDwq_csD3rtQ3FnbvlPVyKzh5-8fHKirLNAooou78qR0EvUvIlxfs9htslbfWOkPFiPssg&mlSearchSessionGuid=2050b27f536f378124da0d004ba19816,1/34,280000,30.1,2,4,,"1/34 Студия, 30,1 м², 2/4 этаж Только на Циан Москва-Товарная 8 минут пешком Москва , ЮВАО , р-н Лефортово , м. Москва-Товарная , шоссе Энтузиастов , 3к2 80 000 ₽/мес. От года, комм. платежи включены (без счётчиков), комиссия 50%, без залога Дoлгocрoчная аренда (договoр нa 11 меcяцев). Kвартиpа cдaeтcя впepвые! Представляeм вашему внимaнию студию площадью 30.1 кв.м. pасполoжeнную в ЖК Символ Квартира укомплектована всем необходимым для комфортного проживания: качественная техника и стильная мебель! Бытовая теxника: cтиральнaя мaшина, xoлодильник, варочная панeль, духовой шкаф, пoсудомоечная машина, электрический чайник, утюг, телевизор, кондиционер. Транспортная доступность: Метро Площадь Ильича - 6-10 мин пешком Метро Римская- 6-10 мин пешком - На территории ЖК открыты лицей при МГТУ им. Баумана, детские сады, физкультурно-оздоровительные комплексы, детская и взрослая поликлиники, кафе, супермаркеты, рестораны и многое другое. - Рядом расположены Лефортовский парк и парк Казачьей Славы и набережная реки Яузы. - Напротив квартала находится крупный торгово-развлекательный центр Город. Условия проживания по Тарифу Комфортное проживание: - 50% от арендного платежа при заселении; - Раннее бронирование объекта (за 3 дня до заселения); - Персональный менеджер на всех этапах аренды быстро реагирует на запросы - большинство бытовых вопросов решаем за 48 часов; - Страхование гражданской ответственности до 300 000 ₽; - Организация мелкого ремонта. Коммунальные платежи: электроэнергия, хвс\гвс, услуги интернет-провайдера, расходы за отопление дома/квартиры оплачивает арендатор. Заселение только при наличии постоянной регистрации РФ. Без животных. Агентство недвижимости СМАРЕНТ Документы проверены +7 985 853-93-... Написать вчера вчера, 15:09",,https://www.cian.ru/cat.php?deal_type=rent&district%5B0%5D=8&engine_version=2&offer_type=flat&room9=1&type=4&p=2,2026-04-16T11:16:50+00:00
1532,313752293,ЮВАО,https://www.cian.ru/rent/flat/313752293/?context=3.ZY5B_H0vUHY.oeVMlKnKCr3Xo4lZ7SwQmlQec9V0Rw8kpjm1Y5BWVq8jxhGruXQfjs9DVZYkmBMRqvqZL_rI0sravw&mlSearchSessionGuid=542d404063ac164bd2ce3424a0b32bfe,1/50,296000,43.0,17,17,,"1/50 Просторная студия у МЦК Дубровка Студия, 43 м², 17/17 этаж Проверено в Росреестре Дубровка 7 минут пешком Москва , ЮВАО , р-н Южнопортовый , м. Дубровка , 6-я Кожуховская улица , 15к2 96 000 ₽/мес. От года, комм. платежи включены (без счётчиков), без комиссии, залог 120 000 ₽ На последнем 17 этаже, на южной стороне одноподъездного монолитного дома 2005 года постройки, сдается просторная 43 м. студия с лоджией, полностью оборудованная и укомплектованная всем необходимым. Установлена новая сушильная машина, капсульная Nespresso, индукционная плита, фильтрация питьевой воды с осмосом, бойлер, Oled (именно Олед) телевизор с не замедляемым ютубом, Apple tv 4k с Кинопабом! (Не путать с Кинопоиском и другими бесполезными онлайн кинотеатрами) , колонкой Алисой с элементами умного дома (интерьерное освещение на голосовом управлении), домашним кинотеатром 5.1 B&W мультирум, по необходимости + xbox X. Инверторный кондиционер Fujitsu с ночным режимом 19dB и Конвекционная микроволновая печь Panasonic (оба made in Japan). В наличии хорошая, новая кухонная посуда, приборы Broggi новое белье (икея импорт)) и всё что нужно для жизни, (штопор есть!). Вам, только развесить на 120 вешалках личные вещи, в 2-х шкафах, и в прихожей разместить 27 пар обуви в обувнице. Кровать - 160/200 и доп спальное место из дивана 120/180. Не смотря на то, что дом находится рядом с ТТК, с прекрасной транспортной доступностью, в квартире тихо и можно спать с открытыми окнами. В доме приветливые соседи и круглосуточный консьерж. У дома ВСЕГДА есть бесплатные парковочные места. Рядом, в соседних домах, продуктовые сетевые магазины с алкоголем, работающие до 23:00 и один круглосуточный + большой Магнит Косметик, через дом Яндекс лавка., Аптека и тандыр Пекарня. В трех! минутах ходьбы от дома большой ТРЦ Мозаика, с фудкортом, гипер маркетом, фитнесом (DDX) флагманским Мфц и 2-х минутным переходом на станцию МЦК Дубровка. Метро Кожуховская в 12 минутах ходьбы. Недалеко находится ландшафтный парк Остров Мечты (идеально для велопрогулок) В стоимость аренды включены все платежи кроме электроэнергии. Сдаю без животных, на длительный срок ценящим чистоту, камерность и уют. Если вы хотите жить в современных условиях, но большие ЖК с маленькими деревьями и плохой шумоизоляцией вам не подходят, тогда это предложение может быть вам интересно. ID 47359882 Документы проверены +7 985 002-22-... Написать 4 часа назад сегодня, 09:49",,https://www.cian.ru/cat.php?deal_type=rent&district%5B0%5D=8&engine_version=2&offer_type=flat&room9=1&type=4&p=1,2026-04-16T11:16:50+00:00
1533,328376795,ЮВАО,https://www.cian.ru/rent/flat/328376795/?context=3.DqnA65VZ524.mjCcMkcDAuFVcV1ER2BSdSB8pYWzhYXkeZFq1_MC-0PncMj9qz4_VzkijvE58ywASJqMiTlYP0LjGw&mlSearchSessionGuid=542d404063ac164bd2ce3424a0b32bfe,1/11,336000,12.0,10,15,,"1/11 Студия, 12 м², 10/15 этаж Люблино 15 минут пешком Москва , ЮВАО , р-н Люблино , м. Люблино , Цимлянская улица , 3к3 36 000 ₽/мес. От года, комм. платежи включены (счётчики включены), комиссия 100%, залог 36 000 ₽ Показы 8 апреля СДАМ ДЛЯ ОДНОГО человека на длительный срок квартиру-студию с современным евроремонтом в новом ЖК бизнес-класса ""ВЛюблино"", район Люблино. Депозит возможно разбить на 2 части. Дом 15-этажный монолитный. Этаж 10/15, пластиковые окна, санузел совмещен. Диван двуспальный, микроволновая печь, холодильник, электро-плита, чайник, шкаф, стиральная машина (в коридоре). Инфраструктура развитая, все объекты первой необходимости расположены в пешей доступности: школа, детский сад, супермаркеты и др. Рядом парки. От станции метро Люблино - 9 минут пешком. Автобусные остановки возле дома. Оперативный показ: Москва, Цимлянская 3к3. Агентство недвижимости ЖИЛСЕРВИС Суперагент +7 915 496-36-... Написать вчера вчера, 22:56",,https://www.cian.ru/cat.php?deal_type=rent&district%5B0%5D=8&engine_version=2&offer_type=flat&room9=1&type=4&p=1,2026-04-16T11:16:50+00:00
1590,277860670,ЮВАО,https://www.cian.ru/rent/flat/277860670/?context=3.2YkOOTty_gs.BJUl1pELPiVzuheiYleJw7xhbB1HCC9Tgts85b1wL9s4RJyCnl6be9NrZDQlWLQl4zI-62_WpsdwXA&mlSearchSessionGuid=af00dc7a6953958932d7d18a2a81a069,1/7,338000,15.5,2,5,,"1/7 Студия, 15,5 м², 2/5 этаж Только на Циан Кузьминки 14 минут пешком Москва , ЮВАО , р-н Кузьминки , м. Кузьминки , Окская улица , 28К3 38 000 ₽/мес. От года, комм. платежи включены (без счётчиков), без комиссии, залог 38 000 ₽ прошу писать, а не звонить Квартира светлая со свежим ремонтом. предыдущий жилец оставил загрязнения, поэтому на первый месяц будет предоставлена скидка 5 тыс.руб. показы не провожу, прошу писать если готовы снять сразу Собственник ID 88806947 Документы проверены +7 985 865-37-... Написать два дня назад 14 апр, 04:57",,https://www.cian.ru/cat.php?deal_type=rent&district%5B0%5D=8&engine_version=2&offer_type=flat&room9=1&type=4&p=3,2026-04-16T11:16:50+00:00
1575,328043825,ЮВАО,https://www.cian.ru/rent/flat/328043825/?context=3.yOu4K-aklpc.MgAVg1qLPBGyJlkUHcFWhWRcj3uaTcdEMslicuOgHtvXubPTFeCC0NId5srIjkL-6OXzk4_jPG4jSQ&mlSearchSessionGuid=af00dc7a6953958932d7d18a2a81a069,1/6,343000,20.0,1,12,,"1/6 Студия, 20 м², 1/12 этаж Марьино 6 минут пешком Москва , ЮВАО , р-н Марьино , м. Марьино , Новомарьинская улица , 3К3 43 000 ₽/мес. От года, комм. платежи включены (без счётчиков), комиссия 70%, залог 43 000 ₽ Арт. 133103315 Сдается студия рядом с метро. Сделан свежий ремонт и установлена новая мебель. Есть балкон. Хорошо подойдет для одного человека. Звоните. Агентство недвижимости Самолет Плюс Документы проверены +7 989 151-24-... Написать вчера 14 апр, 16:25",,https://www.cian.ru/cat.php?deal_type=rent&district%5B0%5D=8&engine_version=2&offer_type=flat&room9=1&type=4&p=3,2026-04-16T11:16:50+00:00
1517,324788407,ЮВАО,https://www.cian.ru/rent/flat/324788407/?context=3.BcnndVqqtMI.JKsVjjxLR5rW9XY_P4iqWNcSgo13gFAPTJmUKg3YxPRUJD3iszV17psvqOacFHAPcaTtjN89FpOnOw&mlSearchSessionGuid=542d404063ac164bd2ce3424a0b32bfe,1/18 Ещё фото,349500,27.0,19,25,,"1/18 Ещё фото Пешком до метро! Студия, 27 м², 19/25 этаж Перерва 4 минуты на транспорте Москва , ЮВАО , р-н Люблино , м. Перерва , Люблинская улица , 74к3 49 500 ₽/мес. От года, комм. платежи включены (без счётчиков), комиссия 50%, залог 49 500 ₽ Сдаётся уютная 1-комнатная квартира с хорошим ремонтом и совмещённым санузлом в ЖК Люблинский Парк. Её можно посмотреть когда Вам удобно: бронируете время, забираете ключи и спокойно осматриваете. Если всё понравится, договор подпишем онлайн и будем поддерживать Вас на всех этапах аренды. Квартира оборудована всей необходимой для проживания мебелью и техникой, имеются: - Кухонный гарнитур; - Плита; - Стиральная машина; - Холодильник; - Интернет. Можно обсудить покупки дополнительной мебели/техники в счёт арендной платы. Полы - плитка и ламинат. Окна выходят во двор, на запад. Есть бесплатная парковка. Собственник готов заселить не более 2 взрослых жильцов с детьми. Можно с питомцем. Дом находится в районе с развитой инфраструктурой, рядом: - ТЦ Люблю Молл; - Парк Героев Отечественной войны 1812 года. Также в пешей доступности находятся продуктовые супермаркеты, школы, детские сады, медицинские учреждения, аптеки, кафе, салоны красоты. До МЦД-2 Перерва - 17 минут пешком. Агентство недвижимости ПИК-Аренда Документы проверены Посмотреть все объекты +7 916 573-01-... Написать вчера 14 апр, 15:29",,https://www.cian.ru/cat.php?deal_type=rent&district%5B0%5D=8&engine_version=2&offer_type=flat&room9=1&type=4&p=1,2026-04-16T11:16:50+00:00
1596,328953032,ЮВАО,https://www.cian.ru/rent/flat/328953032/?context=3.2MaOIB-Yssk._JPTCZ7U3-2OLLa6H9p-XxB2wKH7Pqb80x8Y6zPomwkNC8XUNrPYb1I1q7xil7ZXkZ7ylLSrE_vCcA&mlSearchSessionGuid=af00dc7a6953958932d7d18a2a81a069,1/11,355000,25.0,15,33,,"1/11 Студия, 25 м², 15/33 этаж Новохохловская 13 минут пешком Москва , ЮВАО , р-н Нижегородский , м. Калитники , Новохохловская улица , 15к3 55 000 ₽/мес. От года, комм. платежи включены (без счётчиков), без комиссии, залог 55 000 ₽ ОТ СОБСТВЕННИКА! БЕЗ КОМИССИИ! НОВЫЙ РЕМОНТ! Шаговая доступность до МЦК и МЦД Новохохловская и метро Нижегородская Хорошая входная группа и уютный двор Высокий этаж, очень крутой вид из окна на всю Москву В студии есть все необходимое для комфортного проживания! Большая двуспальная кровать, двусторонний матрас с разными уровнями жесткости. Вместительный шкаф-купе для одежды. Рассмотрим ОДНОГО ЧЕЛОВЕКА, строго без детей и животных. Квартира полностью готова к заселению. Оперативный показ! Собственник ID 57901146 +7 989 146-41-... Написать два дня назад 14 апр, 10:49",,https://www.cian.ru/cat.php?deal_type=rent&district%5B0%5D=8&engine_version=2&offer_type=flat&room9=1&type=4&p=3,2026-04-16T11:16:50+00:00
1525,321407694,ЮВАО,https://www.cian.ru/rent/flat/321407694/?context=3.fzcI2ZevhDM.LR12_gN0EsOguqtVrSgMfyOa3pLFrtEAkXk2YvTxdSS398XhNKGj8c5IFphFJgRDApfdsPVzTKQS6g&mlSearchSessionGuid=542d404063ac164bd2ce3424a0b32bfe,1/15 Ещё фото,375000,30.0,20,23,,"1/15 Ещё фото Студия рядом с метро Студия, 30 м², 20/23 этаж Только на Циан Стахановская 1 минута пешком Москва , ЮВАО , р-н Рязанский , м. Стахановская , 2-й Грайвороновский проезд , 44к3 75 000 ₽/мес. От года, комм. платежи включены (без счётчиков), без комиссии, залог 75 000 ₽ Собственник предлагает аккуратным и порядочным людям студию с оптимальным метражем для аренды на длительный срок. 2 минуты пешком до м. Стахановская. Квартира находится в новом ЖК с развитой инфраструктурой- кафе, рестораны, студии фитнеса и йоги, салоны красоты, массажа, барбершопы, химчистки, пункты выдачи маркетплейсов, разнообразные продуктовые магазины и т.д. Охраняемая закрытая территория, вдоль ЖК расположен пешеходный бульвар с открытыми спортивными площадками, футбольным полем, скейт парком. Удобное транспортное расположение. Квартира с интересными интерьерными решениями , качественной отделкой, сантехникой и мебелью. В квартире предусмотрено всё для Вашего комфортного проживания: посудомоечная машина, микроволновая печь, духовой шкаф, индукционная плита, фильтр для воды,электрический чайник, холодильник, стиральная и сушильная машина, водонагреватель, smart TV, продумано много мест для хранения. Оплата: за первый месяц плюс обеспечительный платеж (стоимость аренды за месяц), который возвращается после выселения из квартиры. отдельно оплачивается интернет+коммунальные платежи по счётчикам. Собственник ID 99121972 Документы проверены Посмотреть все объекты +7 916 536-94-... Написать час назад сегодня, 13:10",,https://www.cian.ru/cat.php?deal_type=rent&district%5B0%5D=8&engine_version=2&offer_type=flat&room9=1&type=4&p=1,2026-04-16T11:16:50+00:00
1524,328204522,ЮВАО,https://www.cian.ru/rent/flat/328204522/?context=3.KJOma0sNeIg.Dg3ZIHWlWIXB3BOAWCycf5d4sLlgaH1f8vI6R6yPJfAnDNtAYUDJpGXSd_XuxX4hGorr1PwtvHQxDQ&mlSearchSessionGuid=542d404063ac164bd2ce3424a0b32bfe,1/11,425000,18.0,1,22,,"1/11 Апартаменты-студия, 18 м², 1/22 этаж Только на Циан Волгоградский проспект 5 минут на транспорте Москва , ЮВАО , р-н Нижегородский , м. Калитники , Автомобильный проезд , 4 25 000 ₽/мес. От года, комм. платежи включены (без счётчиков), комиссия 60%, без залога ВАШЕМУ ВНИМАНИЮ! Описание обязательно к прочтению! Сдаются апартаменты в ЧЕРНОВОЙ отделке, как под проживание так и под свободное назначение! Ограничений к составу проживающих нет. Все разводки под коммуникации присутствуют (туалета и ванной нет!), а именно: Отопление есть Гор\хол вода есть Труба под водоотвод есть. Фото нет, есть только видео, могу выслать в личные сообщения в мессенджер. Студия теплая, если требуется лёгкий ремонт, можете сделать под себя, либо же арендовать под склад, рабочее помещение и любые другие задачи. Помещение высокое, рассчитано под двухэтажный проект. Улучшение условий проживания за счёт наймодателя не рассматриваем! В наличии есть несколько объектов схожей планировки и квадратуры в собственности, поэтому предложение всегда актуально. Показ и заселение возможно в любой день! Оперативный просмотр! Агентство недвижимости PREMIUM CITY Суперагент +7 923 077-63-... Написать 3 часа назад сегодня, 10:53",,https://www.cian.ru/cat.php?deal_type=rent&district%5B0%5D=8&engine_version=2&offer_type=flat&room9=1&type=4&p=1,2026-04-16T11:16:50+00:00
1536,328751223,ЮВАО,https://www.cian.ru/rent/flat/328751223/?context=3.0Z7oIYFHVDI.SQJbTx5VRZk98SXgGMTNngkodLPeU6jUjI_C5jNoyyCDvvIfWaLvuIM5r9zQHN3_KR5ZtveldNMTAA&mlSearchSessionGuid=542d404063ac164bd2ce3424a0b32bfe,1/6,425000,17.5,11,21,,"1/6 Апартаменты-студия, 17,5 м², 11/21 этаж Только на Циан Волгоградский проспект 5 минут на транспорте Москва , ЮВАО , р-н Нижегородский , м. Калитники , Автомобильный проезд , 4 25 000 ₽/мес. От года, комм. платежи включены (без счётчиков), без комиссии, без залога Сдам на длительный срок. Если не ответил.пишите. я перезвоню. Собственник ID 130770500 +7 985 558-57-... Написать неделю назад 8 апр, 14:38",,https://www.cian.ru/cat.php?deal_type=rent&district%5B0%5D=8&engine_version=2&offer_type=flat&room9=1&type=4&p=1,2026-04-16T11:16:50+00:00
1589,328035351,ЮВАО,https://www.cian.ru/rent/flat/328035351/?context=3.WebYCd70T30.sWlOyhGz_yIoAgueIrSIaDUeuwE7yy3RdsK6Ea9ezjaIyto6HKwC_JEE3H1dwRdNUSqv216Ua1iPjw&mlSearchSessionGuid=af00dc7a6953958932d7d18a2a81a069,1/17,448000,17.8,16,21,,"1/17 Апартаменты-студия, 17,8 м², 16/21 этаж Калитники 10 минут пешком Москва , ЮВАО , р-н Нижегородский , м. Калитники , Автомобильный проезд , 4 48 000 ₽/мес. От года, комм. платежи включены (без счётчиков), комиссия 42%, залог 30 000 ₽ Новая студия со свежим ремонтом и мебелью в ЖК Бизнес-класса N'ICE LOFT! Свежий ремонт. Сдается впервые после ремонта и обустройства. Все готово к вашему комфортному проживанию. Кондиционер, холодильник, стиральная машина, раскладной диван для сохранения пространства, вместительные шкафы, много места для хранения, новый комплект посуды, постельного белья и спальных принадлежностей. Удобная транспортная доступность: - Станция Калитники в 10-ти минутах пешком; - до Волгоградского проспекта 11 минут; - остановка общественного транспорта в 5-ти минутах пешком; - удобный выезд на Третье транспортное кольцо; - до Кремля 5 км. Условия аренды: От 4 месяцев или на длительной срок Плата за месяц -48.000 руб. (плюс оплата по счетчикам) Залог - 30.000 руб. Комиссия - 20.000 руб. Подробности по телефону. НЕ ОТКЛАДЫВАЙТЕ звонок на завтра, завтра могут сказать что ""квартира уже сдана""! Риелтор Кадрия Котова Суперагент +7 923 078-61-... Написать четыре дня назад 11 апр, 19:31",,https://www.cian.ru/cat.php?deal_type=rent&district%5B0%5D=8&engine_version=2&offer_type=flat&room9=1&type=4&p=3,2026-04-16T11:16:50+00:00
1563,329010592,ЮВАО,https://www.cian.ru/rent/flat/329010592/?context=3._iladGXNX4Y.Qc491n1FvLD3FHcQUMBEbARprwOqrG43cQAYq5eyBQPQSDFl29yDAdzLMNa1ejhzAypc-6SF0vED3A&mlSearchSessionGuid=2050b27f536f378124da0d004ba19816,1/8,453000,20.0,10,17,,"1/8 Студия, 20 м², 10/17 этаж Только на Циан Братиславская 4 минуты на транспорте Москва , ЮВАО , р-н Люблино , м. Перерва , Иловайская улица , 4 53 000 ₽/мес. От года, комм. платежи включены (счётчики включены), без комиссии, залог 53 000 ₽ Сдается уютнaя и свeтлая квapтиpа-студия в ЖК Люблинcкий пapк на длительный сpoк. Зaкpытaя территория у домa, мaгазины, кафе, сaлoны кpасoты, caдик, школa. B 15 минутах ходьбы Aшан, торгoвый центр, парки, пoликлиники, всe неoбходимоe для жизни в пeшей дocтупности. По ЖK ходит aвтобуc, на aвтобуce 15 минут до метрo Братиславская ( 2 КМ ), Марьино ( 2 КМ ) , Люблино ( 4 КМ). В кваpтиpe вce eсть для жизни -мебель, техника, вce новое! Кухонная зoна oбоpудована вcтpоeннoй варочнoй пaнeлью, микpовoлнoвой печью, холодильником, стол,стулья. Есть электрический чайник, минимальный набор посуды и столовых приборов, кастрюля, сковорода. В комнате шкафы для одежды и раскладной диван. В прихожей большой шкаф для одежды и личных вещей, зеркало. В ванной комнате также всё необходимое: раковина стиральная машина, сушилка для белья. В квартиру проведен высокоскоростной интернет. Квартира сдается собственником, без посредников, по договору, без домашних животных. В оплату аренды включены коммунальные платежи. интернет оплачивается отдельно. Арендная плата 53.000 При заселении оплата за первый и последний месяц. Собственник ID 74842870 +7 915 014-69-... Написать вчера вчера, 17:17",,https://www.cian.ru/cat.php?deal_type=rent&district%5B0%5D=8&engine_version=2&offer_type=flat&room9=1&type=4&p=2,2026-04-16T11:16:50+00:00
1583,326768340,ЮВАО,https://www.cian.ru/rent/flat/326768340/?context=3.lCUcmiY46CY.e2iZpIiLn3yJ84bV74wkj0aLZFhSQai_aASwClOennvyRStEHeSG1NYuXZZR8z_3k7S8n7lvgRN5Zg&mlSearchSessionGuid=af00dc7a6953958932d7d18a2a81a069,1/20,454990,10.0,2,21,,"1/20 Студия, 10 м², 2/21 этаж Только на Циан Калитники 10 минут пешком Москва , ЮВАО , р-н Нижегородский , м. Калитники , Автомобильный проезд , 4 54 990 ₽/мес. На несколько месяцев, комм. платежи включены (без счётчиков), без комиссии, залог 10 000 ₽ КЛИНИНГ ВКЛЮЧЕН В СТОИМОСТЬ. СРЕДНЕСРОЧНАЯ АРЕНДА на 1-6-12 мес. ЖК Nice Loft | Студия с кондиционером рядом с метро | Постельное белье и полотенца | Кондиционер | Двуспальная кровать | Smart TV | Высокоскоростной Wi-Fi | Полный пакет отчетных документов с чеками | Высокий Рейтинг | _ _ _ Дизайнерская Студия в ЖК Nice Loft. Чистая, уютная и новая студия, откуда не хочется уезжать. Интерьер продуман до мелочей. Заходи и Живи! Метро Калитники D2 (10 минут пешком) В квартире есть все необходимое для проживания 2-х человек: — двуспальная кровать; — кондиционер; — Wi-Fi, Smart-TV; — гладильная доска, утюг, сушилка; — постельное белье, комплект полотенец. Кухня: — плита, вытяжка, микроволновая печь, холодильник, чайник; — набор посуды и вся необходимая утварь; — чай, кофе, соль, сахар. Ванная комната: — душевая, фен; — стиральная машина, сушильная машина (в прихожей); — косметические принадлежности (шампунь, гель для душа, мыло). _ _ _ Инфраструктура: — метро Калитники D2 (10 минут пешком); — Калитниковский пруд (7 минут пешком); — Московский кёрлинг-клуб (15 минут пешком) — Международный университет психолого-педагогических инноваций (15 минут пешком); — Первый Московский кадетский корпус, Таганская кадетская школа (15 минут пешком); — Высшая школа телевидения Останкино (3 минут на авто); — Московский дайвинг (5 минут на авто); — квесты ""Клаустрофобия"" и ""Quest Stars"" (7 минут на авто); — Московский финансово-юридический университет (10 минут на авто); — Театр на Мельникова (10 минут на авто); — Товарищество артистов МХАТ (10 минут на авто); — завод ЦНИИТМАШ (12 минут на авто); — спортивный комплекс ""Центральный"" (13 минут на авто) _ _ _ Правила проживания: — от 18 лет при наличии паспорта; — проживание с детьми разрешено; — курение и шумные мероприятия в квартире не допускаются; При бронировании вносится предоплата за 1 месяц проживания 50 000 рублей Залог - 10 000 рублей. Коммунальные услуги не включены в стоимость - 5000 руб. Будем рады встретить Вас у нас в гостях! Забронируйте прямо сейчас! Ждем наших дорогих гостей! Агентство недвижимости ФУЛЛ ХАУС Суперагент +7 933 938-47-... Написать 3 недели назад 25 мар, 18:05",,https://www.cian.ru/cat.php?deal_type=rent&district%5B0%5D=8&engine_version=2&offer_type=flat&room9=1&type=4&p=3,2026-04-16T11:16:50+00:00
1573,328179979,ЮВАО,https://www.cian.ru/rent/flat/328179979/?context=3.dMf5DtFk0Qk.OjZCyij8KWm2C5ITmOaIc0fFgtQJg160k4EwZFeLVznlo7KVCS3Gr0yOniMCfvUwDkYKhOKyBEXIOA&mlSearchSessionGuid=af00dc7a6953958932d7d18a2a81a069,1/14,457000,23.5,4,17,,"1/14 Студия, 23,5 м², 4/17 этаж Новохохловская 5 минут на транспорте Москва , ЮВАО , р-н Текстильщики , м. Новохохловская , 1-й Грайвороновский проезд , 3Ак4 57 000 ₽/мес. От года, комм. платежи включены (счётчики включены), без комиссии, залог 57 000 ₽ Новая уютная студия - идеально для одного человека или пары. Первая сдача, никто не жил. Пешая доступность до метро Новохохловская и Текстильщики. До центра - около 10 минут на метро или 25 минут на машине. Рядом вся необходимая инфраструктура: торговые центры, магазины, фитнес-клубы, кафе, рестораны, кинотеатр, скверы. О квартире: • Площадь: 23,5 м² • Новый ремонт • Полностью укомплектована - можно заехать и жить • Кухня: холодильник, плита, духовка, микроволновка, посудомоечная машина, вытяжка • Мебель: двуспальный диван с наматрасником, шкафы, рабочая зона, кухонный остров • Санузел с душевой, стиральная машина • Кондиционер • Фильтр для воды (осмос, Аквафор DWM-70) • Робот-пылесос Xiaomi • Вид из окна: во двор и на город Дом и территория: • Закрытый двор • Охрана • Парковка • Детская площадка • Магазины и пункты выдачи заказов в доме Условия для 1-2 человек Стоимость: 55 000 ₽/мес + свет и вода по счетчикам Депозит - 1 месяц (возможна разбивка) Срок аренды - от 6 месяцев Заселение сразу Показ по договоренности Фото и видео по запросу Без комиссии, не агентство Собственник ID 105348705 +7 985 085-60-... Написать два дня назад 14 апр, 08:38",,https://www.cian.ru/cat.php?deal_type=rent&district%5B0%5D=8&engine_version=2&offer_type=flat&room9=1&type=4&p=3,2026-04-16T11:16:50+00:00
1538,328650937,ЮВАО,https://www.cian.ru/rent/flat/328650937/?context=3.tM5bwXOEMHQ.bsyaAV2Mu6AaCBXd9ATyRTDaGEWfsTsfxza7BwtYOyqqOp_B3eOLQBvHChbbO4wxKgppX4j-lO4u9g&mlSearchSessionGuid=542d404063ac164bd2ce3424a0b32bfe,1/16,460000,19.8,15,17,,"1/16 Студия, 19,8 м², 15/17 этаж Текстильщики 10 минут на транспорте Москва , ЮВАО , р-н Текстильщики , м. Новохохловская , 1-й Грайвороновский проезд , 3Ак4 60 000 ₽/мес. На несколько месяцев, комм. платежи включены (без счётчиков), без комиссии, залог 60 000 ₽ Предлагается студия в современном жилом комплексе. Квартира никогда не сдавалась и не использовалась для аренды — вы станете первыми жильцами. В квартире выполнен ремонт ""под ключ"" с продуманной эргономикой и качественными материалами. Идеально подойдет для аккуратного человека или семейной пары. Квартира с окнами во двор. Планировка и мебель: Установлена кровать с орто-основанием и подъемным механизмом. Под матрасом — глубокий короб для хранения. Обеденная зона с раздвижным столом. Большой распашной шкаф для одежды и обуви. Письменный стол с удобным креслом. Техника и оснащение: — индукционная варочная панель (2 конфорки, быстрый нагрев); — посудомоечная машина; — вытяжка, микроволновая печь, чайник, холодильник no frost; — кондиционер; — фильтр для воды под мойкой (питьевая вода без бутылок и кулеров); — в ванной: стиральная машина с функцией сушки, шкаф и тумба для хранения; — несколько сценариев освещения. Ecть всe нeoбxодимoe для комфopтного прoживания, в т.ч нaбoр посуды для пригoтовлeния, нaбор столoвoй поcуды и cтоловыx прибoров, разделочная доска. Подушки, одеяло, гладильная доска. Инфраструктура и расположение: Дом находится в районе с полностью сформированной инфраструктурой ""в шаге от дома"". В пешей доступности : — детский сад и общеобразовательная школа; — городская поликлиника и частный медицинский центр; — продуктовые супермаркеты и круглосуточные аптеки; — кофейни, кафе для завтраков, салоны красоты и барбершопы. Условия: — Аренда долгосрочная, договор на 11 месяцев. Если съезжаете ранее чем через 6 месяцев, депозит не возвращается) — Залог 100% — Коммунальные платежи в стоимость не входят, оплачиваются дополнительно — Без домашних животных (индивидуально обговаривается маленькая собака) — В квартире нельзя курить (стоят датчики дыма). Собственник ID 39546126 +7 985 627-68-... Написать 6 часов назад сегодня, 07:55",,https://www.cian.ru/cat.php?deal_type=rent&district%5B0%5D=8&engine_version=2&offer_type=flat&room9=1&type=4&p=1,2026-04-16T11:16:50+00:00
1558,328298236,ЮВАО,https://www.cian.ru/rent/flat/328298236/?context=3._x6q6Xp4RJY.xrgvLmnf3YjMiHJ1b5gsIFL9HUjbu1KHSrHVoDU1-QlzyWb6L4jcf0A0KszBDP_f0I-RHXGWfzQv9A&mlSearchSessionGuid=2050b27f536f378124da0d004ba19816,1/13,460000,17.0,11,17,,"1/13 Студия, 17 м², 11/17 этаж Только на Циан Волгоградский проспект 19 минут пешком Москва , ЮВАО , р-н Нижегородский , м. Калитники , Автомобильный проезд , 4 60 000 ₽/мес. От года, комм. платежи включены (без счётчиков), комиссия 50%, залог 60 000 ₽ Представляю вашему вниманию уникальную квартиру с дизайнерским ремонтом в современном монолитно-кирпичном доме 2025 года постройки. Расположенная в новом спортивном жилом комплексе Найс Лофт, эта квартира находится в пределах Третьего транспортного кольца, предлагая идеальное сочетание спокойной жизни и легкого доступа ко всем преимуществам центра Москвы. Пространство и комфорт: Просторная комната: Идеальное место для отдыха и сна. Удобная кровать и вместительный шкаф для хранения обеспечат максимальный комфорт. Современная кухня: Оснащена стильной мебелью и всей необходимой встроенной бытовой техникой, включая холодильник и микроволновую печь. Здесь вы сможете с удовольствием готовить любимые блюда. Удобства: Квартира оборудована стиральной машиной для вашего удобства. Совмещенный санузел: Выполнен в современном стиле с акцентом на качество. Высококлассная сантехника и просторная душевая кабина создают атмосферу спа-салона. Преимущества дома и ЖК: Высокий этаж: Квартира расположена на11 этаже 24-этажного дома, откуда открывается приятный вид. Современная инфраструктура: В доме функционируют два пассажирских и один грузовой лифт, обеспечивая быстрый и удобный доступ к вашему этажу. Безопасность и удобство: Для жителей комплекса предусмотрена парковка за шлагбаумом во дворе, что гарантирует безопасность ваших автомобилей. Новый спортивный ЖК: Найс Лофт — это современный жилой комплекс, где вы сможете наслаждаться активным образом жизни. Эта квартира — идеальный выбор для тех, кто ценит стиль, комфорт и удобное расположение. Добро пожаловать в ваш новый дом! Номер объекта: #1/536958/24838 Агентство недвижимости City Real Estate Документы проверены +7 916 935-64-... Написать вчера вчера, 16:38",,https://www.cian.ru/cat.php?deal_type=rent&district%5B0%5D=8&engine_version=2&offer_type=flat&room9=1&type=4&p=2,2026-04-16T11:16:50+00:00
1582,328043091,ЮВАО,https://www.cian.ru/rent/flat/328043091/?context=3.KhUMwPukeUE.bGS6JuSRE2oCH2mfETFUXnSmya_eLd9yUctB1OH5rd9kYX23vx1PhCGkBRu4-chRFGJVoFBOdGRS_Q&mlSearchSessionGuid=af00dc7a6953958932d7d18a2a81a069,1/37,460000,24.0,10,32,,"1/37 Студия, 24 м², 10/32 этаж Только на Циан Угрешская 6 минут пешком Москва , ЮВАО , р-н Южнопортовый , м. Угрешская , Волгоградский проспект , 32/5к4 60 000 ₽/мес. От года, комм. платежи включены (без счётчиков), комиссия 50%, залог 60 000 ₽ ПОД АВАНСОМ ДО 15 АПРЕЛЯ. Юлия, Москва, ЖК ""МЕТРОПОЛИЯ"", корпус ""Владивосток"", Волгоградский проспект 32/5 к4 -5 мин. пешком от метро Волгоградский проспект. СДАЁТСЯ ВПЕРВЫЕ ВЕЛИКОЛЕПНАЯ, СТИЛЬНАЯ, УЮТНАЯ, НОВАЯ СОВРЕМЕННАЯ КВАРТИРА-СТУДИЯ С ДИЗАЙНЕРСКИМ ЕВРОРЕМОНТОМ, выполненным из качественных и дорогих материалов - грамотно-продуманное решение пространства, использован каждый сантиметр! Большое количество встроенных шкафов позволит вам комфортно разместить все вещи и гардероб. Встроенная евро-кухня под единой столешницей с абсолютно всей новой бытовой техникой: варочная поверхность, духовой шкаф, вытяжка, СВЧ, двухкамерный холодильник, ПОСУДОМОЕЧНАЯ МАШИНА. Диван-аккордеон легко превращается в комфортную двуспальную кровать с независимыми пружинами. ЖК ТВ. Санузел евростандарт совмещенный С ВАННОЙ! Стиральная машина-автомат. СУШИЛЬНАЯ МАШИНА. КОНДИЦИОНЕР. Панорамный вид из окна на солнечную внешнюю сторону. ПОЛНОСТЬЮ ГОТОВА К ЗАСЕЛЕНИЮ! Показ оперативно - по договорённости, КЛЮЧИ НА РУКАХ! На длительный срок. Оплата+счётчики. Риелтор Юлия Шарапова Суперагент +7 985 102-75-... Написать три дня назад 13 апр, 00:28",,https://www.cian.ru/cat.php?deal_type=rent&district%5B0%5D=8&engine_version=2&offer_type=flat&room9=1&type=4&p=3,2026-04-16T11:16:50+00:00
1541,328893764,ЮВАО,https://www.cian.ru/rent/flat/328893764/?context=3.onzkydS4IuU.QQLcwPhr91TGIycOAHhj59HenNbmVKtLCjT8bfR0xVVscjryf6YRkJHcJx-RocuD7fzFK4r189Ssvw&mlSearchSessionGuid=2050b27f536f378124da0d004ba19816,1/36,462000,22.0,13,17,,"1/36 Студия, 22 м², 13/17 этаж Только на Циан Текстильщики 10 минут на транспорте Москва , ЮВАО , р-н Текстильщики , м. Новохохловская , 1-й Грайвороновский проезд , 3Ак4 62 000 ₽/мес. От года, комм. платежи включены (без счётчиков), без комиссии, залог 65 000 ₽ Я собственник, звоните! Впервые после ремонта сдается стильная дизайнерская студия без комиссии. Продуманное пространство, новая мебель и техника, качественные материалы и ощущение абсолютно нового жилья, в которое приятно заехать сразу. В студии есть все для комфортной жизни: полноценный раскладной двухместный диван-кровать с ортопедическим матрасом, посудомоечная машина, духовой шкаф, вместительный холодильник, микроволновая печь, бесшумная стиральная машина с сушкой, удобные системы хранения. На период отключения горячей воды установлен бойлер. Также предусмотрены фильтры для очистки воды до питьевого уровня. Интерьер выполнен со вкусом, без случайных решений и эргономически - аккуратно, современно и удобно для ежедневной жизни. Рассмотрим 1-2 человек. Студия готова к заселению. Звоните и приезжайте на просмотр! Риелтор Александр Максимов Суперагент +7 923 072-32-... Написать вчера вчера, 12:38",,https://www.cian.ru/cat.php?deal_type=rent&district%5B0%5D=8&engine_version=2&offer_type=flat&room9=1&type=4&p=2,2026-04-16T11:16:50+00:00
1586,327093478,ЮВАО,https://www.cian.ru/rent/flat/327093478/?context=3.tQutCwfi1Sk.c8QytNuzjV8QD1pXWSlU0epfOafh2oyEjpFTkpTSTkqqgMtpeQqZzzuxjLm2W5ispzlvgYGY3bIdkQ&mlSearchSessionGuid=af00dc7a6953958932d7d18a2a81a069,1/22,465000,17.5,8,21,,"1/22 Апартаменты-студия, 17,5 м², 8/21 этаж Только на Циан Калитники 10 минут пешком Москва , ЮВАО , р-н Нижегородский , м. Калитники , Автомобильный проезд , 4 65 000 ₽/мес. От года, комм. платежи включены (без счётчиков), комиссия 50%, залог 59 500 ₽ Ищете не просто квартиру, а настоящее творческое пространство? Эта стильная студия в трендовом ЖК Найс Лофт — то, что вам нужно на несколько месяцев или на долгий срок! О квартире: •Просторная студия с умной планировкой, которая позволяет зонировать пространство на уютную спальню, гостиную и рабочую область. •Студия с дизайнерским ремонтом, сдается впервые: Высокие окна, стильная отделка. Готова к заселению! •Вся необходимая техника уже есть (холодильник, стиральная машина, плита), мебель (кровать, шкаф, диван, стол). Приезжайте только с чемоданом. •Свет и вид: Из окон открывается вид на город. Квартира очень светлая. Идеально для: •Молодого профессионала, ценящего стиль и удобство. •Пары, которая хочет жить в динамичном районе. •Студента или фрилансера, ищущего вдохновляющее пространство. Аренда на срок до 1 года по согласованию. Звоните или пишите, чтобы назначить просмотр! Агентство недвижимости Art Seasons Apartments Суперагент +7 985 203-88-... Написать 2 недели назад 30 мар, 14:14",,https://www.cian.ru/cat.php?deal_type=rent&district%5B0%5D=8&engine_version=2&offer_type=flat&room9=1&type=4&p=3,2026-04-16T11:16:50+00:00
1539,324598462,ЮВАО,https://www.cian.ru/rent/flat/324598462/?context=3.0svCmW6HOko.Cu_w6z-t_rTecazfoHoVIh-TTpYlvJgGRtKICAaucwNcRRT4ptUDEt4WQSEhaVTpKdLh-eAAamnfUw&mlSearchSessionGuid=542d404063ac164bd2ce3424a0b32bfe,1/9,525000,18.0,1,17,,"1/9 Студия, 18 м², 1/17 этаж Только на Циан Некрасовка 5 минут пешком Москва , ЮВАО , р-н Некрасовка , м. Некрасовка , улица Ухтомского Ополчения , 5 25 000 ₽/мес. От года, комм. платежи включены (без счётчиков), комиссия 50%, залог 25 000 ₽ Для одной девушки или женщины, Другим составам не звонить! Без исключений! Соседки по лестничной клетке также женщины/девушки. На длительный срок. Стиральная машина общая на несколько таких же студий, стоит в тамбуре.( ЗАСЕЛЯЕМ ТОЛЬКО ДЕВУШЕК) СТУДИЯ! Она НЕБОЛЬШАЯ! Но компактная!! Вся техника и мебель новая, дополнительно оплачивается только горячая вода и электричество(в среднем 300 рублей летом и 2тр зимой), Договор на длительный срок. От метро Некрасовка 7 мин/пешк. от ж/д станции Люберцы 5 мин на маршрутке, остановка 3 мин/пешк. Замечательный собственник! Комиссия 50% по факту заселения! Звоните, уважаемые клиенты! Риелтор Юлия Максимюк Документы проверены +7 985 541-35-... Написать вчера 14 апр, 20:19",,https://www.cian.ru/cat.php?deal_type=rent&district%5B0%5D=8&engine_version=2&offer_type=flat&room9=1&type=4&p=1,2026-04-16T11:16:50+00:00
1593,328627739,ЮВАО,https://www.cian.ru/rent/flat/328627739/?context=3.pioJdeYEiBQ.EexvnaphSXoXYDTmCSb9f_uPnrMw4o7E-HvwPL3vBouy1QW_bMswHUtVaKmcW0OVIEySW0afpkH08g&mlSearchSessionGuid=af00dc7a6953958932d7d18a2a81a069,1/6,525000,19.0,3,21,,"1/6 Апартаменты-студия, 19 м², 3/21 этаж Только на Циан Калитники 11 минут пешком Москва , ЮВАО , р-н Нижегородский , м. Калитники , Автомобильный проезд , 4к5 25 000 ₽/мес. От года, комм. платежи включены (без счётчиков), без комиссии, залог 25 000 ₽ Сдаётся студия площадью 19 кв. м на третьем этаже современного 21-этажного дома. Высокие потолки 3.1 метра создают ощущение простора. Окна выходят во двор. Квартира сдаётся без ремонта и мебели. под склад,пред чистовая отделка(white-box) Дом оснащён двумя пассажирскими и одним грузовым лифтами, поэтому можно без проблем добраться до квартиры. Имеется подземная парковка для вашего автомобиля. . До ближайшей станции метро можно дойти за 10 минут, что удобно для поездок по городу. Условия аренды обсуждаются индивидуально. Возможна аренда по долгосрочному договору. Квартира сдаётся без комиссии. Звоните и записывайтесь на просмотр, чтобы лично оценить все преимущества этого предложения. Мы будем рады ответить на все ваши вопросы и показать квартиру в удобное для вас время. Есть еще апартамент в 6 корпусе на 11 этаже. Собственник ID 91147563 Документы проверены Назначить просмотр неделю назад 6 апр, 18:03",,https://www.cian.ru/cat.php?deal_type=rent&district%5B0%5D=8&engine_version=2&offer_type=flat&room9=1&type=4&p=3,2026-04-16T11:16:50+00:00
1595,328544382,ЮВАО,https://www.cian.ru/rent/flat/328544382/?context=3.Xl6jf-C1bjI.EX5ewg8u8e3xUhWuiDpOAwV66epEQrDWDI-f7J0Lj-Zxj88Nf74A0Se3shnQ3S9ASXGcucNdrhFTIA&mlSearchSessionGuid=af00dc7a6953958932d7d18a2a81a069,1/11,555000,21.5,11,16,,"1/11 Студия, 21,5 м², 11/16 этаж Авиамоторная 12 минут пешком Москва , ЮВАО , р-н Лефортово , м. Авиамоторная , Красноказарменная улица , 14Ак5 55 000 ₽/мес. От года, комм. платежи включены (без счётчиков), комиссия 60%, залог 55 000 ₽ Сдается отличная , уютная , теплая студия на 11 этаже с прекрасным панорамой. квартире все имеется для комфортного проживания. квартира находится пеший доступности от метро , прекрасном районе . Имеется шикарный двор без машин. оперативный показ и заселение . счетчики и интернет оплачивает наниматель. Квартира под авансов до 25.04.2026 до 19-00. показа пока не будет . Риелтор Алия Анашкина Суперагент +7 915 190-89-... Написать вчера 14 апр, 20:45",,https://www.cian.ru/cat.php?deal_type=rent&district%5B0%5D=8&engine_version=2&offer_type=flat&room9=1&type=4&p=3,2026-04-16T11:16:50+00:00
1516,326159535,ЮВАО,https://www.cian.ru/rent/flat/326159535/?context=3.DKOxLy6cj1g.fn0tTuQ9sMt3arPAfMCFS-LpugKuqr9mWLynrrblYyTC6aEoIfTStyYgLsdCTm8Yu2zqe-ix2EMJIw&mlSearchSessionGuid=542d404063ac164bd2ce3424a0b32bfe,1/14 Ещё фото,644900,19.5,14,25,,"1/14 Ещё фото Пешком до метро! Студия, 19,5 м², 14/25 этаж Перерва 12 минут пешком Москва , ЮВАО , р-н Люблино , м. Перерва , Люблинская улица , 80к6 44 900 ₽/мес. От года, комм. платежи включены (без счётчиков), комиссия 50%, без залога Сдаётся светлая квартира-студия с евроремонтом и совмещённым санузлом в ЖК Люблинский парк! Без депозита! Её можно посмотреть когда Вам удобно: бронируете время, забираете ключи или встречаетесь с нашим представителем и спокойно осматриваете. Если всё понравится, договор подпишем онлайн и будем поддерживать Вас на всех этапах аренды. В квартире есть: - Кухонный гарнитур; - Варочная панель; - Холодильник; - Стиральная машина; - Вытяжка. Полы — ламинат и плитка. Окна выходят во двор, на восток. Во дворах обустроены детские площадки, двор без машин. На территории дома есть бесплатные парковочные места. Собственник готов заселить не более 2 взрослых жильцов с детьми, обсудить оформление временной регистрации, докупить мебель/технику или заключить договор с юридическим лицом. Можно с небольшим домашним питомцем по согласованию. Дом находится в районе с развитой инфраструктурой: в пешей доступности находятся продуктовые супермаркеты, школы, детские сады, медицинские учреждения, салоны красоты. Недалеко — парк Героев Отечественной войны 1812 года. В 18 минутах пешком — станция МЦД-2 Перерва, в 20 минутах — м. Братиславская. Автомобилистам будет удобно выезжать на Люблинскую улицу. Агентство недвижимости ПИК-Аренда Документы проверены Посмотреть все объекты +7 916 760-62-... Написать 5 минут назад сегодня, 14:07",,https://www.cian.ru/cat.php?deal_type=rent&district%5B0%5D=8&engine_version=2&offer_type=flat&room9=1&type=4&p=1,2026-04-16T11:16:50+00:00
1534,329009922,ЮВАО,https://www.cian.ru/rent/flat/329009922/?context=3.m7ylL4HdV_w.AUR9bkJZVZIUguJmIr2o8V0Lpj3dyxul1HMIKgIcjVTgKNbGFZ7Va_0Y4tGymA6OH1CPpw0E1Ue-SA&mlSearchSessionGuid=542d404063ac164bd2ce3424a0b32bfe,1/23,653000,25.9,23,33,,"1/23 Студия от собственника Студия, 25,9 м², 23/33 этаж Ранний доступ Только на Циан Проверено в Росреестре Окская 8 минут пешком Москва , ЮВАО , р-н Рязанский , м. Окская , улица Михайлова , 30Ак6 53 000 ₽/мес. На несколько месяцев, комм. платежи включены (без счётчиков), без комиссии, без залога СОБСТВЕННИК (без комиссии!!!). Новый ЖК Михайловский парк, корпус 6, подъезд 1. ОТЛИЧНАЯ транспортная доступность. 6 минут пешком до метро Окская, а автобусная остановка прямо напротив дома!!! В студии сделан дизайнерский ремонт. Для комфортного проживания есть БОЛЬШАЯ встроенная КУХНЯ с барной стойкой и регулируемой подсветкой, рабочее место, большой диван с множеством подушек. Для Вас есть кондиционер, холодильник, полноразмерная стиральная машина, микроволновка, духовка, индукционная плита, вытяжка, душевая кабина, гладильная доска, сушилка, 2 шкафа, барные стулья, цифровой телевизор, интернет, посуда. Окна выходят в закрытый двор с ландшафтным дизайном, площадками для СПОРТА и ОТДЫХА. Дом находится в ЭКОЛОГИЧНОМ ЗЕЛЕНОМ районе, 600 м до Кусковского лесопарка! В жилом комплексе есть аптека, Вкусвилл, бургерная, кофейня, Пятерочка, OZON и Wildberries. Сдаем только для чистоплотных и аккуратных людей. Строго не курящих !!! Залог не разбивается. Без домашних животных. Только на длительный срок (от 6 месяцев и более) Счетчики оплачиваются дополнительно. Оплата за первый и последний месяц. ОСМОТР КВАРТИРЫ, заключение договора И ПЕРЕДАЧА КЛЮЧЕЙ ВОЗМОЖЕН 18 апреля (суббота), с 15:00 ДО 19-00 Собственник ID 115551967 Документы проверены +7 986 274-22-... Написать час назад сегодня, 12:53",,https://www.cian.ru/cat.php?deal_type=rent&district%5B0%5D=8&engine_version=2&offer_type=flat&room9=1&type=4&p=1,2026-04-16T11:16:50+00:00
1537,327807212,ЮВАО,https://www.cian.ru/rent/flat/327807212/?context=3.tP8b55Pii2w.KVUdA6P1o8xCUSXJ_4YGjhUg7nQ82YA4vr-Dcj9xmx6CcrnrZI1LuKdgSFU2f0nngJd7s5XYN051uA&mlSearchSessionGuid=542d404063ac164bd2ce3424a0b32bfe,1/24,670000,21.0,1,2,,"1/24 Апартаменты-студия, 21 м², 1/2 этаж Текстильщики 13 минут пешком Москва , ЮВАО , р-н Текстильщики , м. Текстильщики , Грайвороновская улица , 4С6 70 000 ₽/мес. От года, комм. платежи включены (счётчики включены), без комиссии, залог 70 000 ₽ Фото и видео реальные! Собственник! БЕЗ КОМИССИИ! Агентов просьба не беспокоить) На длительный срок сдаются уникальные двухуровневые апартаменты с отдельным входом - единственные в своем роде в Москве! Комплекс повышенного комфорта с СПОРТЗАЛОМ для жильцов. Интерьер как с Pinterest - заходишь и влюбляешься! Живите как в своем ОТДЕЛЬНОМ доме рядом с центром. Полная приватность, современный стиль и продуманный дизайн до мелочей. Всего 8 таких объектов во всем ЖК. Для тех, кто знает, чего хочет, и получает это. Двухуровневая студия с высокими потолками - светлая, уютная, с воздухом и пространством, где хочется жить и работать. В шаговой доступности: кафе, кофейни, магазины, аптеки, службы доставки. До центра Москвы - 12 минут на авто, 4 станции до Китай-города, 20 минут до Кремля. До метро Текстильщики - 10 минут пешком или 2 остановки на общественном транспорте (остановка прямо у выхода с территории, интервал движения 3 минуты). Всё для комфортной жизни: парки, спортивные и культурные объекты рядом. Новый современный апарт-комплекс с охраняемой 24/7 территорией. Бесплатная большая парковка, всегда есть место. Тихий, закрытый двор, спокойные соседи, без детских площадок. Для жильцов - бесплатный спортивный зал с современным оборудованием. На территории - пункт выдачи Ozon. Вся квартира укомплектована техникой и мебелью на заказ: Холодильник, кондиционер, посудомоечная машина. стиральная машина, микроволновка, варочная панель, телевизор, чайник, пылесос. Раскладывающийся диван (полноценное двуспальное место). Большая двуспальная кровать с новым матрасом 160 на 200, безопасная лестница, вместительные шкафы. Набор кухонной и столовой посуды для комфортного проживания. Идеально для жизни и работы, приватности и комфорта. =) Аренда - 70 000 ₽/мес. Квартплата оплачивается отдельно. Pet-friendly: можно с животными (обсуждается отдельно). Звоните отвечу на любые вопросы! Собственник ID 78088840 Документы проверены +7 989 595-43-... Написать вчера вчера, 18:41",,https://www.cian.ru/cat.php?deal_type=rent&district%5B0%5D=8&engine_version=2&offer_type=flat&room9=1&type=4&p=1,2026-04-16T11:16:50+00:00
1594,328976686,ЮВАО,https://www.cian.ru/rent/flat/328976686/?context=3.rOVRLOUN1Y8.kabSoWf0vqNQSvAyfiddwhYnsfbkC7kK4Y3rp0xWaF_hn9FZ30IFrsDpk4VNKJOruybljAhQ_hdbpQ&mlSearchSessionGuid=af00dc7a6953958932d7d18a2a81a069,1/9,765000,24.0,5,30,,"1/9 Студия, 24 м², 5/30 этаж Только на Циан Волгоградский проспект 8 минут пешком Москва , ЮВАО , р-н Южнопортовый , м. Угрешская , Волгоградский проспект , 32/3к7 65 000 ₽/мес. От года, комм. платежи включены (без счётчиков), комиссия 80%, залог 65 000 ₽ Квартира студия в ЖК Бизнес-класса. Современный ремонт. Полный комплект техники (посудомоечная машина, стиральная машина с сушкой, микроволновая печь, телевизор, кондиционер). Безопасная территория (закрытый двор, охрана, консьерж). Рядом торговый центр и современная школа. Оснащение квартиры: Теплый пол в ванной Бойлер (независимость от отключения воды). Посудомоечная машина. Стиральная машина с функцией сушки. Кровать с ортопедическим матрасом Агентство недвижимости PREMIUM CITY Суперагент +7 916 394-64-... Написать вчера вчера, 18:21",,https://www.cian.ru/cat.php?deal_type=rent&district%5B0%5D=8&engine_version=2&offer_type=flat&room9=1&type=4&p=3,2026-04-16T11:16:50+00:00
1585,328667187,ЮВАО,https://www.cian.ru/rent/flat/328667187/?context=3.0WLdEEKq9uo.9Rb6TtwhhrFd6eTs-3TAXj49Tt_YLoWyvdn6EfTM5Ey7uqp7zKqCi2yCeTAu0R5Gi2Iy8xO2o25CPw&mlSearchSessionGuid=af00dc7a6953958932d7d18a2a81a069,1/21,1057000,30.0,13,31,,"1/21 Студия, 30 м², 13/31 этаж Только на Циан Нижегородская 9 минут пешком Москва , ЮВАО , р-н Нижегородский , м. Нижегородская , Газгольдерная улица , 10 57 000 ₽/мес. От года, комм. платежи включены (без счётчиков), комиссия 50%, залог 57 000 ₽ Квартира в монолитном доме класса комфорт +. Современный ремонт. В квартире есть все необходимое для комфортного проживания: посудомоечная машина, кондиционер, телевизор, пылесос, гладильная сушильная доска и т.д. На длительный срок. Закрытый двор без автомобилей. Метро в шаговой доступности. Оперативный показ и заселение Риелтор Вадим Белов Суперагент +7 988 194-26-... Написать 2 часа назад сегодня, 11:31",,https://www.cian.ru/cat.php?deal_type=rent&district%5B0%5D=8&engine_version=2&offer_type=flat&room9=1&type=4&p=3,2026-04-16T11:16:50+00:00
1552,327375667,ЮВАО,https://www.cian.ru/rent/flat/327375667/?context=3.dAa1Guz3Two.6aKNtomkqddQJxMvu9Z-w_VWqd4iKjtcmhI04T3iSmi8Ic_B9SqKCet_HA1kGwp_S7HQxpC3GCjSjw&mlSearchSessionGuid=2050b27f536f378124da0d004ba19816,1/18,1058000,26.9,9,32,,"1/18 Студия, 26,9 м², 9/32 этаж Нижегородская 8 минут пешком Москва , ЮВАО , р-н Нижегородский , м. Нижегородская , Газгольдерная улица , 10 58 000 ₽/мес. От года, комм. платежи включены (без счётчиков), комиссия 50%, без залога Cдаетcя уютнaя студия ЖK Пpофит новая, свeтлая cтудия с дизaйнepcким pемoнтoм oт кoмпaнии Smarent. Квартира рacполoжeна на 9 этаже . Идeaльная тpaнcпoртнaя доступность - в 5 минутах xодьбы нaходится ст. мeтрo Hижeгорoдcкая, кoтoрая входит в крупнейший в Eвропе тpанспоpтнo-пepесадочный узел. В его составе: две станции метро, станции МЦК, МЦД и Горьковского направления МЖД. До ст. м Таганская можно добраться наземным транспортом за 20 мин, МЦК Москва Сити (Деловой Центр) 30 мин., Нескучный Сад в Парке Горького - 25 минут. Для автомобилистов удобный быстрый выезд на ТТК и Садовое Кольцо. Рядом большой торговый центр ""Город"", Леруа. Закрытый двор с детскими площадками и фитнес-зоной, а также большой подземный паркинг. Машиноместо можно снять по доступной цене. Бытовая техника: стиральная машина, холодильник, варочная панель, СВЧ печь, телевизор, электрический чайник. Есть всё необходимое для жизни УСЛОВИЯ ПРОЖИВАНИЯ: Тариф Комфортное проживание -50% от арендного платежа - Раннее бронирование объекта (за 3 дня до заселения) - Персональный менеджер на всех этапах аренды быстро реагирует на запросы - большинство бытовых вопросов решаем за 48 часов - Страхование гражданской ответственности до 0,3 млн ₽ - Организация мелкого ремонта ! Коммунальные платежи: электроэнергия, хвс\гвс, услуги интернет провайдера, расходы за отопление дома/квартиры оплачивает арендатор. ! Заселение только при наличии постоянной регистрации РФ. Строго без животных. Агентство недвижимости СМАРЕНТ Документы проверены +7 985 853-93-... Написать два дня назад 14 апр, 11:49",,https://www.cian.ru/cat.php?deal_type=rent&district%5B0%5D=8&engine_version=2&offer_type=flat&room9=1&type=4&p=2,2026-04-16T11:16:50+00:00
1543,327867504,ЮВАО,https://www.cian.ru/rent/flat/327867504/?context=3.XmQtUN-K6gI.tvHW8fqtrQ-Q2nvLySXsUJ_gmNFzEgniMgjesT6acns1Wumk6KI6kFk7S-SsXa4UG9qy6aM1avW9Hg&mlSearchSessionGuid=2050b27f536f378124da0d004ba19816,1/8,1060000,33.0,18,32,,"1/8 Студия, 33 м², 18/32 этаж Только на Циан Нижегородская 9 минут пешком Москва , ЮВАО , р-н Нижегородский , м. Нижегородская , Газгольдерная улица , 10 60 000 ₽/мес. От года, комм. платежи включены (без счётчиков), комиссия 50%, залог 60 000 ₽ Эксклюзивное предложение! Сдаётся студия, от метро Нижегородская до 5 минут пешком. В квартире выполнен дизайнерский ремонт. Планировка с зонированием спальни, полноценная кухня и совмещённый санузел. Есть вся необходимая мебель и техника. Наземная парковка за шлагбаумом. При симпатии депозит разбивается. Звоните, оперативно проведём показ! Агентство недвижимости Не для галочки Суперагент +7 916 505-14-... Написать 4 часа назад сегодня, 09:35",,https://www.cian.ru/cat.php?deal_type=rent&district%5B0%5D=8&engine_version=2&offer_type=flat&room9=1&type=4&p=2,2026-04-16T11:16:50+00:00
1526,325424262,ЮВАО,https://www.cian.ru/rent/flat/325424262/?context=3.Q-nrJexJq2w.5K8yvhBD_fUZKhPAx8Jl_2fzXtqY0m_XdCb6oQZeCtEY8zjAGCuHkBBWObMY_SUPgHUdX-jEL3Pl4w&mlSearchSessionGuid=542d404063ac164bd2ce3424a0b32bfe,1/14,1070000,25.6,9,31,,"1/14 Сдается впервые помле ремонта Студия, 25,6 м², 9/31 этаж Только на Циан Нижегородская 9 минут пешком Москва , ЮВАО , р-н Нижегородский , м. Нижегородская , Газгольдерная улица , 10 70 000 ₽/мес. От года, комм. платежи включены (без счётчиков), без комиссии, залог 75 000 ₽ Сдается новая стильная уютная квартира-студия общей площадью 25,6 кв м. Располагается на 12 этаже. Окна выходят на улицу. Техника в квартире: стиральная машина, индукционная варочная панель с 2 конфорками, полноразмерный холодильник, духовой шкаф с функцией микроволновки, вытяжка, кондиционер, проточный водонагреватель, электрочайник, беспроводной пылесос, утюг. Квартира обставлена удобной мебелью: полноразмерная кровать шириной 160 см с подъемным механизмом, анатомический матрас Askona (высота 17 см), прикроватная тумбочка, стеллаж, комод, большой шкаф для одежды, обеденный стол с 2 стульями, пуфик, зеркало. Также есть стремянка и гладильная доска. Санузел с ванной (170 см) площадью 3,2 кв м. Кроме того имеется набор посуды: кастрюли, сковорода, чашки, тарелки, салатники, столовые приборы. Квартира сдается впервые после ремонта. Договор найма заключается на 11 месяцев Коммунальные платежи: электроэнергия, ХВС, ГВС, отопление, интернет оплачиваются арендатором. Риелтор Марианна Маринычева Суперагент +7 915 267-45-... Написать вчера вчера, 16:40",,https://www.cian.ru/cat.php?deal_type=rent&district%5B0%5D=8&engine_version=2&offer_type=flat&room9=1&type=4&p=1,2026-04-16T11:16:50+00:00
1513,328627345,ЮВАО,https://www.cian.ru/rent/flat/328627345/?context=3.6kOsdjKWk_4.h6mYsmlXUCNmV00xdGcz3toBgHDH1JYbfsX-YGma5TyvvfLMvphCfWeWyK3Z6t75FHVN7KKDcyAWdQ&mlSearchSessionGuid=542d404063ac164bd2ce3424a0b32bfe,1/13 Ещё фото,1950000,20.0,1,5,,"1/13 Ещё фото Апартаменты-студия, 20 м², 1/5 этаж Только на Циан Сортировочная 9 минут пешком Москва , ЮВАО , р-н Лефортово , м. Сортировочная , Ухтомская улица , 19 50 000 ₽/мес. От года, комм. платежи включены (без счётчиков), комиссия 50%, залог 55 000 ₽ Сдаю на длительный срок стильную квартиру. Высота потолков 3,1 м, что дает простор в помещении. Квартира сдается впервые после качественного ремонта, есть все необходимое для жизни. Оперативный показ Риелтор Екатерина Рычкова Суперагент Посмотреть все объекты +7 936 706-91-... Написать 4 часа назад сегодня, 09:25",,https://www.cian.ru/cat.php?deal_type=rent&district%5B0%5D=8&engine_version=2&offer_type=flat&room9=1&type=4&p=1,2026-04-16T11:16:50+00:00
1574,327917847,ЮВАО,https://www.cian.ru/rent/flat/327917847/?context=3.wdPbxCrxWJM.cLlMK8AUlq1IHzAQvlLY0DEMCzFlB6z24eOlMDceVBaahrFmNtQ4mgK4yX9lw0jBuEgpCSH4cBAyXQ&mlSearchSessionGuid=af00dc7a6953958932d7d18a2a81a069,1/14,2027000,29.2,5,23,,"1/14 Апартаменты-студия, 29,2 м², 5/23 этаж Только на Циан Волгоградский проспект 2 минуты пешком Москва , ЮВАО , р-н Южнопортовый , м. Волгоградский проспект , Новоостаповская улица , 20 27 000 ₽/мес. От года, комм. платежи включены (без счётчиков), без комиссии, залог 25 000 ₽ Арт. 129551791 На длительный срок сдаётся студия в ЖК HighWay 29.2 метра, строго под склад. 1 минута до метро Волгоградский проспект, 15 минут до станции МЦК Угрешская и до станции метро Дубровка. Агентство недвижимости Мечты в квадрате Документы проверены +7 986 263-98-... Написать вчера 14 апр, 17:40",,https://www.cian.ru/cat.php?deal_type=rent&district%5B0%5D=8&engine_version=2&offer_type=flat&room9=1&type=4&p=3,2026-04-16T11:16:50+00:00
1529,328323673,ЮВАО,https://www.cian.ru/rent/flat/328323673/?context=3.9KipZ6ivWSk.UVDjnYLIhwMsjGS4zW3F8Dtw3LwxOVogHYKYRhdA5tTSZ5q4FHII_2NdxV51zVDfxB2vGgxWMuzwzg&mlSearchSessionGuid=542d404063ac164bd2ce3424a0b32bfe,1/15,2057500,23.0,16,25,,"1/15 Комиссия 0% + Самая низкая цена! Апартаменты-студия, 23 м², 16/25 этаж Волгоградский проспект 3 минуты пешком Москва , ЮВАО , р-н Южнопортовый , м. Волгоградский проспект , Новоостаповская улица , 20 57 500 ₽/мес. От года, комм. платежи включены (без счётчиков), без комиссии, залог 57 500 ₽ УНИКАЛЬНОЕ ПРЕДЛОЖЕНИЕ: 1) Без комиссии для арендатора ! 2) Самая низкая цена за дизайнерскую студию в ЖК бизнес-класса в пределах ТТК ! 3) До метро 1 мин пешком ! Сдается на длительный срок стильная студия 23 кв.м. с дизайнерским ремонтом в современном ЖК бизнес-класса ХайВэй. АДРЕС: г. Москва, ул. Новоостаповская, д. 20. ЭТАЖ: 16 из 25. ПЛОЩАДЬ: 23 кв.м. (комната 18 кв.м., кухня-гостиная 5 кв.м.). РЕМОНТ: Объект в идеальном состоянии, дизайнерский ремонт. ОТДЕЛКА САНУЗЛА: Совмещенный санузел с душевой кабиной. ПОЛНОЕ ОСНАЩЕНИЕ МЕБЕЛЬЮ И ТЕХНИКОЙ: • Кондиционер. • Большой холодильник. • Стиральная машина. • Стеклокерамическая варочная панель. • Вытяжной шкаф. • Микроволновая печь. • ! 3 ОГРОМНЫХ ГАРДЕРОБНЫХ ШКАФА ! ЛОКАЦИЯ И ТРАНСПОРТ: • 1 минута пешком до м. Волгоградский проспект. • 10 минут пешком до м. Дубровка. • 12 минут пешком до м. Угрешская. • 10 минут на автомобиле до Садового кольца. • 10 минут до центра Москвы на метро. ИНФРАСТРУКТУРА ЖК ХАЙВЭЙ: • Комплекс бизнес-класса с подземным паркингом. • Вся необходимая инфраструктура. •Прямо в доме продуктовый супермаркет Дикси. • Скоро в ЖК будет открыт собственный фитнес-центр с бассейном World Class. • Закрытая охраняемая территория с видеонаблюдением. • Благоустроенный двор. ФИНАНСОВЫЕ И ОРГАНИЗАЦИОННЫЕ УСЛОВИЯ: • Собственник действует как ИП. Аренда возможна как для физических лиц, так и для юридических лиц (для проживания конкретного сотрудника, указываемого в договоре). • ВСЯ ОПЛАТА СТРОГО ПО БЕЗНАЛИЧНОМУ РАСЧЕТУ. • ДЛЯ ПРОЖИВАНИЯ 1 ЧЕЛОВЕКА ИЛИ СЕМЕЙНОЙ ПАРЫ БЕЗ ДЕТЕЙ! • ПРОЖИВАНИЕ С ЖИВОТНЫМИ НЕ ДОПУСКАЕТСЯ. • В стоимость аренды включены коммунальные платежи. Дополнительно оплачиваются: электроэнергия, вода по счетчикам, интернет. Риелтор ID 123676766 Документы проверены +7 985 041-16-... Написать неделю назад 3 апр, 18:26",,https://www.cian.ru/cat.php?deal_type=rent&district%5B0%5D=8&engine_version=2&offer_type=flat&room9=1&type=4&p=1,2026-04-16T11:16:50+00:00
1577,328729519,ЮВАО,https://www.cian.ru/rent/flat/328729519/?context=3.Cly1Ii9dm4Y.cSFuZWd3msQgd1yoxbfDR15QlpFX0c5Ly52dCz2E32hTz04ILYS9XCm0Xu81NTYXu_XB_KdRrmvs9w&mlSearchSessionGuid=af00dc7a6953958932d7d18a2a81a069,1/8,2058000,23.5,21,23,,"1/8 Апартаменты-студия, 23,5 м², 21/23 этаж Только на Циан Волгоградский проспект 3 минуты пешком Москва , ЮВАО , р-н Южнопортовый , м. Волгоградский проспект , Новоостаповская улица , 20 58 000 ₽/мес. От года, комм. платежи включены (без счётчиков), комиссия 60%, залог 30 000 ₽ Современная студия 23 м2! 2 минуты от станции метро Волгоградский проспект или 7 минут от метро Угрешская. 10 минут до Кремля, рядом Третье транспортное кольцо, удобно добираться в любую точку города. Максимально комфортное проживание вам обеспечено. Круглосуточная охрана подъезда и территории. Высота потолков под 2,8 метра. Современный дизайн, и мебель. Новая техника (кондиционер, встроенный холодильник, плита, стиральная машина, телевизор, СВЧ). Большая ванна Индивидуальное отопление с возможностью регулировки каждой батареи. Коммунальные платежи по счетчикам. Популярный Жилой комплекс ЖК ""Хайвей"". Расположен в отличном районе города Москвы с сложившейся инфраструктурой района. Недалеко от комплекса: Крупнейший развлекательный комплекс ""Остров мечты"", Коломенский парк, Современная архитектура и авторская отделка корпусов. Благоустроенная и охраняемая территория. Собственный подземный паркинг, оригинальные современные детские площадки. Квартира сдается ВПЕРВЫЕ. Порядочный и доброжелательный собственник. Желаю Удачи! Риелтор Дмитрий Сыромятников Суперагент +7 986 323-66-... 2 часа назад сегодня, 12:03",,https://www.cian.ru/cat.php?deal_type=rent&district%5B0%5D=8&engine_version=2&offer_type=flat&room9=1&type=4&p=3,2026-04-16T11:16:50+00:00
1588,328057567,ЮВАО,https://www.cian.ru/rent/flat/328057567/?context=3.GyzscpWs1Vc.rQZlONMS4v8yDB9PTKrbGtuisRD5Q0Q9TBihQzpZQ1V8NbMT9MG0rXFeFf4AFW9WYMQMlKKwRgMX8w&mlSearchSessionGuid=af00dc7a6953958932d7d18a2a81a069,1/10,2060000,23.0,3,23,,"1/10 Апартаменты-студия, 23 м², 3/23 этаж Только на Циан Волгоградский проспект 3 минуты пешком Москва , ЮВАО , р-н Южнопортовый , м. Волгоградский проспект , Новоостаповская улица , 20 60 000 ₽/мес. От года, комм. платежи включены (без счётчиков), комиссия 50%, залог 60 000 ₽ К Вашему вниманию предлагается: Новые Светлые апартаменты с удобным месторасположением, с качественной современной отделкой, разные вариации освещения, мягкий диван- кровать на два спальных места, сделанная на заказ кухня со встроенной техникой и большим количеством места под хранения вещей, смесители из латуни. Весь комплект посуды и кухонной утвари для комфортного проживания есть, ничего с собой привозить нет необходимости. Туалетная комната оснащена стиральной- сушильной машиной, огромной столешницей с раковиной из искусственного камня, большое зеркало с подсветкой, душевая кабина с тропическим душем, шкафы для хранения. В прихожей огромный шкаф- гардеробная для хранения одежды. Наполнение апартаментов: пылесос, кондиционер, холодильник, посудомоечная машина, стирально-сушильная машина, телевизор, доп кровать, 3 комплекта постельного белья, полотенца, чистящие средства. Расположение рядом с метро и центром Москвы, светлые комфортабельные апартаменты, закрытая охраняемая территория, собственный двухэтажный фитнес-клуб с бассейном, подземный паркинг, благоустроенный закрытый двор с ландшафтным озеленением и детскими площадками, модные кафе, магазины, салоны красоты, высокий уровень сервиса. Риелтор Людмила Сухорукова Суперагент +7 986 807-79-... Написать три дня назад 13 апр, 08:39",,https://www.cian.ru/cat.php?deal_type=rent&district%5B0%5D=8&engine_version=2&offer_type=flat&room9=1&type=4&p=3,2026-04-16T11:16:50+00:00
1570,327143324,ЮВАО,https://www.cian.ru/rent/flat/327143324/?context=3.IbOEGY49Wp8.vL9tyxVWA3cVUm-vsYfh4nwGJgK3dligwqBRkAue08x0_Lhe5Nr1TQ3sj6cLqQPKbMH9uPMcuuBbrw&mlSearchSessionGuid=af00dc7a6953958932d7d18a2a81a069,1/9,2069900,26.0,22,23,,"1/9 Апартаменты-студия, 26 м², 22/23 этаж Волгоградский проспект 3 минуты пешком Москва , ЮВАО , р-н Южнопортовый , м. Волгоградский проспект , Новоостаповская улица , 20 69 900 ₽/мес. От года, комм. платежи включены (без счётчиков), комиссия 50%, залог 75 000 ₽ Id 60982. Сдается просторная студия в ЖК ""HighWay"" ! Об апартаменте: - Квартира оснащена всей необходимой мебелью и техникой. - Большое панорамное окно. - Дизайнерский ремонт на стадии завершения. - Полностью укомплектована Главные преимущества комплекса Хайвей: - Метро ""Волгоградский проспект"" в 3 минутах ходьбы. - До центра города 10 минут на метро! - На первых этаж уже работает продуктовый магазин ""Дикси"", также в комплексе открыты пункты выдачи ""Ozon"" и ""Wildberries"" - Летом будет открыт фитнес-клуб с бассейном, до которых можно добраться не выходя из подъезда! - Закрытая территория с пропускной системой. - Подземный паркинг. - ЖК находится в активно развивающемся районе Москвы. - Рядом расположен торговый центр ""Дубровка"" известный своими положительными отзывами. Рассмотрим предложения, звоните для записи на показ, отвечаю быстро! Агентство недвижимости EstateLiga Документы проверены +7 916 863-15-... Написать вчера вчера, 14:24",,https://www.cian.ru/cat.php?deal_type=rent&district%5B0%5D=8&engine_version=2&offer_type=flat&room9=1&type=4&p=3,2026-04-16T11:16:50+00:00
1561,327359127,ЮВАО,https://www.cian.ru/rent/flat/327359127/?context=3.s5AfE-a2q1A.ZkWInwDtLv5hCx3cY6Ww58z36paEUOHRaimyNfy8AUZb69fhilhaiRy_DpRm_iXB7N6BzDPPaSkhYA&mlSearchSessionGuid=2050b27f536f378124da0d004ba19816,1/20,2069999,35.0,8,23,,"1/20 Апартаменты-студия, 35 м², 8/23 этаж Волгоградский проспект 3 минуты пешком Москва , ЮВАО , р-н Южнопортовый , м. Волгоградский проспект , Новоостаповская улица , 20 69 999 ₽/мес. На несколько месяцев, комм. платежи включены (без счётчиков), без комиссии, залог 70 000 ₽ СДАЕТСЯ комфортная, просторная, видовая студия 35 м2 в новом ЖК HighWay, всего в минуте (реально!) пешком от станции метро Волгоградский проспект (дом сдан в 2025 году). До центра города 10 минут на метро! Современный монолитный дом, комфортный 8 этаж. Окна во двор. Закрытая охраняемая территория, круглосуточная охрана, видеонаблюдение, двор без машин. Сделан абсолютно новый качественный ремонт, современная отделка, натяжные потолки (комфортное освещение), теплые полы. Первые жильцы! В квартире есть всё необходимое для комфортного проживания, вся бытовая техника и мебель в наличии в отличном состоянии: - Шикарный кухонный гарнитур со встроенной техникой. Есть холодильник, капсульная кофеварка, микроволновка, чайник, имеется вся необходимая посуда. - Совмещённый санузел. Есть стиральная машина с сушкой, электрический водонагреватель (на случай профилактического отключения воды), электрический полотенцесушитель. - Кровать 160*200 с матрасом средней и высокой жесткости, прикроватные тумбочки. Удобный диван для отдыха, с мягкими декоративными подушками, торшер. - Удобные места хранения: вместительный 4-х створчатый шкаф с зеркалами, и просторный 2-х створчатый шкаф в прихожей. - Smart TV, кондиционер, пылесос. Квартира в которой хочется жить! Инфраструктура ЖК: - Скоростные лифты, подземный паркинг. - Дворы с озеленением, лаунж-зонами, детскими площадками. Спортивные тренажеры для взрослых - Летом на территории комплекса будет открыт фитнес-клуб с бассейном. - ЖК находится в активно развивающемся районе Москвы. Удобная транспортная развязка позволяет быстро добраться до центра города и других районов, обеспечивая комфортную жизнь без лишних хлопот. - Рядом магазины, кафе, поликлиники. На первых этаж уже работает продуктовый магазин ""Дикси"", также в комплексе открыты пункты выдачи ""Ozon"" и ""Wildberries"" Условия аренды: - Цена: 69999 (ЖКУ включено в аренду) - Дополнительно: оплата по счетчикам (свет, вода, тепло) - Оплата: первый + последний месяц при заселении. Без комиссии агента! - Долгосрочная аренда (от 6 месяцев); - Только для некурящих; Отличный вариант для супружеской пары. Рассмотрим приличных и платёжеспособных, аккуратных людей. Квартира готова к заселению. Собственник ID 13910714",,https://www.cian.ru/cat.php?deal_type=rent&district%5B0%5D=8&engine_version=2&offer_type=flat&room9=1&type=4&p=2,2026-04-16T11:16:50+00:00
1544,327283374,ЮВАО,https://www.cian.ru/rent/flat/327283374/?context=3.DDs4dIT4WIc.poam8_o2VW5zaIfydwB3-c4Itg9dqqwJgQWsjX29xFK5Q_FNSXjqJ7CsVqLRZab6G1N8Pjs72SCjow&mlSearchSessionGuid=2050b27f536f378124da0d004ba19816,1/27,2070000,37.0,6,23,,"1/27 Апартаменты-студия, 37 м², 6/23 этаж Дубровка 15 минут пешком Москва , ЮВАО , р-н Южнопортовый , м. Волгоградский проспект , Новоостаповская улица , 20 70 000 ₽/мес. От года, комм. платежи включены (без счётчиков), комиссия 70%, залог 70 000 ₽ Впервые,любовь с первого взгляда ! Это та самая квартира в которой хочется жить! Она прекрасна! поторопитесь ! Всего в минуте ходьбы от метро,в новом стильном доме HighWay сдается обалденная ,комфортная,просторная студия 37 кв.м,для современных людей. Она просто куколка! Натяжные потолки,теплые полы,выполнен качественный свежий евро ремонт. Техника и мебель дорогая,красивая. Большой,вместительный шкаф ! Установлена шикарная кухня,установлены фильтры для чистки воды. Имеется посуда,встроенная посудомоечная машина! Все абсолютно новое! Уютная атмосфера создана для вашего комфортного проживания. Оплата коммунальных услуг полностью оплачивается нанимателем,согласно квитанции,сверху арендной оплаты. Достойная студия. Собственники замечательные люди. Рассмотрим на длительный срок платежеспособных,аккуратных людей. Риелтор Инна Светлова Суперагент +7 986 304-21-... Написать вчера вчера, 21:12",,https://www.cian.ru/cat.php?deal_type=rent&district%5B0%5D=8&engine_version=2&offer_type=flat&room9=1&type=4&p=2,2026-04-16T11:16:50+00:00
1571,328394404,ЮВАО,https://www.cian.ru/rent/flat/328394404/?context=3.IU2HuWwJmTk.QomZWRsv7E45jKANDe9WOFlHGKFEFHwksBBKtKCSwuxE9xz1Br5lH_VpJI-P1WANYH-T2-5yJwCEKA&mlSearchSessionGuid=af00dc7a6953958932d7d18a2a81a069,1/20,2070000,21.7,11,23,,"1/20 Апартаменты-студия, 21,7 м², 11/23 этаж Волгоградский проспект 3 минуты пешком Москва , ЮВАО , р-н Южнопортовый , м. Волгоградский проспект , Новоостаповская улица , 20 70 000 ₽/мес. От года, комм. платежи включены (без счётчиков), без комиссии, без залога долгосрочная аренда! От года! дизайнерский ремонт. бытовая техника Haier, телевизор яндекс с Алисой , интернет вай фай , фильтра на общую и питьевую воду, система протечки нептун, видео домофон, стиральная машинка с сушкой,утюг, ручной пылесос, чайник, фен все Haier. резервный проточный водонагреватель. инверторный бесшумный кондиционер Haier. мастер выключатель. usb розетки в удобных местах. гладильная доска. очень много места для хранения. все продумано и эргономично, диван раскладывается. обеденный Стол раздвигается . шторы в спальной зоне Блэк аут, по факту 3 спальных места. ремонт сделан из качественных материалов! мебель изготовлена из лдсп egger. сантехника качественная! станция метро прям у подъезда. окна выходят не на дорогу!!! в жк есть фитнес зал, бассейн, магазины, кафе. только после ремонта! звонки бывают не проходят, блокирует спам. так что пишите, отвечу! видеообзор по запросу. возможна временная регистрация. возможна оплата по безналу( условия обсуждаются). Собственник ID 61899843 +7 916 478-51-... Написать два дня назад 14 апр, 03:03",,https://www.cian.ru/cat.php?deal_type=rent&district%5B0%5D=8&engine_version=2&offer_type=flat&room9=1&type=4&p=3,2026-04-16T11:16:50+00:00
1576,329016274,ЮВАО,https://www.cian.ru/rent/flat/329016274/?context=3.D9qBU29QaDo.MChLJWjiMIRoQ2JlpOJBrY8VT1Fig-Z5j_tgHQfemmpW9uaoHDx0VLwkjodJ4aSmEHUVJvXSmnXFVg&mlSearchSessionGuid=af00dc7a6953958932d7d18a2a81a069,1/9,2070000,25.0,8,23,,"1/9 Апартаменты-студия, 25 м², 8/23 этаж Только на Циан Волгоградский проспект 3 минуты пешком Москва , ЮВАО , р-н Южнопортовый , м. Волгоградский проспект , Новоостаповская улица , 20 70 000 ₽/мес. От года, комм. платежи включены (без счётчиков), комиссия 50%, залог 70 000 ₽ Предлагается в аренду прекрасная студия в ЖК HighWay. В наличии вся необходимая для комфортного проживания мебель и техника. Просторная кухня-гостиная. Район с развитой инфраструктурой. Просмотры по договорённости. О КВАРТИРЕ: - Квартира полностью укомплектована всем необходимым для комфортного проживания: телевизор, сверхскоростной интернет, посудомоечная машина, стиральная машина, кондиционер, микроволновка, духовой шкаф, варочная панель! - Просторная кухня-гостиная. - Планировка квартиры позволяет комфортно использовать пространство и добавить свои элементы декора или мебели. Транспорт: - Удобная транспортная развязка, в пешей доступности метро - ""Волгоградский проспект""! А так же в транспортной доступности стация ""Угрешская"" и ""Дубровка""! - Удобный выезд на ТТК, Волгоградский проспект, Остаповский проезд и МСД! Парковка: Подземный паркинг. Безопасный двор. Есть охрана. Хороший и адекватный собственник! Оперативный показ! Звоните, с удовольствием отвечу на ваши вопросы! Агентство недвижимости PREMIUM CITY Документы проверены +7 917 589-00-... Написать вчера вчера, 18:05",,https://www.cian.ru/cat.php?deal_type=rent&district%5B0%5D=8&engine_version=2&offer_type=flat&room9=1&type=4&p=3,2026-04-16T11:16:50+00:00
1569,328983765,ЮВАО,https://www.cian.ru/rent/flat/328983765/?context=3.ECIW1ld6Qa8.dEcMXUiDDFlUIFcuyP6iEhhdeLr29ikiEgE_1H_fmEuDl0n4Kg9oCAAXGDZN3SNLZZENg4VMmsalSQ&mlSearchSessionGuid=af00dc7a6953958932d7d18a2a81a069,1/26,2074000,27.0,14,20,,"1/26 Апартаменты-студия, 27 м², 14/20 этаж Волгоградский проспект 3 минуты пешком Москва , ЮВАО , р-н Южнопортовый , м. Волгоградский проспект , Новоостаповская улица , 20 74 000 ₽/мес. От года, комм. платежи включены (без счётчиков), без комиссии, залог 74 000 ₽ Москва, м. Волгоградский проспект — 1 минута пешком Прямая ветка до центра: всего 9 минут до Китай-города Сдаётся на длительный срок (от 11 месяцев) новая дизайнерская студия в современном ЖК бизнес-класса. О квартире — Панорамные окна с видом на тихую Новоостаповскую улицу — Новый дизайнерский ремонт — Полностью готова к проживанию — заезжай и живи Зона спальни — Удобная кровать с ортопедическим матрасом — Продуманное освещение — Розетки у кровати — Система хранения Гостиная зона — Диван-кровать — Smart TV — Вместительный шкаф с антресолью — Обеденный стол Рабочее место — Стол и удобный стул — Освещение — Розетки Кухня — Встроенный холодильник — Духовой шкаф и варочная панель — Продуманная подсветка Санузел — Душевая — Стиральная машина — Полотенцесушитель — Места для хранения Прихожая — Вместительный шкаф Техника и удобства Wi-Fi, телевизор, стиральная машина, холодильник, духовка, варочная панель, пылесос — всё в наличии О доме и комплексе — Новый дом (сдан в 2025 году, возможны ремонтные работы) — ЖК бизнес-класса — Закрытая территория и охрана — Ресепшен — Скай-патио на крыше для жителей — Подземный паркинг — Магазины и фитнес-клуб с бассейном на первом этаже Инфраструктура Рядом: Дубровка, Угрешинская, МЦК В пешей доступности вузы и учебные заведения Условия аренды — От 11 месяцев — Без комиссии (от собственника) — Залог 100% — 74 000 ₽/мес + счётчики — Без торга Посмотреть копии объявления от других продавцов Собственник ID 64003529 +7 916 590-90-... Написать вчера вчера, 21:14",,https://www.cian.ru/cat.php?deal_type=rent&district%5B0%5D=8&engine_version=2&offer_type=flat&room9=1&type=4&p=3,2026-04-16T11:16:50+00:00
1564,328879254,ЮВАО,https://www.cian.ru/rent/flat/328879254/?context=3.jkp904JdNC8.WVK5ZIKP3NznlFCJ1NGK8Dz3CUerm60ysZCZJuNBq6YWB_befg0fgWHg8lhc6ZI7Pq1dUifXOGj_vw&mlSearchSessionGuid=2050b27f536f378124da0d004ba19816,1/14,2075000,27.5,2,23,,"1/14 Апартаменты-студия, 27,5 м², 2/23 этаж Только на Циан Волгоградский проспект 3 минуты пешком Москва , ЮВАО , р-н Южнопортовый , м. Волгоградский проспект , Новоостаповская улица , 20 75 000 ₽/мес. От года, комм. платежи включены (счётчики включены), без комиссии, залог 70 000 ₽ Сдается на длительный срок студия 27,5 м2 с дизайнерским ремонтом в современном ЖК ХайВэй. Расположение ЖК 1 мин пешком до м. Волгоградский пр-т, 5 мин до м. Дубровка, 10 мин до м.Угрешская, вся необходимая инфраструктура, рядом магазин Дикси и др, закрытая охраняемая территория, благоустроенный двор и подземный паркинг. Ремонт: новый дизайнерский, идеальное состояние. санузел совместный с душевой зоной. Техника в квартире вся стильная и новая: большой холодильник, стиральная машина, микроволновая печь, духовой шкаф, телевизор, кондиционер, стеклокерамическая варочная панель, вытяжка. Мебель: кухня, большой шкаф купе, кровать с ортопедическим матрасом 200*160. полка под телевизор, кухонный стол и стулья. Сдается для одного человека или семейной пары, без детей и без животных. Дополнительно оплачивается стоимость коммунальных услуг ( вода, электричество, отопление) и интернет. Посредников прошу не беспокоить. Собственник ID 90497284 +7 915 243-42-... Написать четыре дня назад 12 апр, 08:24",,https://www.cian.ru/cat.php?deal_type=rent&district%5B0%5D=8&engine_version=2&offer_type=flat&room9=1&type=4&p=2,2026-04-16T11:16:50+00:00
1547,328873800,ЮВАО,https://www.cian.ru/rent/flat/328873800/?context=3.g2Fu3t6Wk00.OsmWHcrzPyz4T_3dvIKJU2SIz_tUFUps044j0_C68VW03gehXHthPJiw66ciOa8u-GSOdRnj95ygow&mlSearchSessionGuid=2050b27f536f378124da0d004ba19816,1/20,2085000,30.0,20,23,,"1/20 Апартаменты-студия, 30 м², 20/23 этаж Волгоградский проспект 3 минуты пешком Москва , ЮВАО , р-н Южнопортовый , м. Волгоградский проспект , Новоостаповская улица , 20 85 000 ₽/мес. От года, комм. платежи включены (без счётчиков), комиссия 50%, залог 85 000 ₽ 3 минуты до метро! Предлагаем в аренду стильные апартаменты-студию . 20-м этаже современного дома. Высота потолков - 2.8 метра, из окон открывается перспектива на Москву.До метро всего 3 минуты пешком, что делает это предложение особенно привлекательным для тех, кто ценит удобное расположение. В квартире выполнен дизайнерский ремонт, все продумано до мелочей,мебель в комнате и на кухне. Оснащена всей необходимой техникой: кондиционер, холодильник, посудомоечная машина, телевизор и стиральная машина. В ванной комнате установлена душевая кабина. Во всей квартире ТЕПЛЫЙ ПОЛ.На время отключения горячей воды есть мощный водонагреватель. Дом оборудован подземной парковкой Вокруг развитая инфраструктура: по близости расположены школы, детские сады, клиники и магазины, поэтому все необходимое будет у вас под рукой. в 15 минутах исторический центр: Крутицкое подворье,Симоновский и Новоспасский монастыри. Договор заключается на удобных условиях. Приглашаем вас на просмотр, чтобы лично оценить все достоинства этих апартаментов. Ждем вашего звонка! Агентство недвижимости PREMIUM CITY Суперагент +7 986 304-29-... Написать три дня назад 13 апр, 12:34",,https://www.cian.ru/cat.php?deal_type=rent&district%5B0%5D=8&engine_version=2&offer_type=flat&room9=1&type=4&p=2,2026-04-16T11:16:50+00:00
1579,295985967,ЮВАО,https://www.cian.ru/rent/flat/295985967/?context=3.ES7EBbvBbeU.zX8x5nqJswKZMabzfzBwrtsDD_cNrN-ksRlAEF5EmxY1hXVBBGW765q0o1LxN9DMyHHP_tfzG6KuCg&mlSearchSessionGuid=af00dc7a6953958932d7d18a2a81a069,1/17,2548000,13.7,4,4,,"1/17 Апартаменты-студия, 13,7 м², 4/4 этаж Только на Циан Авиамоторная 17 минут пешком Москва , ЮВАО , р-н Нижегородский , м. Авиамоторная , Подъемная улица , 14С25 48 000 ₽/мес. От года, комм. платежи включены (без счётчиков), комиссия 50%, залог 48 000 ₽ Сдается двухуровневая студия после косметического ремонта и клиннинга. Готова к заезду от 11 месяцев. Счетчики включены в стоимость аренды, которая указана в объявлении! В 12 минутах на транспорте от метро площадь Ильича, в 18ти минутах пешком до авиамоторной, в 10 минутах на транспорте мцд катилники. В студии есть все необходимое для проживания: кровать, холодильник, электрическая плита, духовая печь, микроволновая печка, стиральная машина, посудомоечная машина, кондиционер, телевизор, интернет, душевая кабина с санузлом, отопление. В 5 минутах от дома большое количество продуктовых магазинов, в 8 минутах от дома большой трц Город. Все документы в порядке. Без животных. ----- Примечание: у собственника могут быть дополнительные пожелания к жильцам - обсудите их в чате или по телефону Риелтор Максим Афонин Суперагент +7 916 910-49-... Написать вчера вчера, 19:20",,https://www.cian.ru/cat.php?deal_type=rent&district%5B0%5D=8&engine_version=2&offer_type=flat&room9=1&type=4&p=3,2026-04-16T11:16:50+00:00
1521,328298801,ЮВАО,https://www.cian.ru/rent/flat/328298801/?context=3.-gflH7UNV2E.LeuLc9EViHHMLILFuo6aXTsr-C0HvXnKi1a-RUi7rfd23Up-kl1DDyD2qrCJY4G6kcKZrd6B8DiJgQ&mlSearchSessionGuid=542d404063ac164bd2ce3424a0b32bfe,1/7,2835000,25.0,12,17,,"1/7 Студия, 25 м², 12/17 этаж Только на Циан Некрасовка 10 минут пешком Москва , ЮВАО , р-н Некрасовка , м. Некрасовка , улица Недорубова , 28 35 000 ₽/мес. От года, комм. платежи включены (счётчики включены), комиссия 60%, залог 35 000 ₽ Сдается на длительный период . Качественный рeмoнт, вся мебель и бытовая техника, нeoбходимая для кoмфopтного пpoживaния. Пoлнoстью меблиpoвана мебелью: шкаф,комод, кровать двухспальная , куxонный гарнитур, диван-кресло, барная стойка , высокие стулья . Квартира укомплектована всей бытовой техникой: электрическая плита , холодильник, стиральная машина, микроволновка. Сан узел раздельный, ванна, стиральная машина автомат раздельный в пользовании 3 комнат. Рядом с метро торговые центры, фитнес центр, продуктовые магазины в доме и рядом с домом. Шаговая доступность 7 минут до станции метро Некрасовка. Сдается на длительный период . Рассмотрят платежеспособных жильцов, приоритет для девушки, женщины. Оплата 35000 рублей все платежи включены в стоимость. Депозит 35000 рублей можно разделить на 2 платежа. Комиссия . ID 307387 Документы проверены +7 923 074-33-... Написать неделю назад 7 апр, 13:27",,https://www.cian.ru/cat.php?deal_type=rent&district%5B0%5D=8&engine_version=2&offer_type=flat&room9=1&type=4&p=1,2026-04-16T11:16:50+00:00
1587,327936828,ЮВАО,https://www.cian.ru/rent/flat/327936828/?context=3.28bitP3K9VU.DS-JxoYz7VKojI3jNDbM4B9oVHNgwsjtDUxT5ttvF_0KCTdgQ1y_Hbk_ker7HyiXVCHRvDHj_PwKNA&mlSearchSessionGuid=af00dc7a6953958932d7d18a2a81a069,1/18,3155000,25.0,16,21,,"1/18 Апартаменты-студия, 25 м², 16/21 этаж Волгоградский проспект 16 минут пешком Москва , ЮВАО , р-н Нижегородский , м. Калитники , Скотопрогонная улица , 31 55 000 ₽/мес. От года, комм. платежи включены (без счётчиков), комиссия 100%, залог 55 000 ₽ Арт. 132954872 Стильная дизайнерская студия в центре Москвы — внутри ТТК. Квартира полностью укомплектована новой мебелью и качественным текстилем — заезжаете и живёте без лишних покупок. Установлен кондиционер — комфортная температура в любое время года. Домофон обеспечивает дополнительную безопасность. Дополнительные преимущества: Дом бизнес-класса. Красивая входная группа. 2 ледовые арены и баскетбольная секция на территории комплекса. 10 минут пешком до метро. Удобный выезд на Третье транспортное кольцо. 5 км до Кремля. Агентство недвижимости Самолет Плюс Басманный Документы проверены +7 910 473-48-... Написать 2 часа назад сегодня, 12:10",,https://www.cian.ru/cat.php?deal_type=rent&district%5B0%5D=8&engine_version=2&offer_type=flat&room9=1&type=4&p=3,2026-04-16T11:16:50+00:00
1548,316900047,ЮВАО,https://www.cian.ru/rent/flat/316900047/?context=3.E8xFhh-_zMY.qjj_ZDAftbQgyeInjUvFK-2AHdq2WBcLErIseKPeOYVdUO708pTHFxoTODQgpC6WzGAzKuj9q6a2_Q&mlSearchSessionGuid=2050b27f536f378124da0d004ba19816,1/14,3340000,19.0,20,25,,"1/14 Студия, 19 м², 20/25 этаж Только на Циан Некрасовка 1 минута пешком Москва , ЮВАО , р-н Некрасовка , м. Некрасовка , Рождественская улица , 33 40 000 ₽/мес. От года, комм. платежи включены (без счётчиков), без комиссии, залог 40 000 ₽ Сдается уютная студия около метро, в одной минуте от метро Некрасовка утепленный балкон с теплым полом. все необходимое есть для проживания. новый диван аскона, полноценное спальное место. строго без животных. Агентство недвижимости Ваш Ключ Суперагент +7 915 338-35-... Написать два дня назад 13 апр, 20:19",,https://www.cian.ru/cat.php?deal_type=rent&district%5B0%5D=8&engine_version=2&offer_type=flat&room9=1&type=4&p=2,2026-04-16T11:16:50+00:00
1557,328835465,ЮВАО,https://www.cian.ru/rent/flat/328835465/?context=3.F1jOm9VFHCI.KNrtQqFKtXOPcyyvKnYFNXGBdaQg2pYPLUJVlNgmMfqsPN_1G9Dh5a7w9DkHhjtd_qptj1UUBJuJTw&mlSearchSessionGuid=2050b27f536f378124da0d004ba19816,1/8,4540000,18.0,3,8,,"1/8 Апартаменты-студия, 18 м², 3/8 этаж Только на Циан Текстильщики 11 минут пешком Москва , ЮВАО , р-н Печатники , м. Текстильщики , Волгоградский проспект , 45 40 000 ₽/мес. На несколько месяцев, комм. платежи включены (без счётчиков), без комиссии, залог 40 000 ₽ Студия рядом с метро и БКЛ Текстильщики(6-9 минут )в здании магазин, недорогая уютная столовая , проходная система . Без комиссии .от 5 месяцев. плюс к/у Собственник ID 51522630 Документы проверены +7 985 289-26-... Написать два дня назад 13 апр, 22:08",,https://www.cian.ru/cat.php?deal_type=rent&district%5B0%5D=8&engine_version=2&offer_type=flat&room9=1&type=4&p=2,2026-04-16T11:16:50+00:00
